block_start,mode,alpha,bias,initialization_id,total_voltage
0,fresh,0.0,0.0,0,1.101337071342876e-88
0,fresh,0.0,0.0,1,1.5899949423365198e-88
0,fresh,0.0,0.0,2,2.834441531653374e-89
0,fresh,0.0,0.0,3,2.040585395862482e-89
0,fresh,0.0,0.0,4,9.613588462383369e-90
0,fresh,0.0,0.0,5,1.0788089794484912e-89
0,fresh,0.0,0.0,6,3.904789641655065e-88
0,fresh,0.0,0.0,7,-1.4586310626758017e-89
0,fresh,0.0,0.0,8,3.171483753696985e-89
0,fresh,0.0,0.0,9,-8.352906908600373e-88
0,fresh,0.0,0.0,10,-4.6343997342403244e-89
0,fresh,0.0,0.0,11,-1.362793159928994e-88
0,fresh,0.5,0.0,0,5.205095984580363e-46
0,fresh,0.5,0.0,1,0.0
0,fresh,0.5,0.0,2,3.7964804632163675e-46
0,fresh,0.5,0.0,3,5.404554546610852e-46
0,fresh,0.5,0.0,4,2.538062161098108e-46
0,fresh,0.5,0.0,5,2.890784651476473e-46
0,fresh,0.5,0.0,6,2.410480270113463e-45
0,fresh,0.5,0.0,7,-3.916532577958581e-46
0,fresh,0.5,0.0,8,7.943729872205536e-46
0,fresh,0.5,0.0,9,-8.975616362048928e-46
0,fresh,0.5,0.0,10,-5.450662264220194e-46
0,fresh,0.5,0.0,11,-1.4081322719581913e-45
0,fresh,2.0,0.0,0,2.3624346499625795e-20
0,fresh,2.0,0.0,1,0.0
0,fresh,2.0,0.0,2,2.861231388805522e-20
0,fresh,2.0,0.0,3,6.106206907150652e-20
0,fresh,2.0,0.0,4,2.8657789730125946e-20
0,fresh,2.0,0.0,5,3.2946142948993735e-20
0,fresh,2.0,0.0,6,1.204459997895506e-19
0,fresh,2.0,0.0,7,-4.469313633303748e-20
0,fresh,2.0,0.0,8,8.582572516175441e-20
0,fresh,2.0,0.0,9,-3.253230970989723e-20
0,fresh,2.0,0.0,10,-3.8348768427795524e-20
0,fresh,2.0,0.0,11,-8.895310767394432e-20
0,up,0.0,0.0,0,1.101337071342876e-88
0,up,0.0,0.0,1,1.5899949423365198e-88
0,up,0.0,0.0,2,2.834441531653374e-89
0,up,0.0,0.0,3,2.040585395862482e-89
0,up,0.0,0.0,4,9.613588462383369e-90
0,up,0.0,0.0,5,1.0788089794484912e-89
0,up,0.0,0.0,6,3.904789641655065e-88
0,up,0.0,0.0,7,-1.4586310626758017e-89
0,up,0.0,0.0,8,3.171483753696985e-89
0,up,0.0,0.0,9,-8.352906908600373e-88
0,up,0.0,0.0,10,-4.6343997342403244e-89
0,up,0.0,0.0,11,-1.362793159928994e-88
0,up,0.5,0.0,0,5.205095984580363e-46
0,up,0.5,0.0,1,0.0
0,up,0.5,0.0,2,3.7964804632163675e-46
0,up,0.5,0.0,3,5.404554546610852e-46
0,up,0.5,0.0,4,2.538062161098108e-46
0,up,0.5,0.0,5,2.890784651476473e-46
0,up,0.5,0.0,6,2.410480270113463e-45
0,up,0.5,0.0,7,-3.916532577958581e-46
0,up,0.5,0.0,8,7.943729872205536e-46
0,up,0.5,0.0,9,-8.975616362048928e-46
0,up,0.5,0.0,10,-5.450662264220194e-46
0,up,0.5,0.0,11,-1.4081322719581913e-45
0,up,2.0,0.0,0,2.3624346499625795e-20
0,up,2.0,0.0,1,0.0
0,up,2.0,0.0,2,2.861231388805522e-20
0,up,2.0,0.0,3,6.106206907150652e-20
0,up,2.0,0.0,4,2.8657789730125946e-20
0,up,2.0,0.0,5,3.2946142948993735e-20
0,up,2.0,0.0,6,1.204459997895506e-19
0,up,2.0,0.0,7,-4.469313633303748e-20
0,up,2.0,0.0,8,8.582572516175441e-20
0,up,2.0,0.0,9,-3.253230970989723e-20
0,up,2.0,0.0,10,-3.8348768427795524e-20
0,up,2.0,0.0,11,-8.895310767394432e-20
0,down,0.0,0.0,0,0.0
0,down,0.0,0.0,1,0.0
0,down,0.0,0.0,2,0.0
0,down,0.0,0.0,3,0.0
0,down,0.0,0.0,4,0.0
0,down,0.0,0.0,5,0.0
0,down,0.0,0.0,6,0.0
0,down,0.0,0.0,7,0.0
0,down,0.0,0.0,8,0.0
0,down,0.0,0.0,9,0.0
0,down,0.0,0.0,10,0.0
0,down,0.0,0.0,11,0.0
0,down,0.5,0.0,0,0.0
0,down,0.5,0.0,1,0.0
0,down,0.5,0.0,2,0.0
0,down,0.5,0.0,3,0.0
0,down,0.5,0.0,4,0.0
0,down,0.5,0.0,5,0.0
0,down,0.5,0.0,6,0.0
0,down,0.5,0.0,7,0.0
0,down,0.5,0.0,8,0.0
0,down,0.5,0.0,9,0.0
0,down,0.5,0.0,10,0.0
0,down,0.5,0.0,11,0.0
0,down,2.0,0.0,0,0.0
0,down,2.0,0.0,1,0.0
0,down,2.0,0.0,2,0.0
0,down,2.0,0.0,3,0.0
0,down,2.0,0.0,4,0.0
0,down,2.0,0.0,5,0.0
0,down,2.0,0.0,6,0.0
0,down,2.0,0.0,7,0.0
0,down,2.0,0.0,8,0.0
0,down,2.0,0.0,9,0.0
0,down,2.0,0.0,10,0.0
0,down,2.0,0.0,11,0.0
0,fresh,0.0,0.5,0,0.0
0,fresh,0.0,0.5,1,0.0
0,fresh,0.0,0.5,2,0.0
0,fresh,0.0,0.5,3,0.0
0,fresh,0.0,0.5,4,0.0
0,fresh,0.0,0.5,5,0.0
0,fresh,0.0,0.5,6,0.0
0,fresh,0.0,0.5,7,0.0
0,fresh,0.0,0.5,8,0.0
0,fresh,0.0,0.5,9,0.0
0,fresh,0.0,0.5,10,0.0
0,fresh,0.0,0.5,11,0.0
0,fresh,0.5,0.5,0,0.0
0,fresh,0.5,0.5,1,0.0
0,fresh,0.5,0.5,2,0.0
0,fresh,0.5,0.5,3,0.0
0,fresh,0.5,0.5,4,0.0
0,fresh,0.5,0.5,5,0.0
0,fresh,0.5,0.5,6,0.0
0,fresh,0.5,0.5,7,0.0
0,fresh,0.5,0.5,8,0.0
0,fresh,0.5,0.5,9,0.0
0,fresh,0.5,0.5,10,0.0
0,fresh,0.5,0.5,11,0.0
0,fresh,2.0,0.5,0,0.0
0,fresh,2.0,0.5,1,0.0
0,fresh,2.0,0.5,2,0.0
0,fresh,2.0,0.5,3,0.0
0,fresh,2.0,0.5,4,0.0
0,fresh,2.0,0.5,5,0.0
0,fresh,2.0,0.5,6,0.0
0,fresh,2.0,0.5,7,0.0
0,fresh,2.0,0.5,8,0.0
0,fresh,2.0,0.5,9,0.0
0,fresh,2.0,0.5,10,0.0
0,fresh,2.0,0.5,11,0.0
0,up,0.0,0.5,0,0.0
0,up,0.0,0.5,1,0.0
0,up,0.0,0.5,2,0.0
0,up,0.0,0.5,3,0.0
0,up,0.0,0.5,4,0.0
0,up,0.0,0.5,5,0.0
0,up,0.0,0.5,6,0.0
0,up,0.0,0.5,7,0.0
0,up,0.0,0.5,8,0.0
0,up,0.0,0.5,9,0.0
0,up,0.0,0.5,10,0.0
0,up,0.0,0.5,11,0.0
0,up,0.5,0.5,0,0.0
0,up,0.5,0.5,1,0.0
0,up,0.5,0.5,2,0.0
0,up,0.5,0.5,3,0.0
0,up,0.5,0.5,4,0.0
0,up,0.5,0.5,5,0.0
0,up,0.5,0.5,6,0.0
0,up,0.5,0.5,7,0.0
0,up,0.5,0.5,8,0.0
0,up,0.5,0.5,9,0.0
0,up,0.5,0.5,10,0.0
0,up,0.5,0.5,11,0.0
0,up,2.0,0.5,0,0.0
0,up,2.0,0.5,1,0.0
0,up,2.0,0.5,2,0.0
0,up,2.0,0.5,3,0.0
0,up,2.0,0.5,4,0.0
0,up,2.0,0.5,5,0.0
0,up,2.0,0.5,6,0.0
0,up,2.0,0.5,7,0.0
0,up,2.0,0.5,8,0.0
0,up,2.0,0.5,9,0.0
0,up,2.0,0.5,10,0.0
0,up,2.0,0.5,11,0.0
0,down,0.0,0.5,0,0.0
0,down,0.0,0.5,1,0.0
0,down,0.0,0.5,2,0.0
0,down,0.0,0.5,3,0.0
0,down,0.0,0.5,4,0.0
0,down,0.0,0.5,5,0.0
0,down,0.0,0.5,6,0.0
0,down,0.0,0.5,7,0.0
0,down,0.0,0.5,8,0.0
0,down,0.0,0.5,9,0.0
0,down,0.0,0.5,10,0.0
0,down,0.0,0.5,11,0.0
0,down,0.5,0.5,0,0.0
0,down,0.5,0.5,1,0.0
0,down,0.5,0.5,2,0.0
0,down,0.5,0.5,3,0.0
0,down,0.5,0.5,4,0.0
0,down,0.5,0.5,5,0.0
0,down,0.5,0.5,6,0.0
0,down,0.5,0.5,7,0.0
0,down,0.5,0.5,8,0.0
0,down,0.5,0.5,9,0.0
0,down,0.5,0.5,10,0.0
0,down,0.5,0.5,11,0.0
0,down,2.0,0.5,0,0.0
0,down,2.0,0.5,1,0.0
0,down,2.0,0.5,2,0.0
0,down,2.0,0.5,3,0.0
0,down,2.0,0.5,4,0.0
0,down,2.0,0.5,5,0.0
0,down,2.0,0.5,6,0.0
0,down,2.0,0.5,7,0.0
0,down,2.0,0.5,8,0.0
0,down,2.0,0.5,9,0.0
0,down,2.0,0.5,10,0.0
0,down,2.0,0.5,11,0.0
0,fresh,0.0,0.8,0,0.0
0,fresh,0.0,0.8,1,0.0
0,fresh,0.0,0.8,2,0.0
0,fresh,0.0,0.8,3,0.0
0,fresh,0.0,0.8,4,0.0
0,fresh,0.0,0.8,5,0.0
0,fresh,0.0,0.8,6,0.0
0,fresh,0.0,0.8,7,0.0
0,fresh,0.0,0.8,8,0.0
0,fresh,0.0,0.8,9,0.0
0,fresh,0.0,0.8,10,0.0
0,fresh,0.0,0.8,11,0.0
0,fresh,0.5,0.8,0,0.0
0,fresh,0.5,0.8,1,0.0
0,fresh,0.5,0.8,2,0.0
0,fresh,0.5,0.8,3,0.0
0,fresh,0.5,0.8,4,0.0
0,fresh,0.5,0.8,5,0.0
0,fresh,0.5,0.8,6,0.0
0,fresh,0.5,0.8,7,0.0
0,fresh,0.5,0.8,8,0.0
0,fresh,0.5,0.8,9,0.0
0,fresh,0.5,0.8,10,0.0
0,fresh,0.5,0.8,11,0.0
0,fresh,2.0,0.8,0,2.9112268151720853e-13
0,fresh,2.0,0.8,1,6.816236464146642e-13
0,fresh,2.0,0.8,2,3.186850783265527e-13
0,fresh,2.0,0.8,3,4.0569436698945084e-13
0,fresh,2.0,0.8,4,3.242606183562202e-13
0,fresh,2.0,0.8,5,3.36650707311037e-13
0,fresh,2.0,0.8,6,4.73099337483518e-13
0,fresh,2.0,0.8,7,-1.585287456862261e-14
0,fresh,2.0,0.8,8,4.5119574743068827e-13
0,fresh,2.0,0.8,9,-2.7142732506035826e-14
0,fresh,2.0,0.8,10,-4.1522341120980857e-16
0,fresh,2.0,0.8,11,8.395417694373464e-13
0,up,0.0,0.8,0,0.0
0,up,0.0,0.8,1,0.0
0,up,0.0,0.8,2,0.0
0,up,0.0,0.8,3,0.0
0,up,0.0,0.8,4,0.0
0,up,0.0,0.8,5,0.0
0,up,0.0,0.8,6,0.0
0,up,0.0,0.8,7,0.0
0,up,0.0,0.8,8,0.0
0,up,0.0,0.8,9,0.0
0,up,0.0,0.8,10,0.0
0,up,0.0,0.8,11,0.0
0,up,0.5,0.8,0,0.0
0,up,0.5,0.8,1,0.0
0,up,0.5,0.8,2,0.0
0,up,0.5,0.8,3,0.0
0,up,0.5,0.8,4,0.0
0,up,0.5,0.8,5,0.0
0,up,0.5,0.8,6,0.0
0,up,0.5,0.8,7,0.0
0,up,0.5,0.8,8,0.0
0,up,0.5,0.8,9,0.0
0,up,0.5,0.8,10,0.0
0,up,0.5,0.8,11,0.0
0,up,2.0,0.8,0,1.2120193737530372e-13
0,up,2.0,0.8,1,1.2063461340972025e-13
0,up,2.0,0.8,2,1.2120193737530372e-13
0,up,2.0,0.8,3,1.2120193737530372e-13
0,up,2.0,0.8,4,1.2120193737530372e-13
0,up,2.0,0.8,5,1.2120193737530372e-13
0,up,2.0,0.8,6,1.2120193737530372e-13
0,up,2.0,0.8,7,1.2120193737530372e-13
0,up,2.0,0.8,8,1.2120193737530372e-13
0,up,2.0,0.8,9,1.2120193737530372e-13
0,up,2.0,0.8,10,1.2120193737530372e-13
0,up,2.0,0.8,11,1.2120193737530372e-13
0,down,0.0,0.8,0,0.0
0,down,0.0,0.8,1,0.0
0,down,0.0,0.8,2,0.0
0,down,0.0,0.8,3,0.0
0,down,0.0,0.8,4,0.0
0,down,0.0,0.8,5,0.0
0,down,0.0,0.8,6,0.0
0,down,0.0,0.8,7,0.0
0,down,0.0,0.8,8,0.0
0,down,0.0,0.8,9,0.0
0,down,0.0,0.8,10,0.0
0,down,0.0,0.8,11,0.0
0,down,0.5,0.8,0,0.0
0,down,0.5,0.8,1,0.0
0,down,0.5,0.8,2,0.0
0,down,0.5,0.8,3,0.0
0,down,0.5,0.8,4,0.0
0,down,0.5,0.8,5,0.0
0,down,0.5,0.8,6,0.0
0,down,0.5,0.8,7,0.0
0,down,0.5,0.8,8,0.0
0,down,0.5,0.8,9,0.0
0,down,0.5,0.8,10,0.0
0,down,0.5,0.8,11,0.0
0,down,2.0,0.8,0,-4.3058889787062075e-14
0,down,2.0,0.8,1,0.0
0,down,2.0,0.8,2,0.0
0,down,2.0,0.8,3,0.0
0,down,2.0,0.8,4,0.0
0,down,2.0,0.8,5,0.0
0,down,2.0,0.8,6,0.0
0,down,2.0,0.8,7,0.0
0,down,2.0,0.8,8,0.0
0,down,2.0,0.8,9,0.0
0,down,2.0,0.8,10,0.0
0,down,2.0,0.8,11,0.0
0,fresh,0.0,0.9,0,0.0
0,fresh,0.0,0.9,1,0.0
0,fresh,0.0,0.9,2,0.0
0,fresh,0.0,0.9,3,0.0
0,fresh,0.0,0.9,4,0.0
0,fresh,0.0,0.9,5,0.0
0,fresh,0.0,0.9,6,0.0
0,fresh,0.0,0.9,7,0.0
0,fresh,0.0,0.9,8,0.0
0,fresh,0.0,0.9,9,0.0
0,fresh,0.0,0.9,10,0.0
0,fresh,0.0,0.9,11,0.0
0,fresh,0.5,0.9,0,0.0
0,fresh,0.5,0.9,1,0.0
0,fresh,0.5,0.9,2,0.0
0,fresh,0.5,0.9,3,0.0
0,fresh,0.5,0.9,4,0.0
0,fresh,0.5,0.9,5,0.0
0,fresh,0.5,0.9,6,0.0
0,fresh,0.5,0.9,7,0.0
0,fresh,0.5,0.9,8,0.0
0,fresh,0.5,0.9,9,0.0
0,fresh,0.5,0.9,10,0.0
0,fresh,0.5,0.9,11,0.0
0,fresh,2.0,0.9,0,1.7185080025683418e-10
0,fresh,2.0,0.9,1,3.0258282546213875e-10
0,fresh,2.0,0.9,2,1.8333350171317874e-10
0,fresh,2.0,0.9,3,2.1646121561857968e-10
0,fresh,2.0,0.9,4,1.8574751070588037e-10
0,fresh,2.0,0.9,5,1.905397772894446e-10
0,fresh,2.0,0.9,6,2.3981698182851117e-10
0,fresh,2.0,0.9,7,3.5071203718928246e-11
0,fresh,2.0,0.9,8,2.3279654648433733e-10
0,fresh,2.0,0.9,9,1.6404142488823937e-11
0,fresh,2.0,0.9,10,3.9800900353270664e-11
0,fresh,2.0,0.9,11,3.342417187468527e-10
0,up,0.0,0.9,0,0.0
0,up,0.0,0.9,1,0.0
0,up,0.0,0.9,2,0.0
0,up,0.0,0.9,3,0.0
0,up,0.0,0.9,4,0.0
0,up,0.0,0.9,5,0.0
0,up,0.0,0.9,6,0.0
0,up,0.0,0.9,7,0.0
0,up,0.0,0.9,8,0.0
0,up,0.0,0.9,9,0.0
0,up,0.0,0.9,10,0.0
0,up,0.0,0.9,11,0.0
0,up,0.5,0.9,0,0.0
0,up,0.5,0.9,1,0.0
0,up,0.5,0.9,2,0.0
0,up,0.5,0.9,3,0.0
0,up,0.5,0.9,4,0.0
0,up,0.5,0.9,5,0.0
0,up,0.5,0.9,6,0.0
0,up,0.5,0.9,7,0.0
0,up,0.5,0.9,8,0.0
0,up,0.5,0.9,9,0.0
0,up,0.5,0.9,10,0.0
0,up,0.5,0.9,11,0.0
0,up,2.0,0.9,0,4.3111487713076714e-11
0,up,2.0,0.9,1,4.3110954806024895e-11
0,up,2.0,0.9,2,4.3111487713076714e-11
0,up,2.0,0.9,3,4.3111487713076714e-11
0,up,2.0,0.9,4,4.3111487713076714e-11
0,up,2.0,0.9,5,4.3111487713076714e-11
0,up,2.0,0.9,6,4.3111487713076714e-11
0,up,2.0,0.9,7,4.3111487713076714e-11
0,up,2.0,0.9,8,4.3111487713076714e-11
0,up,2.0,0.9,9,4.3111487713076714e-11
0,up,2.0,0.9,10,4.3111487713076714e-11
0,up,2.0,0.9,11,4.3111487713076714e-11
0,down,0.0,0.9,0,0.0
0,down,0.0,0.9,1,0.0
0,down,0.0,0.9,2,0.0
0,down,0.0,0.9,3,0.0
0,down,0.0,0.9,4,0.0
0,down,0.0,0.9,5,0.0
0,down,0.0,0.9,6,0.0
0,down,0.0,0.9,7,0.0
0,down,0.0,0.9,8,0.0
0,down,0.0,0.9,9,0.0
0,down,0.0,0.9,10,0.0
0,down,0.0,0.9,11,0.0
0,down,0.5,0.9,0,0.0
0,down,0.5,0.9,1,0.0
0,down,0.5,0.9,2,0.0
0,down,0.5,0.9,3,0.0
0,down,0.5,0.9,4,0.0
0,down,0.5,0.9,5,0.0
0,down,0.5,0.9,6,0.0
0,down,0.5,0.9,7,0.0
0,down,0.5,0.9,8,0.0
0,down,0.5,0.9,9,0.0
0,down,0.5,0.9,10,0.0
0,down,0.5,0.9,11,0.0
0,down,2.0,0.9,0,-4.146002652305469e-11
0,down,2.0,0.9,1,-4.139565135119483e-11
0,down,2.0,0.9,2,-4.139621978538344e-11
0,down,2.0,0.9,3,-4.139565135119483e-11
0,down,2.0,0.9,4,-4.139565135119483e-11
0,down,2.0,0.9,5,-4.139621978538344e-11
0,down,2.0,0.9,6,-4.139621978538344e-11
0,down,2.0,0.9,7,-4.139621978538344e-11
0,down,2.0,0.9,8,-4.139565135119483e-11
0,down,2.0,0.9,9,-4.139621978538344e-11
0,down,2.0,0.9,10,-4.139621978538344e-11
0,down,2.0,0.9,11,-4.139565135119483e-11
0,fresh,0.0,0.95,0,0.0
0,fresh,0.0,0.95,1,0.0
0,fresh,0.0,0.95,2,0.0
0,fresh,0.0,0.95,3,0.0
0,fresh,0.0,0.95,4,0.0
0,fresh,0.0,0.95,5,0.0
0,fresh,0.0,0.95,6,0.0
0,fresh,0.0,0.95,7,0.0
0,fresh,0.0,0.95,8,0.0
0,fresh,0.0,0.95,9,0.0
0,fresh,0.0,0.95,10,0.0
0,fresh,0.0,0.95,11,0.0
0,fresh,0.5,0.95,0,0.0
0,fresh,0.5,0.95,1,0.0
0,fresh,0.5,0.95,2,0.0
0,fresh,0.5,0.95,3,0.0
0,fresh,0.5,0.95,4,0.0
0,fresh,0.5,0.95,5,0.0
0,fresh,0.5,0.95,6,0.0
0,fresh,0.5,0.95,7,0.0
0,fresh,0.5,0.95,8,0.0
0,fresh,0.5,0.95,9,0.0
0,fresh,0.5,0.95,10,0.0
0,fresh,0.5,0.95,11,0.0
0,fresh,2.0,0.95,0,1.8963387815595922e-08
0,fresh,2.0,0.95,1,2.8003460375014554e-08
0,fresh,2.0,0.95,2,1.9856433335352363e-08
0,fresh,2.0,0.95,3,2.2298297810419142e-08
0,fresh,2.0,0.95,4,2.0046416719932126e-08
0,fresh,2.0,0.95,5,2.0404012930352877e-08
0,fresh,2.0,0.95,6,2.3925813805725227e-08
0,fresh,2.0,0.95,7,7.511407291715954e-09
0,fresh,2.0,0.95,8,2.3456916089514835e-08
0,fresh,2.0,0.95,9,4.921671907798242e-09
0,fresh,2.0,0.95,10,7.78604614559697e-09
0,fresh,2.0,0.95,11,2.9731888444572973e-08
0,up,0.0,0.95,0,0.0
0,up,0.0,0.95,1,0.0
0,up,0.0,0.95,2,0.0
0,up,0.0,0.95,3,0.0
0,up,0.0,0.95,4,0.0
0,up,0.0,0.95,5,0.0
0,up,0.0,0.95,6,0.0
0,up,0.0,0.95,7,0.0
0,up,0.0,0.95,8,0.0
0,up,0.0,0.95,9,0.0
0,up,0.0,0.95,10,0.0
0,up,0.0,0.95,11,0.0
0,up,0.5,0.95,0,0.0
0,up,0.5,0.95,1,0.0
0,up,0.5,0.95,2,0.0
0,up,0.5,0.95,3,0.0
0,up,0.5,0.95,4,0.0
0,up,0.5,0.95,5,0.0
0,up,0.5,0.95,6,0.0
0,up,0.5,0.95,7,0.0
0,up,0.5,0.95,8,0.0
0,up,0.5,0.95,9,0.0
0,up,0.5,0.95,10,0.0
0,up,0.5,0.95,11,0.0
0,up,2.0,0.95,0,4.1811293272076e-09
0,up,2.0,0.95,1,4.181129328317823e-09
0,up,2.0,0.95,2,4.1811293272076e-09
0,up,2.0,0.95,3,4.1811293272076e-09
0,up,2.0,0.95,4,4.1811293272076e-09
0,up,2.0,0.95,5,4.1811293272076e-09
0,up,2.0,0.95,6,4.1811293272076e-09
0,up,2.0,0.95,7,4.1811293272076e-09
0,up,2.0,0.95,8,4.1811293272076e-09
0,up,2.0,0.95,9,4.1811293272076e-09
0,up,2.0,0.95,10,4.1811293272076e-09
0,up,2.0,0.95,11,4.1811293272076e-09
0,down,0.0,0.95,0,0.0
0,down,0.0,0.95,1,0.0
0,down,0.0,0.95,2,0.0
0,down,0.0,0.95,3,0.0
0,down,0.0,0.95,4,0.0
0,down,0.0,0.95,5,0.0
0,down,0.0,0.95,6,0.0
0,down,0.0,0.95,7,0.0
0,down,0.0,0.95,8,0.0
0,down,0.0,0.95,9,0.0
0,down,0.0,0.95,10,0.0
0,down,0.0,0.95,11,0.0
0,down,0.5,0.95,0,0.0
0,down,0.5,0.95,1,0.0
0,down,0.5,0.95,2,0.0
0,down,0.5,0.95,3,0.0
0,down,0.5,0.95,4,0.0
0,down,0.5,0.95,5,0.0
0,down,0.5,0.95,6,0.0
0,down,0.5,0.95,7,0.0
0,down,0.5,0.95,8,0.0
0,down,0.5,0.95,9,0.0
0,down,0.5,0.95,10,0.0
0,down,0.5,0.95,11,0.0
0,down,2.0,0.95,0,-5.37754999641038e-09
0,down,2.0,0.95,1,-5.377461889111146e-09
0,down,2.0,0.95,2,-5.3774613206769574e-09
0,down,2.0,0.95,3,-5.377461889111146e-09
0,down,2.0,0.95,4,-5.377461889111146e-09
0,down,2.0,0.95,5,-5.377461889111146e-09
0,down,2.0,0.95,6,-5.377461889111146e-09
0,down,2.0,0.95,7,-5.3774613206769574e-09
0,down,2.0,0.95,8,-5.377461889111146e-09
0,down,2.0,0.95,9,-5.377461889111146e-09
0,down,2.0,0.95,10,-5.377461889111146e-09
0,down,2.0,0.95,11,-5.377461889111146e-09
0,fresh,0.0,0.98,0,0.0
0,fresh,0.0,0.98,1,0.0
0,fresh,0.0,0.98,2,0.0
0,fresh,0.0,0.98,3,0.0
0,fresh,0.0,0.98,4,0.0
0,fresh,0.0,0.98,5,0.0
0,fresh,0.0,0.98,6,0.0
0,fresh,0.0,0.98,7,0.0
0,fresh,0.0,0.98,8,0.0
0,fresh,0.0,0.98,9,0.0
0,fresh,0.0,0.98,10,0.0
0,fresh,0.0,0.98,11,0.0
0,fresh,0.5,0.98,0,6.5647398628243534e-12
0,fresh,0.5,0.98,1,9.955243296388971e-12
0,fresh,0.5,0.98,2,8.125287109805868e-12
0,fresh,0.5,0.98,3,8.776570581403576e-12
0,fresh,0.5,0.98,4,8.207743373844778e-12
0,fresh,0.5,0.98,5,8.298017828423098e-12
0,fresh,0.5,0.98,6,9.392033817334777e-12
0,fresh,0.5,0.98,7,4.623443849993691e-12
0,fresh,0.5,0.98,8,9.078267027007313e-12
0,fresh,0.5,0.98,9,1.076471356498132e-11
0,fresh,0.5,0.98,10,1.2431149443159483e-11
0,fresh,0.5,0.98,11,1.0329284094723334e-11
0,fresh,2.0,0.98,0,1.2139903533459062e-06
0,fresh,2.0,0.98,1,1.5480871198558787e-06
0,fresh,2.0,0.98,2,1.2499907111962471e-06
0,fresh,2.0,0.98,3,1.3444383619098944e-06
0,fresh,2.0,0.98,4,1.2576700632993543e-06
0,fresh,2.0,0.98,5,1.2716645478216826e-06
0,fresh,2.0,0.98,6,1.4046910017539992e-06
0,fresh,2.0,0.98,7,7.099725501102938e-07
0,fresh,2.0,0.98,8,1.3878203898176621e-06
0,fresh,2.0,0.98,9,5.483746441559134e-07
0,fresh,2.0,0.98,10,7.181114061594052e-07
0,fresh,2.0,0.98,11,1.602710083510317e-06
0,up,0.0,0.98,0,0.0
0,up,0.0,0.98,1,0.0
0,up,0.0,0.98,2,0.0
0,up,0.0,0.98,3,0.0
0,up,0.0,0.98,4,0.0
0,up,0.0,0.98,5,0.0
0,up,0.0,0.98,6,0.0
0,up,0.0,0.98,7,0.0
0,up,0.0,0.98,8,0.0
0,up,0.0,0.98,9,0.0
0,up,0.0,0.98,10,0.0
0,up,0.0,0.98,11,0.0
0,up,0.5,0.98,0,2.0741119932665696e-12
0,up,0.5,0.98,1,2.0741153239356437e-12
0,up,0.5,0.98,2,2.0741119932665696e-12
0,up,0.5,0.98,3,2.0741119932665696e-12
0,up,0.5,0.98,4,2.0741119932665696e-12
0,up,0.5,0.98,5,2.0741119932665696e-12
0,up,0.5,0.98,6,2.0741119932665696e-12
0,up,0.5,0.98,7,2.0741119932665696e-12
0,up,0.5,0.98,8,2.0741119932665696e-12
0,up,0.5,0.98,9,2.0741119932665696e-12
0,up,0.5,0.98,10,2.0741119932665696e-12
0,up,0.5,0.98,11,2.0741119932665696e-12
0,up,2.0,0.98,0,3.178452216157091e-07
0,up,2.0,0.98,1,3.178452216168193e-07
0,up,2.0,0.98,2,3.178452216157091e-07
0,up,2.0,0.98,3,3.178452216157091e-07
0,up,2.0,0.98,4,3.178452216157091e-07
0,up,2.0,0.98,5,3.178452216157091e-07
0,up,2.0,0.98,6,3.178452216157091e-07
0,up,2.0,0.98,7,3.178452216157091e-07
0,up,2.0,0.98,8,3.178452216157091e-07
0,up,2.0,0.98,9,3.178452216157091e-07
0,up,2.0,0.98,10,3.178452216157091e-07
0,up,2.0,0.98,11,3.178452216157091e-07
0,down,0.0,0.98,0,0.0
0,down,0.0,0.98,1,0.0
0,down,0.0,0.98,2,0.0
0,down,0.0,0.98,3,0.0
0,down,0.0,0.98,4,0.0
0,down,0.0,0.98,5,0.0
0,down,0.0,0.98,6,0.0
0,down,0.0,0.98,7,0.0
0,down,0.0,0.98,8,0.0
0,down,0.0,0.98,9,0.0
0,down,0.0,0.98,10,0.0
0,down,0.0,0.98,11,0.0
0,down,0.5,0.98,0,-1.3380940799834206e-12
0,down,0.5,0.98,1,-1.3392309483606368e-12
0,down,0.5,0.98,2,-1.3380940799834206e-12
0,down,0.5,0.98,3,-1.3392309483606368e-12
0,down,0.5,0.98,4,-1.3392309483606368e-12
0,down,0.5,0.98,5,-1.3380940799834206e-12
0,down,0.5,0.98,6,-1.3392309483606368e-12
0,down,0.5,0.98,7,-1.3380940799834206e-12
0,down,0.5,0.98,8,-1.3392309483606368e-12
0,down,0.5,0.98,9,-1.3392309483606368e-12
0,down,0.5,0.98,10,-1.3392309483606368e-12
0,down,0.5,0.98,11,-1.3392309483606368e-12
0,down,2.0,0.98,0,-2.4004696854262873e-07
0,down,2.0,0.98,1,-2.4004695490020824e-07
0,down,2.0,0.98,2,-2.400469554686424e-07
0,down,2.0,0.98,3,-2.400469554686424e-07
0,down,2.0,0.98,4,-2.400469554686424e-07
0,down,2.0,0.98,5,-2.400469554686424e-07
0,down,2.0,0.98,6,-2.400469554686424e-07
0,down,2.0,0.98,7,-2.400469554686424e-07
0,down,2.0,0.98,8,-2.400469554686424e-07
0,down,2.0,0.98,9,-2.400469554686424e-07
0,down,2.0,0.98,10,-2.400469577423792e-07
0,down,2.0,0.98,11,-2.400469554686424e-07
0,fresh,0.0,0.99,0,8.815170815523742e-16
0,fresh,0.0,0.99,1,1.3411494137471891e-15
0,fresh,0.0,0.99,2,3.441691376337986e-16
0,fresh,0.0,0.99,3,1.219024881038422e-15
0,fresh,0.0,0.99,4,1.1568523916594131e-15
0,fresh,0.0,0.99,5,1.1701750679549149e-15
0,fresh,0.0,0.99,6,1.2101430968414207e-15
0,fresh,0.0,0.99,7,6.52811138479592e-16
0,fresh,0.0,0.99,8,1.2434497875801752e-15
0,fresh,0.0,0.99,9,5.306866057708249e-16
0,fresh,0.0,0.99,10,5.684341886080802e-16
0,fresh,0.0,0.99,11,4.107825191113079e-16
0,fresh,0.5,0.99,0,1.6685350856526782e-09
0,fresh,0.5,0.99,1,2.2515740583095578e-09
0,fresh,0.5,0.99,2,1.9507682424979575e-09
0,fresh,0.5,0.99,3,2.060512775958756e-09
0,fresh,0.5,0.99,4,1.965452673946544e-09
0,fresh,0.5,0.99,5,1.9806691242685305e-09
0,fresh,0.5,0.99,6,2.160786622962263e-09
0,fresh,0.5,0.99,7,1.3228640183271524e-09
0,fresh,0.5,0.99,8,2.11017398443758e-09
0,fresh,0.5,0.99,9,2.378756391863135e-09
0,fresh,0.5,0.99,10,2.6235344319225365e-09
0,fresh,0.5,0.99,11,2.31016785479099e-09
0,fresh,2.0,0.99,0,9.083986196669614e-06
0,fresh,2.0,0.99,1,1.0785095425793756e-05
0,fresh,2.0,0.99,2,9.274459878088059e-06
0,fresh,2.0,0.99,3,9.764980042958893e-06
0,fresh,2.0,0.99,4,9.315051216269854e-06
0,fresh,2.0,0.99,5,9.388183783889392e-06
0,fresh,2.0,0.99,6,1.0071727131917285e-05
0,fresh,2.0,0.99,7,6.272420210684526e-06
0,fresh,2.0,0.99,8,9.98678113403484e-06
0,fresh,2.0,0.99,9,5.224476081777673e-06
0,fresh,2.0,0.99,10,6.3095775894317365e-06
0,fresh,2.0,0.99,11,1.1046117615620687e-05
0,up,0.0,0.99,0,0.0
0,up,0.0,0.99,1,0.0
0,up,0.0,0.99,2,0.0
0,up,0.0,0.99,3,0.0
0,up,0.0,0.99,4,0.0
0,up,0.0,0.99,5,0.0
0,up,0.0,0.99,6,0.0
0,up,0.0,0.99,7,0.0
0,up,0.0,0.99,8,0.0
0,up,0.0,0.99,9,0.0
0,up,0.0,0.99,10,0.0
0,up,0.0,0.99,11,0.0
0,up,0.5,0.99,0,3.6434212091762675e-10
0,up,0.5,0.99,1,3.6434212091762675e-10
0,up,0.5,0.99,2,3.6434212091762675e-10
0,up,0.5,0.99,3,3.6434212091762675e-10
0,up,0.5,0.99,4,3.6434212091762675e-10
0,up,0.5,0.99,5,3.6434212091762675e-10
0,up,0.5,0.99,6,3.6434212091762675e-10
0,up,0.5,0.99,7,3.6434212091762675e-10
0,up,0.5,0.99,8,3.6434212091762675e-10
0,up,0.5,0.99,9,3.6434212091762675e-10
0,up,0.5,0.99,10,3.6434212091762675e-10
0,up,0.5,0.99,11,3.6434212091762675e-10
0,up,2.0,0.99,0,1.7223419547929276e-06
0,up,2.0,0.99,1,1.7223419547918174e-06
0,up,2.0,0.99,2,1.7223419547929276e-06
0,up,2.0,0.99,3,1.7223419547929276e-06
0,up,2.0,0.99,4,1.7223419547929276e-06
0,up,2.0,0.99,5,1.7223419547929276e-06
0,up,2.0,0.99,6,1.7223419547929276e-06
0,up,2.0,0.99,7,1.7223419547929276e-06
0,up,2.0,0.99,8,1.7223419547929276e-06
0,up,2.0,0.99,9,1.7223419547929276e-06
0,up,2.0,0.99,10,1.7223419547929276e-06
0,up,2.0,0.99,11,1.7223419547929276e-06
0,down,0.0,0.99,0,0.0
0,down,0.0,0.99,1,0.0
0,down,0.0,0.99,2,0.0
0,down,0.0,0.99,3,0.0
0,down,0.0,0.99,4,0.0
0,down,0.0,0.99,5,0.0
0,down,0.0,0.99,6,0.0
0,down,0.0,0.99,7,0.0
0,down,0.0,0.99,8,0.0
0,down,0.0,0.99,9,0.0
0,down,0.0,0.99,10,0.0
0,down,0.0,0.99,11,0.0
0,down,0.5,0.99,0,-3.627155820140615e-10
0,down,0.5,0.99,1,-3.627155820140615e-10
0,down,0.5,0.99,2,-3.627155820140615e-10
0,down,0.5,0.99,3,-3.627155820140615e-10
0,down,0.5,0.99,4,-3.627155820140615e-10
0,down,0.5,0.99,5,-3.627155820140615e-10
0,down,0.5,0.99,6,-3.627155820140615e-10
0,down,0.5,0.99,7,-3.627155820140615e-10
0,down,0.5,0.99,8,-3.627155820140615e-10
0,down,0.5,0.99,9,-3.627155820140615e-10
0,down,0.5,0.99,10,-3.627155820140615e-10
0,down,0.5,0.99,11,-3.627155820140615e-10
0,down,2.0,0.99,0,-1.7233490889623227e-06
0,down,2.0,0.99,1,-1.716317129307754e-06
0,down,2.0,0.99,2,-1.715962882826716e-06
0,down,2.0,0.99,3,-1.7157212442953095e-06
0,down,2.0,0.99,4,-1.7161350751848658e-06
0,down,2.0,0.99,5,-1.7165279098207975e-06
0,down,2.0,0.99,6,-1.7161069041549126e-06
0,down,2.0,0.99,7,-1.7160162059326468e-06
0,down,2.0,0.99,8,-1.716111103178264e-06
0,down,2.0,0.99,9,-1.716221274250529e-06
0,down,2.0,0.99,10,-1.7174043659906602e-06
0,down,2.0,0.99,11,-1.7162626681965776e-06
0,fresh,0.0,0.995,0,4.9983062133662776e-12
0,fresh,0.0,0.995,1,4.37643254969089e-12
0,fresh,0.0,0.995,2,1.947342287422771e-12
0,fresh,0.0,0.995,3,4.14911216495284e-12
0,fresh,0.0,0.995,4,4.007809639716697e-12
0,fresh,0.0,0.995,5,4.037230549869264e-12
0,fresh,0.0,0.995,6,4.120541685637136e-12
0,fresh,0.0,0.995,7,3.030726780650639e-12
0,fresh,0.0,0.995,8,4.20810941648142e-12
0,fresh,0.0,0.995,9,4.5396042480660976e-12
0,fresh,0.0,0.995,10,4.576448109361308e-12
0,fresh,0.0,0.995,11,4.38048930462287e-12
0,fresh,0.5,0.995,0,7.765493764910758e-08
0,fresh,0.5,0.995,1,9.617793408578379e-08
0,fresh,0.5,0.995,2,8.690924587329007e-08
0,fresh,0.5,0.995,3,9.034579995681468e-08
0,fresh,0.5,0.995,4,8.73825842995224e-08
0,fresh,0.5,0.995,5,8.785973065972285e-08
0,fresh,0.5,0.995,6,9.341977461163609e-08
0,fresh,0.5,0.995,7,6.626270945941925e-08
0,fresh,0.5,0.995,8,9.187746455419088e-08
0,fresh,0.5,0.995,9,9.997442549147806e-08
0,fresh,0.5,0.995,10,1.0700673267471927e-07
0,fresh,0.5,0.995,11,9.792490457627423e-08
0,fresh,2.0,0.995,0,3.433767632460505e-05
0,fresh,2.0,0.995,1,3.883017352847462e-05
0,fresh,2.0,0.995,2,3.4853026054020296e-05
0,fresh,2.0,0.995,3,3.616466068924629e-05
0,fresh,2.0,0.995,4,3.496269799682316e-05
0,fresh,2.0,0.995,5,3.515909136901918e-05
0,fresh,2.0,0.995,6,3.697448603465769e-05
0,fresh,2.0,0.995,7,2.6425912587266787e-05
0,fresh,2.0,0.995,8,3.675163109339907e-05
0,fresh,2.0,0.995,9,2.3185082968888435e-05
0,fresh,2.0,0.995,10,2.6518499831251762e-05
0,fresh,2.0,0.995,11,3.949378120092994e-05
0,up,0.0,0.995,0,7.264033818898951e-13
0,up,0.0,0.995,1,7.264033818898951e-13
0,up,0.0,0.995,2,7.264033818898951e-13
0,up,0.0,0.995,3,7.264033818898951e-13
0,up,0.0,0.995,4,7.264033818898951e-13
0,up,0.0,0.995,5,7.264033818898951e-13
0,up,0.0,0.995,6,7.264033818898951e-13
0,up,0.0,0.995,7,7.264033818898951e-13
0,up,0.0,0.995,8,7.264033818898951e-13
0,up,0.0,0.995,9,7.264033818898951e-13
0,up,0.0,0.995,10,7.264033818898951e-13
0,up,0.0,0.995,11,7.264033818898951e-13
0,up,0.5,0.995,0,1.5810446740704975e-08
0,up,0.5,0.995,1,1.5810446742925422e-08
0,up,0.5,0.995,2,1.5810446740704975e-08
0,up,0.5,0.995,3,1.5810446740704975e-08
0,up,0.5,0.995,4,1.5810446740704975e-08
0,up,0.5,0.995,5,1.5810446740704975e-08
0,up,0.5,0.995,6,1.5810446740704975e-08
0,up,0.5,0.995,7,1.5810446740704975e-08
0,up,0.5,0.995,8,1.5810446740704975e-08
0,up,0.5,0.995,9,1.5810446740704975e-08
0,up,0.5,0.995,10,1.5810446740704975e-08
0,up,0.5,0.995,11,1.5810446740704975e-08
0,up,2.0,0.995,0,6.234502929638452e-06
0,up,2.0,0.995,1,6.234502929637342e-06
0,up,2.0,0.995,2,6.234502929638452e-06
0,up,2.0,0.995,3,6.234502929638452e-06
0,up,2.0,0.995,4,6.234502929638452e-06
0,up,2.0,0.995,5,6.234502929638452e-06
0,up,2.0,0.995,6,6.234502929638452e-06
0,up,2.0,0.995,7,6.234502929638452e-06
0,up,2.0,0.995,8,6.234502929638452e-06
0,up,2.0,0.995,9,6.234502929638452e-06
0,up,2.0,0.995,10,6.234502929638452e-06
0,up,2.0,0.995,11,6.234502929638452e-06
0,down,0.0,0.995,0,-3.3969627111218873e-12
0,down,0.0,0.995,1,-3.410605131648481e-12
0,down,0.0,0.995,2,-3.3924152376130223e-12
0,down,0.0,0.995,3,-3.4242475521750745e-12
0,down,0.0,0.995,4,-3.4606273402459917e-12
0,down,0.0,0.995,5,-3.4424374462105335e-12
0,down,0.0,0.995,6,-3.3401192922610792e-12
0,down,0.0,0.995,7,-3.356035449542105e-12
0,down,0.0,0.995,8,-3.41970007866621e-12
0,down,0.0,0.995,9,-3.401510184630752e-12
0,down,0.0,0.995,10,-3.4083313948940486e-12
0,down,0.0,0.995,11,-3.426521288929507e-12
0,down,0.5,0.995,0,-7.55816461150971e-08
0,down,0.5,0.995,1,-8.949095672505792e-08
0,down,0.5,0.995,2,-7.801736501278356e-08
0,down,0.5,0.995,3,-7.97249924744392e-08
0,down,0.5,0.995,4,-7.586487981825485e-08
0,down,0.5,0.995,5,-7.229937978081579e-08
0,down,0.5,0.995,6,-7.381116120086517e-08
0,down,0.5,0.995,7,-7.520398980886967e-08
0,down,0.5,0.995,8,-7.949741871016158e-08
0,down,0.5,0.995,9,-8.29822101877653e-08
0,down,0.5,0.995,10,-8.356164130418619e-08
0,down,0.5,0.995,11,-7.690920483582886e-08
0,down,2.0,0.995,0,-9.648822608411934e-05
0,down,2.0,0.995,1,-2.3664984037168325e-05
0,down,2.0,0.995,2,-1.9843700096089377e-05
0,down,2.0,0.995,3,-1.7228318428692545e-05
0,down,2.0,0.995,4,-2.1703153482235393e-05
0,down,2.0,0.995,5,-2.593138983911558e-05
0,down,2.0,0.995,6,-2.139899770725151e-05
0,down,2.0,0.995,7,-2.0419965024984777e-05
0,down,2.0,0.995,8,-2.1444381161472847e-05
0,down,2.0,0.995,9,-2.263252998147891e-05
0,down,2.0,0.995,10,-3.5298592069352706e-05
0,down,2.0,0.995,11,-2.307845127972996e-05
0,fresh,0.0,1.0,0,5.062536749693924e-05
0,fresh,0.0,1.0,1,5.0131058175755254e-05
0,fresh,0.0,1.0,2,4.588755845472248e-05
0,fresh,0.0,1.0,3,4.993460983248266e-05
0,fresh,0.0,1.0,4,4.9804956401249266e-05
0,fresh,0.0,1.0,5,4.983290748960201e-05
0,fresh,0.0,1.0,6,4.9883846045342125e-05
0,fresh,0.0,1.0,7,4.8789560614357356e-05
0,fresh,0.0,1.0,8,4.9986044702357015e-05
0,fresh,0.0,1.0,9,5.0272263523079005e-05
0,fresh,0.0,1.0,10,5.029168257919103e-05
0,fresh,0.0,1.0,11,5.0126284763409854e-05
0,fresh,0.5,1.0,0,9.749571587415406e-05
0,fresh,0.5,1.0,1,0.00010069013772839641
0,fresh,0.5,1.0,2,9.917295833210327e-05
0,fresh,0.5,1.0,3,9.97509164508803e-05
0,fresh,0.5,1.0,4,9.925534827927018e-05
0,fresh,0.5,1.0,5,9.933601506073586e-05
0,fresh,0.5,1.0,6,0.00010025062275599517
0,fresh,0.5,1.0,7,9.532592220188762e-05
0,fresh,0.5,1.0,8,0.00010000213916611545
0,fresh,0.5,1.0,9,0.0001012775853023129
0,fresh,0.5,1.0,10,0.0001023065570117776
0,fresh,0.5,1.0,11,0.0001009611095602625
0,fresh,2.0,1.0,0,0.00024372041625863482
0,fresh,2.0,1.0,1,0.0002549558309294886
0,fresh,2.0,1.0,2,0.00024504541002488226
0,fresh,2.0,1.0,3,0.00024837225398647965
0,fresh,2.0,1.0,4,0.00024532680204533805
0,fresh,2.0,1.0,5,0.00024582749655328363
0,fresh,2.0,1.0,6,0.00025039620014137397
0,fresh,2.0,1.0,7,0.00022234699190906148
0,fresh,2.0,1.0,8,0.0002498430268165919
0,fresh,2.0,1.0,9,0.00021257278023175451
0,fresh,2.0,1.0,10,0.00022256295544848426
0,fresh,2.0,1.0,11,0.0002565464210397117
0,up,0.0,1.0,0,4.3297008796296945e-05
0,up,0.0,1.0,1,4.3297008796296945e-05
0,up,0.0,1.0,2,4.3297008796296945e-05
0,up,0.0,1.0,3,4.3297008796296945e-05
0,up,0.0,1.0,4,4.3297008796296945e-05
0,up,0.0,1.0,5,4.3297008796296945e-05
0,up,0.0,1.0,6,4.3297008796296945e-05
0,up,0.0,1.0,7,4.3297008796296945e-05
0,up,0.0,1.0,8,4.3297008796296945e-05
0,up,0.0,1.0,9,4.3297008796296945e-05
0,up,0.0,1.0,10,4.3297008796296945e-05
0,up,0.0,1.0,11,4.3297008796296945e-05
0,up,0.5,1.0,0,7.577875477209562e-05
0,up,0.5,1.0,1,7.577875477209451e-05
0,up,0.5,1.0,2,7.577875477209562e-05
0,up,0.5,1.0,3,7.577875477209562e-05
0,up,0.5,1.0,4,7.577875477209562e-05
0,up,0.5,1.0,5,7.577875477209562e-05
0,up,0.5,1.0,6,7.577875477209562e-05
0,up,0.5,1.0,7,7.577875477209562e-05
0,up,0.5,1.0,8,7.577875477209562e-05
0,up,0.5,1.0,9,7.577875477209562e-05
0,up,0.5,1.0,10,7.577875477209562e-05
0,up,0.5,1.0,11,7.577875477209562e-05
0,up,2.0,1.0,0,0.00013340638929887127
0,up,2.0,1.0,1,0.00013340638929887238
0,up,2.0,1.0,2,0.00013340638929887127
0,up,2.0,1.0,3,0.00013340638929887127
0,up,2.0,1.0,4,0.00013340638929887127
0,up,2.0,1.0,5,0.00013340638929887127
0,up,2.0,1.0,6,0.00013340638929887127
0,up,2.0,1.0,7,0.00013340638929887127
0,up,2.0,1.0,8,0.00013340638929887127
0,up,2.0,1.0,9,0.00013340638929887127
0,up,2.0,1.0,10,0.00013340638929887127
0,up,2.0,1.0,11,0.00013340638929887127
0,down,0.0,1.0,0,4.37397732662248e-05
0,down,0.0,1.0,1,3.846962217039618e-05
0,down,0.0,1.0,2,4.5690168135479326e-05
0,down,0.0,1.0,3,3.412807630411408e-05
0,down,0.0,1.0,4,2.535863601906385e-05
0,down,0.0,1.0,5,2.919014777717166e-05
0,down,0.0,1.0,6,7.633426973143286e-05
0,down,0.0,1.0,7,5.973668936348986e-05
0,down,0.0,1.0,8,3.514921616442734e-05
0,down,0.0,1.0,9,4.1275288474480476e-05
0,down,0.0,1.0,10,3.9921795250847934e-05
0,down,0.0,1.0,11,3.48453992796749e-05
0,down,0.5,1.0,0,9.168840366328369e-05
0,down,0.5,1.0,1,9.469233805248223e-07
0,down,0.5,1.0,2,5.581283200285725e-05
0,down,0.5,1.0,3,3.850928939300502e-05
0,down,0.5,1.0,4,8.66562348358002e-05
0,down,0.5,1.0,5,0.00017527406143358348
0,down,0.5,1.0,6,0.0001300350024382624
0,down,0.5,1.0,7,9.882282163630408e-05
0,down,0.5,1.0,8,4.0524292226109535e-05
0,down,0.5,1.0,9,1.7153554650803927e-05
0,down,0.5,1.0,10,1.4540875910142858e-05
0,down,0.5,1.0,11,7.020065940309904e-05
0,down,2.0,1.0,0,0.0002322111646162739
0,down,2.0,1.0,1,0.00013747922575589654
0,down,2.0,1.0,2,0.0003825034500715674
0,down,2.0,1.0,3,0.0008184222126220675
0,down,2.0,1.0,4,0.00023240247870148778
0,down,2.0,1.0,5,7.235649347933304e-05
0,down,2.0,1.0,6,0.0002519548308578123
0,down,2.0,1.0,7,0.0003272368334364728
0,down,2.0,1.0,8,0.00024893486367034257
0,down,2.0,1.0,9,0.0001815136193874878
0,down,2.0,1.0,10,7.318344614759553e-09
0,down,2.0,1.0,11,0.00016109017845906238
0,fresh,0.0,1.005,0,0.18978961032543584
0,fresh,0.0,1.005,1,0.18961503730649554
0,fresh,0.0,1.005,2,0.18938135014461688
0,fresh,0.0,1.005,3,0.18955788413391622
0,fresh,0.0,1.005,4,0.1895249195056466
0,fresh,0.0,1.005,5,0.1895314769876394
0,fresh,0.0,1.005,6,0.1895592365788984
0,fresh,0.0,1.005,7,0.1893303302492144
0,fresh,0.0,1.005,8,0.1895725373041386
0,fresh,0.0,1.005,9,0.18965674794800527
0,fresh,0.0,1.005,10,0.18967080087862076
0,fresh,0.0,1.005,11,0.1896197807879058
0,fresh,0.5,1.005,0,0.0617819069488142
0,fresh,0.5,1.005,1,0.12371184515119088
0,fresh,0.5,1.005,2,0.06173940074172882
0,fresh,0.5,1.005,3,0.12387352700984382
0,fresh,0.5,1.005,4,0.12388846810998302
0,fresh,0.5,1.005,5,0.12390623381192875
0,fresh,0.5,1.005,6,0.12325735603341777
0,fresh,0.5,1.005,7,0.06168797198818983
0,fresh,0.5,1.005,8,0.12382855411308819
0,fresh,0.5,1.005,9,0.12367880758362859
0,fresh,0.5,1.005,10,0.12285139815185395
0,fresh,0.5,1.005,11,0.12345890795428535
0,fresh,2.0,1.005,0,0.030272149546511105
0,fresh,2.0,1.005,1,0.06147953600559167
0,fresh,2.0,1.005,2,0.03028995765952685
0,fresh,2.0,1.005,3,0.06152104945708482
0,fresh,2.0,1.005,4,0.0615127175305272
0,fresh,2.0,1.005,5,0.061527203907838085
0,fresh,2.0,1.005,6,0.061441865831383564
0,fresh,2.0,1.005,7,0.030310134574882727
0,fresh,2.0,1.005,8,0.06151360761314431
0,fresh,2.0,1.005,9,0.030419185478473835
0,fresh,2.0,1.005,10,0.030364108047839053
0,fresh,2.0,1.005,11,0.06144342352401936
0,up,0.0,1.005,0,0.1899942409074213
0,up,0.0,1.005,1,0.1899942409074213
0,up,0.0,1.005,2,0.1899942409074213
0,up,0.0,1.005,3,0.1899942409074213
0,up,0.0,1.005,4,0.1899942409074213
0,up,0.0,1.005,5,0.1899942409074213
0,up,0.0,1.005,6,0.1899942409074213
0,up,0.0,1.005,7,0.1899942409074213
0,up,0.0,1.005,8,0.1899942409074213
0,up,0.0,1.005,9,0.1899942409074213
0,up,0.0,1.005,10,0.1899942409074213
0,up,0.0,1.005,11,0.1899942409074213
0,up,0.5,1.005,0,0.06813186581960212
0,up,0.5,1.005,1,0.06813186581960061
0,up,0.5,1.005,2,0.06813186581960212
0,up,0.5,1.005,3,0.06813186581960212
0,up,0.5,1.005,4,0.06813186581960212
0,up,0.5,1.005,5,0.06813186581960212
0,up,0.5,1.005,6,0.06813186581960212
0,up,0.5,1.005,7,0.06813186581960212
0,up,0.5,1.005,8,0.06813186581960212
0,up,0.5,1.005,9,0.06813186581960212
0,up,0.5,1.005,10,0.06813186581960212
0,up,0.5,1.005,11,0.06813186581960212
0,up,2.0,1.005,0,0.004913929566073572
0,up,2.0,1.005,1,0.004913929566073599
0,up,2.0,1.005,2,0.004913929566073572
0,up,2.0,1.005,3,0.004913929566073572
0,up,2.0,1.005,4,0.004913929566073572
0,up,2.0,1.005,5,0.004913929566073572
0,up,2.0,1.005,6,0.004913929566073572
0,up,2.0,1.005,7,0.004913929566073572
0,up,2.0,1.005,8,0.004913929566073572
0,up,2.0,1.005,9,0.004913929566073572
0,up,2.0,1.005,10,0.004913929566073572
0,up,2.0,1.005,11,0.004913929566073572
0,down,0.0,1.005,0,0.20910838853521452
0,down,0.0,1.005,1,0.19019345112051497
0,down,0.0,1.005,2,0.19235990212196385
0,down,0.0,1.005,3,0.18949808833233192
0,down,0.0,1.005,4,0.18931962358618648
0,down,0.0,1.005,5,0.18933913292591115
0,down,0.0,1.005,6,0.19013037839160915
0,down,0.0,1.005,7,0.18927335417438826
0,down,0.0,1.005,8,0.1896421100358043
0,down,0.0,1.005,9,0.19077997495270438
0,down,0.0,1.005,10,0.1924893750895535
0,down,0.0,1.005,11,0.19078235964685292
0,down,0.5,1.005,0,0.059789689708294416
0,down,0.5,1.005,1,0.06146873145810105
0,down,0.5,1.005,2,0.06168430249153289
0,down,0.5,1.005,3,0.06157853504136483
0,down,0.5,1.005,4,0.0608987492411643
0,down,0.5,1.005,5,0.06257769892434226
0,down,0.5,1.005,6,0.03496900681998568
0,down,0.5,1.005,7,0.040639386902191744
0,down,0.5,1.005,8,0.06158956721490767
0,down,0.5,1.005,9,0.06138226577714022
0,down,0.5,1.005,10,0.06135572615618912
0,down,0.5,1.005,11,0.061741433763218084
0,down,2.0,1.005,0,0.02912093690447932
0,down,2.0,1.005,1,0.03014338716684506
0,down,2.0,1.005,2,0.003118795158025307
0,down,2.0,1.005,3,0.004802894832446896
0,down,2.0,1.005,4,0.022504396203573265
0,down,2.0,1.005,5,0.030263261032105786
0,down,2.0,1.005,6,0.007823689002821084
0,down,2.0,1.005,7,0.0033770560046887965
0,down,2.0,1.005,8,0.009425677768709874
0,down,2.0,1.005,9,0.02938175654127292
0,down,2.0,1.005,10,0.029760350740069726
0,down,2.0,1.005,11,0.029868144388178166
0,fresh,0.0,1.01,0,0.27674789725938115
0,fresh,0.0,1.01,1,0.29482298841851906
0,fresh,0.0,1.01,2,0.3024587151610866
0,fresh,0.0,1.01,3,0.30101939743048634
0,fresh,0.0,1.01,4,0.3031292085750747
0,fresh,0.0,1.01,5,0.30282795273612384
0,fresh,0.0,1.01,6,0.2969418224739758
0,fresh,0.0,1.01,7,0.3093600323984169
0,fresh,0.0,1.01,8,0.29959770312771317
0,fresh,0.0,1.01,9,0.2901527647109017
0,fresh,0.0,1.01,10,0.2871857850151224
0,fresh,0.0,1.01,11,0.2923786272063022
0,fresh,0.5,1.01,0,0.06558063306717246
0,fresh,0.5,1.01,1,0.12712221014570801
0,fresh,0.5,1.01,2,0.06496580506807462
0,fresh,0.5,1.01,3,0.1270585419957409
0,fresh,0.5,1.01,4,0.12702899220680577
0,fresh,0.5,1.01,5,0.12703554012267343
0,fresh,0.5,1.01,6,0.12713715537021492
0,fresh,0.5,1.01,7,0.06505847840184178
0,fresh,0.5,1.01,8,0.12707287641704237
0,fresh,0.5,1.01,9,0.12716687000004737
0,fresh,0.5,1.01,10,0.12740011921890662
0,fresh,0.5,1.01,11,0.12716838425924004
0,fresh,2.0,1.01,0,0.029330611121679076
0,fresh,2.0,1.01,1,0.0607198096579658
0,fresh,2.0,1.01,2,0.029603818033495183
0,fresh,2.0,1.01,3,0.0603087849791962
0,fresh,2.0,1.01,4,0.059953382139072836
0,fresh,2.0,1.01,5,0.06006586357037272
0,fresh,2.0,1.01,6,0.06025275680042846
0,fresh,2.0,1.01,7,0.018265276800377147
0,fresh,2.0,1.01,8,0.0604199316675022
0,fresh,2.0,1.01,9,0.03187633323107128
0,fresh,2.0,1.01,10,0.0173638303485983
0,fresh,2.0,1.01,11,0.06073263151696863
0,up,0.0,1.01,0,0.25470160590671154
0,up,0.0,1.01,1,0.25470160590671154
0,up,0.0,1.01,2,0.25470160590671154
0,up,0.0,1.01,3,0.25470160590671154
0,up,0.0,1.01,4,0.25470160590671154
0,up,0.0,1.01,5,0.25470160590671154
0,up,0.0,1.01,6,0.25470160590671154
0,up,0.0,1.01,7,0.25470160590671154
0,up,0.0,1.01,8,0.25470160590671154
0,up,0.0,1.01,9,0.25470160590671154
0,up,0.0,1.01,10,0.25470160590671154
0,up,0.0,1.01,11,0.25470160590671154
0,up,0.5,1.01,0,0.1819323786349999
0,up,0.5,1.01,1,0.181932378634999
0,up,0.5,1.01,2,0.1819323786349999
0,up,0.5,1.01,3,0.1819323786349999
0,up,0.5,1.01,4,0.1819323786349999
0,up,0.5,1.01,5,0.1819323786349999
0,up,0.5,1.01,6,0.1819323786349999
0,up,0.5,1.01,7,0.1819323786349999
0,up,0.5,1.01,8,0.1819323786349999
0,up,0.5,1.01,9,0.1819323786349999
0,up,0.5,1.01,10,0.1819323786349999
0,up,0.5,1.01,11,0.1819323786349999
0,up,2.0,1.01,0,0.06239561485580824
0,up,2.0,1.01,1,0.06239561485580824
0,up,2.0,1.01,2,0.06239561485580824
0,up,2.0,1.01,3,0.06239561485580824
0,up,2.0,1.01,4,0.06239561485580824
0,up,2.0,1.01,5,0.06239561485580824
0,up,2.0,1.01,6,0.06239561485580824
0,up,2.0,1.01,7,0.06239561485580824
0,up,2.0,1.01,8,0.06239561485580824
0,up,2.0,1.01,9,0.06239561485580824
0,up,2.0,1.01,10,0.06239561485580824
0,up,2.0,1.01,11,0.06239561485580824
0,down,0.0,1.01,0,0.25480995149247293
0,down,0.0,1.01,1,0.27455434794688016
0,down,0.0,1.01,2,0.2586611989886046
0,down,0.0,1.01,3,0.2915297787429495
0,down,0.0,1.01,4,0.30719227282137807
0,down,0.0,1.01,5,0.3074476249159147
0,down,0.0,1.01,6,0.28327481404029864
0,down,0.0,1.01,7,0.3097605370411748
0,down,0.0,1.01,8,0.2828241264344229
0,down,0.0,1.01,9,0.25625916204081933
0,down,0.0,1.01,10,0.27091637763542165
0,down,0.0,1.01,11,0.2818287742593202
0,down,0.5,1.01,0,0.06470758949399169
0,down,0.5,1.01,1,0.12319240991926904
0,down,0.5,1.01,2,0.08862418149714585
0,down,0.5,1.01,3,0.09051356204604076
0,down,0.5,1.01,4,0.06480722040070873
0,down,0.5,1.01,5,0.09179823628932127
0,down,0.5,1.01,6,0.06742068698438289
0,down,0.5,1.01,7,0.06487228643335924
0,down,0.5,1.01,8,0.09032744377232917
0,down,0.5,1.01,9,0.09061859950888902
0,down,0.5,1.01,10,0.09071977785252215
0,down,0.5,1.01,11,0.0662454470081775
0,down,2.0,1.01,0,0.03110028343493525
0,down,2.0,1.01,1,0.02988680550487686
0,down,2.0,1.01,2,0.03119393687397974
0,down,2.0,1.01,3,0.031184086540645806
0,down,2.0,1.01,4,0.031111883651133213
0,down,2.0,1.01,5,0.029598929517698026
0,down,2.0,1.01,6,0.03114916941658407
0,down,2.0,1.01,7,0.031187114101559246
0,down,2.0,1.01,8,0.031135006686619136
0,down,2.0,1.01,9,0.030897009623475358
0,down,2.0,1.01,10,0.031009025665879333
0,down,2.0,1.01,11,0.03068224988672398
0,fresh,0.0,1.02,0,0.3799795295485427
0,fresh,0.0,1.02,1,0.38021412372442365
0,fresh,0.0,1.02,2,0.40721661174315954
0,fresh,0.0,1.02,3,0.3803626973969967
0,fresh,0.0,1.02,4,0.3804982530026747
0,fresh,0.0,1.02,5,0.3804634080632869
0,fresh,0.0,1.02,6,0.3805522819808466
0,fresh,0.0,1.02,7,0.38283752654444303
0,fresh,0.0,1.02,8,0.3803224656035591
0,fresh,0.0,1.02,9,0.3801110105941764
0,fresh,0.0,1.02,10,0.3801393307616667
0,fresh,0.0,1.02,11,0.38025763936833945
0,fresh,0.5,1.02,0,0.12185331267555305
0,fresh,0.5,1.02,1,0.1908922499688929
0,fresh,0.5,1.02,2,0.10448340294402347
0,fresh,0.5,1.02,3,0.19052757359243952
0,fresh,0.5,1.02,4,0.19043476227113354
0,fresh,0.5,1.02,5,0.19043680469185015
0,fresh,0.5,1.02,6,0.19179054561430864
0,fresh,0.5,1.02,7,0.10758765554956104
0,fresh,0.5,1.02,8,0.19061160854228057
0,fresh,0.5,1.02,9,0.19106802604320627
0,fresh,0.5,1.02,10,0.19481956532054218
0,fresh,0.5,1.02,11,0.19147614185528838
0,fresh,2.0,1.02,0,0.0338470267030925
0,fresh,2.0,1.02,1,0.0649211264879887
0,fresh,2.0,1.02,2,0.033942232567612904
0,fresh,2.0,1.02,3,0.06483141915052867
0,fresh,2.0,1.02,4,0.06477676276592349
0,fresh,2.0,1.02,5,0.06480079343907857
0,fresh,2.0,1.02,6,0.06482582328367756
0,fresh,2.0,1.02,7,0.03491203612695968
0,fresh,2.0,1.02,8,0.06484777351408647
0,fresh,2.0,1.02,9,0.059340886654447325
0,fresh,2.0,1.02,10,0.03708175137877398
0,fresh,2.0,1.02,11,0.06495293158689436
0,up,0.0,1.02,0,0.38052362544620566
0,up,0.0,1.02,1,0.38052362544620566
0,up,0.0,1.02,2,0.38052362544620566
0,up,0.0,1.02,3,0.38052362544620566
0,up,0.0,1.02,4,0.38052362544620566
0,up,0.0,1.02,5,0.38052362544620566
0,up,0.0,1.02,6,0.38052362544620566
0,up,0.0,1.02,7,0.38052362544620566
0,up,0.0,1.02,8,0.38052362544620566
0,up,0.0,1.02,9,0.38052362544620566
0,up,0.0,1.02,10,0.38052362544620566
0,up,0.0,1.02,11,0.38052362544620566
0,up,0.5,1.02,0,0.18979192904361825
0,up,0.5,1.02,1,0.18979192904361866
0,up,0.5,1.02,2,0.18979192904361825
0,up,0.5,1.02,3,0.18979192904361825
0,up,0.5,1.02,4,0.18979192904361825
0,up,0.5,1.02,5,0.18979192904361825
0,up,0.5,1.02,6,0.18979192904361825
0,up,0.5,1.02,7,0.18979192904361825
0,up,0.5,1.02,8,0.18979192904361825
0,up,0.5,1.02,9,0.18979192904361825
0,up,0.5,1.02,10,0.18979192904361825
0,up,0.5,1.02,11,0.18979192904361825
0,up,2.0,1.02,0,0.10907569778813751
0,up,2.0,1.02,1,0.10907569778812336
0,up,2.0,1.02,2,0.10907569778813751
0,up,2.0,1.02,3,0.10907569778813751
0,up,2.0,1.02,4,0.10907569778813751
0,up,2.0,1.02,5,0.10907569778813751
0,up,2.0,1.02,6,0.10907569778813751
0,up,2.0,1.02,7,0.10907569778813751
0,up,2.0,1.02,8,0.10907569778813751
0,up,2.0,1.02,9,0.10907569778813751
0,up,2.0,1.02,10,0.10907569778813751
0,up,2.0,1.02,11,0.10907569778813751
0,down,0.0,1.02,0,0.380121716749436
0,down,0.0,1.02,1,0.3892488719855396
0,down,0.0,1.02,2,0.3814889328467143
0,down,0.0,1.02,3,0.4063188062626364
0,down,0.0,1.02,4,0.4267218010513443
0,down,0.0,1.02,5,0.4283389724739822
0,down,0.0,1.02,6,0.4066490453549909
0,down,0.0,1.02,7,0.40370427048976354
0,down,0.0,1.02,8,0.4041094083988287
0,down,0.0,1.02,9,0.3808335614402313
0,down,0.0,1.02,10,0.3865516043886419
0,down,0.0,1.02,11,0.40586703413539227
0,down,0.5,1.02,0,0.09839081805557726
0,down,0.5,1.02,1,0.1545222818904608
0,down,0.5,1.02,2,0.14888281022212027
0,down,0.5,1.02,3,0.11979752209034814
0,down,0.5,1.02,4,0.10532279255758795
0,down,0.5,1.02,5,0.19094945224840332
0,down,0.5,1.02,6,0.1237995757706574
0,down,0.5,1.02,7,0.09818574336086613
0,down,0.5,1.02,8,0.18580877544478994
0,down,0.5,1.02,9,0.12258426658245411
0,down,0.5,1.02,10,0.11791404796502775
0,down,0.5,1.02,11,0.12042257019103203
0,down,2.0,1.02,0,0.039233736821555565
0,down,2.0,1.02,1,0.039289722074598785
0,down,2.0,1.02,2,0.03417692956292967
0,down,2.0,1.02,3,0.03526703569783308
0,down,2.0,1.02,4,0.03402757537837943
0,down,2.0,1.02,5,0.05854807914658408
0,down,2.0,1.02,6,0.03383104023971725
0,down,2.0,1.02,7,0.03402020516233022
0,down,2.0,1.02,8,0.034027471444973686
0,down,2.0,1.02,9,0.034384055481852444
0,down,2.0,1.02,10,0.04982911813565749
0,down,2.0,1.02,11,0.03523722761006865
0,fresh,0.0,1.05,0,0.634888513463935
0,fresh,0.0,1.05,1,0.6320256015650156
0,fresh,0.0,1.05,2,0.631815008679097
0,fresh,0.0,1.05,3,0.6314543637890878
0,fresh,0.0,1.05,4,0.6312065205534573
0,fresh,0.0,1.05,5,0.631247780932729
0,fresh,0.0,1.05,6,0.6317091683002791
0,fresh,0.0,1.05,7,0.6303417093557251
0,fresh,0.0,1.05,8,0.6315922300098222
0,fresh,0.0,1.05,9,0.6324586861523381
0,fresh,0.0,1.05,10,0.6328411767256512
0,fresh,0.0,1.05,11,0.6322077137248754
0,fresh,0.5,1.05,0,0.19091383828975084
0,fresh,0.5,1.05,1,0.32430464505263723
0,fresh,0.5,1.05,2,0.18657935039459708
0,fresh,0.5,1.05,3,0.31869777677999056
0,fresh,0.5,1.05,4,0.318074702769908
0,fresh,0.5,1.05,5,0.3179743362657994
0,fresh,0.5,1.05,6,0.3085620989797205
0,fresh,0.5,1.05,7,0.18404331513542507
0,fresh,0.5,1.05,8,0.3197490247327567
0,fresh,0.5,1.05,9,0.3272383597526099
0,fresh,0.5,1.05,10,0.3109152193969331
0,fresh,0.5,1.05,11,0.3076497255858498
0,fresh,2.0,1.05,0,0.06563992434379974
0,fresh,2.0,1.05,1,0.12931860098038217
0,fresh,2.0,1.05,2,0.0657785490986724
0,fresh,2.0,1.05,3,0.13157548923076096
0,fresh,2.0,1.05,4,0.12935769473984438
0,fresh,2.0,1.05,5,0.1302509847226665
0,fresh,2.0,1.05,6,0.11468339599984483
0,fresh,2.0,1.05,7,0.06620600847075564
0,fresh,2.0,1.05,8,0.13249482844057098
0,fresh,2.0,1.05,9,0.08563906320347683
0,fresh,2.0,1.05,10,0.08457466051797394
0,fresh,2.0,1.05,11,0.1208869086040589
0,up,0.0,1.05,0,0.6383317005541564
0,up,0.0,1.05,1,0.6383317005541564
0,up,0.0,1.05,2,0.6383317005541564
0,up,0.0,1.05,3,0.6383317005541564
0,up,0.0,1.05,4,0.6383317005541564
0,up,0.0,1.05,5,0.6383317005541564
0,up,0.0,1.05,6,0.6383317005541564
0,up,0.0,1.05,7,0.6383317005541564
0,up,0.0,1.05,8,0.6383317005541564
0,up,0.0,1.05,9,0.6383317005541564
0,up,0.0,1.05,10,0.6383317005541564
0,up,0.0,1.05,11,0.6383317005541564
0,up,0.5,1.05,0,0.31553276076527936
0,up,0.5,1.05,1,0.3155327607652779
0,up,0.5,1.05,2,0.31553276076527936
0,up,0.5,1.05,3,0.31553276076527936
0,up,0.5,1.05,4,0.31553276076527936
0,up,0.5,1.05,5,0.31553276076527936
0,up,0.5,1.05,6,0.31553276076527936
0,up,0.5,1.05,7,0.31553276076527936
0,up,0.5,1.05,8,0.31553276076527936
0,up,0.5,1.05,9,0.31553276076527936
0,up,0.5,1.05,10,0.31553276076527936
0,up,0.5,1.05,11,0.31553276076527936
0,up,2.0,1.05,0,0.12835801805262242
0,up,2.0,1.05,1,0.1283580180526222
0,up,2.0,1.05,2,0.12835801805262242
0,up,2.0,1.05,3,0.12835801805262242
0,up,2.0,1.05,4,0.12835801805262242
0,up,2.0,1.05,5,0.12835801805262242
0,up,2.0,1.05,6,0.12835801805262242
0,up,2.0,1.05,7,0.12835801805262242
0,up,2.0,1.05,8,0.12835801805262242
0,up,2.0,1.05,9,0.12835801805262242
0,up,2.0,1.05,10,0.12835801805262242
0,up,2.0,1.05,11,0.12835801805262242
0,down,0.0,1.05,0,0.6450536761651393
0,down,0.0,1.05,1,0.6479361015837162
0,down,0.0,1.05,2,0.6513176661602689
0,down,0.0,1.05,3,0.6388375851291584
0,down,0.0,1.05,4,0.6329455641494246
0,down,0.0,1.05,5,0.6329355737648007
0,down,0.0,1.05,6,0.6403642883688803
0,down,0.0,1.05,7,0.6302629843426416
0,down,0.0,1.05,8,0.6513981178763834
0,down,0.0,1.05,9,0.6583944836023874
0,down,0.0,1.05,10,0.6370027732134895
0,down,0.0,1.05,11,0.635347145688338
0,down,0.5,1.05,0,0.18457668410952466
0,down,0.5,1.05,1,0.26991247662471207
0,down,0.5,1.05,2,0.21965838273578583
0,down,0.5,1.05,3,0.3101802601472684
0,down,0.5,1.05,4,0.18109336202485227
0,down,0.5,1.05,5,0.314984229978304
0,down,0.5,1.05,6,0.2073373833341793
0,down,0.5,1.05,7,0.1857649268124476
0,down,0.5,1.05,8,0.2532403069108057
0,down,0.5,1.05,9,0.18751119831594565
0,down,0.5,1.05,10,0.19058731638974336
0,down,0.5,1.05,11,0.20472467886982032
0,down,2.0,1.05,0,0.06532799160822095
0,down,2.0,1.05,1,0.07388917630954779
0,down,2.0,1.05,2,0.06575291089738897
0,down,2.0,1.05,3,0.06546054422382383
0,down,2.0,1.05,4,0.06699507474870076
0,down,2.0,1.05,5,0.06745967350398076
0,down,2.0,1.05,6,0.06754078181416731
0,down,2.0,1.05,7,0.06603209364516233
0,down,2.0,1.05,8,0.06656768372355201
0,down,2.0,1.05,9,0.08453327194142049
0,down,2.0,1.05,10,0.06539746659875988
0,down,2.0,1.05,11,0.08281934052326846
0,fresh,0.0,1.1,0,0.9241535874059117
0,fresh,0.0,1.1,1,0.9331680669763189
0,fresh,0.0,1.1,2,0.9186821867817516
0,fresh,0.0,1.1,3,0.9346668924701673
0,fresh,0.0,1.1,4,0.9351730036435295
0,fresh,0.0,1.1,5,0.9351072819700175
0,fresh,0.0,1.1,6,0.9335667219324402
0,fresh,0.0,1.1,7,0.9352522566495194
0,fresh,0.0,1.1,8,0.9343214893966021
0,fresh,0.0,1.1,9,0.932000454925002
0,fresh,0.0,1.1,10,0.9305389212493114
0,fresh,0.0,1.1,11,0.9324404350646436
0,fresh,0.5,1.1,0,0.31130140015323493
0,fresh,0.5,1.1,1,0.4450381711604825
0,fresh,0.5,1.1,2,0.2883132325267275
0,fresh,0.5,1.1,3,0.444172436926599
0,fresh,0.5,1.1,4,0.44386845218720195
0,fresh,0.5,1.1,5,0.44413225135117274
0,fresh,0.5,1.1,6,0.43190976469945486
0,fresh,0.5,1.1,7,0.2840171982410745
0,fresh,0.5,1.1,8,0.4441317200016712
0,fresh,0.5,1.1,9,0.4454709208630535
0,fresh,0.5,1.1,10,0.4355459957452372
0,fresh,0.5,1.1,11,0.44536235661641527
0,fresh,2.0,1.1,0,0.0994958045910922
0,fresh,2.0,1.1,1,0.18394885046520507
0,fresh,2.0,1.1,2,0.10135162187101505
0,fresh,2.0,1.1,3,0.18110944803181522
0,fresh,2.0,1.1,4,0.179530690147447
0,fresh,2.0,1.1,5,0.17911637584080092
0,fresh,2.0,1.1,6,0.18327368245721243
0,fresh,2.0,1.1,7,0.11823283633828298
0,fresh,2.0,1.1,8,0.18204585336945472
0,fresh,2.0,1.1,9,0.14457384509401527
0,fresh,2.0,1.1,10,0.12166685914635575
0,fresh,2.0,1.1,11,0.1841886748033452
0,up,0.0,1.1,0,0.9290044080831745
0,up,0.0,1.1,1,0.9290044080831745
0,up,0.0,1.1,2,0.9290044080831745
0,up,0.0,1.1,3,0.9290044080831745
0,up,0.0,1.1,4,0.9290044080831745
0,up,0.0,1.1,5,0.9290044080831745
0,up,0.0,1.1,6,0.9290044080831745
0,up,0.0,1.1,7,0.9290044080831745
0,up,0.0,1.1,8,0.9290044080831745
0,up,0.0,1.1,9,0.9290044080831745
0,up,0.0,1.1,10,0.9290044080831745
0,up,0.0,1.1,11,0.9290044080831745
0,up,0.5,1.1,0,0.4733549369293087
0,up,0.5,1.1,1,0.4733549369293101
0,up,0.5,1.1,2,0.4733549369293087
0,up,0.5,1.1,3,0.4733549369293087
0,up,0.5,1.1,4,0.4733549369293087
0,up,0.5,1.1,5,0.4733549369293087
0,up,0.5,1.1,6,0.4733549369293087
0,up,0.5,1.1,7,0.4733549369293087
0,up,0.5,1.1,8,0.4733549369293087
0,up,0.5,1.1,9,0.4733549369293087
0,up,0.5,1.1,10,0.4733549369293087
0,up,0.5,1.1,11,0.4733549369293087
0,up,2.0,1.1,0,0.17251904458879352
0,up,2.0,1.1,1,0.17251904458871864
0,up,2.0,1.1,2,0.17251904458879352
0,up,2.0,1.1,3,0.17251904458879352
0,up,2.0,1.1,4,0.17251904458879352
0,up,2.0,1.1,5,0.17251904458879352
0,up,2.0,1.1,6,0.17251904458879352
0,up,2.0,1.1,7,0.17251904458879352
0,up,2.0,1.1,8,0.17251904458879352
0,up,2.0,1.1,9,0.17251904458879352
0,up,2.0,1.1,10,0.17251904458879352
0,up,2.0,1.1,11,0.17251904458879352
0,down,0.0,1.1,0,0.9216051848767028
0,down,0.0,1.1,1,0.9010808176015825
0,down,0.0,1.1,2,0.9166887106368109
0,down,0.0,1.1,3,0.8925324387098659
0,down,0.0,1.1,4,0.9048392259632374
0,down,0.0,1.1,5,0.8985103065899966
0,down,0.0,1.1,6,0.9242950466604793
0,down,0.0,1.1,7,0.9356437239539037
0,down,0.0,1.1,8,0.8940528265318448
0,down,0.0,1.1,9,0.9070907707899869
0,down,0.0,1.1,10,0.9099708619906255
0,down,0.0,1.1,11,0.913368554540441
0,down,0.5,1.1,0,0.28390448215756126
0,down,0.5,1.1,1,0.3901772820533972
0,down,0.5,1.1,2,0.31444565927619694
0,down,0.5,1.1,3,0.4150349369720664
0,down,0.5,1.1,4,0.28303369697964625
0,down,0.5,1.1,5,0.45838517383923316
0,down,0.5,1.1,6,0.31041482267488274
0,down,0.5,1.1,7,0.2752940350455253
0,down,0.5,1.1,8,0.3661729038395538
0,down,0.5,1.1,9,0.2800716733508773
0,down,0.5,1.1,10,0.3669884626938449
0,down,0.5,1.1,11,0.2839960343328869
0,down,2.0,1.1,0,0.11528216849390617
0,down,2.0,1.1,1,0.10068755550126923
0,down,2.0,1.1,2,0.11793977401582992
0,down,2.0,1.1,3,0.1161453698812511
0,down,2.0,1.1,4,0.11865586884509013
0,down,2.0,1.1,5,0.13175139029033628
0,down,2.0,1.1,6,0.1163105710692085
0,down,2.0,1.1,7,0.11792192427734677
0,down,2.0,1.1,8,0.11828718674604943
0,down,2.0,1.1,9,0.1012262794441898
0,down,2.0,1.1,10,0.11321945471032194
0,down,2.0,1.1,11,0.1087100516532358
0,fresh,0.0,1.2,0,1.3363499686618598
0,fresh,0.0,1.2,1,1.3293530320041556
0,fresh,0.0,1.2,2,1.3258973235122973
0,fresh,0.0,1.2,3,1.3256050883622987
0,fresh,0.0,1.2,4,1.3244097145686844
0,fresh,0.0,1.2,5,1.3245605336066437
0,fresh,0.0,1.2,6,1.3283108505170511
0,fresh,0.0,1.2,7,1.3218115615694452
0,fresh,0.0,1.2,8,1.3264789495529143
0,fresh,0.0,1.2,9,1.3321223411140803
0,fresh,0.0,1.2,10,1.3330997282088604
0,fresh,0.0,1.2,11,1.3306633557676402
0,fresh,0.5,1.2,0,0.5267332520340346
0,fresh,0.5,1.2,1,0.6367662911079626
0,fresh,0.5,1.2,2,0.4446049592070929
0,fresh,0.5,1.2,3,0.674303632285568
0,fresh,0.5,1.2,4,0.6687457787029687
0,fresh,0.5,1.2,5,0.6780130845558264
0,fresh,0.5,1.2,6,0.6206738487136716
0,fresh,0.5,1.2,7,0.5454466649357608
0,fresh,0.5,1.2,8,0.6541089689140831
0,fresh,0.5,1.2,9,0.6390711608902633
0,fresh,0.5,1.2,10,0.6233221212655613
0,fresh,0.5,1.2,11,0.6389852701246552
0,fresh,2.0,1.2,0,0.16163854132104122
0,fresh,2.0,1.2,1,0.260517186372336
0,fresh,2.0,1.2,2,0.16256630795035348
0,fresh,2.0,1.2,3,0.25685147555838606
0,fresh,2.0,1.2,4,0.25620846616373283
0,fresh,2.0,1.2,5,0.2564220136338045
0,fresh,2.0,1.2,6,0.24708204747556287
0,fresh,2.0,1.2,7,0.1654018682609818
0,fresh,2.0,1.2,8,0.2572106304313383
0,fresh,2.0,1.2,9,0.2441533607852916
0,fresh,2.0,1.2,10,0.1904757438956603
0,fresh,2.0,1.2,11,0.2562655620046435
0,up,0.0,1.2,0,1.3228926052522205
0,up,0.0,1.2,1,1.3228926052522205
0,up,0.0,1.2,2,1.3228926052522205
0,up,0.0,1.2,3,1.3228926052522205
0,up,0.0,1.2,4,1.3228926052522205
0,up,0.0,1.2,5,1.3228926052522205
0,up,0.0,1.2,6,1.3228926052522205
0,up,0.0,1.2,7,1.3228926052522205
0,up,0.0,1.2,8,1.3228926052522205
0,up,0.0,1.2,9,1.3228926052522205
0,up,0.0,1.2,10,1.3228926052522205
0,up,0.0,1.2,11,1.3228926052522205
0,up,0.5,1.2,0,0.6770229225158346
0,up,0.5,1.2,1,0.6770229225158363
0,up,0.5,1.2,2,0.6770229225158346
0,up,0.5,1.2,3,0.6770229225158346
0,up,0.5,1.2,4,0.6770229225158346
0,up,0.5,1.2,5,0.6770229225158346
0,up,0.5,1.2,6,0.6770229225158346
0,up,0.5,1.2,7,0.6770229225158346
0,up,0.5,1.2,8,0.6770229225158346
0,up,0.5,1.2,9,0.6770229225158346
0,up,0.5,1.2,10,0.6770229225158346
0,up,0.5,1.2,11,0.6770229225158346
0,up,2.0,1.2,0,0.25689554034635537
0,up,2.0,1.2,1,0.2568955403463643
0,up,2.0,1.2,2,0.25689554034635537
0,up,2.0,1.2,3,0.25689554034635537
0,up,2.0,1.2,4,0.25689554034635537
0,up,2.0,1.2,5,0.25689554034635537
0,up,2.0,1.2,6,0.25689554034635537
0,up,2.0,1.2,7,0.25689554034635537
0,up,2.0,1.2,8,0.25689554034635537
0,up,2.0,1.2,9,0.25689554034635537
0,up,2.0,1.2,10,0.25689554034635537
0,up,2.0,1.2,11,0.25689554034635537
0,down,0.0,1.2,0,1.3225267463919703
0,down,0.0,1.2,1,1.3218468189589725
0,down,0.0,1.2,2,1.324890654767553
0,down,0.0,1.2,3,1.3218218958061834
0,down,0.0,1.2,4,1.3226058943528143
0,down,0.0,1.2,5,1.322214656057854
0,down,0.0,1.2,6,1.3275543814218462
0,down,0.0,1.2,7,1.3390742899825976
0,down,0.0,1.2,8,1.3218491171683695
0,down,0.0,1.2,9,1.3219085635987766
0,down,0.0,1.2,10,1.3221188535874808
0,down,0.0,1.2,11,1.3223541255363511
0,down,0.5,1.2,0,0.5073554871577767
0,down,0.5,1.2,1,0.6362102984682622
0,down,0.5,1.2,2,0.46741917431301316
0,down,0.5,1.2,3,0.6321389685250074
0,down,0.5,1.2,4,0.6296746567951504
0,down,0.5,1.2,5,0.6397987857030512
0,down,0.5,1.2,6,0.5493045280070532
0,down,0.5,1.2,7,0.6076224561242566
0,down,0.5,1.2,8,0.6379963678226546
0,down,0.5,1.2,9,0.4421508000397569
0,down,0.5,1.2,10,0.500182114283914
0,down,0.5,1.2,11,0.43690293466205277
0,down,2.0,1.2,0,0.16542076800816374
0,down,2.0,1.2,1,0.16116156189346442
0,down,2.0,1.2,2,0.16173159992663327
0,down,2.0,1.2,3,0.25384725576884704
0,down,2.0,1.2,4,0.25858726621371286
0,down,2.0,1.2,5,0.2178541409127689
0,down,2.0,1.2,6,0.16103170819792667
0,down,2.0,1.2,7,0.16167497014510018
0,down,2.0,1.2,8,0.2581947759092855
0,down,2.0,1.2,9,0.161142755302225
0,down,2.0,1.2,10,0.16840221138560224
0,down,2.0,1.2,11,0.1627974857850134
0,fresh,0.0,1.5,0,2.232117614592226
0,fresh,0.0,1.5,1,2.24359947928698
0,fresh,0.0,1.5,2,2.2350341234772264
0,fresh,0.0,1.5,3,2.2475909682857065
0,fresh,0.0,1.5,4,2.248485480854005
0,fresh,0.0,1.5,5,2.248469985044724
0,fresh,0.0,1.5,6,2.2432804287623567
0,fresh,0.0,1.5,7,2.2429334244509147
0,fresh,0.0,1.5,8,2.246654097640456
0,fresh,0.0,1.5,9,2.2406132788837323
0,fresh,0.0,1.5,10,2.238878265978948
0,fresh,0.0,1.5,11,2.241833416365538
0,fresh,0.5,1.5,0,1.0061819530693934
0,fresh,0.5,1.5,1,1.0853036060756418
0,fresh,0.5,1.5,2,0.8721537122071616
0,fresh,0.5,1.5,3,1.1220273227252586
0,fresh,0.5,1.5,4,1.1205305058778827
0,fresh,0.5,1.5,5,1.1207122607530013
0,fresh,0.5,1.5,6,1.015434849981897
0,fresh,0.5,1.5,7,1.0781628449756058
0,fresh,0.5,1.5,8,1.119480714046889
0,fresh,0.5,1.5,9,1.1086955134179028
0,fresh,0.5,1.5,10,1.0586244421286375
0,fresh,0.5,1.5,11,1.060332083855954
0,fresh,2.0,1.5,0,0.3100855606022221
0,fresh,2.0,1.5,1,0.43496192475249446
0,fresh,2.0,1.5,2,0.31775996672449625
0,fresh,2.0,1.5,3,0.4467585304339743
0,fresh,2.0,1.5,4,0.44196817541699757
0,fresh,2.0,1.5,5,0.445575693400756
0,fresh,2.0,1.5,6,0.4245461056897757
0,fresh,2.0,1.5,7,0.3074172038181759
0,fresh,2.0,1.5,8,0.4466068710893937
0,fresh,2.0,1.5,9,0.4275961840314029
0,fresh,2.0,1.5,10,0.3730636247288927
0,fresh,2.0,1.5,11,0.43150598906375637
0,up,0.0,1.5,0,2.2355223322142854
0,up,0.0,1.5,1,2.2355223322142854
0,up,0.0,1.5,2,2.2355223322142854
0,up,0.0,1.5,3,2.2355223322142854
0,up,0.0,1.5,4,2.2355223322142854
0,up,0.0,1.5,5,2.2355223322142854
0,up,0.0,1.5,6,2.2355223322142854
0,up,0.0,1.5,7,2.2355223322142854
0,up,0.0,1.5,8,2.2355223322142854
0,up,0.0,1.5,9,2.2355223322142854
0,up,0.0,1.5,10,2.2355223322142854
0,up,0.0,1.5,11,2.2355223322142854
0,up,0.5,1.5,0,1.114044327804508
0,up,0.5,1.5,1,1.1140443278046563
0,up,0.5,1.5,2,1.114044327804508
0,up,0.5,1.5,3,1.114044327804508
0,up,0.5,1.5,4,1.114044327804508
0,up,0.5,1.5,5,1.114044327804508
0,up,0.5,1.5,6,1.114044327804508
0,up,0.5,1.5,7,1.114044327804508
0,up,0.5,1.5,8,1.114044327804508
0,up,0.5,1.5,9,1.114044327804508
0,up,0.5,1.5,10,1.114044327804508
0,up,0.5,1.5,11,1.114044327804508
0,up,2.0,1.5,0,0.44382387312518917
0,up,2.0,1.5,1,0.44382387312518373
0,up,2.0,1.5,2,0.44382387312518917
0,up,2.0,1.5,3,0.44382387312518917
0,up,2.0,1.5,4,0.44382387312518917
0,up,2.0,1.5,5,0.44382387312518917
0,up,2.0,1.5,6,0.44382387312518917
0,up,2.0,1.5,7,0.44382387312518917
0,up,2.0,1.5,8,0.44382387312518917
0,up,2.0,1.5,9,0.44382387312518917
0,up,2.0,1.5,10,0.44382387312518917
0,up,2.0,1.5,11,0.44382387312518917
0,down,0.0,1.5,0,2.2472075074018596
0,down,0.0,1.5,1,2.2476016058155333
0,down,0.0,1.5,2,2.2388646626053776
0,down,0.0,1.5,3,2.2457662641067087
0,down,0.0,1.5,4,2.241274843243364
0,down,0.0,1.5,5,2.2428121958395377
0,down,0.0,1.5,6,2.2366950502890095
0,down,0.0,1.5,7,2.2207755078828244
0,down,0.0,1.5,8,2.2462212736530374
0,down,0.0,1.5,9,2.2486917131856305
0,down,0.0,1.5,10,2.247137158501026
0,down,0.0,1.5,11,2.2448207994832843
0,down,0.5,1.5,0,0.9342574084166091
0,down,0.5,1.5,1,1.0911750283534358
0,down,0.5,1.5,2,0.8799888318003446
0,down,0.5,1.5,3,1.1217500734676042
0,down,0.5,1.5,4,1.1218912055998196
0,down,0.5,1.5,5,1.1167378510064645
0,down,0.5,1.5,6,1.0096443930587067
0,down,0.5,1.5,7,1.1198971571463199
0,down,0.5,1.5,8,1.0788431400332075
0,down,0.5,1.5,9,1.0347968293903176
0,down,0.5,1.5,10,0.9046607566029172
0,down,0.5,1.5,11,0.8856211313440514
0,down,2.0,1.5,0,0.31015459148414465
0,down,2.0,1.5,1,0.31141746841655504
0,down,2.0,1.5,2,0.305814726673903
0,down,2.0,1.5,3,0.4466320504350071
0,down,2.0,1.5,4,0.44227985582640655
0,down,2.0,1.5,5,0.4451077685060335
0,down,2.0,1.5,6,0.30725569529980956
0,down,2.0,1.5,7,0.3065927763192545
0,down,2.0,1.5,8,0.443876814129855
0,down,2.0,1.5,9,0.425403102165416
0,down,2.0,1.5,10,0.3124942823310858
0,down,2.0,1.5,11,0.39251312573051533
0,fresh,0.0,2.0,0,3.468334446791366
0,fresh,0.0,2.0,1,3.4664207156899565
0,fresh,0.0,2.0,2,3.4646119513797156
0,fresh,0.0,2.0,3,3.4636146537756956
0,fresh,0.0,2.0,4,3.4623529785020537
0,fresh,0.0,2.0,5,3.462489055034394
0,fresh,0.0,2.0,6,3.465089144144346
0,fresh,0.0,2.0,7,3.4606936704606786
0,fresh,0.0,2.0,8,3.464471337609635
0,fresh,0.0,2.0,9,3.4683020574245615
0,fresh,0.0,2.0,10,3.466720134242215
0,fresh,0.0,2.0,11,3.4659782506025225
0,fresh,0.5,2.0,0,1.6539251452398727
0,fresh,0.5,2.0,1,1.7024661916210582
0,fresh,0.5,2.0,2,1.5066717774727414
0,fresh,0.5,2.0,3,1.731226652880197
0,fresh,0.5,2.0,4,1.721446527180877
0,fresh,0.5,2.0,5,1.7390680777941185
0,fresh,0.5,2.0,6,1.6077227160060241
0,fresh,0.5,2.0,7,1.7283978641036115
0,fresh,0.5,2.0,8,1.7091942536044857
0,fresh,0.5,2.0,9,1.7109444515673258
0,fresh,0.5,2.0,10,1.6489859611305866
0,fresh,0.5,2.0,11,1.6464235408726533
0,fresh,2.0,2.0,0,0.5345511768326369
0,fresh,2.0,2.0,1,0.6817679889293209
0,fresh,2.0,2.0,2,0.5415416416096783
0,fresh,2.0,2.0,3,0.691381228820752
0,fresh,2.0,2.0,4,0.6818255520973708
0,fresh,2.0,2.0,5,0.6921482945608155
0,fresh,2.0,2.0,6,0.6382943927536184
0,fresh,2.0,2.0,7,0.5339153634421506
0,fresh,2.0,2.0,8,0.6853016569273264
0,fresh,2.0,2.0,9,0.6727208654271597
0,fresh,2.0,2.0,10,0.6223675974372405
0,fresh,2.0,2.0,11,0.6514974716270114
0,up,0.0,2.0,0,3.4630998764631795
0,up,0.0,2.0,1,3.4630998764631795
0,up,0.0,2.0,2,3.4630998764631795
0,up,0.0,2.0,3,3.4630998764631795
0,up,0.0,2.0,4,3.4630998764631795
0,up,0.0,2.0,5,3.4630998764631795
0,up,0.0,2.0,6,3.4630998764631795
0,up,0.0,2.0,7,3.4630998764631795
0,up,0.0,2.0,8,3.4630998764631795
0,up,0.0,2.0,9,3.4630998764631795
0,up,0.0,2.0,10,3.4630998764631795
0,up,0.0,2.0,11,3.4630998764631795
0,up,0.5,2.0,0,1.740572858087122
0,up,0.5,2.0,1,1.7405728580871949
0,up,0.5,2.0,2,1.740572858087122
0,up,0.5,2.0,3,1.740572858087122
0,up,0.5,2.0,4,1.740572858087122
0,up,0.5,2.0,5,1.740572858087122
0,up,0.5,2.0,6,1.740572858087122
0,up,0.5,2.0,7,1.740572858087122
0,up,0.5,2.0,8,1.740572858087122
0,up,0.5,2.0,9,1.740572858087122
0,up,0.5,2.0,10,1.740572858087122
0,up,0.5,2.0,11,1.740572858087122
0,up,2.0,2.0,0,0.6924377021611469
0,up,2.0,2.0,1,0.6924377021611321
0,up,2.0,2.0,2,0.6924377021611469
0,up,2.0,2.0,3,0.6924377021611469
0,up,2.0,2.0,4,0.6924377021611469
0,up,2.0,2.0,5,0.6924377021611469
0,up,2.0,2.0,6,0.6924377021611469
0,up,2.0,2.0,7,0.6924377021611469
0,up,2.0,2.0,8,0.6924377021611469
0,up,2.0,2.0,9,0.6924377021611469
0,up,2.0,2.0,10,0.6924377021611469
0,up,2.0,2.0,11,0.6924377021611469
0,down,0.0,2.0,0,3.468334446791366
0,down,0.0,2.0,1,3.4664207156899565
0,down,0.0,2.0,2,3.4646119513797156
0,down,0.0,2.0,3,3.4636146537756956
0,down,0.0,2.0,4,3.4623529785020537
0,down,0.0,2.0,5,3.462489055034394
0,down,0.0,2.0,6,3.465089144144346
0,down,0.0,2.0,7,3.4606936704606786
0,down,0.0,2.0,8,3.464471337609635
0,down,0.0,2.0,9,3.4683020574245615
0,down,0.0,2.0,10,3.466720134242215
0,down,0.0,2.0,11,3.4659782506025225
0,down,0.5,2.0,0,1.6539251452398727
0,down,0.5,2.0,1,1.7024661916210582
0,down,0.5,2.0,2,1.5066717774727414
0,down,0.5,2.0,3,1.731226652880197
0,down,0.5,2.0,4,1.721446527180877
0,down,0.5,2.0,5,1.7390680777941185
0,down,0.5,2.0,6,1.6077227160060241
0,down,0.5,2.0,7,1.7283978641036115
0,down,0.5,2.0,8,1.7091942536044857
0,down,0.5,2.0,9,1.7109444515673258
0,down,0.5,2.0,10,1.6489859611305866
0,down,0.5,2.0,11,1.6464235408726533
0,down,2.0,2.0,0,0.5345511768326369
0,down,2.0,2.0,1,0.6817679889293209
0,down,2.0,2.0,2,0.5415416416096783
0,down,2.0,2.0,3,0.691381228820752
0,down,2.0,2.0,4,0.6818255520973708
0,down,2.0,2.0,5,0.6921482945608155
0,down,2.0,2.0,6,0.6382943927536184
0,down,2.0,2.0,7,0.5339153634421506
0,down,2.0,2.0,8,0.6853016569273264
0,down,2.0,2.0,9,0.6727208654271597
0,down,2.0,2.0,10,0.6223675974372405
0,down,2.0,2.0,11,0.6514974716270114
200,fresh,0.0,0.0,0,1.5241375609700954e-175
200,fresh,0.0,0.0,1,2.200389940940329e-175
200,fresh,0.0,0.0,2,3.922576398430823e-176
200,fresh,0.0,0.0,3,2.8239609190751967e-176
200,fresh,0.0,0.0,4,1.330422052656522e-176
200,fresh,0.0,0.0,5,1.4929609921187898e-176
200,fresh,0.0,0.0,6,5.403828414925468e-175
200,fresh,0.0,0.0,7,-2.0185958032913357e-176
200,fresh,0.0,0.0,8,4.389008268941755e-176
200,fresh,0.0,0.0,9,-1.155956654320312e-174
200,fresh,0.0,0.0,10,-6.413533959129259e-176
200,fresh,0.0,0.0,11,-1.885965974384464e-175
200,fresh,0.5,0.0,0,1.936335292319412e-89
200,fresh,0.5,0.0,1,0.0
200,fresh,0.5,0.0,2,1.4123196054990065e-89
200,fresh,0.5,0.0,3,2.0105353943269463e-89
200,fresh,0.5,0.0,4,9.441784265253993e-90
200,fresh,0.5,0.0,5,1.0753938754888104e-89
200,fresh,0.5,0.0,6,8.96716992786949e-89
200,fresh,0.5,0.0,7,-1.4569799052094296e-89
200,fresh,0.5,0.0,8,2.9551279265109765e-89
200,fresh,0.5,0.0,9,-3.3389975484872755e-89
200,fresh,0.5,0.0,10,-2.027687815938332e-89
200,fresh,0.5,0.0,11,-5.238359143662152e-89
200,fresh,2.0,0.0,0,1.0036459300116535e-37
200,fresh,2.0,0.0,1,0.0
200,fresh,2.0,0.0,2,1.2155524548548796e-37
200,fresh,2.0,0.0,3,2.5941330103111383e-37
200,fresh,2.0,0.0,4,1.2174844297270238e-37
200,fresh,2.0,0.0,5,1.3996688662208479e-37
200,fresh,2.0,0.0,6,5.116972758458344e-37
200,fresh,2.0,0.0,7,-1.8987227596250864e-37
200,fresh,2.0,0.0,8,3.6461808478070733e-37
200,fresh,2.0,0.0,9,-1.3820877641941984e-37
200,fresh,2.0,0.0,10,-1.6291915356949965e-37
200,fresh,2.0,0.0,11,-3.7790431358706785e-37
200,up,0.0,0.0,0,1.5241375609700954e-175
200,up,0.0,0.0,1,2.200389940940329e-175
200,up,0.0,0.0,2,3.922576398430823e-176
200,up,0.0,0.0,3,2.8239609190751967e-176
200,up,0.0,0.0,4,1.330422052656522e-176
200,up,0.0,0.0,5,1.4929609921187898e-176
200,up,0.0,0.0,6,5.403828414925468e-175
200,up,0.0,0.0,7,-2.0185958032913357e-176
200,up,0.0,0.0,8,4.389008268941755e-176
200,up,0.0,0.0,9,-1.155956654320312e-174
200,up,0.0,0.0,10,-6.413533959129259e-176
200,up,0.0,0.0,11,-1.885965974384464e-175
200,up,0.5,0.0,0,1.936335292319412e-89
200,up,0.5,0.0,1,0.0
200,up,0.5,0.0,2,1.4123196054990065e-89
200,up,0.5,0.0,3,2.0105353943269463e-89
200,up,0.5,0.0,4,9.441784265253993e-90
200,up,0.5,0.0,5,1.0753938754888104e-89
200,up,0.5,0.0,6,8.96716992786949e-89
200,up,0.5,0.0,7,-1.4569799052094296e-89
200,up,0.5,0.0,8,2.9551279265109765e-89
200,up,0.5,0.0,9,-3.3389975484872755e-89
200,up,0.5,0.0,10,-2.027687815938332e-89
200,up,0.5,0.0,11,-5.238359143662152e-89
200,up,2.0,0.0,0,1.0036459300116535e-37
200,up,2.0,0.0,1,0.0
200,up,2.0,0.0,2,1.2155524548548796e-37
200,up,2.0,0.0,3,2.5941330103111383e-37
200,up,2.0,0.0,4,1.2174844297270238e-37
200,up,2.0,0.0,5,1.3996688662208479e-37
200,up,2.0,0.0,6,5.116972758458344e-37
200,up,2.0,0.0,7,-1.8987227596250864e-37
200,up,2.0,0.0,8,3.6461808478070733e-37
200,up,2.0,0.0,9,-1.3820877641941984e-37
200,up,2.0,0.0,10,-1.6291915356949965e-37
200,up,2.0,0.0,11,-3.7790431358706785e-37
200,down,0.0,0.0,0,0.0
200,down,0.0,0.0,1,0.0
200,down,0.0,0.0,2,0.0
200,down,0.0,0.0,3,0.0
200,down,0.0,0.0,4,0.0
200,down,0.0,0.0,5,0.0
200,down,0.0,0.0,6,0.0
200,down,0.0,0.0,7,0.0
200,down,0.0,0.0,8,0.0
200,down,0.0,0.0,9,0.0
200,down,0.0,0.0,10,0.0
200,down,0.0,0.0,11,0.0
200,down,0.5,0.0,0,0.0
200,down,0.5,0.0,1,0.0
200,down,0.5,0.0,2,0.0
200,down,0.5,0.0,3,0.0
200,down,0.5,0.0,4,0.0
200,down,0.5,0.0,5,0.0
200,down,0.5,0.0,6,0.0
200,down,0.5,0.0,7,0.0
200,down,0.5,0.0,8,0.0
200,down,0.5,0.0,9,0.0
200,down,0.5,0.0,10,0.0
200,down,0.5,0.0,11,0.0
200,down,2.0,0.0,0,0.0
200,down,2.0,0.0,1,0.0
200,down,2.0,0.0,2,0.0
200,down,2.0,0.0,3,0.0
200,down,2.0,0.0,4,0.0
200,down,2.0,0.0,5,0.0
200,down,2.0,0.0,6,0.0
200,down,2.0,0.0,7,0.0
200,down,2.0,0.0,8,0.0
200,down,2.0,0.0,9,0.0
200,down,2.0,0.0,10,0.0
200,down,2.0,0.0,11,0.0
200,fresh,0.0,0.5,0,0.0
200,fresh,0.0,0.5,1,0.0
200,fresh,0.0,0.5,2,0.0
200,fresh,0.0,0.5,3,0.0
200,fresh,0.0,0.5,4,0.0
200,fresh,0.0,0.5,5,0.0
200,fresh,0.0,0.5,6,0.0
200,fresh,0.0,0.5,7,0.0
200,fresh,0.0,0.5,8,0.0
200,fresh,0.0,0.5,9,0.0
200,fresh,0.0,0.5,10,0.0
200,fresh,0.0,0.5,11,0.0
200,fresh,0.5,0.5,0,0.0
200,fresh,0.5,0.5,1,0.0
200,fresh,0.5,0.5,2,0.0
200,fresh,0.5,0.5,3,0.0
200,fresh,0.5,0.5,4,0.0
200,fresh,0.5,0.5,5,0.0
200,fresh,0.5,0.5,6,0.0
200,fresh,0.5,0.5,7,0.0
200,fresh,0.5,0.5,8,0.0
200,fresh,0.5,0.5,9,0.0
200,fresh,0.5,0.5,10,0.0
200,fresh,0.5,0.5,11,0.0
200,fresh,2.0,0.5,0,0.0
200,fresh,2.0,0.5,1,0.0
200,fresh,2.0,0.5,2,0.0
200,fresh,2.0,0.5,3,0.0
200,fresh,2.0,0.5,4,0.0
200,fresh,2.0,0.5,5,0.0
200,fresh,2.0,0.5,6,0.0
200,fresh,2.0,0.5,7,0.0
200,fresh,2.0,0.5,8,0.0
200,fresh,2.0,0.5,9,0.0
200,fresh,2.0,0.5,10,0.0
200,fresh,2.0,0.5,11,0.0
200,up,0.0,0.5,0,0.0
200,up,0.0,0.5,1,0.0
200,up,0.0,0.5,2,0.0
200,up,0.0,0.5,3,0.0
200,up,0.0,0.5,4,0.0
200,up,0.0,0.5,5,0.0
200,up,0.0,0.5,6,0.0
200,up,0.0,0.5,7,0.0
200,up,0.0,0.5,8,0.0
200,up,0.0,0.5,9,0.0
200,up,0.0,0.5,10,0.0
200,up,0.0,0.5,11,0.0
200,up,0.5,0.5,0,0.0
200,up,0.5,0.5,1,0.0
200,up,0.5,0.5,2,0.0
200,up,0.5,0.5,3,0.0
200,up,0.5,0.5,4,0.0
200,up,0.5,0.5,5,0.0
200,up,0.5,0.5,6,0.0
200,up,0.5,0.5,7,0.0
200,up,0.5,0.5,8,0.0
200,up,0.5,0.5,9,0.0
200,up,0.5,0.5,10,0.0
200,up,0.5,0.5,11,0.0
200,up,2.0,0.5,0,0.0
200,up,2.0,0.5,1,0.0
200,up,2.0,0.5,2,0.0
200,up,2.0,0.5,3,0.0
200,up,2.0,0.5,4,0.0
200,up,2.0,0.5,5,0.0
200,up,2.0,0.5,6,0.0
200,up,2.0,0.5,7,0.0
200,up,2.0,0.5,8,0.0
200,up,2.0,0.5,9,0.0
200,up,2.0,0.5,10,0.0
200,up,2.0,0.5,11,0.0
200,down,0.0,0.5,0,0.0
200,down,0.0,0.5,1,0.0
200,down,0.0,0.5,2,0.0
200,down,0.0,0.5,3,0.0
200,down,0.0,0.5,4,0.0
200,down,0.0,0.5,5,0.0
200,down,0.0,0.5,6,0.0
200,down,0.0,0.5,7,0.0
200,down,0.0,0.5,8,0.0
200,down,0.0,0.5,9,0.0
200,down,0.0,0.5,10,0.0
200,down,0.0,0.5,11,0.0
200,down,0.5,0.5,0,0.0
200,down,0.5,0.5,1,0.0
200,down,0.5,0.5,2,0.0
200,down,0.5,0.5,3,0.0
200,down,0.5,0.5,4,0.0
200,down,0.5,0.5,5,0.0
200,down,0.5,0.5,6,0.0
200,down,0.5,0.5,7,0.0
200,down,0.5,0.5,8,0.0
200,down,0.5,0.5,9,0.0
200,down,0.5,0.5,10,0.0
200,down,0.5,0.5,11,0.0
200,down,2.0,0.5,0,0.0
200,down,2.0,0.5,1,0.0
200,down,2.0,0.5,2,0.0
200,down,2.0,0.5,3,0.0
200,down,2.0,0.5,4,0.0
200,down,2.0,0.5,5,0.0
200,down,2.0,0.5,6,0.0
200,down,2.0,0.5,7,0.0
200,down,2.0,0.5,8,0.0
200,down,2.0,0.5,9,0.0
200,down,2.0,0.5,10,0.0
200,down,2.0,0.5,11,0.0
200,fresh,0.0,0.8,0,0.0
200,fresh,0.0,0.8,1,0.0
200,fresh,0.0,0.8,2,0.0
200,fresh,0.0,0.8,3,0.0
200,fresh,0.0,0.8,4,0.0
200,fresh,0.0,0.8,5,0.0
200,fresh,0.0,0.8,6,0.0
200,fresh,0.0,0.8,7,0.0
200,fresh,0.0,0.8,8,0.0
200,fresh,0.0,0.8,9,0.0
200,fresh,0.0,0.8,10,0.0
200,fresh,0.0,0.8,11,0.0
200,fresh,0.5,0.8,0,0.0
200,fresh,0.5,0.8,1,0.0
200,fresh,0.5,0.8,2,0.0
200,fresh,0.5,0.8,3,0.0
200,fresh,0.5,0.8,4,0.0
200,fresh,0.5,0.8,5,0.0
200,fresh,0.5,0.8,6,0.0
200,fresh,0.5,0.8,7,0.0
200,fresh,0.5,0.8,8,0.0
200,fresh,0.5,0.8,9,0.0
200,fresh,0.5,0.8,10,0.0
200,fresh,0.5,0.8,11,0.0
200,fresh,2.0,0.8,0,0.0
200,fresh,2.0,0.8,1,0.0
200,fresh,2.0,0.8,2,0.0
200,fresh,2.0,0.8,3,0.0
200,fresh,2.0,0.8,4,0.0
200,fresh,2.0,0.8,5,0.0
200,fresh,2.0,0.8,6,0.0
200,fresh,2.0,0.8,7,0.0
200,fresh,2.0,0.8,8,0.0
200,fresh,2.0,0.8,9,0.0
200,fresh,2.0,0.8,10,0.0
200,fresh,2.0,0.8,11,0.0
200,up,0.0,0.8,0,0.0
200,up,0.0,0.8,1,0.0
200,up,0.0,0.8,2,0.0
200,up,0.0,0.8,3,0.0
200,up,0.0,0.8,4,0.0
200,up,0.0,0.8,5,0.0
200,up,0.0,0.8,6,0.0
200,up,0.0,0.8,7,0.0
200,up,0.0,0.8,8,0.0
200,up,0.0,0.8,9,0.0
200,up,0.0,0.8,10,0.0
200,up,0.0,0.8,11,0.0
200,up,0.5,0.8,0,0.0
200,up,0.5,0.8,1,0.0
200,up,0.5,0.8,2,0.0
200,up,0.5,0.8,3,0.0
200,up,0.5,0.8,4,0.0
200,up,0.5,0.8,5,0.0
200,up,0.5,0.8,6,0.0
200,up,0.5,0.8,7,0.0
200,up,0.5,0.8,8,0.0
200,up,0.5,0.8,9,0.0
200,up,0.5,0.8,10,0.0
200,up,0.5,0.8,11,0.0
200,up,2.0,0.8,0,0.0
200,up,2.0,0.8,1,0.0
200,up,2.0,0.8,2,0.0
200,up,2.0,0.8,3,0.0
200,up,2.0,0.8,4,0.0
200,up,2.0,0.8,5,0.0
200,up,2.0,0.8,6,0.0
200,up,2.0,0.8,7,0.0
200,up,2.0,0.8,8,0.0
200,up,2.0,0.8,9,0.0
200,up,2.0,0.8,10,0.0
200,up,2.0,0.8,11,0.0
200,down,0.0,0.8,0,0.0
200,down,0.0,0.8,1,0.0
200,down,0.0,0.8,2,0.0
200,down,0.0,0.8,3,0.0
200,down,0.0,0.8,4,0.0
200,down,0.0,0.8,5,0.0
200,down,0.0,0.8,6,0.0
200,down,0.0,0.8,7,0.0
200,down,0.0,0.8,8,0.0
200,down,0.0,0.8,9,0.0
200,down,0.0,0.8,10,0.0
200,down,0.0,0.8,11,0.0
200,down,0.5,0.8,0,0.0
200,down,0.5,0.8,1,0.0
200,down,0.5,0.8,2,0.0
200,down,0.5,0.8,3,0.0
200,down,0.5,0.8,4,0.0
200,down,0.5,0.8,5,0.0
200,down,0.5,0.8,6,0.0
200,down,0.5,0.8,7,0.0
200,down,0.5,0.8,8,0.0
200,down,0.5,0.8,9,0.0
200,down,0.5,0.8,10,0.0
200,down,0.5,0.8,11,0.0
200,down,2.0,0.8,0,0.0
200,down,2.0,0.8,1,0.0
200,down,2.0,0.8,2,0.0
200,down,2.0,0.8,3,0.0
200,down,2.0,0.8,4,0.0
200,down,2.0,0.8,5,0.0
200,down,2.0,0.8,6,0.0
200,down,2.0,0.8,7,0.0
200,down,2.0,0.8,8,0.0
200,down,2.0,0.8,9,0.0
200,down,2.0,0.8,10,0.0
200,down,2.0,0.8,11,0.0
200,fresh,0.0,0.9,0,0.0
200,fresh,0.0,0.9,1,0.0
200,fresh,0.0,0.9,2,0.0
200,fresh,0.0,0.9,3,0.0
200,fresh,0.0,0.9,4,0.0
200,fresh,0.0,0.9,5,0.0
200,fresh,0.0,0.9,6,0.0
200,fresh,0.0,0.9,7,0.0
200,fresh,0.0,0.9,8,0.0
200,fresh,0.0,0.9,9,0.0
200,fresh,0.0,0.9,10,0.0
200,fresh,0.0,0.9,11,0.0
200,fresh,0.5,0.9,0,0.0
200,fresh,0.5,0.9,1,0.0
200,fresh,0.5,0.9,2,0.0
200,fresh,0.5,0.9,3,0.0
200,fresh,0.5,0.9,4,0.0
200,fresh,0.5,0.9,5,0.0
200,fresh,0.5,0.9,6,0.0
200,fresh,0.5,0.9,7,0.0
200,fresh,0.5,0.9,8,0.0
200,fresh,0.5,0.9,9,0.0
200,fresh,0.5,0.9,10,0.0
200,fresh,0.5,0.9,11,0.0
200,fresh,2.0,0.9,0,0.0
200,fresh,2.0,0.9,1,0.0
200,fresh,2.0,0.9,2,0.0
200,fresh,2.0,0.9,3,0.0
200,fresh,2.0,0.9,4,0.0
200,fresh,2.0,0.9,5,0.0
200,fresh,2.0,0.9,6,0.0
200,fresh,2.0,0.9,7,0.0
200,fresh,2.0,0.9,8,0.0
200,fresh,2.0,0.9,9,0.0
200,fresh,2.0,0.9,10,0.0
200,fresh,2.0,0.9,11,0.0
200,up,0.0,0.9,0,0.0
200,up,0.0,0.9,1,0.0
200,up,0.0,0.9,2,0.0
200,up,0.0,0.9,3,0.0
200,up,0.0,0.9,4,0.0
200,up,0.0,0.9,5,0.0
200,up,0.0,0.9,6,0.0
200,up,0.0,0.9,7,0.0
200,up,0.0,0.9,8,0.0
200,up,0.0,0.9,9,0.0
200,up,0.0,0.9,10,0.0
200,up,0.0,0.9,11,0.0
200,up,0.5,0.9,0,0.0
200,up,0.5,0.9,1,0.0
200,up,0.5,0.9,2,0.0
200,up,0.5,0.9,3,0.0
200,up,0.5,0.9,4,0.0
200,up,0.5,0.9,5,0.0
200,up,0.5,0.9,6,0.0
200,up,0.5,0.9,7,0.0
200,up,0.5,0.9,8,0.0
200,up,0.5,0.9,9,0.0
200,up,0.5,0.9,10,0.0
200,up,0.5,0.9,11,0.0
200,up,2.0,0.9,0,0.0
200,up,2.0,0.9,1,0.0
200,up,2.0,0.9,2,0.0
200,up,2.0,0.9,3,0.0
200,up,2.0,0.9,4,0.0
200,up,2.0,0.9,5,0.0
200,up,2.0,0.9,6,0.0
200,up,2.0,0.9,7,0.0
200,up,2.0,0.9,8,0.0
200,up,2.0,0.9,9,0.0
200,up,2.0,0.9,10,0.0
200,up,2.0,0.9,11,0.0
200,down,0.0,0.9,0,0.0
200,down,0.0,0.9,1,0.0
200,down,0.0,0.9,2,0.0
200,down,0.0,0.9,3,0.0
200,down,0.0,0.9,4,0.0
200,down,0.0,0.9,5,0.0
200,down,0.0,0.9,6,0.0
200,down,0.0,0.9,7,0.0
200,down,0.0,0.9,8,0.0
200,down,0.0,0.9,9,0.0
200,down,0.0,0.9,10,0.0
200,down,0.0,0.9,11,0.0
200,down,0.5,0.9,0,0.0
200,down,0.5,0.9,1,0.0
200,down,0.5,0.9,2,0.0
200,down,0.5,0.9,3,0.0
200,down,0.5,0.9,4,0.0
200,down,0.5,0.9,5,0.0
200,down,0.5,0.9,6,0.0
200,down,0.5,0.9,7,0.0
200,down,0.5,0.9,8,0.0
200,down,0.5,0.9,9,0.0
200,down,0.5,0.9,10,0.0
200,down,0.5,0.9,11,0.0
200,down,2.0,0.9,0,0.0
200,down,2.0,0.9,1,0.0
200,down,2.0,0.9,2,0.0
200,down,2.0,0.9,3,0.0
200,down,2.0,0.9,4,0.0
200,down,2.0,0.9,5,0.0
200,down,2.0,0.9,6,0.0
200,down,2.0,0.9,7,0.0
200,down,2.0,0.9,8,0.0
200,down,2.0,0.9,9,0.0
200,down,2.0,0.9,10,0.0
200,down,2.0,0.9,11,0.0
200,fresh,0.0,0.95,0,0.0
200,fresh,0.0,0.95,1,0.0
200,fresh,0.0,0.95,2,0.0
200,fresh,0.0,0.95,3,0.0
200,fresh,0.0,0.95,4,0.0
200,fresh,0.0,0.95,5,0.0
200,fresh,0.0,0.95,6,0.0
200,fresh,0.0,0.95,7,0.0
200,fresh,0.0,0.95,8,0.0
200,fresh,0.0,0.95,9,0.0
200,fresh,0.0,0.95,10,0.0
200,fresh,0.0,0.95,11,0.0
200,fresh,0.5,0.95,0,0.0
200,fresh,0.5,0.95,1,0.0
200,fresh,0.5,0.95,2,0.0
200,fresh,0.5,0.95,3,0.0
200,fresh,0.5,0.95,4,0.0
200,fresh,0.5,0.95,5,0.0
200,fresh,0.5,0.95,6,0.0
200,fresh,0.5,0.95,7,0.0
200,fresh,0.5,0.95,8,0.0
200,fresh,0.5,0.95,9,0.0
200,fresh,0.5,0.95,10,0.0
200,fresh,0.5,0.95,11,0.0
200,fresh,2.0,0.95,0,7.067457730158822e-14
200,fresh,2.0,0.95,1,1.0470291300634927e-13
200,fresh,2.0,0.95,2,7.402967128200543e-14
200,fresh,2.0,0.95,3,8.323119971009873e-14
200,fresh,2.0,0.95,4,7.474465490986404e-14
200,fresh,2.0,0.95,5,7.609024521570973e-14
200,fresh,2.0,0.95,6,8.93463081297341e-14
200,fresh,2.0,0.95,7,2.7566837701442638e-14
200,fresh,2.0,0.95,8,8.757883307453085e-14
200,fresh,2.0,0.95,9,1.7823520437332262e-14
200,fresh,2.0,0.95,10,2.859490422224553e-14
200,fresh,2.0,0.95,11,1.0909495529176638e-13
200,up,0.0,0.95,0,0.0
200,up,0.0,0.95,1,0.0
200,up,0.0,0.95,2,0.0
200,up,0.0,0.95,3,0.0
200,up,0.0,0.95,4,0.0
200,up,0.0,0.95,5,0.0
200,up,0.0,0.95,6,0.0
200,up,0.0,0.95,7,0.0
200,up,0.0,0.95,8,0.0
200,up,0.0,0.95,9,0.0
200,up,0.0,0.95,10,0.0
200,up,0.0,0.95,11,0.0
200,up,0.5,0.95,0,0.0
200,up,0.5,0.95,1,0.0
200,up,0.5,0.95,2,0.0
200,up,0.5,0.95,3,0.0
200,up,0.5,0.95,4,0.0
200,up,0.5,0.95,5,0.0
200,up,0.5,0.95,6,0.0
200,up,0.5,0.95,7,0.0
200,up,0.5,0.95,8,0.0
200,up,0.5,0.95,9,0.0
200,up,0.5,0.95,10,0.0
200,up,0.5,0.95,11,0.0
200,up,2.0,0.95,0,1.503686064552312e-14
200,up,2.0,0.95,1,1.5035750422498496e-14
200,up,2.0,0.95,2,1.503686064552312e-14
200,up,2.0,0.95,3,1.503686064552312e-14
200,up,2.0,0.95,4,1.503686064552312e-14
200,up,2.0,0.95,5,1.503686064552312e-14
200,up,2.0,0.95,6,1.503686064552312e-14
200,up,2.0,0.95,7,1.503686064552312e-14
200,up,2.0,0.95,8,1.503686064552312e-14
200,up,2.0,0.95,9,1.503686064552312e-14
200,up,2.0,0.95,10,1.503686064552312e-14
200,up,2.0,0.95,11,1.503686064552312e-14
200,down,0.0,0.95,0,0.0
200,down,0.0,0.95,1,0.0
200,down,0.0,0.95,2,0.0
200,down,0.0,0.95,3,0.0
200,down,0.0,0.95,4,0.0
200,down,0.0,0.95,5,0.0
200,down,0.0,0.95,6,0.0
200,down,0.0,0.95,7,0.0
200,down,0.0,0.95,8,0.0
200,down,0.0,0.95,9,0.0
200,down,0.0,0.95,10,0.0
200,down,0.0,0.95,11,0.0
200,down,0.5,0.95,0,0.0
200,down,0.5,0.95,1,0.0
200,down,0.5,0.95,2,0.0
200,down,0.5,0.95,3,0.0
200,down,0.5,0.95,4,0.0
200,down,0.5,0.95,5,0.0
200,down,0.5,0.95,6,0.0
200,down,0.5,0.95,7,0.0
200,down,0.5,0.95,8,0.0
200,down,0.5,0.95,9,0.0
200,down,0.5,0.95,10,0.0
200,down,0.5,0.95,11,0.0
200,down,2.0,0.95,0,0.0
200,down,2.0,0.95,1,0.0
200,down,2.0,0.95,2,0.0
200,down,2.0,0.95,3,0.0
200,down,2.0,0.95,4,0.0
200,down,2.0,0.95,5,0.0
200,down,2.0,0.95,6,0.0
200,down,2.0,0.95,7,0.0
200,down,2.0,0.95,8,0.0
200,down,2.0,0.95,9,0.0
200,down,2.0,0.95,10,0.0
200,down,2.0,0.95,11,0.0
200,fresh,0.0,0.98,0,0.0
200,fresh,0.0,0.98,1,0.0
200,fresh,0.0,0.98,2,0.0
200,fresh,0.0,0.98,3,0.0
200,fresh,0.0,0.98,4,0.0
200,fresh,0.0,0.98,5,0.0
200,fresh,0.0,0.98,6,0.0
200,fresh,0.0,0.98,7,0.0
200,fresh,0.0,0.98,8,0.0
200,fresh,0.0,0.98,9,0.0
200,fresh,0.0,0.98,10,0.0
200,fresh,0.0,0.98,11,0.0
200,fresh,0.5,0.98,0,0.0
200,fresh,0.5,0.98,1,0.0
200,fresh,0.5,0.98,2,0.0
200,fresh,0.5,0.98,3,0.0
200,fresh,0.5,0.98,4,0.0
200,fresh,0.5,0.98,5,0.0
200,fresh,0.5,0.98,6,0.0
200,fresh,0.5,0.98,7,0.0
200,fresh,0.5,0.98,8,0.0
200,fresh,0.5,0.98,9,0.0
200,fresh,0.5,0.98,10,0.0
200,fresh,0.5,0.98,11,0.0
200,fresh,2.0,0.98,0,4.2378437870027595e-10
200,fresh,2.0,0.98,1,5.403676994752971e-10
200,fresh,2.0,0.98,2,4.36347651344704e-10
200,fresh,2.0,0.98,3,4.693066046890237e-10
200,fresh,2.0,0.98,4,4.390275387677889e-10
200,fresh,2.0,0.98,5,4.439112188947547e-10
200,fresh,2.0,0.98,6,4.903318640003817e-10
200,fresh,2.0,0.98,7,2.4787069730081155e-10
200,fresh,2.0,0.98,8,4.844449197349832e-10
200,fresh,2.0,0.98,9,1.9146010776793788e-10
200,fresh,2.0,0.98,10,2.507116825256617e-10
200,fresh,2.0,0.98,11,5.59426620583281e-10
200,up,0.0,0.98,0,0.0
200,up,0.0,0.98,1,0.0
200,up,0.0,0.98,2,0.0
200,up,0.0,0.98,3,0.0
200,up,0.0,0.98,4,0.0
200,up,0.0,0.98,5,0.0
200,up,0.0,0.98,6,0.0
200,up,0.0,0.98,7,0.0
200,up,0.0,0.98,8,0.0
200,up,0.0,0.98,9,0.0
200,up,0.0,0.98,10,0.0
200,up,0.0,0.98,11,0.0
200,up,0.5,0.98,0,0.0
200,up,0.5,0.98,1,0.0
200,up,0.5,0.98,2,0.0
200,up,0.5,0.98,3,0.0
200,up,0.5,0.98,4,0.0
200,up,0.5,0.98,5,0.0
200,up,0.5,0.98,6,0.0
200,up,0.5,0.98,7,0.0
200,up,0.5,0.98,8,0.0
200,up,0.5,0.98,9,0.0
200,up,0.5,0.98,10,0.0
200,up,0.5,0.98,11,0.0
200,up,2.0,0.98,0,1.1097911034596563e-10
200,up,2.0,0.98,1,1.1097911034596563e-10
200,up,2.0,0.98,2,1.1097911034596563e-10
200,up,2.0,0.98,3,1.1097911034596563e-10
200,up,2.0,0.98,4,1.1097911034596563e-10
200,up,2.0,0.98,5,1.1097911034596563e-10
200,up,2.0,0.98,6,1.1097911034596563e-10
200,up,2.0,0.98,7,1.1097911034596563e-10
200,up,2.0,0.98,8,1.1097911034596563e-10
200,up,2.0,0.98,9,1.1097911034596563e-10
200,up,2.0,0.98,10,1.1097911034596563e-10
200,up,2.0,0.98,11,1.1097911034596563e-10
200,down,0.0,0.98,0,0.0
200,down,0.0,0.98,1,0.0
200,down,0.0,0.98,2,0.0
200,down,0.0,0.98,3,0.0
200,down,0.0,0.98,4,0.0
200,down,0.0,0.98,5,0.0
200,down,0.0,0.98,6,0.0
200,down,0.0,0.98,7,0.0
200,down,0.0,0.98,8,0.0
200,down,0.0,0.98,9,0.0
200,down,0.0,0.98,10,0.0
200,down,0.0,0.98,11,0.0
200,down,0.5,0.98,0,0.0
200,down,0.5,0.98,1,0.0
200,down,0.5,0.98,2,0.0
200,down,0.5,0.98,3,0.0
200,down,0.5,0.98,4,0.0
200,down,0.5,0.98,5,0.0
200,down,0.5,0.98,6,0.0
200,down,0.5,0.98,7,0.0
200,down,0.5,0.98,8,0.0
200,down,0.5,0.98,9,0.0
200,down,0.5,0.98,10,0.0
200,down,0.5,0.98,11,0.0
200,down,2.0,0.98,0,-8.371117132810468e-11
200,down,2.0,0.98,1,-8.357233127753716e-11
200,down,2.0,0.98,2,-8.357176284334855e-11
200,down,2.0,0.98,3,-8.357233127753716e-11
200,down,2.0,0.98,4,-8.357233127753716e-11
200,down,2.0,0.98,5,-8.357176284334855e-11
200,down,2.0,0.98,6,-8.357176284334855e-11
200,down,2.0,0.98,7,-8.357176284334855e-11
200,down,2.0,0.98,8,-8.357233127753716e-11
200,down,2.0,0.98,9,-8.357176284334855e-11
200,down,2.0,0.98,10,-8.357176284334855e-11
200,down,2.0,0.98,11,-8.357233127753716e-11
200,fresh,0.0,0.99,0,0.0
200,fresh,0.0,0.99,1,0.0
200,fresh,0.0,0.99,2,0.0
200,fresh,0.0,0.99,3,0.0
200,fresh,0.0,0.99,4,0.0
200,fresh,0.0,0.99,5,0.0
200,fresh,0.0,0.99,6,0.0
200,fresh,0.0,0.99,7,0.0
200,fresh,0.0,0.99,8,0.0
200,fresh,0.0,0.99,9,0.0
200,fresh,0.0,0.99,10,0.0
200,fresh,0.0,0.99,11,0.0
200,fresh,0.5,0.99,0,7.105427357601002e-16
200,fresh,0.5,0.99,1,1.085798118083403e-15
200,fresh,0.5,0.99,2,9.059419880941278e-16
200,fresh,0.5,0.99,3,9.747758156208874e-16
200,fresh,0.5,0.99,4,9.14823772291129e-16
200,fresh,0.5,0.99,5,9.259260025373805e-16
200,fresh,0.5,0.99,6,1.034727858950646e-15
200,fresh,0.5,0.99,7,4.1744385725905884e-16
200,fresh,0.5,0.99,8,1.0058620603103919e-15
200,fresh,0.5,0.99,9,0.0
200,fresh,0.5,0.99,10,0.0
200,fresh,0.5,0.99,11,0.0
200,fresh,2.0,0.99,0,3.2084734986614905e-08
200,fresh,2.0,0.99,1,3.8070339873907954e-08
200,fresh,2.0,0.99,2,3.275530017221584e-08
200,fresh,2.0,0.99,3,3.4481770467831295e-08
200,fresh,2.0,0.99,4,3.2898190969188335e-08
200,fresh,2.0,0.99,5,3.3155624035163814e-08
200,fresh,2.0,0.99,6,3.556111774161153e-08
200,fresh,2.0,0.99,7,2.2176138887441965e-08
200,fresh,2.0,0.99,8,3.5262242576994396e-08
200,fresh,2.0,0.99,9,1.8477936345462352e-08
200,fresh,2.0,0.99,10,2.230721755758225e-08
200,fresh,2.0,0.99,11,3.898815308822634e-08
200,up,0.0,0.99,0,0.0
200,up,0.0,0.99,1,0.0
200,up,0.0,0.99,2,0.0
200,up,0.0,0.99,3,0.0
200,up,0.0,0.99,4,0.0
200,up,0.0,0.99,5,0.0
200,up,0.0,0.99,6,0.0
200,up,0.0,0.99,7,0.0
200,up,0.0,0.99,8,0.0
200,up,0.0,0.99,9,0.0
200,up,0.0,0.99,10,0.0
200,up,0.0,0.99,11,0.0
200,up,0.5,0.99,0,0.0
200,up,0.5,0.99,1,0.0
200,up,0.5,0.99,2,0.0
200,up,0.5,0.99,3,0.0
200,up,0.5,0.99,4,0.0
200,up,0.5,0.99,5,0.0
200,up,0.5,0.99,6,0.0
200,up,0.5,0.99,7,0.0
200,up,0.5,0.99,8,0.0
200,up,0.5,0.99,9,0.0
200,up,0.5,0.99,10,0.0
200,up,0.5,0.99,11,0.0
200,up,2.0,0.99,0,6.099089724376228e-09
200,up,2.0,0.99,1,6.0990897221557814e-09
200,up,2.0,0.99,2,6.099089724376228e-09
200,up,2.0,0.99,3,6.099089724376228e-09
200,up,2.0,0.99,4,6.099089724376228e-09
200,up,2.0,0.99,5,6.099089724376228e-09
200,up,2.0,0.99,6,6.099089724376228e-09
200,up,2.0,0.99,7,6.099089724376228e-09
200,up,2.0,0.99,8,6.099089724376228e-09
200,up,2.0,0.99,9,6.099089724376228e-09
200,up,2.0,0.99,10,6.099089724376228e-09
200,up,2.0,0.99,11,6.099089724376228e-09
200,down,0.0,0.99,0,0.0
200,down,0.0,0.99,1,0.0
200,down,0.0,0.99,2,0.0
200,down,0.0,0.99,3,0.0
200,down,0.0,0.99,4,0.0
200,down,0.0,0.99,5,0.0
200,down,0.0,0.99,6,0.0
200,down,0.0,0.99,7,0.0
200,down,0.0,0.99,8,0.0
200,down,0.0,0.99,9,0.0
200,down,0.0,0.99,10,0.0
200,down,0.0,0.99,11,0.0
200,down,0.5,0.99,0,0.0
200,down,0.5,0.99,1,0.0
200,down,0.5,0.99,2,0.0
200,down,0.5,0.99,3,0.0
200,down,0.5,0.99,4,0.0
200,down,0.5,0.99,5,0.0
200,down,0.5,0.99,6,0.0
200,down,0.5,0.99,7,0.0
200,down,0.5,0.99,8,0.0
200,down,0.5,0.99,9,0.0
200,down,0.5,0.99,10,0.0
200,down,0.5,0.99,11,0.0
200,down,2.0,0.99,0,-6.110065555731126e-09
200,down,2.0,0.99,1,-6.085114705456363e-09
200,down,2.0,0.99,2,-6.083862444938859e-09
200,down,2.0,0.99,3,-6.082997856537986e-09
200,down,2.0,0.99,4,-6.084475785428367e-09
200,down,2.0,0.99,5,-6.085861627980194e-09
200,down,2.0,0.99,6,-6.084362667024834e-09
200,down,2.0,0.99,7,-6.084052301957854e-09
200,down,2.0,0.99,8,-6.084378583182115e-09
200,down,2.0,0.99,9,-6.084776487114141e-09
200,down,2.0,0.99,10,-6.088969826123502e-09
200,down,2.0,0.99,11,-6.08491973252967e-09
200,fresh,0.0,0.995,0,0.0
200,fresh,0.0,0.995,1,0.0
200,fresh,0.0,0.995,2,0.0
200,fresh,0.0,0.995,3,0.0
200,fresh,0.0,0.995,4,0.0
200,fresh,0.0,0.995,5,0.0
200,fresh,0.0,0.995,6,0.0
200,fresh,0.0,0.995,7,0.0
200,fresh,0.0,0.995,8,0.0
200,fresh,0.0,0.995,9,0.0
200,fresh,0.0,0.995,10,0.0
200,fresh,0.0,0.995,11,0.0
200,fresh,0.5,0.995,0,3.5690250754782935e-12
200,fresh,0.5,0.995,1,4.4205195059987545e-12
200,fresh,0.5,0.995,2,3.994433672716014e-12
200,fresh,0.5,0.995,3,4.1524228500122714e-12
200,fresh,0.5,0.995,4,4.016205146228913e-12
200,fresh,0.5,0.995,5,4.038140932749456e-12
200,fresh,0.5,0.995,6,4.293747579708906e-12
200,fresh,0.5,0.995,7,3.0453439769928537e-12
200,fresh,0.5,0.995,8,4.222857619140541e-12
200,fresh,0.5,0.995,9,4.592504154743437e-12
200,fresh,0.5,0.995,10,4.915667872751328e-12
200,fresh,0.5,0.995,11,4.498099670513511e-12
200,fresh,2.0,0.995,0,6.212532127647386e-07
200,fresh,2.0,0.995,1,7.009646406963554e-07
200,fresh,2.0,0.995,2,6.304152905811655e-07
200,fresh,2.0,0.995,3,6.537128167183326e-07
200,fresh,2.0,0.995,4,6.323644720973576e-07
200,fresh,2.0,0.995,5,6.358544076112693e-07
200,fresh,2.0,0.995,6,6.680819245530322e-07
200,fresh,2.0,0.995,7,4.800022072304344e-07
200,fresh,2.0,0.995,8,6.641288601194617e-07
200,fresh,2.0,0.995,9,4.2181949146291585e-07
200,fresh,2.0,0.995,10,4.816616576452936e-07
200,fresh,2.0,0.995,11,7.127090300329541e-07
200,up,0.0,0.995,0,0.0
200,up,0.0,0.995,1,0.0
200,up,0.0,0.995,2,0.0
200,up,0.0,0.995,3,0.0
200,up,0.0,0.995,4,0.0
200,up,0.0,0.995,5,0.0
200,up,0.0,0.995,6,0.0
200,up,0.0,0.995,7,0.0
200,up,0.0,0.995,8,0.0
200,up,0.0,0.995,9,0.0
200,up,0.0,0.995,10,0.0
200,up,0.0,0.995,11,0.0
200,up,0.5,0.995,0,7.259459700037496e-13
200,up,0.5,0.995,1,7.259459700037496e-13
200,up,0.5,0.995,2,7.259459700037496e-13
200,up,0.5,0.995,3,7.259459700037496e-13
200,up,0.5,0.995,4,7.259459700037496e-13
200,up,0.5,0.995,5,7.259459700037496e-13
200,up,0.5,0.995,6,7.259459700037496e-13
200,up,0.5,0.995,7,7.259459700037496e-13
200,up,0.5,0.995,8,7.259459700037496e-13
200,up,0.5,0.995,9,7.259459700037496e-13
200,up,0.5,0.995,10,7.259459700037496e-13
200,up,0.5,0.995,11,7.259459700037496e-13
200,up,2.0,0.995,0,1.1439984845207363e-07
200,up,2.0,0.995,1,1.1439984845651452e-07
200,up,2.0,0.995,2,1.1439984845207363e-07
200,up,2.0,0.995,3,1.1439984845207363e-07
200,up,2.0,0.995,4,1.1439984845207363e-07
200,up,2.0,0.995,5,1.1439984845207363e-07
200,up,2.0,0.995,6,1.1439984845207363e-07
200,up,2.0,0.995,7,1.1439984845207363e-07
200,up,2.0,0.995,8,1.1439984845207363e-07
200,up,2.0,0.995,9,1.1439984845207363e-07
200,up,2.0,0.995,10,1.1439984845207363e-07
200,up,2.0,0.995,11,1.1439984845207363e-07
200,down,0.0,0.995,0,0.0
200,down,0.0,0.995,1,0.0
200,down,0.0,0.995,2,0.0
200,down,0.0,0.995,3,0.0
200,down,0.0,0.995,4,0.0
200,down,0.0,0.995,5,0.0
200,down,0.0,0.995,6,0.0
200,down,0.0,0.995,7,0.0
200,down,0.0,0.995,8,0.0
200,down,0.0,0.995,9,0.0
200,down,0.0,0.995,10,0.0
200,down,0.0,0.995,11,0.0
200,down,0.5,0.995,0,-3.035438567167148e-12
200,down,0.5,0.995,1,-3.652758095995523e-12
200,down,0.5,0.995,2,-3.149125404888764e-12
200,down,0.5,0.995,3,-3.227569322916679e-12
200,down,0.5,0.995,4,-3.049080987693742e-12
200,down,0.5,0.995,5,-2.872866389225237e-12
200,down,0.5,0.995,6,-2.94903657049872e-12
200,down,0.5,0.995,7,-3.0172486731316893e-12
200,down,0.5,0.995,8,-3.2173375075217337e-12
200,down,0.5,0.995,9,-3.37536221195478e-12
200,down,0.5,0.995,10,-3.399236447876319e-12
200,down,0.5,0.995,11,-3.099103196291253e-12
200,down,2.0,0.995,0,-1.8676255142224818e-06
200,down,2.0,0.995,1,-4.409078178468917e-07
200,down,2.0,0.995,2,-3.6898825442222003e-07
200,down,2.0,0.995,3,-3.1992697927307747e-07
200,down,2.0,0.995,4,-4.039493745722211e-07
200,down,2.0,0.995,5,-4.836969407051584e-07
200,down,2.0,0.995,6,-3.98226129050272e-07
200,down,2.0,0.995,7,-3.798159565349124e-07
200,down,2.0,0.995,8,-3.9907999507704514e-07
200,down,2.0,0.995,9,-4.2144840392666086e-07
200,down,2.0,0.995,10,-6.616109436663465e-07
200,down,2.0,0.995,11,-4.2985046491139654e-07
200,fresh,0.0,1.0,0,1.6781897145490277e-05
200,fresh,0.0,1.0,1,1.6690933263596718e-05
200,fresh,0.0,1.0,2,1.585472687883671e-05
200,fresh,0.0,1.0,3,1.66546086655317e-05
200,fresh,0.0,1.0,4,1.6630548629525953e-05
200,fresh,0.0,1.0,5,1.6635746616937565e-05
200,fresh,0.0,1.0,6,1.6644912464847114e-05
200,fresh,0.0,1.0,7,1.64405733718187e-05
200,fresh,0.0,1.0,8,1.6664123877783155e-05
200,fresh,0.0,1.0,9,1.6717033047317642e-05
200,fresh,0.0,1.0,10,1.6720496347792934e-05
200,fresh,0.0,1.0,11,1.6689947934291902e-05
200,fresh,0.5,1.0,0,3.286587312531175e-05
200,fresh,0.5,1.0,1,3.3461323881107674e-05
200,fresh,0.5,1.0,2,3.3180212036043594e-05
200,fresh,0.5,1.0,3,3.328765750857166e-05
200,fresh,0.5,1.0,4,3.3195555864922176e-05
200,fresh,0.5,1.0,5,3.321057003435434e-05
200,fresh,0.5,1.0,6,3.3380199685271176e-05
200,fresh,0.5,1.0,7,3.245352555218961e-05
200,fresh,0.5,1.0,8,3.3334223330829805e-05
200,fresh,0.5,1.0,9,3.356935965425079e-05
200,fresh,0.5,1.0,10,3.375752022956035e-05
200,fresh,0.5,1.0,11,3.351121325674944e-05
200,fresh,2.0,1.0,0,8.216731980540404e-05
200,fresh,2.0,1.0,1,8.425265873460042e-05
200,fresh,2.0,1.0,2,8.241674098190321e-05
200,fresh,2.0,1.0,3,8.303882718216471e-05
200,fresh,2.0,1.0,4,8.246958867759391e-05
200,fresh,2.0,1.0,5,8.256351746748436e-05
200,fresh,2.0,1.0,6,8.341440146345525e-05
200,fresh,2.0,1.0,7,7.800674326106317e-05
200,fresh,2.0,1.0,8,8.331196641122141e-05
200,fresh,2.0,1.0,9,7.601252231417276e-05
200,fresh,2.0,1.0,10,7.805013055717014e-05
200,fresh,2.0,1.0,11,8.454255572393877e-05
200,up,0.0,1.0,0,1.536245589502716e-05
200,up,0.0,1.0,1,1.536245589502716e-05
200,up,0.0,1.0,2,1.536245589502716e-05
200,up,0.0,1.0,3,1.536245589502716e-05
200,up,0.0,1.0,4,1.536245589502716e-05
200,up,0.0,1.0,5,1.536245589502716e-05
200,up,0.0,1.0,6,1.536245589502716e-05
200,up,0.0,1.0,7,1.536245589502716e-05
200,up,0.0,1.0,8,1.536245589502716e-05
200,up,0.0,1.0,9,1.536245589502716e-05
200,up,0.0,1.0,10,1.536245589502716e-05
200,up,0.0,1.0,11,1.536245589502716e-05
200,up,0.5,1.0,0,2.8414120076447615e-05
200,up,0.5,1.0,1,2.8414120076448726e-05
200,up,0.5,1.0,2,2.8414120076447615e-05
200,up,0.5,1.0,3,2.8414120076447615e-05
200,up,0.5,1.0,4,2.8414120076447615e-05
200,up,0.5,1.0,5,2.8414120076447615e-05
200,up,0.5,1.0,6,2.8414120076447615e-05
200,up,0.5,1.0,7,2.8414120076447615e-05
200,up,0.5,1.0,8,2.8414120076447615e-05
200,up,0.5,1.0,9,2.8414120076447615e-05
200,up,0.5,1.0,10,2.8414120076447615e-05
200,up,0.5,1.0,11,2.8414120076447615e-05
200,up,2.0,1.0,0,5.716541399304997e-05
200,up,2.0,1.0,1,5.716541399304553e-05
200,up,2.0,1.0,2,5.716541399304997e-05
200,up,2.0,1.0,3,5.716541399304997e-05
200,up,2.0,1.0,4,5.716541399304997e-05
200,up,2.0,1.0,5,5.716541399304997e-05
200,up,2.0,1.0,6,5.716541399304997e-05
200,up,2.0,1.0,7,5.716541399304997e-05
200,up,2.0,1.0,8,5.716541399304997e-05
200,up,2.0,1.0,9,5.716541399304997e-05
200,up,2.0,1.0,10,5.716541399304997e-05
200,up,2.0,1.0,11,5.716541399304997e-05
200,down,0.0,1.0,0,1.5447395255705488e-05
200,down,0.0,1.0,1,1.4313816777757892e-05
200,down,0.0,1.0,2,1.5800954104179253e-05
200,down,0.0,1.0,3,1.3328035036010988e-05
200,down,0.0,1.0,4,1.0897858753651235e-05
200,down,0.0,1.0,5,1.2093188643120812e-05
200,down,0.0,1.0,6,1.990504644027169e-05
200,down,0.0,1.0,7,1.834882539242244e-05
200,down,0.0,1.0,8,1.3548336137318985e-05
200,down,0.0,1.0,9,1.4938996630462497e-05
200,down,0.0,1.0,10,1.462069312992753e-05
200,down,0.0,1.0,11,1.3360566963456222e-05
200,down,0.5,1.0,0,3.1747327351467906e-05
200,down,0.5,1.0,1,8.102350750505138e-07
200,down,0.5,1.0,2,2.3531734680091176e-05
200,down,0.5,1.0,3,1.8416565370671376e-05
200,down,0.5,1.0,4,3.073792396321551e-05
200,down,0.5,1.0,5,4.444630595457966e-05
200,down,0.5,1.0,6,3.8370784473045206e-05
200,down,0.5,1.0,7,3.311490365604186e-05
200,down,0.5,1.0,8,1.906665529872953e-05
200,down,0.5,1.0,9,1.0224228207107444e-05
200,down,0.5,1.0,10,8.993271908366296e-06
200,down,0.5,1.0,11,2.713819362270442e-05
200,down,2.0,1.0,0,0.027599063931042448
200,down,2.0,1.0,1,5.82778757154756e-05
200,down,2.0,1.0,2,0.00010411955972870145
200,down,2.0,1.0,3,0.00014428610103379925
200,down,2.0,1.0,4,7.999709716898451e-05
200,down,2.0,1.0,5,3.770258054203168e-05
200,down,2.0,1.0,6,8.370216094306216e-05
200,down,2.0,1.0,7,9.626361602954603e-05
200,down,2.0,1.0,8,8.314344540565344e-05
200,down,2.0,1.0,9,6.924317898722165e-05
200,down,2.0,1.0,10,7.2626994551683316e-09
200,down,2.0,1.0,11,6.438206420682491e-05
200,fresh,0.0,1.005,0,0.1891240229108465
200,fresh,0.0,1.005,1,0.1891098054321811
200,fresh,0.0,1.005,2,0.18950748239206802
200,fresh,0.0,1.005,3,0.18910575075796354
200,fresh,0.0,1.005,4,0.18910385694281537
200,fresh,0.0,1.005,5,0.18910416548777917
200,fresh,0.0,1.005,6,0.18910750337319585
200,fresh,0.0,1.005,7,0.1891028806822068
200,fresh,0.0,1.005,8,0.18910677050909783
200,fresh,0.0,1.005,9,0.18911281135140495
200,fresh,0.0,1.005,10,0.18911437823408112
200,fresh,0.0,1.005,11,0.1891106418414885
200,fresh,0.5,1.005,0,0.05782873323350668
200,fresh,0.5,1.005,1,0.0655813405116438
200,fresh,0.5,1.005,2,0.04079827186834963
200,fresh,0.5,1.005,3,0.06553242867766643
200,fresh,0.5,1.005,4,0.0655205430515101
200,fresh,0.5,1.005,5,0.06552486012340754
200,fresh,0.5,1.005,6,0.06579686086932295
200,fresh,0.5,1.005,7,0.04970884830410961
200,fresh,0.5,1.005,8,0.06553983513006031
200,fresh,0.5,1.005,9,0.06560938133374195
200,fresh,0.5,1.005,10,0.06616111262004054
200,fresh,0.5,1.005,11,0.0656984448234284
200,fresh,2.0,1.005,0,0.007452780200505815
200,fresh,2.0,1.005,1,0.0039639996335451766
200,fresh,2.0,1.005,2,0.00773846518414429
200,fresh,2.0,1.005,3,0.004434099881028998
200,fresh,2.0,1.005,4,0.0045220241904468765
200,fresh,2.0,1.005,5,0.004609091675082428
200,fresh,2.0,1.005,6,0.003923667310354481
200,fresh,2.0,1.005,7,0.025727600612562167
200,fresh,2.0,1.005,8,0.004319515286555839
200,fresh,2.0,1.005,9,0.029662455022277563
200,fresh,2.0,1.005,10,0.027901315339985303
200,fresh,2.0,1.005,11,0.0037811993203063212
200,up,0.0,1.005,0,0.24262705765948092
200,up,0.0,1.005,1,0.24262705765948092
200,up,0.0,1.005,2,0.24262705765948092
200,up,0.0,1.005,3,0.24262705765948092
200,up,0.0,1.005,4,0.24262705765948092
200,up,0.0,1.005,5,0.24262705765948092
200,up,0.0,1.005,6,0.24262705765948092
200,up,0.0,1.005,7,0.24262705765948092
200,up,0.0,1.005,8,0.24262705765948092
200,up,0.0,1.005,9,0.24262705765948092
200,up,0.0,1.005,10,0.24262705765948092
200,up,0.0,1.005,11,0.24262705765948092
200,up,0.5,1.005,0,0.12413495036489114
200,up,0.5,1.005,1,0.12413495036489125
200,up,0.5,1.005,2,0.12413495036489114
200,up,0.5,1.005,3,0.12413495036489114
200,up,0.5,1.005,4,0.12413495036489114
200,up,0.5,1.005,5,0.12413495036489114
200,up,0.5,1.005,6,0.12413495036489114
200,up,0.5,1.005,7,0.12413495036489114
200,up,0.5,1.005,8,0.12413495036489114
200,up,0.5,1.005,9,0.12413495036489114
200,up,0.5,1.005,10,0.12413495036489114
200,up,0.5,1.005,11,0.12413495036489114
200,up,2.0,1.005,0,0.06153645735514369
200,up,2.0,1.005,1,0.061536457355143785
200,up,2.0,1.005,2,0.06153645735514369
200,up,2.0,1.005,3,0.06153645735514369
200,up,2.0,1.005,4,0.06153645735514369
200,up,2.0,1.005,5,0.06153645735514369
200,up,2.0,1.005,6,0.06153645735514369
200,up,2.0,1.005,7,0.06153645735514369
200,up,2.0,1.005,8,0.06153645735514369
200,up,2.0,1.005,9,0.06153645735514369
200,up,2.0,1.005,10,0.06153645735514369
200,up,2.0,1.005,11,0.06153645735514369
200,down,0.0,1.005,0,0.18941893372623325
200,down,0.0,1.005,1,0.1891573668442652
200,down,0.0,1.005,2,0.21564252694662628
200,down,0.0,1.005,3,0.18910440870524098
200,down,0.0,1.005,4,0.18911141832255451
200,down,0.0,1.005,5,0.18910290904353133
200,down,0.0,1.005,6,0.18927901114790757
200,down,0.0,1.005,7,0.19250719586742662
200,down,0.0,1.005,8,0.1891172385147229
200,down,0.0,1.005,9,0.18919916075599075
200,down,0.0,1.005,10,0.1892450465911429
200,down,0.0,1.005,11,0.1891975652401811
200,down,0.5,1.005,0,0.03567905749559032
200,down,0.5,1.005,1,0.0614108891463718
200,down,0.5,1.005,2,0.055794128428259454
200,down,0.5,1.005,3,0.059935106484148265
200,down,0.5,1.005,4,0.034615847422153366
200,down,0.5,1.005,5,0.06260136106665753
200,down,0.5,1.005,6,0.061594373967353705
200,down,0.5,1.005,7,0.054755686081520025
200,down,0.5,1.005,8,0.0597435155922733
200,down,0.5,1.005,9,0.060780399388253276
200,down,0.5,1.005,10,0.060835403635601325
200,down,0.5,1.005,11,0.03684595879586368
200,down,2.0,1.005,0,0.030090001507022634
200,down,2.0,1.005,1,0.0035204973937368322
200,down,2.0,1.005,2,0.02979753491911481
200,down,2.0,1.005,3,0.030263875169773087
200,down,2.0,1.005,4,0.00996867771593031
200,down,2.0,1.005,5,0.024842104682928717
200,down,2.0,1.005,6,0.024674217697292986
200,down,2.0,1.005,7,0.029320525370893476
200,down,2.0,1.005,8,0.023052183325158355
200,down,2.0,1.005,9,0.003312841844496006
200,down,2.0,1.005,10,0.02974976092591305
200,down,2.0,1.005,11,0.0031155316540650803
200,fresh,0.0,1.01,0,0.2888530013051477
200,fresh,0.0,1.01,1,0.2707778823543782
200,fresh,0.0,1.01,2,0.26341948245054336
200,fresh,0.0,1.01,3,0.26458198153228396
200,fresh,0.0,1.01,4,0.26247277888039344
200,fresh,0.0,1.01,5,0.26277386763971444
200,fresh,0.0,1.01,6,0.2686606839978024
200,fresh,0.0,1.01,7,0.2562520289702708
200,fresh,0.0,1.01,8,0.2660035291547572
200,fresh,0.0,1.01,9,0.27544777153081645
200,fresh,0.0,1.01,10,0.2784150869211942
200,fresh,0.0,1.01,11,0.27322257477027284
200,fresh,0.5,1.01,0,0.0907802121523887
200,fresh,0.5,1.01,1,0.12698653197627938
200,fresh,0.5,1.01,2,0.09088069886211698
200,fresh,0.5,1.01,3,0.1271965234831423
200,fresh,0.5,1.01,4,0.12719523679192432
200,fresh,0.5,1.01,5,0.12724493403526085
200,fresh,0.5,1.01,6,0.1266470937218015
200,fresh,0.5,1.01,7,0.09059373214999246
200,fresh,0.5,1.01,8,0.12712140123152382
200,fresh,0.5,1.01,9,0.12698443656506975
200,fresh,0.5,1.01,10,0.126634848718906
200,fresh,0.5,1.01,11,0.12677759309214448
200,fresh,2.0,1.01,0,0.03042041075746097
200,fresh,2.0,1.01,1,0.061968539170103906
200,fresh,2.0,1.01,2,0.030480381469542395
200,fresh,2.0,1.01,3,0.06188250227328135
200,fresh,2.0,1.01,4,0.061830737680694005
200,fresh,2.0,1.01,5,0.06183986746755553
200,fresh,2.0,1.01,6,0.06190112468935478
200,fresh,2.0,1.01,7,0.02894076004392242
200,fresh,2.0,1.01,8,0.061904647792177574
200,fresh,2.0,1.01,9,0.03187954056126653
200,fresh,2.0,1.01,10,0.03787385098329498
200,fresh,2.0,1.01,11,0.06197770497179038
200,up,0.0,1.01,0,0.3109341737539303
200,up,0.0,1.01,1,0.3109341737539303
200,up,0.0,1.01,2,0.3109341737539303
200,up,0.0,1.01,3,0.3109341737539303
200,up,0.0,1.01,4,0.3109341737539303
200,up,0.0,1.01,5,0.3109341737539303
200,up,0.0,1.01,6,0.3109341737539303
200,up,0.0,1.01,7,0.3109341737539303
200,up,0.0,1.01,8,0.3109341737539303
200,up,0.0,1.01,9,0.3109341737539303
200,up,0.0,1.01,10,0.3109341737539303
200,up,0.0,1.01,11,0.3109341737539303
200,up,0.5,1.01,0,0.1283802828075664
200,up,0.5,1.01,1,0.12838028280756653
200,up,0.5,1.01,2,0.1283802828075664
200,up,0.5,1.01,3,0.1283802828075664
200,up,0.5,1.01,4,0.1283802828075664
200,up,0.5,1.01,5,0.1283802828075664
200,up,0.5,1.01,6,0.1283802828075664
200,up,0.5,1.01,7,0.1283802828075664
200,up,0.5,1.01,8,0.1283802828075664
200,up,0.5,1.01,9,0.1283802828075664
200,up,0.5,1.01,10,0.1283802828075664
200,up,0.5,1.01,11,0.1283802828075664
200,up,2.0,1.01,0,0.06236578706605332
200,up,2.0,1.01,1,0.06236578706605329
200,up,2.0,1.01,2,0.06236578706605332
200,up,2.0,1.01,3,0.06236578706605332
200,up,2.0,1.01,4,0.06236578706605332
200,up,2.0,1.01,5,0.06236578706605332
200,up,2.0,1.01,6,0.06236578706605332
200,up,2.0,1.01,7,0.06236578706605332
200,up,2.0,1.01,8,0.06236578706605332
200,up,2.0,1.01,9,0.06236578706605332
200,up,2.0,1.01,10,0.06236578706605332
200,up,2.0,1.01,11,0.06236578706605332
200,down,0.0,1.01,0,0.3108555897397264
200,down,0.0,1.01,1,0.2910559350030076
200,down,0.0,1.01,2,0.308362065598933
200,down,0.0,1.01,3,0.27407200098060913
200,down,0.0,1.01,4,0.25841878990350325
200,down,0.0,1.01,5,0.25815871845504945
200,down,0.0,1.01,6,0.28239656821210246
200,down,0.0,1.01,7,0.2570836797633706
200,down,0.0,1.01,8,0.28277968524645075
200,down,0.0,1.01,9,0.3093583935527181
200,down,0.0,1.01,10,0.29471341029656517
200,down,0.0,1.01,11,0.28379480944159696
200,down,0.5,1.01,0,0.08863697528523516
200,down,0.5,1.01,1,0.09571632852780794
200,down,0.5,1.01,2,0.06743457584258067
200,down,0.5,1.01,3,0.06552100580515571
200,down,0.5,1.01,4,0.09058470583852113
200,down,0.5,1.01,5,0.09315827370806005
200,down,0.5,1.01,6,0.0652309786698288
200,down,0.5,1.01,7,0.0759066497403569
200,down,0.5,1.01,8,0.06554926502208899
200,down,0.5,1.01,9,0.06494565204868194
200,down,0.5,1.01,10,0.06494230322848125
200,down,0.5,1.01,11,0.09009005235483755
200,down,2.0,1.01,0,0.031014398617929116
200,down,2.0,1.01,1,0.030591205934187543
200,down,2.0,1.01,2,0.03119522538716382
200,down,2.0,1.01,3,0.031166262525096612
200,down,2.0,1.01,4,0.031155135363805472
200,down,2.0,1.01,5,0.02585618082082647
200,down,2.0,1.01,6,0.03117677612659406
200,down,2.0,1.01,7,0.031195012527050495
200,down,2.0,1.01,8,0.0311675728886479
200,down,2.0,1.01,9,0.031035911867630262
200,down,2.0,1.01,10,0.030845472654519313
200,down,2.0,1.01,11,0.030927214046812992
200,fresh,0.0,1.02,0,0.4336615055534636
200,fresh,0.0,1.02,1,0.4342658001428353
200,fresh,0.0,1.02,2,0.40745299686343206
200,fresh,0.0,1.02,3,0.4343382030236661
200,fresh,0.0,1.02,4,0.4343142077202431
200,fresh,0.0,1.02,5,0.4343286081124086
200,fresh,0.0,1.02,6,0.43409434206726016
200,fresh,0.0,1.02,7,0.4324835159555459
200,fresh,0.0,1.02,8,0.434323214197633
200,fresh,0.0,1.02,9,0.4342049341379179
200,fresh,0.0,1.02,10,0.43408329771819865
200,fresh,0.0,1.02,11,0.4341800326308862
200,fresh,0.5,1.02,0,0.0988482320170338
200,fresh,0.5,1.02,1,0.1897030798800774
200,fresh,0.5,1.02,2,0.11550777022094774
200,fresh,0.5,1.02,3,0.18976783810827053
200,fresh,0.5,1.02,4,0.18973863277767217
200,fresh,0.5,1.02,5,0.189776419865683
200,fresh,0.5,1.02,6,0.18977575204037478
200,fresh,0.5,1.02,7,0.1119051689520133
200,fresh,0.5,1.02,8,0.18973445112319048
200,fresh,0.5,1.02,9,0.18973551425990176
200,fresh,0.5,1.02,10,0.19021604175763798
200,fresh,0.5,1.02,11,0.18970291267526423
200,fresh,2.0,1.02,0,0.05629558880747444
200,fresh,2.0,1.02,1,0.06535021579017593
200,fresh,2.0,1.02,2,0.057222656302701916
200,fresh,2.0,1.02,3,0.06607438617873382
200,fresh,2.0,1.02,4,0.0659032644446402
200,fresh,2.0,1.02,5,0.06625939626934943
200,fresh,2.0,1.02,6,0.06489645646500614
200,fresh,2.0,1.02,7,0.05787934546386733
200,fresh,2.0,1.02,8,0.06589804740696927
200,fresh,2.0,1.02,9,0.03523203500086382
200,fresh,2.0,1.02,10,0.05652175675058681
200,fresh,2.0,1.02,11,0.06497342833871123
200,up,0.0,1.02,0,0.39717459961108065
200,up,0.0,1.02,1,0.39717459961108065
200,up,0.0,1.02,2,0.39717459961108065
200,up,0.0,1.02,3,0.39717459961108065
200,up,0.0,1.02,4,0.39717459961108065
200,up,0.0,1.02,5,0.39717459961108065
200,up,0.0,1.02,6,0.39717459961108065
200,up,0.0,1.02,7,0.39717459961108065
200,up,0.0,1.02,8,0.39717459961108065
200,up,0.0,1.02,9,0.39717459961108065
200,up,0.0,1.02,10,0.39717459961108065
200,up,0.0,1.02,11,0.39717459961108065
200,up,0.5,1.02,0,0.19029785033365043
200,up,0.5,1.02,1,0.19029785033365343
200,up,0.5,1.02,2,0.19029785033365043
200,up,0.5,1.02,3,0.19029785033365043
200,up,0.5,1.02,4,0.19029785033365043
200,up,0.5,1.02,5,0.19029785033365043
200,up,0.5,1.02,6,0.19029785033365043
200,up,0.5,1.02,7,0.19029785033365043
200,up,0.5,1.02,8,0.19029785033365043
200,up,0.5,1.02,9,0.19029785033365043
200,up,0.5,1.02,10,0.19029785033365043
200,up,0.5,1.02,11,0.19029785033365043
200,up,2.0,1.02,0,0.0760572206544277
200,up,2.0,1.02,1,0.07605722065444204
200,up,2.0,1.02,2,0.0760572206544277
200,up,2.0,1.02,3,0.0760572206544277
200,up,2.0,1.02,4,0.0760572206544277
200,up,2.0,1.02,5,0.0760572206544277
200,up,2.0,1.02,6,0.0760572206544277
200,up,2.0,1.02,7,0.0760572206544277
200,up,2.0,1.02,8,0.0760572206544277
200,up,2.0,1.02,9,0.0760572206544277
200,up,2.0,1.02,10,0.0760572206544277
200,up,2.0,1.02,11,0.0760572206544277
200,down,0.0,1.02,0,0.43239269321784607
200,down,0.0,1.02,1,0.42584127942795247
200,down,0.0,1.02,2,0.409189074544663
200,down,0.0,1.02,3,0.409151773243575
200,down,0.0,1.02,4,0.3886144344593208
200,down,0.0,1.02,5,0.38708952146842424
200,down,0.0,1.02,6,0.4070929345465379
200,down,0.0,1.02,7,0.3804409297887264
200,down,0.0,1.02,8,0.41127416266246886
200,down,0.0,1.02,9,0.4339439305539008
200,down,0.0,1.02,10,0.4277293355586107
200,down,0.0,1.02,11,0.4088257675219984
200,down,0.5,1.02,0,0.12194901180297849
200,down,0.5,1.02,1,0.1566208514359198
200,down,0.5,1.02,2,0.12807038150888728
200,down,0.5,1.02,3,0.09804373417106149
200,down,0.5,1.02,4,0.11431348038690431
200,down,0.5,1.02,5,0.18965780202281507
200,down,0.5,1.02,6,0.12454307081096544
200,down,0.5,1.02,7,0.12261853468917025
200,down,0.5,1.02,8,0.1787476046468123
200,down,0.5,1.02,9,0.11991553930729196
200,down,0.5,1.02,10,0.09985902150604943
200,down,0.5,1.02,11,0.09980721040532785
200,down,2.0,1.02,0,0.0342696784309345
200,down,2.0,1.02,1,0.05341723910627649
200,down,2.0,1.02,2,0.03866606969133386
200,down,2.0,1.02,3,0.03657897544031641
200,down,2.0,1.02,4,0.057638763392502596
200,down,2.0,1.02,5,0.034309094942133245
200,down,2.0,1.02,6,0.0534069845467019
200,down,2.0,1.02,7,0.041354228195236827
200,down,2.0,1.02,8,0.05698653605388472
200,down,2.0,1.02,9,0.057576146181017404
200,down,2.0,1.02,10,0.03404177701521007
200,down,2.0,1.02,11,0.05712844544783877
200,fresh,0.0,1.05,0,0.6305219014934174
200,fresh,0.0,1.05,1,0.6302935730100783
200,fresh,0.0,1.05,2,0.6419074320312332
200,fresh,0.0,1.05,3,0.6302537627724545
200,fresh,0.0,1.05,4,0.6302512587151189
200,fresh,0.0,1.05,5,0.6302488185843327
200,fresh,0.0,1.05,6,0.6303278209540844
200,fresh,0.0,1.05,7,0.630637587994062
200,fresh,0.0,1.05,8,0.6302628619182489
200,fresh,0.0,1.05,9,0.6303250376581772
200,fresh,0.0,1.05,10,0.6303656593778149
200,fresh,0.0,1.05,11,0.6303214365318823
200,fresh,0.5,1.05,0,0.18983096927045756
200,fresh,0.5,1.05,1,0.31863530694443676
200,fresh,0.5,1.05,2,0.18732529288738684
200,fresh,0.5,1.05,3,0.31612850186432057
200,fresh,0.5,1.05,4,0.31601252075003994
200,fresh,0.5,1.05,5,0.31593822230248914
200,fresh,0.5,1.05,6,0.31211011355949886
200,fresh,0.5,1.05,7,0.1865989890918236
200,fresh,0.5,1.05,8,0.31648570884729516
200,fresh,0.5,1.05,9,0.31902942153798053
200,fresh,0.5,1.05,10,0.3125174430877644
200,fresh,0.5,1.05,11,0.31104373590288026
200,fresh,2.0,1.05,0,0.06585762628994504
200,fresh,2.0,1.05,1,0.12973843133178214
200,fresh,2.0,1.05,2,0.0670939880406464
200,fresh,2.0,1.05,3,0.1287952426539825
200,fresh,2.0,1.05,4,0.12822059944929154
200,fresh,2.0,1.05,5,0.1282192576210857
200,fresh,2.0,1.05,6,0.11925938918338008
200,fresh,2.0,1.05,7,0.0856007877444378
200,fresh,2.0,1.05,8,0.12938776561593113
200,fresh,2.0,1.05,9,0.09221454833668292
200,fresh,2.0,1.05,10,0.07197313440096548
200,fresh,2.0,1.05,11,0.12206632338150983
200,up,0.0,1.05,0,0.6710131228868806
200,up,0.0,1.05,1,0.6710131228868806
200,up,0.0,1.05,2,0.6710131228868806
200,up,0.0,1.05,3,0.6710131228868806
200,up,0.0,1.05,4,0.6710131228868806
200,up,0.0,1.05,5,0.6710131228868806
200,up,0.0,1.05,6,0.6710131228868806
200,up,0.0,1.05,7,0.6710131228868806
200,up,0.0,1.05,8,0.6710131228868806
200,up,0.0,1.05,9,0.6710131228868806
200,up,0.0,1.05,10,0.6710131228868806
200,up,0.0,1.05,11,0.6710131228868806
200,up,0.5,1.05,0,0.31655391187024806
200,up,0.5,1.05,1,0.31655391187024745
200,up,0.5,1.05,2,0.31655391187024806
200,up,0.5,1.05,3,0.31655391187024806
200,up,0.5,1.05,4,0.31655391187024806
200,up,0.5,1.05,5,0.31655391187024806
200,up,0.5,1.05,6,0.31655391187024806
200,up,0.5,1.05,7,0.31655391187024806
200,up,0.5,1.05,8,0.31655391187024806
200,up,0.5,1.05,9,0.31655391187024806
200,up,0.5,1.05,10,0.31655391187024806
200,up,0.5,1.05,11,0.31655391187024806
200,up,2.0,1.05,0,0.12732954662937196
200,up,2.0,1.05,1,0.12732954662937473
200,up,2.0,1.05,2,0.12732954662937196
200,up,2.0,1.05,3,0.12732954662937196
200,up,2.0,1.05,4,0.12732954662937196
200,up,2.0,1.05,5,0.12732954662937196
200,up,2.0,1.05,6,0.12732954662937196
200,up,2.0,1.05,7,0.12732954662937196
200,up,2.0,1.05,8,0.12732954662937196
200,up,2.0,1.05,9,0.12732954662937196
200,up,2.0,1.05,10,0.12732954662937196
200,up,2.0,1.05,11,0.12732954662937196
200,down,0.0,1.05,0,0.6557864130856796
200,down,0.0,1.05,1,0.6417072361949454
200,down,0.0,1.05,2,0.6343334532663926
200,down,0.0,1.05,3,0.6307653061568521
200,down,0.0,1.05,4,0.6303773545209128
200,down,0.0,1.05,5,0.6303671350289937
200,down,0.0,1.05,6,0.6453032978358806
200,down,0.0,1.05,7,0.6309762828350767
200,down,0.0,1.05,8,0.6316487442683593
200,down,0.0,1.05,9,0.6500779589886565
200,down,0.0,1.05,10,0.6514008128752606
200,down,0.0,1.05,11,0.65057912326213
200,down,0.5,1.05,0,0.18667950785534232
200,down,0.5,1.05,1,0.26184456821857116
200,down,0.5,1.05,2,0.22040999739710626
200,down,0.5,1.05,3,0.3090962675816206
200,down,0.5,1.05,4,0.17227198109637926
200,down,0.5,1.05,5,0.31497803070380426
200,down,0.5,1.05,6,0.22607574134013703
200,down,0.5,1.05,7,0.18671899655795982
200,down,0.5,1.05,8,0.2538934434972498
200,down,0.5,1.05,9,0.18714030834263212
200,down,0.5,1.05,10,0.1904691123214377
200,down,0.5,1.05,11,0.19266612032296393
200,down,2.0,1.05,0,0.06723995189585735
200,down,2.0,1.05,1,0.0654695385471689
200,down,2.0,1.05,2,0.08058486203754768
200,down,2.0,1.05,3,0.06976319821535071
200,down,2.0,1.05,4,0.08645786767605046
200,down,2.0,1.05,5,0.06563601941996922
200,down,2.0,1.05,6,0.08398509303475976
200,down,2.0,1.05,7,0.08257273139189664
200,down,2.0,1.05,8,0.08607569418573063
200,down,2.0,1.05,9,0.067557456931699
200,down,2.0,1.05,10,0.06657902989599165
200,down,2.0,1.05,11,0.06609656557353219
200,fresh,0.0,1.1,0,0.90059588926674
200,fresh,0.0,1.1,1,0.8920994514075808
200,fresh,0.0,1.1,2,0.913601868283711
200,fresh,0.0,1.1,3,0.8909926576224965
200,fresh,0.0,1.1,4,0.8909146097679144
200,fresh,0.0,1.1,5,0.8908591671544408
200,fresh,0.0,1.1,6,0.8929580470068756
200,fresh,0.0,1.1,7,0.9025636746176295
200,fresh,0.0,1.1,8,0.891231863468372
200,fresh,0.0,1.1,9,0.8929996521730177
200,fresh,0.0,1.1,10,0.8945744144564356
200,fresh,0.0,1.1,11,0.8929995571916072
200,fresh,0.5,1.1,0,0.3122963814202421
200,fresh,0.5,1.1,1,0.44268862435536777
200,fresh,0.5,1.1,2,0.27934448705865444
200,fresh,0.5,1.1,3,0.4475788763594488
200,fresh,0.5,1.1,4,0.44587574606651015
200,fresh,0.5,1.1,5,0.44992895779400527
200,fresh,0.5,1.1,6,0.4368920444453741
200,fresh,0.5,1.1,7,0.28324482201506335
200,fresh,0.5,1.1,8,0.44441253684130866
200,fresh,0.5,1.1,9,0.44302818298934743
200,fresh,0.5,1.1,10,0.4376045558590983
200,fresh,0.5,1.1,11,0.4459189845803674
200,fresh,2.0,1.1,0,0.11613506180790101
200,fresh,2.0,1.1,1,0.1861799685866971
200,fresh,2.0,1.1,2,0.11734524156655127
200,fresh,2.0,1.1,3,0.18532853304530952
200,fresh,2.0,1.1,4,0.1852676768555394
200,fresh,2.0,1.1,5,0.18479822710128246
200,fresh,2.0,1.1,6,0.1849619148811007
200,fresh,2.0,1.1,7,0.10177443464090666
200,fresh,2.0,1.1,8,0.18565325519640924
200,fresh,2.0,1.1,9,0.13194250832561139
200,fresh,2.0,1.1,10,0.12340829253114294
200,fresh,2.0,1.1,11,0.1857859739362287
200,up,0.0,1.1,0,0.8957421352633969
200,up,0.0,1.1,1,0.8957421352633969
200,up,0.0,1.1,2,0.8957421352633969
200,up,0.0,1.1,3,0.8957421352633969
200,up,0.0,1.1,4,0.8957421352633969
200,up,0.0,1.1,5,0.8957421352633969
200,up,0.0,1.1,6,0.8957421352633969
200,up,0.0,1.1,7,0.8957421352633969
200,up,0.0,1.1,8,0.8957421352633969
200,up,0.0,1.1,9,0.8957421352633969
200,up,0.0,1.1,10,0.8957421352633969
200,up,0.0,1.1,11,0.8957421352633969
200,up,0.5,1.1,0,0.4444820875503515
200,up,0.5,1.1,1,0.44448208755034985
200,up,0.5,1.1,2,0.4444820875503515
200,up,0.5,1.1,3,0.4444820875503515
200,up,0.5,1.1,4,0.4444820875503515
200,up,0.5,1.1,5,0.4444820875503515
200,up,0.5,1.1,6,0.4444820875503515
200,up,0.5,1.1,7,0.4444820875503515
200,up,0.5,1.1,8,0.4444820875503515
200,up,0.5,1.1,9,0.4444820875503515
200,up,0.5,1.1,10,0.4444820875503515
200,up,0.5,1.1,11,0.4444820875503515
200,up,2.0,1.1,0,0.16931442516480616
200,up,2.0,1.1,1,0.16931442516484183
200,up,2.0,1.1,2,0.16931442516480616
200,up,2.0,1.1,3,0.16931442516480616
200,up,2.0,1.1,4,0.16931442516480616
200,up,2.0,1.1,5,0.16931442516480616
200,up,2.0,1.1,6,0.16931442516480616
200,up,2.0,1.1,7,0.16931442516480616
200,up,2.0,1.1,8,0.16931442516480616
200,up,2.0,1.1,9,0.16931442516480616
200,up,2.0,1.1,10,0.16931442516480616
200,up,2.0,1.1,11,0.16931442516480616
200,down,0.0,1.1,0,0.928636057104934
200,down,0.0,1.1,1,0.9343096379787085
200,down,0.0,1.1,2,0.9157644693917223
200,down,0.0,1.1,3,0.9328587405915005
200,down,0.0,1.1,4,0.9199059152203608
200,down,0.0,1.1,5,0.9261895880084194
200,down,0.0,1.1,6,0.9128874250028594
200,down,0.0,1.1,7,0.8912502253996786
200,down,0.0,1.1,8,0.9328172295085415
200,down,0.0,1.1,9,0.9346418055709795
200,down,0.0,1.1,10,0.9320469334486348
200,down,0.0,1.1,11,0.926889132648937
200,down,0.5,1.1,0,0.2814526710542248
200,down,0.5,1.1,1,0.4292512176029629
200,down,0.5,1.1,2,0.3144285875607329
200,down,0.5,1.1,3,0.405850367867605
200,down,0.5,1.1,4,0.28299034513598487
200,down,0.5,1.1,5,0.4613527457642192
200,down,0.5,1.1,6,0.3056762092104123
200,down,0.5,1.1,7,0.2681371959807916
200,down,0.5,1.1,8,0.35539591969160256
200,down,0.5,1.1,9,0.2801004847243223
200,down,0.5,1.1,10,0.34228093486056876
200,down,0.5,1.1,11,0.28410109651879456
200,down,2.0,1.1,0,0.10218285412338049
200,down,2.0,1.1,1,0.11843566099910731
200,down,2.0,1.1,2,0.10028256050357869
200,down,2.0,1.1,3,0.10145100007997086
200,down,2.0,1.1,4,0.10084590362793336
200,down,2.0,1.1,5,0.15277764708697872
200,down,2.0,1.1,6,0.10115979646006196
200,down,2.0,1.1,7,0.10052042373491503
200,down,2.0,1.1,8,0.10068501493354576
200,down,2.0,1.1,9,0.10374882474647734
200,down,2.0,1.1,10,0.10419534740620577
200,down,2.0,1.1,11,0.12024971188410348
200,fresh,0.0,1.2,0,1.3295657027599554
200,fresh,0.0,1.2,1,1.3237373873020646
200,fresh,0.0,1.2,2,1.3236445098796707
200,fresh,0.0,1.2,3,1.322680638725664
200,fresh,0.0,1.2,4,1.3223277983518784
200,fresh,0.0,1.2,5,1.3223749293712002
200,fresh,0.0,1.2,6,1.323435173708999
200,fresh,0.0,1.2,7,1.3216898802804684
200,fresh,0.0,1.2,8,1.3229222424199292
200,fresh,0.0,1.2,9,1.324560651087699
200,fresh,0.0,1.2,10,1.3255711837377249
200,fresh,0.0,1.2,11,1.3242588873531065
200,fresh,0.5,1.2,0,0.5100456547081214
200,fresh,0.5,1.2,1,0.6712193493649168
200,fresh,0.5,1.2,2,0.44333280561852617
200,fresh,0.5,1.2,3,0.6467495372711645
200,fresh,0.5,1.2,4,0.6508128553787877
200,fresh,0.5,1.2,5,0.6437208539388578
200,fresh,0.5,1.2,6,0.6235638567320275
200,fresh,0.5,1.2,7,0.518669767442757
200,fresh,0.5,1.2,8,0.6646923819676266
200,fresh,0.5,1.2,9,0.67657728830917
200,fresh,0.5,1.2,10,0.6254596613648619
200,fresh,0.5,1.2,11,0.6341626388077983
200,fresh,2.0,1.2,0,0.16050154100015535
200,fresh,2.0,1.2,1,0.2552583660772799
200,fresh,2.0,1.2,2,0.16731093581059603
200,fresh,2.0,1.2,3,0.25572820723392126
200,fresh,2.0,1.2,4,0.2546023661979121
200,fresh,2.0,1.2,5,0.2559075300352235
200,fresh,2.0,1.2,6,0.24510271214048757
200,fresh,2.0,1.2,7,0.17567733040278946
200,fresh,2.0,1.2,8,0.25527701149844545
200,fresh,2.0,1.2,9,0.2254465138144041
200,fresh,2.0,1.2,10,0.19003681729123428
200,fresh,2.0,1.2,11,0.2576402322510122
200,up,0.0,1.2,0,1.3218678730437534
200,up,0.0,1.2,1,1.3218678730437534
200,up,0.0,1.2,2,1.3218678730437534
200,up,0.0,1.2,3,1.3218678730437534
200,up,0.0,1.2,4,1.3218678730437534
200,up,0.0,1.2,5,1.3218678730437534
200,up,0.0,1.2,6,1.3218678730437534
200,up,0.0,1.2,7,1.3218678730437534
200,up,0.0,1.2,8,1.3218678730437534
200,up,0.0,1.2,9,1.3218678730437534
200,up,0.0,1.2,10,1.3218678730437534
200,up,0.0,1.2,11,1.3218678730437534
200,up,0.5,1.2,0,0.6594909969466477
200,up,0.5,1.2,1,0.6594909969466471
200,up,0.5,1.2,2,0.6594909969466477
200,up,0.5,1.2,3,0.6594909969466477
200,up,0.5,1.2,4,0.6594909969466477
200,up,0.5,1.2,5,0.6594909969466477
200,up,0.5,1.2,6,0.6594909969466477
200,up,0.5,1.2,7,0.6594909969466477
200,up,0.5,1.2,8,0.6594909969466477
200,up,0.5,1.2,9,0.6594909969466477
200,up,0.5,1.2,10,0.6594909969466477
200,up,0.5,1.2,11,0.6594909969466477
200,up,2.0,1.2,0,0.25593984332305697
200,up,2.0,1.2,1,0.2559398433230444
200,up,2.0,1.2,2,0.25593984332305697
200,up,2.0,1.2,3,0.25593984332305697
200,up,2.0,1.2,4,0.25593984332305697
200,up,2.0,1.2,5,0.25593984332305697
200,up,2.0,1.2,6,0.25593984332305697
200,up,2.0,1.2,7,0.25593984332305697
200,up,2.0,1.2,8,0.25593984332305697
200,up,2.0,1.2,9,0.25593984332305697
200,up,2.0,1.2,10,0.25593984332305697
200,up,2.0,1.2,11,0.25593984332305697
200,down,0.0,1.2,0,1.3217932796199738
200,down,0.0,1.2,1,1.3220442417096798
200,down,0.0,1.2,2,1.3225279750993355
200,down,0.0,1.2,3,1.322688354321117
200,down,0.0,1.2,4,1.325423211034788
200,down,0.0,1.2,5,1.3240349669048852
200,down,0.0,1.2,6,1.331093311428608
200,down,0.0,1.2,7,1.327759104145057
200,down,0.0,1.2,8,1.322593025832575
200,down,0.0,1.2,9,1.3216961017169226
200,down,0.0,1.2,10,1.3220352252871566
200,down,0.0,1.2,11,1.323296150280107
200,down,0.5,1.2,0,0.5053904467549489
200,down,0.5,1.2,1,0.6636413274965423
200,down,0.5,1.2,2,0.4664284261661942
200,down,0.5,1.2,3,0.6366972495100651
200,down,0.5,1.2,4,0.6295590357899437
200,down,0.5,1.2,5,0.6781770545320023
200,down,0.5,1.2,6,0.520858142453726
200,down,0.5,1.2,7,0.5978270311609697
200,down,0.5,1.2,8,0.6324254882332093
200,down,0.5,1.2,9,0.4434460080435133
200,down,0.5,1.2,10,0.5002483430389486
200,down,0.5,1.2,11,0.4371370204679499
200,down,2.0,1.2,0,0.16131261970982025
200,down,2.0,1.2,1,0.16523078598387342
200,down,2.0,1.2,2,0.1605039791650367
200,down,2.0,1.2,3,0.2532949688902011
200,down,2.0,1.2,4,0.25504677411409316
200,down,2.0,1.2,5,0.21644195100467412
200,down,2.0,1.2,6,0.16060084851178885
200,down,2.0,1.2,7,0.1605319903749174
200,down,2.0,1.2,8,0.2550697675674308
200,down,2.0,1.2,9,0.16487823437331456
200,down,2.0,1.2,10,0.16155464329017008
200,down,2.0,1.2,11,0.162289938162954
200,fresh,0.0,1.5,0,2.234264379287144
200,fresh,0.0,1.5,1,2.223565646419015
200,fresh,0.0,1.5,2,2.235923173267281
200,fresh,0.0,1.5,3,2.2206457806122106
200,fresh,0.0,1.5,4,2.2212960318433703
200,fresh,0.0,1.5,5,2.2208443831828566
200,fresh,0.0,1.5,6,2.2282204622046855
200,fresh,0.0,1.5,7,2.2403375334679225
200,fresh,0.0,1.5,8,2.2212886480940846
200,fresh,0.0,1.5,9,2.225846931210942
200,fresh,0.0,1.5,10,2.2281334732968823
200,fresh,0.0,1.5,11,2.2261429689647647
200,fresh,0.5,1.5,0,1.0062319227702705
200,fresh,0.5,1.5,1,1.1096080447806238
200,fresh,0.5,1.5,2,0.8650222677420032
200,fresh,0.5,1.5,3,1.1232542943414006
200,fresh,0.5,1.5,4,1.1171400757254741
200,fresh,0.5,1.5,5,1.1245314763130905
200,fresh,0.5,1.5,6,1.0273223044433888
200,fresh,0.5,1.5,7,1.0926345390346395
200,fresh,0.5,1.5,8,1.0962712112317465
200,fresh,0.5,1.5,9,1.0955490404589723
200,fresh,0.5,1.5,10,1.0452384345710706
200,fresh,0.5,1.5,11,1.0633109126536051
200,fresh,2.0,1.5,0,0.3106980248093084
200,fresh,2.0,1.5,1,0.4361763876802462
200,fresh,2.0,1.5,2,0.31699276535700976
200,fresh,2.0,1.5,3,0.44415655978073076
200,fresh,2.0,1.5,4,0.4417355590049749
200,fresh,2.0,1.5,5,0.443660524052642
200,fresh,2.0,1.5,6,0.40162528651729856
200,fresh,2.0,1.5,7,0.30862314953792036
200,fresh,2.0,1.5,8,0.4445131209332476
200,fresh,2.0,1.5,9,0.40902039310293276
200,fresh,2.0,1.5,10,0.3739661294921639
200,fresh,2.0,1.5,11,0.4295302269197775
200,up,0.0,1.5,0,2.245966367680394
200,up,0.0,1.5,1,2.245966367680394
200,up,0.0,1.5,2,2.245966367680394
200,up,0.0,1.5,3,2.245966367680394
200,up,0.0,1.5,4,2.245966367680394
200,up,0.0,1.5,5,2.245966367680394
200,up,0.0,1.5,6,2.245966367680394
200,up,0.0,1.5,7,2.245966367680394
200,up,0.0,1.5,8,2.245966367680394
200,up,0.0,1.5,9,2.245966367680394
200,up,0.0,1.5,10,2.245966367680394
200,up,0.0,1.5,11,2.245966367680394
200,up,0.5,1.5,0,1.1070145636025064
200,up,0.5,1.5,1,1.1070145636024677
200,up,0.5,1.5,2,1.1070145636025064
200,up,0.5,1.5,3,1.1070145636025064
200,up,0.5,1.5,4,1.1070145636025064
200,up,0.5,1.5,5,1.1070145636025064
200,up,0.5,1.5,6,1.1070145636025064
200,up,0.5,1.5,7,1.1070145636025064
200,up,0.5,1.5,8,1.1070145636025064
200,up,0.5,1.5,9,1.1070145636025064
200,up,0.5,1.5,10,1.1070145636025064
200,up,0.5,1.5,11,1.1070145636025064
200,up,2.0,1.5,0,0.4458706642548151
200,up,2.0,1.5,1,0.44587066425479466
200,up,2.0,1.5,2,0.4458706642548151
200,up,2.0,1.5,3,0.4458706642548151
200,up,2.0,1.5,4,0.4458706642548151
200,up,2.0,1.5,5,0.4458706642548151
200,up,2.0,1.5,6,0.4458706642548151
200,up,2.0,1.5,7,0.4458706642548151
200,up,2.0,1.5,8,0.4458706642548151
200,up,2.0,1.5,9,0.4458706642548151
200,up,2.0,1.5,10,0.4458706642548151
200,up,2.0,1.5,11,0.4458706642548151
200,down,0.0,1.5,0,2.2217032208536467
200,down,0.0,1.5,1,2.2282098397275627
200,down,0.0,1.5,2,2.2307753580102574
200,down,0.0,1.5,3,2.235424551424994
200,down,0.0,1.5,4,2.2413583174393628
200,down,0.0,1.5,5,2.2406188336999024
200,down,0.0,1.5,6,2.2350893801568734
200,down,0.0,1.5,7,2.247143404721742
200,down,0.0,1.5,8,2.2330274376896364
200,down,0.0,1.5,9,2.2231062242076884
200,down,0.0,1.5,10,2.2270470008404075
200,down,0.0,1.5,11,2.2315410486658425
200,down,0.5,1.5,0,0.9356570841708935
200,down,0.5,1.5,1,1.1040936484959105
200,down,0.5,1.5,2,0.8799995144669686
200,down,0.5,1.5,3,1.1233341266696937
200,down,0.5,1.5,4,1.1106743133381474
200,down,0.5,1.5,5,1.1240765023525103
200,down,0.5,1.5,6,1.008689801863678
200,down,0.5,1.5,7,1.1067579598377542
200,down,0.5,1.5,8,1.080571283263648
200,down,0.5,1.5,9,1.0512006701056897
200,down,0.5,1.5,10,0.9039970815123359
200,down,0.5,1.5,11,0.8910202132943635
200,down,2.0,1.5,0,0.3111183446035759
200,down,2.0,1.5,1,0.3106203750708053
200,down,2.0,1.5,2,0.3086014950780731
200,down,2.0,1.5,3,0.4441021073657606
200,down,2.0,1.5,4,0.44227138853833536
200,down,2.0,1.5,5,0.4434632462987179
200,down,2.0,1.5,6,0.30531657825431235
200,down,2.0,1.5,7,0.30901784938554727
200,down,2.0,1.5,8,0.4438736766872873
200,down,2.0,1.5,9,0.40584661371173936
200,down,2.0,1.5,10,0.3126654404056234
200,down,2.0,1.5,11,0.413486382840369
200,fresh,0.0,2.0,0,3.4671707436542296
200,fresh,0.0,2.0,1,3.4630287831602313
200,fresh,0.0,2.0,2,3.4639954274735874
200,fresh,0.0,2.0,3,3.461302237811568
200,fresh,0.0,2.0,4,3.460869741106269
200,fresh,0.0,2.0,5,3.460888050419957
200,fresh,0.0,2.0,6,3.462981663932352
200,fresh,0.0,2.0,7,3.4617511778261294
200,fresh,0.0,2.0,8,3.4617228434722995
200,fresh,0.0,2.0,9,3.4642973008760283
200,fresh,0.0,2.0,10,3.464758000618783
200,fresh,0.0,2.0,11,3.4636475825235005
200,fresh,0.5,2.0,0,1.645210411909802
200,fresh,0.5,2.0,1,1.7021291071161835
200,fresh,0.5,2.0,2,1.5067537727021483
200,fresh,0.5,2.0,3,1.7250174684939568
200,fresh,0.5,2.0,4,1.7287480663541372
200,fresh,0.5,2.0,5,1.7206323398099177
200,fresh,0.5,2.0,6,1.6003287253543146
200,fresh,0.5,2.0,7,1.7172784334844522
200,fresh,0.5,2.0,8,1.7201893932793524
200,fresh,0.5,2.0,9,1.7111659138892952
200,fresh,0.5,2.0,10,1.643917888611787
200,fresh,0.5,2.0,11,1.644008133654384
200,fresh,2.0,2.0,0,0.5366093554262314
200,fresh,2.0,2.0,1,0.6811915506626653
200,fresh,2.0,2.0,2,0.5388829495515698
200,fresh,2.0,2.0,3,0.6913806702272208
200,fresh,2.0,2.0,4,0.6835027321980394
200,fresh,2.0,2.0,5,0.6921159121327335
200,fresh,2.0,2.0,6,0.6364865038895797
200,fresh,2.0,2.0,7,0.5337138593476067
200,fresh,2.0,2.0,8,0.6862762726949407
200,fresh,2.0,2.0,9,0.6597880426714028
200,fresh,2.0,2.0,10,0.6238023676266582
200,fresh,2.0,2.0,11,0.6640003721673733
200,up,0.0,2.0,0,3.4672443118675687
200,up,0.0,2.0,1,3.4672443118675687
200,up,0.0,2.0,2,3.4672443118675687
200,up,0.0,2.0,3,3.4672443118675687
200,up,0.0,2.0,4,3.4672443118675687
200,up,0.0,2.0,5,3.4672443118675687
200,up,0.0,2.0,6,3.4672443118675687
200,up,0.0,2.0,7,3.4672443118675687
200,up,0.0,2.0,8,3.4672443118675687
200,up,0.0,2.0,9,3.4672443118675687
200,up,0.0,2.0,10,3.4672443118675687
200,up,0.0,2.0,11,3.4672443118675687
200,up,0.5,2.0,0,1.7213699223983463
200,up,0.5,2.0,1,1.7213699223982486
200,up,0.5,2.0,2,1.7213699223983463
200,up,0.5,2.0,3,1.7213699223983463
200,up,0.5,2.0,4,1.7213699223983463
200,up,0.5,2.0,5,1.7213699223983463
200,up,0.5,2.0,6,1.7213699223983463
200,up,0.5,2.0,7,1.7213699223983463
200,up,0.5,2.0,8,1.7213699223983463
200,up,0.5,2.0,9,1.7213699223983463
200,up,0.5,2.0,10,1.7213699223983463
200,up,0.5,2.0,11,1.7213699223983463
200,up,2.0,2.0,0,0.6925393424205691
200,up,2.0,2.0,1,0.6925393424205992
200,up,2.0,2.0,2,0.6925393424205691
200,up,2.0,2.0,3,0.6925393424205691
200,up,2.0,2.0,4,0.6925393424205691
200,up,2.0,2.0,5,0.6925393424205691
200,up,2.0,2.0,6,0.6925393424205691
200,up,2.0,2.0,7,0.6925393424205691
200,up,2.0,2.0,8,0.6925393424205691
200,up,2.0,2.0,9,0.6925393424205691
200,up,2.0,2.0,10,0.6925393424205691
200,up,2.0,2.0,11,0.6925393424205691
200,down,0.0,2.0,0,3.4671707436542296
200,down,0.0,2.0,1,3.4630287831602313
200,down,0.0,2.0,2,3.4639954274735874
200,down,0.0,2.0,3,3.461302237811568
200,down,0.0,2.0,4,3.460869741106269
200,down,0.0,2.0,5,3.460888050419957
200,down,0.0,2.0,6,3.462981663932352
200,down,0.0,2.0,7,3.4617511778261294
200,down,0.0,2.0,8,3.4617228434722995
200,down,0.0,2.0,9,3.4642973008760283
200,down,0.0,2.0,10,3.464758000618783
200,down,0.0,2.0,11,3.4636475825235005
200,down,0.5,2.0,0,1.645210411909802
200,down,0.5,2.0,1,1.7021291071161835
200,down,0.5,2.0,2,1.5067537727021483
200,down,0.5,2.0,3,1.7250174684939568
200,down,0.5,2.0,4,1.7287480663541372
200,down,0.5,2.0,5,1.7206323398099177
200,down,0.5,2.0,6,1.6003287253543146
200,down,0.5,2.0,7,1.7172784334844522
200,down,0.5,2.0,8,1.7201893932793524
200,down,0.5,2.0,9,1.7111659138892952
200,down,0.5,2.0,10,1.643917888611787
200,down,0.5,2.0,11,1.644008133654384
200,down,2.0,2.0,0,0.5366093554262314
200,down,2.0,2.0,1,0.6811915506626653
200,down,2.0,2.0,2,0.5388829495515698
200,down,2.0,2.0,3,0.6913806702272208
200,down,2.0,2.0,4,0.6835027321980394
200,down,2.0,2.0,5,0.6921159121327335
200,down,2.0,2.0,6,0.6364865038895797
200,down,2.0,2.0,7,0.5337138593476067
200,down,2.0,2.0,8,0.6862762726949407
200,down,2.0,2.0,9,0.6597880426714028
200,down,2.0,2.0,10,0.6238023676266582
200,down,2.0,2.0,11,0.6640003721673733
400,fresh,0.0,0.0,0,2.109250079022042e-262
400,fresh,0.0,0.0,1,3.0451140209769737e-262
400,fresh,0.0,0.0,2,5.428443462212269e-263
400,fresh,0.0,0.0,3,3.908072305444219e-263
400,fresh,0.0,0.0,4,1.841167681683752e-263
400,fresh,0.0,0.0,5,2.06610490499235e-263
400,fresh,0.0,0.0,6,7.47834434573505e-262
400,fresh,0.0,0.0,7,-2.793529578062367e-263
400,fresh,0.0,0.0,8,6.073937336864499e-263
400,fresh,0.0,0.0,9,-1.5997254623915252e-261
400,fresh,0.0,0.0,10,-8.875673270261521e-263
400,fresh,0.0,0.0,11,-2.609983496484013e-262
400,fresh,0.5,0.0,0,7.203314550565285e-133
400,fresh,0.5,0.0,1,0.0
400,fresh,0.5,0.0,2,5.253936342891094e-133
400,fresh,0.5,0.0,3,7.47934457313645e-133
400,fresh,0.5,0.0,4,3.5124155538029514e-133
400,fresh,0.5,0.0,5,4.000547003209602e-133
400,fresh,0.5,0.0,6,3.3358554107353125e-132
400,fresh,0.5,0.0,7,-5.4200760543412645e-133
400,fresh,0.5,0.0,8,1.0993300631483319e-132
400,fresh,0.5,0.0,9,-1.2421324819479017e-132
400,fresh,0.5,0.0,10,-7.543152886015374e-133
400,fresh,0.5,0.0,11,-1.9487094404724678e-132
400,fresh,2.0,0.0,0,4.263843458463126e-55
400,fresh,2.0,0.0,1,0.0
400,fresh,2.0,0.0,2,5.164097445193202e-55
400,fresh,2.0,0.0,3,1.1020796015453296e-54
400,fresh,2.0,0.0,4,5.172305158864101e-55
400,fresh,2.0,0.0,5,5.946289185052482e-55
400,fresh,2.0,0.0,6,2.1738712997155384e-54
400,fresh,2.0,0.0,7,-8.06644691715976e-55
400,fresh,2.0,0.0,8,1.5490267923584402e-54
400,fresh,2.0,0.0,9,-5.8715984354292056e-55
400,fresh,2.0,0.0,10,-6.921382794802895e-55
400,fresh,2.0,0.0,11,-1.605471399056528e-54
400,up,0.0,0.0,0,2.109250079022042e-262
400,up,0.0,0.0,1,3.0451140209769737e-262
400,up,0.0,0.0,2,5.428443462212269e-263
400,up,0.0,0.0,3,3.908072305444219e-263
400,up,0.0,0.0,4,1.841167681683752e-263
400,up,0.0,0.0,5,2.06610490499235e-263
400,up,0.0,0.0,6,7.47834434573505e-262
400,up,0.0,0.0,7,-2.793529578062367e-263
400,up,0.0,0.0,8,6.073937336864499e-263
400,up,0.0,0.0,9,-1.5997254623915252e-261
400,up,0.0,0.0,10,-8.875673270261521e-263
400,up,0.0,0.0,11,-2.609983496484013e-262
400,up,0.5,0.0,0,7.203314550565285e-133
400,up,0.5,0.0,1,0.0
400,up,0.5,0.0,2,5.253936342891094e-133
400,up,0.5,0.0,3,7.47934457313645e-133
400,up,0.5,0.0,4,3.5124155538029514e-133
400,up,0.5,0.0,5,4.000547003209602e-133
400,up,0.5,0.0,6,3.3358554107353125e-132
400,up,0.5,0.0,7,-5.4200760543412645e-133
400,up,0.5,0.0,8,1.0993300631483319e-132
400,up,0.5,0.0,9,-1.2421324819479017e-132
400,up,0.5,0.0,10,-7.543152886015374e-133
400,up,0.5,0.0,11,-1.9487094404724678e-132
400,up,2.0,0.0,0,4.263843458463126e-55
400,up,2.0,0.0,1,0.0
400,up,2.0,0.0,2,5.164097445193202e-55
400,up,2.0,0.0,3,1.1020796015453296e-54
400,up,2.0,0.0,4,5.172305158864101e-55
400,up,2.0,0.0,5,5.946289185052482e-55
400,up,2.0,0.0,6,2.1738712997155384e-54
400,up,2.0,0.0,7,-8.06644691715976e-55
400,up,2.0,0.0,8,1.5490267923584402e-54
400,up,2.0,0.0,9,-5.8715984354292056e-55
400,up,2.0,0.0,10,-6.921382794802895e-55
400,up,2.0,0.0,11,-1.605471399056528e-54
400,down,0.0,0.0,0,0.0
400,down,0.0,0.0,1,0.0
400,down,0.0,0.0,2,0.0
400,down,0.0,0.0,3,0.0
400,down,0.0,0.0,4,0.0
400,down,0.0,0.0,5,0.0
400,down,0.0,0.0,6,0.0
400,down,0.0,0.0,7,0.0
400,down,0.0,0.0,8,0.0
400,down,0.0,0.0,9,0.0
400,down,0.0,0.0,10,0.0
400,down,0.0,0.0,11,0.0
400,down,0.5,0.0,0,0.0
400,down,0.5,0.0,1,0.0
400,down,0.5,0.0,2,0.0
400,down,0.5,0.0,3,0.0
400,down,0.5,0.0,4,0.0
400,down,0.5,0.0,5,0.0
400,down,0.5,0.0,6,0.0
400,down,0.5,0.0,7,0.0
400,down,0.5,0.0,8,0.0
400,down,0.5,0.0,9,0.0
400,down,0.5,0.0,10,0.0
400,down,0.5,0.0,11,0.0
400,down,2.0,0.0,0,0.0
400,down,2.0,0.0,1,0.0
400,down,2.0,0.0,2,0.0
400,down,2.0,0.0,3,0.0
400,down,2.0,0.0,4,0.0
400,down,2.0,0.0,5,0.0
400,down,2.0,0.0,6,0.0
400,down,2.0,0.0,7,0.0
400,down,2.0,0.0,8,0.0
400,down,2.0,0.0,9,0.0
400,down,2.0,0.0,10,0.0
400,down,2.0,0.0,11,0.0
400,fresh,0.0,0.5,0,0.0
400,fresh,0.0,0.5,1,0.0
400,fresh,0.0,0.5,2,0.0
400,fresh,0.0,0.5,3,0.0
400,fresh,0.0,0.5,4,0.0
400,fresh,0.0,0.5,5,0.0
400,fresh,0.0,0.5,6,0.0
400,fresh,0.0,0.5,7,0.0
400,fresh,0.0,0.5,8,0.0
400,fresh,0.0,0.5,9,0.0
400,fresh,0.0,0.5,10,0.0
400,fresh,0.0,0.5,11,0.0
400,fresh,0.5,0.5,0,0.0
400,fresh,0.5,0.5,1,0.0
400,fresh,0.5,0.5,2,0.0
400,fresh,0.5,0.5,3,0.0
400,fresh,0.5,0.5,4,0.0
400,fresh,0.5,0.5,5,0.0
400,fresh,0.5,0.5,6,0.0
400,fresh,0.5,0.5,7,0.0
400,fresh,0.5,0.5,8,0.0
400,fresh,0.5,0.5,9,0.0
400,fresh,0.5,0.5,10,0.0
400,fresh,0.5,0.5,11,0.0
400,fresh,2.0,0.5,0,0.0
400,fresh,2.0,0.5,1,0.0
400,fresh,2.0,0.5,2,0.0
400,fresh,2.0,0.5,3,0.0
400,fresh,2.0,0.5,4,0.0
400,fresh,2.0,0.5,5,0.0
400,fresh,2.0,0.5,6,0.0
400,fresh,2.0,0.5,7,0.0
400,fresh,2.0,0.5,8,0.0
400,fresh,2.0,0.5,9,0.0
400,fresh,2.0,0.5,10,0.0
400,fresh,2.0,0.5,11,0.0
400,up,0.0,0.5,0,0.0
400,up,0.0,0.5,1,0.0
400,up,0.0,0.5,2,0.0
400,up,0.0,0.5,3,0.0
400,up,0.0,0.5,4,0.0
400,up,0.0,0.5,5,0.0
400,up,0.0,0.5,6,0.0
400,up,0.0,0.5,7,0.0
400,up,0.0,0.5,8,0.0
400,up,0.0,0.5,9,0.0
400,up,0.0,0.5,10,0.0
400,up,0.0,0.5,11,0.0
400,up,0.5,0.5,0,0.0
400,up,0.5,0.5,1,0.0
400,up,0.5,0.5,2,0.0
400,up,0.5,0.5,3,0.0
400,up,0.5,0.5,4,0.0
400,up,0.5,0.5,5,0.0
400,up,0.5,0.5,6,0.0
400,up,0.5,0.5,7,0.0
400,up,0.5,0.5,8,0.0
400,up,0.5,0.5,9,0.0
400,up,0.5,0.5,10,0.0
400,up,0.5,0.5,11,0.0
400,up,2.0,0.5,0,0.0
400,up,2.0,0.5,1,0.0
400,up,2.0,0.5,2,0.0
400,up,2.0,0.5,3,0.0
400,up,2.0,0.5,4,0.0
400,up,2.0,0.5,5,0.0
400,up,2.0,0.5,6,0.0
400,up,2.0,0.5,7,0.0
400,up,2.0,0.5,8,0.0
400,up,2.0,0.5,9,0.0
400,up,2.0,0.5,10,0.0
400,up,2.0,0.5,11,0.0
400,down,0.0,0.5,0,0.0
400,down,0.0,0.5,1,0.0
400,down,0.0,0.5,2,0.0
400,down,0.0,0.5,3,0.0
400,down,0.0,0.5,4,0.0
400,down,0.0,0.5,5,0.0
400,down,0.0,0.5,6,0.0
400,down,0.0,0.5,7,0.0
400,down,0.0,0.5,8,0.0
400,down,0.0,0.5,9,0.0
400,down,0.0,0.5,10,0.0
400,down,0.0,0.5,11,0.0
400,down,0.5,0.5,0,0.0
400,down,0.5,0.5,1,0.0
400,down,0.5,0.5,2,0.0
400,down,0.5,0.5,3,0.0
400,down,0.5,0.5,4,0.0
400,down,0.5,0.5,5,0.0
400,down,0.5,0.5,6,0.0
400,down,0.5,0.5,7,0.0
400,down,0.5,0.5,8,0.0
400,down,0.5,0.5,9,0.0
400,down,0.5,0.5,10,0.0
400,down,0.5,0.5,11,0.0
400,down,2.0,0.5,0,0.0
400,down,2.0,0.5,1,0.0
400,down,2.0,0.5,2,0.0
400,down,2.0,0.5,3,0.0
400,down,2.0,0.5,4,0.0
400,down,2.0,0.5,5,0.0
400,down,2.0,0.5,6,0.0
400,down,2.0,0.5,7,0.0
400,down,2.0,0.5,8,0.0
400,down,2.0,0.5,9,0.0
400,down,2.0,0.5,10,0.0
400,down,2.0,0.5,11,0.0
400,fresh,0.0,0.8,0,0.0
400,fresh,0.0,0.8,1,0.0
400,fresh,0.0,0.8,2,0.0
400,fresh,0.0,0.8,3,0.0
400,fresh,0.0,0.8,4,0.0
400,fresh,0.0,0.8,5,0.0
400,fresh,0.0,0.8,6,0.0
400,fresh,0.0,0.8,7,0.0
400,fresh,0.0,0.8,8,0.0
400,fresh,0.0,0.8,9,0.0
400,fresh,0.0,0.8,10,0.0
400,fresh,0.0,0.8,11,0.0
400,fresh,0.5,0.8,0,0.0
400,fresh,0.5,0.8,1,0.0
400,fresh,0.5,0.8,2,0.0
400,fresh,0.5,0.8,3,0.0
400,fresh,0.5,0.8,4,0.0
400,fresh,0.5,0.8,5,0.0
400,fresh,0.5,0.8,6,0.0
400,fresh,0.5,0.8,7,0.0
400,fresh,0.5,0.8,8,0.0
400,fresh,0.5,0.8,9,0.0
400,fresh,0.5,0.8,10,0.0
400,fresh,0.5,0.8,11,0.0
400,fresh,2.0,0.8,0,0.0
400,fresh,2.0,0.8,1,0.0
400,fresh,2.0,0.8,2,0.0
400,fresh,2.0,0.8,3,0.0
400,fresh,2.0,0.8,4,0.0
400,fresh,2.0,0.8,5,0.0
400,fresh,2.0,0.8,6,0.0
400,fresh,2.0,0.8,7,0.0
400,fresh,2.0,0.8,8,0.0
400,fresh,2.0,0.8,9,0.0
400,fresh,2.0,0.8,10,0.0
400,fresh,2.0,0.8,11,0.0
400,up,0.0,0.8,0,0.0
400,up,0.0,0.8,1,0.0
400,up,0.0,0.8,2,0.0
400,up,0.0,0.8,3,0.0
400,up,0.0,0.8,4,0.0
400,up,0.0,0.8,5,0.0
400,up,0.0,0.8,6,0.0
400,up,0.0,0.8,7,0.0
400,up,0.0,0.8,8,0.0
400,up,0.0,0.8,9,0.0
400,up,0.0,0.8,10,0.0
400,up,0.0,0.8,11,0.0
400,up,0.5,0.8,0,0.0
400,up,0.5,0.8,1,0.0
400,up,0.5,0.8,2,0.0
400,up,0.5,0.8,3,0.0
400,up,0.5,0.8,4,0.0
400,up,0.5,0.8,5,0.0
400,up,0.5,0.8,6,0.0
400,up,0.5,0.8,7,0.0
400,up,0.5,0.8,8,0.0
400,up,0.5,0.8,9,0.0
400,up,0.5,0.8,10,0.0
400,up,0.5,0.8,11,0.0
400,up,2.0,0.8,0,0.0
400,up,2.0,0.8,1,0.0
400,up,2.0,0.8,2,0.0
400,up,2.0,0.8,3,0.0
400,up,2.0,0.8,4,0.0
400,up,2.0,0.8,5,0.0
400,up,2.0,0.8,6,0.0
400,up,2.0,0.8,7,0.0
400,up,2.0,0.8,8,0.0
400,up,2.0,0.8,9,0.0
400,up,2.0,0.8,10,0.0
400,up,2.0,0.8,11,0.0
400,down,0.0,0.8,0,0.0
400,down,0.0,0.8,1,0.0
400,down,0.0,0.8,2,0.0
400,down,0.0,0.8,3,0.0
400,down,0.0,0.8,4,0.0
400,down,0.0,0.8,5,0.0
400,down,0.0,0.8,6,0.0
400,down,0.0,0.8,7,0.0
400,down,0.0,0.8,8,0.0
400,down,0.0,0.8,9,0.0
400,down,0.0,0.8,10,0.0
400,down,0.0,0.8,11,0.0
400,down,0.5,0.8,0,0.0
400,down,0.5,0.8,1,0.0
400,down,0.5,0.8,2,0.0
400,down,0.5,0.8,3,0.0
400,down,0.5,0.8,4,0.0
400,down,0.5,0.8,5,0.0
400,down,0.5,0.8,6,0.0
400,down,0.5,0.8,7,0.0
400,down,0.5,0.8,8,0.0
400,down,0.5,0.8,9,0.0
400,down,0.5,0.8,10,0.0
400,down,0.5,0.8,11,0.0
400,down,2.0,0.8,0,0.0
400,down,2.0,0.8,1,0.0
400,down,2.0,0.8,2,0.0
400,down,2.0,0.8,3,0.0
400,down,2.0,0.8,4,0.0
400,down,2.0,0.8,5,0.0
400,down,2.0,0.8,6,0.0
400,down,2.0,0.8,7,0.0
400,down,2.0,0.8,8,0.0
400,down,2.0,0.8,9,0.0
400,down,2.0,0.8,10,0.0
400,down,2.0,0.8,11,0.0
400,fresh,0.0,0.9,0,0.0
400,fresh,0.0,0.9,1,0.0
400,fresh,0.0,0.9,2,0.0
400,fresh,0.0,0.9,3,0.0
400,fresh,0.0,0.9,4,0.0
400,fresh,0.0,0.9,5,0.0
400,fresh,0.0,0.9,6,0.0
400,fresh,0.0,0.9,7,0.0
400,fresh,0.0,0.9,8,0.0
400,fresh,0.0,0.9,9,0.0
400,fresh,0.0,0.9,10,0.0
400,fresh,0.0,0.9,11,0.0
400,fresh,0.5,0.9,0,0.0
400,fresh,0.5,0.9,1,0.0
400,fresh,0.5,0.9,2,0.0
400,fresh,0.5,0.9,3,0.0
400,fresh,0.5,0.9,4,0.0
400,fresh,0.5,0.9,5,0.0
400,fresh,0.5,0.9,6,0.0
400,fresh,0.5,0.9,7,0.0
400,fresh,0.5,0.9,8,0.0
400,fresh,0.5,0.9,9,0.0
400,fresh,0.5,0.9,10,0.0
400,fresh,0.5,0.9,11,0.0
400,fresh,2.0,0.9,0,0.0
400,fresh,2.0,0.9,1,0.0
400,fresh,2.0,0.9,2,0.0
400,fresh,2.0,0.9,3,0.0
400,fresh,2.0,0.9,4,0.0
400,fresh,2.0,0.9,5,0.0
400,fresh,2.0,0.9,6,0.0
400,fresh,2.0,0.9,7,0.0
400,fresh,2.0,0.9,8,0.0
400,fresh,2.0,0.9,9,0.0
400,fresh,2.0,0.9,10,0.0
400,fresh,2.0,0.9,11,0.0
400,up,0.0,0.9,0,0.0
400,up,0.0,0.9,1,0.0
400,up,0.0,0.9,2,0.0
400,up,0.0,0.9,3,0.0
400,up,0.0,0.9,4,0.0
400,up,0.0,0.9,5,0.0
400,up,0.0,0.9,6,0.0
400,up,0.0,0.9,7,0.0
400,up,0.0,0.9,8,0.0
400,up,0.0,0.9,9,0.0
400,up,0.0,0.9,10,0.0
400,up,0.0,0.9,11,0.0
400,up,0.5,0.9,0,0.0
400,up,0.5,0.9,1,0.0
400,up,0.5,0.9,2,0.0
400,up,0.5,0.9,3,0.0
400,up,0.5,0.9,4,0.0
400,up,0.5,0.9,5,0.0
400,up,0.5,0.9,6,0.0
400,up,0.5,0.9,7,0.0
400,up,0.5,0.9,8,0.0
400,up,0.5,0.9,9,0.0
400,up,0.5,0.9,10,0.0
400,up,0.5,0.9,11,0.0
400,up,2.0,0.9,0,0.0
400,up,2.0,0.9,1,0.0
400,up,2.0,0.9,2,0.0
400,up,2.0,0.9,3,0.0
400,up,2.0,0.9,4,0.0
400,up,2.0,0.9,5,0.0
400,up,2.0,0.9,6,0.0
400,up,2.0,0.9,7,0.0
400,up,2.0,0.9,8,0.0
400,up,2.0,0.9,9,0.0
400,up,2.0,0.9,10,0.0
400,up,2.0,0.9,11,0.0
400,down,0.0,0.9,0,0.0
400,down,0.0,0.9,1,0.0
400,down,0.0,0.9,2,0.0
400,down,0.0,0.9,3,0.0
400,down,0.0,0.9,4,0.0
400,down,0.0,0.9,5,0.0
400,down,0.0,0.9,6,0.0
400,down,0.0,0.9,7,0.0
400,down,0.0,0.9,8,0.0
400,down,0.0,0.9,9,0.0
400,down,0.0,0.9,10,0.0
400,down,0.0,0.9,11,0.0
400,down,0.5,0.9,0,0.0
400,down,0.5,0.9,1,0.0
400,down,0.5,0.9,2,0.0
400,down,0.5,0.9,3,0.0
400,down,0.5,0.9,4,0.0
400,down,0.5,0.9,5,0.0
400,down,0.5,0.9,6,0.0
400,down,0.5,0.9,7,0.0
400,down,0.5,0.9,8,0.0
400,down,0.5,0.9,9,0.0
400,down,0.5,0.9,10,0.0
400,down,0.5,0.9,11,0.0
400,down,2.0,0.9,0,0.0
400,down,2.0,0.9,1,0.0
400,down,2.0,0.9,2,0.0
400,down,2.0,0.9,3,0.0
400,down,2.0,0.9,4,0.0
400,down,2.0,0.9,5,0.0
400,down,2.0,0.9,6,0.0
400,down,2.0,0.9,7,0.0
400,down,2.0,0.9,8,0.0
400,down,2.0,0.9,9,0.0
400,down,2.0,0.9,10,0.0
400,down,2.0,0.9,11,0.0
400,fresh,0.0,0.95,0,0.0
400,fresh,0.0,0.95,1,0.0
400,fresh,0.0,0.95,2,0.0
400,fresh,0.0,0.95,3,0.0
400,fresh,0.0,0.95,4,0.0
400,fresh,0.0,0.95,5,0.0
400,fresh,0.0,0.95,6,0.0
400,fresh,0.0,0.95,7,0.0
400,fresh,0.0,0.95,8,0.0
400,fresh,0.0,0.95,9,0.0
400,fresh,0.0,0.95,10,0.0
400,fresh,0.0,0.95,11,0.0
400,fresh,0.5,0.95,0,0.0
400,fresh,0.5,0.95,1,0.0
400,fresh,0.5,0.95,2,0.0
400,fresh,0.5,0.95,3,0.0
400,fresh,0.5,0.95,4,0.0
400,fresh,0.5,0.95,5,0.0
400,fresh,0.5,0.95,6,0.0
400,fresh,0.5,0.95,7,0.0
400,fresh,0.5,0.95,8,0.0
400,fresh,0.5,0.95,9,0.0
400,fresh,0.5,0.95,10,0.0
400,fresh,0.5,0.95,11,0.0
400,fresh,2.0,0.95,0,0.0
400,fresh,2.0,0.95,1,0.0
400,fresh,2.0,0.95,2,0.0
400,fresh,2.0,0.95,3,0.0
400,fresh,2.0,0.95,4,0.0
400,fresh,2.0,0.95,5,0.0
400,fresh,2.0,0.95,6,0.0
400,fresh,2.0,0.95,7,0.0
400,fresh,2.0,0.95,8,0.0
400,fresh,2.0,0.95,9,0.0
400,fresh,2.0,0.95,10,0.0
400,fresh,2.0,0.95,11,0.0
400,up,0.0,0.95,0,0.0
400,up,0.0,0.95,1,0.0
400,up,0.0,0.95,2,0.0
400,up,0.0,0.95,3,0.0
400,up,0.0,0.95,4,0.0
400,up,0.0,0.95,5,0.0
400,up,0.0,0.95,6,0.0
400,up,0.0,0.95,7,0.0
400,up,0.0,0.95,8,0.0
400,up,0.0,0.95,9,0.0
400,up,0.0,0.95,10,0.0
400,up,0.0,0.95,11,0.0
400,up,0.5,0.95,0,0.0
400,up,0.5,0.95,1,0.0
400,up,0.5,0.95,2,0.0
400,up,0.5,0.95,3,0.0
400,up,0.5,0.95,4,0.0
400,up,0.5,0.95,5,0.0
400,up,0.5,0.95,6,0.0
400,up,0.5,0.95,7,0.0
400,up,0.5,0.95,8,0.0
400,up,0.5,0.95,9,0.0
400,up,0.5,0.95,10,0.0
400,up,0.5,0.95,11,0.0
400,up,2.0,0.95,0,0.0
400,up,2.0,0.95,1,0.0
400,up,2.0,0.95,2,0.0
400,up,2.0,0.95,3,0.0
400,up,2.0,0.95,4,0.0
400,up,2.0,0.95,5,0.0
400,up,2.0,0.95,6,0.0
400,up,2.0,0.95,7,0.0
400,up,2.0,0.95,8,0.0
400,up,2.0,0.95,9,0.0
400,up,2.0,0.95,10,0.0
400,up,2.0,0.95,11,0.0
400,down,0.0,0.95,0,0.0
400,down,0.0,0.95,1,0.0
400,down,0.0,0.95,2,0.0
400,down,0.0,0.95,3,0.0
400,down,0.0,0.95,4,0.0
400,down,0.0,0.95,5,0.0
400,down,0.0,0.95,6,0.0
400,down,0.0,0.95,7,0.0
400,down,0.0,0.95,8,0.0
400,down,0.0,0.95,9,0.0
400,down,0.0,0.95,10,0.0
400,down,0.0,0.95,11,0.0
400,down,0.5,0.95,0,0.0
400,down,0.5,0.95,1,0.0
400,down,0.5,0.95,2,0.0
400,down,0.5,0.95,3,0.0
400,down,0.5,0.95,4,0.0
400,down,0.5,0.95,5,0.0
400,down,0.5,0.95,6,0.0
400,down,0.5,0.95,7,0.0
400,down,0.5,0.95,8,0.0
400,down,0.5,0.95,9,0.0
400,down,0.5,0.95,10,0.0
400,down,0.5,0.95,11,0.0
400,down,2.0,0.95,0,0.0
400,down,2.0,0.95,1,0.0
400,down,2.0,0.95,2,0.0
400,down,2.0,0.95,3,0.0
400,down,2.0,0.95,4,0.0
400,down,2.0,0.95,5,0.0
400,down,2.0,0.95,6,0.0
400,down,2.0,0.95,7,0.0
400,down,2.0,0.95,8,0.0
400,down,2.0,0.95,9,0.0
400,down,2.0,0.95,10,0.0
400,down,2.0,0.95,11,0.0
400,fresh,0.0,0.98,0,0.0
400,fresh,0.0,0.98,1,0.0
400,fresh,0.0,0.98,2,0.0
400,fresh,0.0,0.98,3,0.0
400,fresh,0.0,0.98,4,0.0
400,fresh,0.0,0.98,5,0.0
400,fresh,0.0,0.98,6,0.0
400,fresh,0.0,0.98,7,0.0
400,fresh,0.0,0.98,8,0.0
400,fresh,0.0,0.98,9,0.0
400,fresh,0.0,0.98,10,0.0
400,fresh,0.0,0.98,11,0.0
400,fresh,0.5,0.98,0,0.0
400,fresh,0.5,0.98,1,0.0
400,fresh,0.5,0.98,2,0.0
400,fresh,0.5,0.98,3,0.0
400,fresh,0.5,0.98,4,0.0
400,fresh,0.5,0.98,5,0.0
400,fresh,0.5,0.98,6,0.0
400,fresh,0.5,0.98,7,0.0
400,fresh,0.5,0.98,8,0.0
400,fresh,0.5,0.98,9,0.0
400,fresh,0.5,0.98,10,0.0
400,fresh,0.5,0.98,11,0.0
400,fresh,2.0,0.98,0,1.469135924025977e-13
400,fresh,2.0,0.98,1,1.8764101383794695e-13
400,fresh,2.0,0.98,2,1.5130563468801482e-13
400,fresh,2.0,0.98,3,1.6282086789942695e-13
400,fresh,2.0,0.98,4,1.522493242589462e-13
400,fresh,2.0,0.98,5,1.5394130414847495e-13
400,fresh,2.0,0.98,6,1.701616625382485e-13
400,fresh,2.0,0.98,7,8.54716297737923e-14
400,fresh,2.0,0.98,8,1.681055294966427e-13
400,fresh,2.0,0.98,9,6.576961197879427e-14
400,fresh,2.0,0.98,10,8.646194871175794e-14
400,fresh,2.0,0.98,11,1.9096724201972392e-13
400,up,0.0,0.98,0,0.0
400,up,0.0,0.98,1,0.0
400,up,0.0,0.98,2,0.0
400,up,0.0,0.98,3,0.0
400,up,0.0,0.98,4,0.0
400,up,0.0,0.98,5,0.0
400,up,0.0,0.98,6,0.0
400,up,0.0,0.98,7,0.0
400,up,0.0,0.98,8,0.0
400,up,0.0,0.98,9,0.0
400,up,0.0,0.98,10,0.0
400,up,0.0,0.98,11,0.0
400,up,0.5,0.98,0,0.0
400,up,0.5,0.98,1,0.0
400,up,0.5,0.98,2,0.0
400,up,0.5,0.98,3,0.0
400,up,0.5,0.98,4,0.0
400,up,0.5,0.98,5,0.0
400,up,0.5,0.98,6,0.0
400,up,0.5,0.98,7,0.0
400,up,0.5,0.98,8,0.0
400,up,0.5,0.98,9,0.0
400,up,0.5,0.98,10,0.0
400,up,0.5,0.98,11,0.0
400,up,2.0,0.98,0,3.765210365713756e-14
400,up,2.0,0.98,1,3.7650993434112933e-14
400,up,2.0,0.98,2,3.765210365713756e-14
400,up,2.0,0.98,3,3.765210365713756e-14
400,up,2.0,0.98,4,3.765210365713756e-14
400,up,2.0,0.98,5,3.765210365713756e-14
400,up,2.0,0.98,6,3.765210365713756e-14
400,up,2.0,0.98,7,3.765210365713756e-14
400,up,2.0,0.98,8,3.765210365713756e-14
400,up,2.0,0.98,9,3.765210365713756e-14
400,up,2.0,0.98,10,3.765210365713756e-14
400,up,2.0,0.98,11,3.765210365713756e-14
400,down,0.0,0.98,0,0.0
400,down,0.0,0.98,1,0.0
400,down,0.0,0.98,2,0.0
400,down,0.0,0.98,3,0.0
400,down,0.0,0.98,4,0.0
400,down,0.0,0.98,5,0.0
400,down,0.0,0.98,6,0.0
400,down,0.0,0.98,7,0.0
400,down,0.0,0.98,8,0.0
400,down,0.0,0.98,9,0.0
400,down,0.0,0.98,10,0.0
400,down,0.0,0.98,11,0.0
400,down,0.5,0.98,0,0.0
400,down,0.5,0.98,1,0.0
400,down,0.5,0.98,2,0.0
400,down,0.5,0.98,3,0.0
400,down,0.5,0.98,4,0.0
400,down,0.5,0.98,5,0.0
400,down,0.5,0.98,6,0.0
400,down,0.5,0.98,7,0.0
400,down,0.5,0.98,8,0.0
400,down,0.5,0.98,9,0.0
400,down,0.5,0.98,10,0.0
400,down,0.5,0.98,11,0.0
400,down,2.0,0.98,0,0.0
400,down,2.0,0.98,1,0.0
400,down,2.0,0.98,2,0.0
400,down,2.0,0.98,3,0.0
400,down,2.0,0.98,4,0.0
400,down,2.0,0.98,5,0.0
400,down,2.0,0.98,6,0.0
400,down,2.0,0.98,7,0.0
400,down,2.0,0.98,8,0.0
400,down,2.0,0.98,9,0.0
400,down,2.0,0.98,10,0.0
400,down,2.0,0.98,11,0.0
400,fresh,0.0,0.99,0,0.0
400,fresh,0.0,0.99,1,0.0
400,fresh,0.0,0.99,2,0.0
400,fresh,0.0,0.99,3,0.0
400,fresh,0.0,0.99,4,0.0
400,fresh,0.0,0.99,5,0.0
400,fresh,0.0,0.99,6,0.0
400,fresh,0.0,0.99,7,0.0
400,fresh,0.0,0.99,8,0.0
400,fresh,0.0,0.99,9,0.0
400,fresh,0.0,0.99,10,0.0
400,fresh,0.0,0.99,11,0.0
400,fresh,0.5,0.99,0,0.0
400,fresh,0.5,0.99,1,0.0
400,fresh,0.5,0.99,2,0.0
400,fresh,0.5,0.99,3,0.0
400,fresh,0.5,0.99,4,0.0
400,fresh,0.5,0.99,5,0.0
400,fresh,0.5,0.99,6,0.0
400,fresh,0.5,0.99,7,0.0
400,fresh,0.5,0.99,8,0.0
400,fresh,0.5,0.99,9,0.0
400,fresh,0.5,0.99,10,0.0
400,fresh,0.5,0.99,11,0.0
400,fresh,2.0,0.99,0,1.1368482377704936e-10
400,fresh,2.0,0.99,1,1.3489315442427596e-10
400,fresh,2.0,0.99,2,1.16060827615172e-10
400,fresh,2.0,0.99,3,1.2217809208792118e-10
400,fresh,2.0,0.99,4,1.1656708487350897e-10
400,fresh,2.0,0.99,5,1.1747923744920285e-10
400,fresh,2.0,0.99,6,1.260024018456818e-10
400,fresh,2.0,0.99,7,7.857628325780297e-11
400,fresh,2.0,0.99,8,1.2494341561364308e-10
400,fresh,2.0,0.99,9,6.547258291078606e-11
400,fresh,2.0,0.99,10,7.904072063524836e-11
400,fresh,2.0,0.99,11,1.381450953630292e-10
400,up,0.0,0.99,0,0.0
400,up,0.0,0.99,1,0.0
400,up,0.0,0.99,2,0.0
400,up,0.0,0.99,3,0.0
400,up,0.0,0.99,4,0.0
400,up,0.0,0.99,5,0.0
400,up,0.0,0.99,6,0.0
400,up,0.0,0.99,7,0.0
400,up,0.0,0.99,8,0.0
400,up,0.0,0.99,9,0.0
400,up,0.0,0.99,10,0.0
400,up,0.0,0.99,11,0.0
400,up,0.5,0.99,0,0.0
400,up,0.5,0.99,1,0.0
400,up,0.5,0.99,2,0.0
400,up,0.5,0.99,3,0.0
400,up,0.5,0.99,4,0.0
400,up,0.5,0.99,5,0.0
400,up,0.5,0.99,6,0.0
400,up,0.5,0.99,7,0.0
400,up,0.5,0.99,8,0.0
400,up,0.5,0.99,9,0.0
400,up,0.5,0.99,10,0.0
400,up,0.5,0.99,11,0.0
400,up,2.0,0.99,0,2.161090639773988e-11
400,up,2.0,0.99,1,2.1610908618185932e-11
400,up,2.0,0.99,2,2.161090639773988e-11
400,up,2.0,0.99,3,2.161090639773988e-11
400,up,2.0,0.99,4,2.161090639773988e-11
400,up,2.0,0.99,5,2.161090639773988e-11
400,up,2.0,0.99,6,2.161090639773988e-11
400,up,2.0,0.99,7,2.161090639773988e-11
400,up,2.0,0.99,8,2.161090639773988e-11
400,up,2.0,0.99,9,2.161090639773988e-11
400,up,2.0,0.99,10,2.161090639773988e-11
400,up,2.0,0.99,11,2.161090639773988e-11
400,down,0.0,0.99,0,0.0
400,down,0.0,0.99,1,0.0
400,down,0.0,0.99,2,0.0
400,down,0.0,0.99,3,0.0
400,down,0.0,0.99,4,0.0
400,down,0.0,0.99,5,0.0
400,down,0.0,0.99,6,0.0
400,down,0.0,0.99,7,0.0
400,down,0.0,0.99,8,0.0
400,down,0.0,0.99,9,0.0
400,down,0.0,0.99,10,0.0
400,down,0.0,0.99,11,0.0
400,down,0.5,0.99,0,0.0
400,down,0.5,0.99,1,0.0
400,down,0.5,0.99,2,0.0
400,down,0.5,0.99,3,0.0
400,down,0.5,0.99,4,0.0
400,down,0.5,0.99,5,0.0
400,down,0.5,0.99,6,0.0
400,down,0.5,0.99,7,0.0
400,down,0.5,0.99,8,0.0
400,down,0.5,0.99,9,0.0
400,down,0.5,0.99,10,0.0
400,down,0.5,0.99,11,0.0
400,down,2.0,0.99,0,-2.1525323745663628e-11
400,down,2.0,0.99,1,-2.1238406588963698e-11
400,down,2.0,0.99,2,-2.1233859115454835e-11
400,down,2.0,0.99,3,-2.1228174773568753e-11
400,down,2.0,0.99,4,-2.1236132852209265e-11
400,down,2.0,0.99,5,-2.1240111891529524e-11
400,down,2.0,0.99,6,-2.1236701286397876e-11
400,down,2.0,0.99,7,-2.1235564418020657e-11
400,down,2.0,0.99,8,-2.1236132852209265e-11
400,down,2.0,0.99,9,-2.1236701286397876e-11
400,down,2.0,0.99,10,-2.1252049009490293e-11
400,down,2.0,0.99,11,-2.1237269720586483e-11
400,fresh,0.0,0.995,0,0.0
400,fresh,0.0,0.995,1,0.0
400,fresh,0.0,0.995,2,0.0
400,fresh,0.0,0.995,3,0.0
400,fresh,0.0,0.995,4,0.0
400,fresh,0.0,0.995,5,0.0
400,fresh,0.0,0.995,6,0.0
400,fresh,0.0,0.995,7,0.0
400,fresh,0.0,0.995,8,0.0
400,fresh,0.0,0.995,9,0.0
400,fresh,0.0,0.995,10,0.0
400,fresh,0.0,0.995,11,0.0
400,fresh,0.5,0.995,0,0.0
400,fresh,0.5,0.995,1,0.0
400,fresh,0.5,0.995,2,0.0
400,fresh,0.5,0.995,3,0.0
400,fresh,0.5,0.995,4,0.0
400,fresh,0.5,0.995,5,0.0
400,fresh,0.5,0.995,6,0.0
400,fresh,0.5,0.995,7,0.0
400,fresh,0.5,0.995,8,0.0
400,fresh,0.5,0.995,9,0.0
400,fresh,0.5,0.995,10,0.0
400,fresh,0.5,0.995,11,0.0
400,fresh,2.0,0.995,0,1.1432118112164601e-08
400,fresh,2.0,0.995,1,1.2898422860896375e-08
400,fresh,2.0,0.995,2,1.1600662075395007e-08
400,fresh,2.0,0.995,3,1.2029232205890139e-08
400,fresh,2.0,0.995,4,1.1636518633117986e-08
400,fresh,2.0,0.995,5,1.1700718369755947e-08
400,fresh,2.0,0.995,6,1.229355433229884e-08
400,fresh,2.0,0.995,7,8.833491604853805e-09
400,fresh,2.0,0.995,8,1.222083741758695e-08
400,fresh,2.0,0.995,9,7.762982856540646e-09
400,fresh,2.0,0.995,10,8.864023042232105e-09
400,fresh,2.0,0.995,11,1.3114452848128622e-08
400,up,0.0,0.995,0,0.0
400,up,0.0,0.995,1,0.0
400,up,0.0,0.995,2,0.0
400,up,0.0,0.995,3,0.0
400,up,0.0,0.995,4,0.0
400,up,0.0,0.995,5,0.0
400,up,0.0,0.995,6,0.0
400,up,0.0,0.995,7,0.0
400,up,0.0,0.995,8,0.0
400,up,0.0,0.995,9,0.0
400,up,0.0,0.995,10,0.0
400,up,0.0,0.995,11,0.0
400,up,0.5,0.995,0,0.0
400,up,0.5,0.995,1,0.0
400,up,0.5,0.995,2,0.0
400,up,0.5,0.995,3,0.0
400,up,0.5,0.995,4,0.0
400,up,0.5,0.995,5,0.0
400,up,0.5,0.995,6,0.0
400,up,0.5,0.995,7,0.0
400,up,0.5,0.995,8,0.0
400,up,0.5,0.995,9,0.0
400,up,0.5,0.995,10,0.0
400,up,0.5,0.995,11,0.0
400,up,2.0,0.995,0,2.105693461817992e-09
400,up,2.0,0.995,1,2.1056934607077693e-09
400,up,2.0,0.995,2,2.105693461817992e-09
400,up,2.0,0.995,3,2.105693461817992e-09
400,up,2.0,0.995,4,2.105693461817992e-09
400,up,2.0,0.995,5,2.105693461817992e-09
400,up,2.0,0.995,6,2.105693461817992e-09
400,up,2.0,0.995,7,2.105693461817992e-09
400,up,2.0,0.995,8,2.105693461817992e-09
400,up,2.0,0.995,9,2.105693461817992e-09
400,up,2.0,0.995,10,2.105693461817992e-09
400,up,2.0,0.995,11,2.105693461817992e-09
400,down,0.0,0.995,0,0.0
400,down,0.0,0.995,1,0.0
400,down,0.0,0.995,2,0.0
400,down,0.0,0.995,3,0.0
400,down,0.0,0.995,4,0.0
400,down,0.0,0.995,5,0.0
400,down,0.0,0.995,6,0.0
400,down,0.0,0.995,7,0.0
400,down,0.0,0.995,8,0.0
400,down,0.0,0.995,9,0.0
400,down,0.0,0.995,10,0.0
400,down,0.0,0.995,11,0.0
400,down,0.5,0.995,0,0.0
400,down,0.5,0.995,1,0.0
400,down,0.5,0.995,2,0.0
400,down,0.5,0.995,3,0.0
400,down,0.5,0.995,4,0.0
400,down,0.5,0.995,5,0.0
400,down,0.5,0.995,6,0.0
400,down,0.5,0.995,7,0.0
400,down,0.5,0.995,8,0.0
400,down,0.5,0.995,9,0.0
400,down,0.5,0.995,10,0.0
400,down,0.5,0.995,11,0.0
400,down,2.0,0.995,0,-3.4410929856676374e-08
400,down,2.0,0.995,1,-8.117829679576971e-09
400,down,2.0,0.995,2,-6.793429747631308e-09
400,down,2.0,0.995,3,-5.890006491426902e-09
400,down,2.0,0.995,4,-7.437226940965047e-09
400,down,2.0,0.995,5,-8.905836921258015e-09
400,down,2.0,0.995,6,-7.331827305279148e-09
400,down,2.0,0.995,7,-6.992819976403553e-09
400,down,2.0,0.995,8,-7.3475575845805e-09
400,down,2.0,0.995,9,-7.759462619105762e-09
400,down,2.0,0.995,10,-1.2182701993879163e-08
400,down,2.0,0.995,11,-7.914192678981636e-09
400,fresh,0.0,1.0,0,8.373591323340702e-06
400,fresh,0.0,1.0,1,8.341826201998526e-06
400,fresh,0.0,1.0,2,8.04222931042542e-06
400,fresh,0.0,1.0,3,8.329119536929496e-06
400,fresh,0.0,1.0,4,8.320692189429657e-06
400,fresh,0.0,1.0,5,8.32251425584074e-06
400,fresh,0.0,1.0,6,8.325688357235794e-06
400,fresh,0.0,1.0,7,8.253952669743381e-06
400,fresh,0.0,1.0,8,8.332448614774002e-06
400,fresh,0.0,1.0,9,8.350954873928008e-06
400,fresh,0.0,1.0,10,8.352150343018394e-06
400,fresh,0.0,1.0,11,8.341468552415244e-06
400,fresh,0.5,1.0,0,1.6502582719886137e-05
400,fresh,0.5,1.0,1,1.6711486581526546e-05
400,fresh,0.5,1.0,2,1.661307907899756e-05
400,fresh,0.5,1.0,3,1.6650737386962876e-05
400,fresh,0.5,1.0,4,1.6618460347255225e-05
400,fresh,0.5,1.0,5,1.66237248875345e-05
400,fresh,0.5,1.0,6,1.6683127229701888e-05
400,fresh,0.5,1.0,7,1.6356894485247685e-05
400,fresh,0.5,1.0,8,1.6667040667663893e-05
400,fresh,0.5,1.0,9,1.674920422429338e-05
400,fresh,0.5,1.0,10,1.6814760878096635e-05
400,fresh,0.5,1.0,11,1.6728911058732087e-05
400,fresh,2.0,1.0,0,4.125818355714461e-05
400,fresh,2.0,1.0,1,4.19886102943412e-05
400,fresh,2.0,1.0,2,4.134599497981561e-05
400,fresh,2.0,1.0,3,4.156447488806725e-05
400,fresh,2.0,1.0,4,4.1364584861474097e-05
400,fresh,2.0,1.0,5,4.1397612020774856e-05
400,fresh,2.0,1.0,6,4.169601261668987e-05
400,fresh,2.0,1.0,7,3.977499649360894e-05
400,fresh,2.0,1.0,8,4.166016391268901e-05
400,fresh,2.0,1.0,9,3.905141604192197e-05
400,fresh,2.0,1.0,10,3.9790646158259775e-05
400,fresh,2.0,1.0,11,4.2089485314837914e-05
400,up,0.0,1.0,0,7.868362231735482e-06
400,up,0.0,1.0,1,7.868362231735482e-06
400,up,0.0,1.0,2,7.868362231735482e-06
400,up,0.0,1.0,3,7.868362231735482e-06
400,up,0.0,1.0,4,7.868362231735482e-06
400,up,0.0,1.0,5,7.868362231735482e-06
400,up,0.0,1.0,6,7.868362231735482e-06
400,up,0.0,1.0,7,7.868362231735482e-06
400,up,0.0,1.0,8,7.868362231735482e-06
400,up,0.0,1.0,9,7.868362231735482e-06
400,up,0.0,1.0,10,7.868362231735482e-06
400,up,0.0,1.0,11,7.868362231735482e-06
400,up,0.5,1.0,0,1.4882888724261356e-05
400,up,0.5,1.0,1,1.4882888724263577e-05
400,up,0.5,1.0,2,1.4882888724261356e-05
400,up,0.5,1.0,3,1.4882888724261356e-05
400,up,0.5,1.0,4,1.4882888724261356e-05
400,up,0.5,1.0,5,1.4882888724261356e-05
400,up,0.5,1.0,6,1.4882888724261356e-05
400,up,0.5,1.0,7,1.4882888724261356e-05
400,up,0.5,1.0,8,1.4882888724261356e-05
400,up,0.5,1.0,9,1.4882888724261356e-05
400,up,0.5,1.0,10,1.4882888724261356e-05
400,up,0.5,1.0,11,1.4882888724261356e-05
400,up,2.0,1.0,0,3.1755771303185746e-05
400,up,2.0,1.0,1,3.1755771303191295e-05
400,up,2.0,1.0,2,3.1755771303185746e-05
400,up,2.0,1.0,3,3.1755771303185746e-05
400,up,2.0,1.0,4,3.1755771303185746e-05
400,up,2.0,1.0,5,3.1755771303185746e-05
400,up,2.0,1.0,6,3.1755771303185746e-05
400,up,2.0,1.0,7,3.1755771303185746e-05
400,up,2.0,1.0,8,3.1755771303185746e-05
400,up,2.0,1.0,9,3.1755771303185746e-05
400,up,2.0,1.0,10,3.1755771303185746e-05
400,up,2.0,1.0,11,3.1755771303185746e-05
400,down,0.0,1.0,0,7.898438286702004e-06
400,down,0.0,1.0,1,7.478171021375601e-06
400,down,0.0,1.0,2,8.020929599297232e-06
400,down,0.0,1.0,3,7.10459725723922e-06
400,down,0.0,1.0,4,6.096013105434395e-06
400,down,0.0,1.0,5,6.617305073177704e-06
400,down,0.0,1.0,6,9.327708407909086e-06
400,down,0.0,1.0,7,8.90814485728697e-06
400,down,0.0,1.0,8,7.186102750438295e-06
400,down,0.0,1.0,9,7.713128527484515e-06
400,down,0.0,1.0,10,7.591178589336778e-06
400,down,0.0,1.0,11,7.094769121067656e-06
400,down,0.5,1.0,0,1.6105403797155305e-05
400,down,0.5,1.0,1,7.054563855035667e-07
400,down,0.5,1.0,2,1.2974442746553905e-05
400,down,0.5,1.0,3,1.0795623488775163e-05
400,down,0.5,1.0,4,1.5741490312848327e-05
400,down,0.5,1.0,5,2.0286916438863045e-05
400,down,0.5,1.0,6,1.8371271991100003e-05
400,down,0.5,1.0,7,1.6590161802696457e-05
400,down,0.5,1.0,8,1.1084186133984986e-05
400,down,0.5,1.0,9,6.788092875922303e-06
400,down,0.5,1.0,10,6.111847517331625e-06
400,down,0.5,1.0,11,1.4398429802895407e-05
400,down,2.0,1.0,0,0.0029053925939280132
400,down,2.0,1.0,1,3.2211763921168314e-05
400,down,2.0,1.0,2,4.855661369276731e-05
400,down,2.0,1.0,3,6.009623524221297e-05
400,down,2.0,1.0,4,4.048890983085585e-05
400,down,2.0,1.0,5,2.3134051428996826e-05
400,down,2.0,1.0,6,4.179660948636865e-05
400,down,2.0,1.0,7,4.60393676911508e-05
400,down,2.0,1.0,8,4.160114302067086e-05
400,down,2.0,1.0,9,3.6530281875570835e-05
400,down,2.0,1.0,10,7.207661383290542e-09
400,down,2.0,1.0,11,3.465375097448486e-05
400,fresh,0.0,1.005,0,0.1892245083269577
400,fresh,0.0,1.005,1,0.1892735499519207
400,fresh,0.0,1.005,2,0.2154108561080522
400,fresh,0.0,1.005,3,0.18929670842323104
400,fresh,0.0,1.005,4,0.18931414606616911
400,fresh,0.0,1.005,5,0.189310088751442
400,fresh,0.0,1.005,6,0.18931082757158274
400,fresh,0.0,1.005,7,0.18950083174344068
400,fresh,0.0,1.005,8,0.18929055029245967
400,fresh,0.0,1.005,9,0.18925713238518913
400,fresh,0.0,1.005,10,0.1892576333607583
400,fresh,0.0,1.005,11,0.1892765327942637
400,fresh,0.5,1.005,0,0.03759833182554145
400,fresh,0.5,1.005,1,0.12407989272081069
400,fresh,0.5,1.005,2,0.0545476142151907
400,fresh,0.5,1.005,3,0.12402880815319182
400,fresh,0.5,1.005,4,0.12401343145075075
400,fresh,0.5,1.005,5,0.1240079070452679
400,fresh,0.5,1.005,6,0.12402205943735034
400,fresh,0.5,1.005,7,0.045563349388744845
400,fresh,0.5,1.005,8,0.12404714919114476
400,fresh,0.5,1.005,9,0.12409427111982634
400,fresh,0.5,1.005,10,0.12399609616274272
400,fresh,0.5,1.005,11,0.12407871032822648
400,fresh,2.0,1.005,0,0.025020334331532387
400,fresh,2.0,1.005,1,0.059895525646856934
400,fresh,2.0,1.005,2,0.024749203195610914
400,fresh,2.0,1.005,3,0.059402292053046785
400,fresh,2.0,1.005,4,0.059299928868432515
400,fresh,2.0,1.005,5,0.05921819292359079
400,fresh,2.0,1.005,6,0.059911109580059206
400,fresh,2.0,1.005,7,0.006790428757638978
400,fresh,2.0,1.005,8,0.0595216887924221
400,fresh,2.0,1.005,9,0.0032314436263318046
400,fresh,2.0,1.005,10,0.004704375027856198
400,fresh,2.0,1.005,11,0.06008359012859403
400,up,0.0,1.005,0,0.1939891576609606
400,up,0.0,1.005,1,0.1939891576609606
400,up,0.0,1.005,2,0.1939891576609606
400,up,0.0,1.005,3,0.1939891576609606
400,up,0.0,1.005,4,0.1939891576609606
400,up,0.0,1.005,5,0.1939891576609606
400,up,0.0,1.005,6,0.1939891576609606
400,up,0.0,1.005,7,0.1939891576609606
400,up,0.0,1.005,8,0.1939891576609606
400,up,0.0,1.005,9,0.1939891576609606
400,up,0.0,1.005,10,0.1939891576609606
400,up,0.0,1.005,11,0.1939891576609606
400,up,0.5,1.005,0,0.0657034496330558
400,up,0.5,1.005,1,0.06570344963305866
400,up,0.5,1.005,2,0.0657034496330558
400,up,0.5,1.005,3,0.0657034496330558
400,up,0.5,1.005,4,0.0657034496330558
400,up,0.5,1.005,5,0.0657034496330558
400,up,0.5,1.005,6,0.0657034496330558
400,up,0.5,1.005,7,0.0657034496330558
400,up,0.5,1.005,8,0.0657034496330558
400,up,0.5,1.005,9,0.0657034496330558
400,up,0.5,1.005,10,0.0657034496330558
400,up,0.5,1.005,11,0.0657034496330558
400,up,2.0,1.005,0,0.01801237403922318
400,up,2.0,1.005,1,0.018012374039245424
400,up,2.0,1.005,2,0.01801237403922318
400,up,2.0,1.005,3,0.01801237403922318
400,up,2.0,1.005,4,0.01801237403922318
400,up,2.0,1.005,5,0.01801237403922318
400,up,2.0,1.005,6,0.01801237403922318
400,up,2.0,1.005,7,0.01801237403922318
400,up,2.0,1.005,8,0.01801237403922318
400,up,2.0,1.005,9,0.01801237403922318
400,up,2.0,1.005,10,0.01801237403922318
400,up,2.0,1.005,11,0.01801237403922318
400,down,0.0,1.005,0,0.18911904210865715
400,down,0.0,1.005,1,0.18922295322063065
400,down,0.0,1.005,2,0.18955460735440738
400,down,0.0,1.005,3,0.1893458265298386
400,down,0.0,1.005,4,0.18958483699752376
400,down,0.0,1.005,5,0.18949232233229624
400,down,0.0,1.005,6,0.1912066443357071
400,down,0.0,1.005,7,0.24333084470674293
400,down,0.0,1.005,8,0.18931562670180938
400,down,0.0,1.005,9,0.1891444076559037
400,down,0.0,1.005,10,0.18919994544448854
400,down,0.0,1.005,11,0.1893382174661133
400,down,0.5,1.005,0,0.06168901276667839
400,down,0.5,1.005,1,0.034650218781827107
400,down,0.5,1.005,2,0.039494752513846834
400,down,0.5,1.005,3,0.035434948503318534
400,down,0.5,1.005,4,0.06147520238938682
400,down,0.5,1.005,5,0.06259515706993057
400,down,0.5,1.005,6,0.06073025684908885
400,down,0.5,1.005,7,0.061773954823032676
400,down,0.5,1.005,8,0.03560983035635786
400,down,0.5,1.005,9,0.03469902780910843
400,down,0.5,1.005,10,0.0346586523581152
400,down,0.5,1.005,11,0.058586415848143364
400,down,2.0,1.005,0,0.0033331201498191373
400,down,2.0,1.005,1,0.029118024498267232
400,down,2.0,1.005,2,0.029894076090614022
400,down,2.0,1.005,3,0.027212308340852476
400,down,2.0,1.005,4,0.03028431171383488
400,down,2.0,1.005,5,0.0076357164842420396
400,down,2.0,1.005,6,0.03029570852717143
400,down,2.0,1.005,7,0.030112174012755302
400,down,2.0,1.005,8,0.030280285347095627
400,down,2.0,1.005,9,0.03007228333006594
400,down,2.0,1.005,10,0.003123432783647786
400,down,2.0,1.005,11,0.02979627904946881
400,fresh,0.0,1.01,0,0.29080749313018556
400,fresh,0.0,1.01,1,0.3041289570918658
400,fresh,0.0,1.01,2,0.30702751404903694
400,fresh,0.0,1.01,3,0.30628496045953013
400,fresh,0.0,1.01,4,0.3071276980980528
400,fresh,0.0,1.01,5,0.3069917019501166
400,fresh,0.0,1.01,6,0.3051217220877891
400,fresh,0.0,1.01,7,0.31020962662425944
400,fresh,0.0,1.01,8,0.30578641827181396
400,fresh,0.0,1.01,9,0.3024494112247459
400,fresh,0.0,1.01,10,0.30026968959001593
400,fresh,0.0,1.01,11,0.3031586541953271
400,fresh,0.5,1.01,0,0.06486522035296075
400,fresh,0.5,1.01,1,0.14056302590522912
400,fresh,0.5,1.01,2,0.06500905011061728
400,fresh,0.5,1.01,3,0.1723216850383814
400,fresh,0.5,1.01,4,0.17160469239394766
400,fresh,0.5,1.01,5,0.17508940485156033
400,fresh,0.5,1.01,6,0.12767777680014447
400,fresh,0.5,1.01,7,0.06492460727376861
400,fresh,0.5,1.01,8,0.16331669562265816
400,fresh,0.5,1.01,9,0.1400370923303113
400,fresh,0.5,1.01,10,0.12728401168062242
400,fresh,0.5,1.01,11,0.1293908737049292
400,fresh,2.0,1.01,0,0.0308107517669057
400,fresh,2.0,1.01,1,0.06227752929715736
400,fresh,2.0,1.01,2,0.030827910665209204
400,fresh,2.0,1.01,3,0.062256116588648935
400,fresh,2.0,1.01,4,0.06223709001696959
400,fresh,2.0,1.01,5,0.06224283652035327
400,fresh,2.0,1.01,6,0.0622403077625123
400,fresh,2.0,1.01,7,0.030189731007051693
400,fresh,2.0,1.01,8,0.06226233759454963
400,fresh,2.0,1.01,9,0.03174278125796128
400,fresh,2.0,1.01,10,0.021066194307613556
400,fresh,2.0,1.01,11,0.0622702308706004
400,up,0.0,1.01,0,0.25510053759700324
400,up,0.0,1.01,1,0.25510053759700324
400,up,0.0,1.01,2,0.25510053759700324
400,up,0.0,1.01,3,0.25510053759700324
400,up,0.0,1.01,4,0.25510053759700324
400,up,0.0,1.01,5,0.25510053759700324
400,up,0.0,1.01,6,0.25510053759700324
400,up,0.0,1.01,7,0.25510053759700324
400,up,0.0,1.01,8,0.25510053759700324
400,up,0.0,1.01,9,0.25510053759700324
400,up,0.0,1.01,10,0.25510053759700324
400,up,0.0,1.01,11,0.25510053759700324
400,up,0.5,1.01,0,0.12686821047068264
400,up,0.5,1.01,1,0.12686821047068086
400,up,0.5,1.01,2,0.12686821047068264
400,up,0.5,1.01,3,0.12686821047068264
400,up,0.5,1.01,4,0.12686821047068264
400,up,0.5,1.01,5,0.12686821047068264
400,up,0.5,1.01,6,0.12686821047068264
400,up,0.5,1.01,7,0.12686821047068264
400,up,0.5,1.01,8,0.12686821047068264
400,up,0.5,1.01,9,0.12686821047068264
400,up,0.5,1.01,10,0.12686821047068264
400,up,0.5,1.01,11,0.12686821047068264
400,up,2.0,1.01,0,0.06221804848928383
400,up,2.0,1.01,1,0.062218048489284236
400,up,2.0,1.01,2,0.06221804848928383
400,up,2.0,1.01,3,0.06221804848928383
400,up,2.0,1.01,4,0.06221804848928383
400,up,2.0,1.01,5,0.06221804848928383
400,up,2.0,1.01,6,0.06221804848928383
400,up,2.0,1.01,7,0.06221804848928383
400,up,2.0,1.01,8,0.06221804848928383
400,up,2.0,1.01,9,0.06221804848928383
400,up,2.0,1.01,10,0.06221804848928383
400,up,2.0,1.01,11,0.06221804848928383
400,down,0.0,1.01,0,0.2552227754163164
400,down,0.0,1.01,1,0.2799339804600595
400,down,0.0,1.01,2,0.2582703729854006
400,down,0.0,1.01,3,0.3026155935654856
400,down,0.0,1.01,4,0.30915125437635654
400,down,0.0,1.01,5,0.30915881727740496
400,down,0.0,1.01,6,0.283579019846602
400,down,0.0,1.01,7,0.30852705974907624
400,down,0.0,1.01,8,0.28659976636456574
400,down,0.0,1.01,9,0.2579373791086027
400,down,0.0,1.01,10,0.2780747546607608
400,down,0.0,1.01,11,0.2825137549822284
400,down,0.5,1.01,0,0.06748681944498686
400,down,0.5,1.01,1,0.09576588502021537
400,down,0.5,1.01,2,0.06527618943432344
400,down,0.5,1.01,3,0.06761039224368005
400,down,0.5,1.01,4,0.06527839469474657
400,down,0.5,1.01,5,0.09177579497675196
400,down,0.5,1.01,6,0.0905286799610883
400,down,0.5,1.01,7,0.08020648338658361
400,down,0.5,1.01,8,0.06648075107040313
400,down,0.5,1.01,9,0.07053984630612489
400,down,0.5,1.01,10,0.07390907907946256
400,down,0.5,1.01,11,0.06484231253133202
400,down,2.0,1.01,0,0.030855942924351183
400,down,2.0,1.01,1,0.030882220707727014
400,down,2.0,1.01,2,0.031185524930079395
400,down,2.0,1.01,3,0.031131264609384743
400,down,2.0,1.01,4,0.031178396620462654
400,down,2.0,1.01,5,0.017736599879771688
400,down,2.0,1.01,6,0.031189617241186057
400,down,2.0,1.01,7,0.03119191649670995
400,down,2.0,1.01,8,0.031183392635633137
400,down,2.0,1.01,9,0.031111796350033385
400,down,2.0,1.01,10,0.030501768910463627
400,down,2.0,1.01,11,0.031052295302746984
400,fresh,0.0,1.02,0,0.38146858443562837
400,fresh,0.0,1.02,1,0.3805823540276494
400,fresh,0.0,1.02,2,0.3873473131217969
400,fresh,0.0,1.02,3,0.38035508279274777
400,fresh,0.0,1.02,4,0.38024563116141796
400,fresh,0.0,1.02,5,0.38026481338030493
400,fresh,0.0,1.02,6,0.3804303257600147
400,fresh,0.0,1.02,7,0.37986941325448853
400,fresh,0.0,1.02,8,0.3804116241798703
400,fresh,0.0,1.02,9,0.3807515814939167
400,fresh,0.0,1.02,10,0.3808547024973542
400,fresh,0.0,1.02,11,0.38063188121135727
400,fresh,0.5,1.02,0,0.12278621316976276
400,fresh,0.5,1.02,1,0.18982497659093972
400,fresh,0.5,1.02,2,0.11267846979938746
400,fresh,0.5,1.02,3,0.19048026600527215
400,fresh,0.5,1.02,4,0.1903894694283189
400,fresh,0.5,1.02,5,0.1906300591722706
400,fresh,0.5,1.02,6,0.1893019541824055
400,fresh,0.5,1.02,7,0.09986793480605763
400,fresh,0.5,1.02,8,0.19020247010844904
400,fresh,0.5,1.02,9,0.1898642552626894
400,fresh,0.5,1.02,10,0.18942622759014682
400,fresh,0.5,1.02,11,0.18941474990215074
400,fresh,2.0,1.02,0,0.036179251243551605
400,fresh,2.0,1.02,1,0.11352188501882243
400,fresh,2.0,1.02,2,0.03536162866959752
400,fresh,2.0,1.02,3,0.11713320969057961
400,fresh,2.0,1.02,4,0.11639282509806914
400,fresh,2.0,1.02,5,0.11723377644052502
400,fresh,2.0,1.02,6,0.09206963989847218
400,fresh,2.0,1.02,7,0.03403882519456171
400,fresh,2.0,1.02,8,0.1168265669168446
400,fresh,2.0,1.02,9,0.05977578921360829
400,fresh,2.0,1.02,10,0.034609637456104334
400,fresh,2.0,1.02,11,0.09703410241877845
400,up,0.0,1.02,0,0.41831329395314126
400,up,0.0,1.02,1,0.41831329395314126
400,up,0.0,1.02,2,0.41831329395314126
400,up,0.0,1.02,3,0.41831329395314126
400,up,0.0,1.02,4,0.41831329395314126
400,up,0.0,1.02,5,0.41831329395314126
400,up,0.0,1.02,6,0.41831329395314126
400,up,0.0,1.02,7,0.41831329395314126
400,up,0.0,1.02,8,0.41831329395314126
400,up,0.0,1.02,9,0.41831329395314126
400,up,0.0,1.02,10,0.41831329395314126
400,up,0.0,1.02,11,0.41831329395314126
400,up,0.5,1.02,0,0.20237930598790327
400,up,0.5,1.02,1,0.2023793059880291
400,up,0.5,1.02,2,0.20237930598790327
400,up,0.5,1.02,3,0.20237930598790327
400,up,0.5,1.02,4,0.20237930598790327
400,up,0.5,1.02,5,0.20237930598790327
400,up,0.5,1.02,6,0.20237930598790327
400,up,0.5,1.02,7,0.20237930598790327
400,up,0.5,1.02,8,0.20237930598790327
400,up,0.5,1.02,9,0.20237930598790327
400,up,0.5,1.02,10,0.20237930598790327
400,up,0.5,1.02,11,0.20237930598790327
400,up,2.0,1.02,0,0.06474628822172278
400,up,2.0,1.02,1,0.06474628822172264
400,up,2.0,1.02,2,0.06474628822172278
400,up,2.0,1.02,3,0.06474628822172278
400,up,2.0,1.02,4,0.06474628822172278
400,up,2.0,1.02,5,0.06474628822172278
400,up,2.0,1.02,6,0.06474628822172278
400,up,2.0,1.02,7,0.06474628822172278
400,up,2.0,1.02,8,0.06474628822172278
400,up,2.0,1.02,9,0.06474628822172278
400,up,2.0,1.02,10,0.06474628822172278
400,up,2.0,1.02,11,0.06474628822172278
400,down,0.0,1.02,0,0.38266388868310286
400,down,0.0,1.02,1,0.3802579417929974
400,down,0.0,1.02,2,0.40546966848469085
400,down,0.0,1.02,3,0.38035927733476005
400,down,0.0,1.02,4,0.38296670133277755
400,down,0.0,1.02,5,0.3814348068414893
400,down,0.0,1.02,6,0.40577139872654017
400,down,0.0,1.02,7,0.4342738239767846
400,down,0.0,1.02,8,0.3803756515581949
400,down,0.0,1.02,9,0.3803111925822327
400,down,0.0,1.02,10,0.3810657439394981
400,down,0.0,1.02,11,0.381628239117731
400,down,0.5,1.02,0,0.09965755321778147
400,down,0.5,1.02,1,0.12986309464783402
400,down,0.5,1.02,2,0.15301501037901288
400,down,0.5,1.02,3,0.12135408586600192
400,down,0.5,1.02,4,0.10022901636332904
400,down,0.5,1.02,5,0.18957970940008861
400,down,0.5,1.02,6,0.1243387517197084
400,down,0.5,1.02,7,0.09913319486974842
400,down,0.5,1.02,8,0.1412786595473699
400,down,0.5,1.02,9,0.10120099426554588
400,down,0.5,1.02,10,0.11982950501691449
400,down,0.5,1.02,11,0.12172680643281977
400,down,2.0,1.02,0,0.057852613282152986
400,down,2.0,1.02,1,0.03386182998718709
400,down,2.0,1.02,2,0.0540053720905351
400,down,2.0,1.02,3,0.05645380742853888
400,down,2.0,1.02,4,0.03538582213757195
400,down,2.0,1.02,5,0.05484556355352084
400,down,2.0,1.02,6,0.03924144785143881
400,down,2.0,1.02,7,0.051327477620385906
400,down,2.0,1.02,8,0.03607323382603113
400,down,2.0,1.02,9,0.03434267290371395
400,down,2.0,1.02,10,0.05768143880409013
400,down,2.0,1.02,11,0.03395911143546698
400,fresh,0.0,1.05,0,0.630460865187205
400,fresh,0.0,1.05,1,0.6308258109154719
400,fresh,0.0,1.05,2,0.6438485032731456
400,fresh,0.0,1.05,3,0.6310614366260605
400,fresh,0.0,1.05,4,0.6312891733417143
400,fresh,0.0,1.05,5,0.6312284679236546
400,fresh,0.0,1.05,6,0.6314310557310367
400,fresh,0.0,1.05,7,0.6363092574128845
400,fresh,0.0,1.05,8,0.6309977542590878
400,fresh,0.0,1.05,9,0.630662982664614
400,fresh,0.0,1.05,10,0.630712258101658
400,fresh,0.0,1.05,11,0.6309043101278105
400,fresh,0.5,1.05,0,0.18963241182631657
400,fresh,0.5,1.05,1,0.31648743847528193
400,fresh,0.5,1.05,2,0.18759968327098703
400,fresh,0.5,1.05,3,0.3153873718219391
400,fresh,0.5,1.05,4,0.315335424130963
400,fresh,0.5,1.05,5,0.3153251548018018
400,fresh,0.5,1.05,6,0.31272415516622987
400,fresh,0.5,1.05,7,0.1868063241488077
400,fresh,0.5,1.05,8,0.31551442058407775
400,fresh,0.5,1.05,9,0.3164741015476986
400,fresh,0.5,1.05,10,0.31282860096064535
400,fresh,0.5,1.05,11,0.3123594825786806
400,fresh,2.0,1.05,0,0.08155800207363398
400,fresh,2.0,1.05,1,0.12996289894662794
400,fresh,2.0,1.05,2,0.08512153449326056
400,fresh,2.0,1.05,3,0.1275548327390416
400,fresh,2.0,1.05,4,0.12749518613688338
400,fresh,2.0,1.05,5,0.12727764440414055
400,fresh,2.0,1.05,6,0.12246682572016113
400,fresh,2.0,1.05,7,0.06814161928600143
400,fresh,2.0,1.05,8,0.12789790742048127
400,fresh,2.0,1.05,9,0.09068309269038746
400,fresh,2.0,1.05,10,0.06982234290892687
400,fresh,2.0,1.05,11,0.12305698501334278
400,up,0.0,1.05,0,0.6334323305257624
400,up,0.0,1.05,1,0.6334323305257624
400,up,0.0,1.05,2,0.6334323305257624
400,up,0.0,1.05,3,0.6334323305257624
400,up,0.0,1.05,4,0.6334323305257624
400,up,0.0,1.05,5,0.6334323305257624
400,up,0.0,1.05,6,0.6334323305257624
400,up,0.0,1.05,7,0.6334323305257624
400,up,0.0,1.05,8,0.6334323305257624
400,up,0.0,1.05,9,0.6334323305257624
400,up,0.0,1.05,10,0.6334323305257624
400,up,0.0,1.05,11,0.6334323305257624
400,up,0.5,1.05,0,0.3208286586034052
400,up,0.5,1.05,1,0.32082865860339493
400,up,0.5,1.05,2,0.3208286586034052
400,up,0.5,1.05,3,0.3208286586034052
400,up,0.5,1.05,4,0.3208286586034052
400,up,0.5,1.05,5,0.3208286586034052
400,up,0.5,1.05,6,0.3208286586034052
400,up,0.5,1.05,7,0.3208286586034052
400,up,0.5,1.05,8,0.3208286586034052
400,up,0.5,1.05,9,0.3208286586034052
400,up,0.5,1.05,10,0.3208286586034052
400,up,0.5,1.05,11,0.3208286586034052
400,up,2.0,1.05,0,0.1268085395942444
400,up,2.0,1.05,1,0.12680853959424523
400,up,2.0,1.05,2,0.1268085395942444
400,up,2.0,1.05,3,0.1268085395942444
400,up,2.0,1.05,4,0.1268085395942444
400,up,2.0,1.05,5,0.1268085395942444
400,up,2.0,1.05,6,0.1268085395942444
400,up,2.0,1.05,7,0.1268085395942444
400,up,2.0,1.05,8,0.1268085395942444
400,up,2.0,1.05,9,0.1268085395942444
400,up,2.0,1.05,10,0.1268085395942444
400,up,2.0,1.05,11,0.1268085395942444
400,down,0.0,1.05,0,0.6412553318068672
400,down,0.0,1.05,1,0.6308810929318724
400,down,0.0,1.05,2,0.6493538771139697
400,down,0.0,1.05,3,0.63034562916308
400,down,0.0,1.05,4,0.6307415304655524
400,down,0.0,1.05,5,0.6305819019255658
400,down,0.0,1.05,6,0.6326411011226514
400,down,0.0,1.05,7,0.6419145732177685
400,down,0.0,1.05,8,0.6304176154265246
400,down,0.0,1.05,9,0.6314083291806218
400,down,0.0,1.05,10,0.6335803228532063
400,down,0.0,1.05,11,0.6320456070201976
400,down,0.5,1.05,0,0.18684559837246753
400,down,0.5,1.05,1,0.25381671195181754
400,down,0.5,1.05,2,0.21976609255167887
400,down,0.5,1.05,3,0.27031190565398444
400,down,0.5,1.05,4,0.18547787142072708
400,down,0.5,1.05,5,0.31497599544136734
400,down,0.5,1.05,6,0.1999478581947312
400,down,0.5,1.05,7,0.18618986130341114
400,down,0.5,1.05,8,0.2616708071586675
400,down,0.5,1.05,9,0.1859642185966652
400,down,0.5,1.05,10,0.19274335019870137
400,down,0.5,1.05,11,0.19031822493435813
400,down,2.0,1.05,0,0.08397552155518241
400,down,2.0,1.05,1,0.06618850650073796
400,down,2.0,1.05,2,0.07159943085336096
400,down,2.0,1.05,3,0.08283326137539973
400,down,2.0,1.05,4,0.06667768472216665
400,down,2.0,1.05,5,0.07806985314433348
400,down,2.0,1.05,6,0.06667361923317344
400,down,2.0,1.05,7,0.06943154980003044
400,down,2.0,1.05,8,0.0671856395993575
400,down,2.0,1.05,9,0.06551817699516677
400,down,2.0,1.05,10,0.08380862921034066
400,down,2.0,1.05,11,0.06551183317624407
400,fresh,0.0,1.1,0,0.9353505515557645
400,fresh,0.0,1.1,1,0.9357228501978836
400,fresh,0.0,1.1,2,0.9133642451292292
400,fresh,0.0,1.1,3,0.9354795121814515
400,fresh,0.0,1.1,4,0.9350627054119929
400,fresh,0.0,1.1,5,0.935191955704616
400,fresh,0.0,1.1,6,0.9343500675402578
400,fresh,0.0,1.1,7,0.9220577713603257
400,fresh,0.0,1.1,8,0.9355520109091731
400,fresh,0.0,1.1,9,0.9358724274854666
400,fresh,0.0,1.1,10,0.935600797618107
400,fresh,0.0,1.1,11,0.9354454124420437
400,fresh,0.5,1.1,0,0.31247906178297186
400,fresh,0.5,1.1,1,0.44372455767270225
400,fresh,0.5,1.1,2,0.289945073978066
400,fresh,0.5,1.1,3,0.48542669585376447
400,fresh,0.5,1.1,4,0.4824653908977203
400,fresh,0.5,1.1,5,0.48465854410573006
400,fresh,0.5,1.1,6,0.43773777784890056
400,fresh,0.5,1.1,7,0.2835075690947447
400,fresh,0.5,1.1,8,0.4713143434516348
400,fresh,0.5,1.1,9,0.4457597370412216
400,fresh,0.5,1.1,10,0.43819583725502476
400,fresh,0.5,1.1,11,0.44460902924227985
400,fresh,2.0,1.1,0,0.10065556270256329
400,fresh,2.0,1.1,1,0.18665686552020475
400,fresh,2.0,1.1,2,0.10031155496419125
400,fresh,2.0,1.1,3,0.1866187232177653
400,fresh,2.0,1.1,4,0.1865432475854294
400,fresh,2.0,1.1,5,0.1864337215152374
400,fresh,2.0,1.1,6,0.17826885878665513
400,fresh,2.0,1.1,7,0.1183498392191504
400,fresh,2.0,1.1,8,0.18672771811586053
400,fresh,2.0,1.1,9,0.15213243775448093
400,fresh,2.0,1.1,10,0.12359678364509122
400,fresh,2.0,1.1,11,0.18467867055182902
400,up,0.0,1.1,0,0.9357985622095703
400,up,0.0,1.1,1,0.9357985622095703
400,up,0.0,1.1,2,0.9357985622095703
400,up,0.0,1.1,3,0.9357985622095703
400,up,0.0,1.1,4,0.9357985622095703
400,up,0.0,1.1,5,0.9357985622095703
400,up,0.0,1.1,6,0.9357985622095703
400,up,0.0,1.1,7,0.9357985622095703
400,up,0.0,1.1,8,0.9357985622095703
400,up,0.0,1.1,9,0.9357985622095703
400,up,0.0,1.1,10,0.9357985622095703
400,up,0.0,1.1,11,0.9357985622095703
400,up,0.5,1.1,0,0.44754610115280286
400,up,0.5,1.1,1,0.4475461011527949
400,up,0.5,1.1,2,0.44754610115280286
400,up,0.5,1.1,3,0.44754610115280286
400,up,0.5,1.1,4,0.44754610115280286
400,up,0.5,1.1,5,0.44754610115280286
400,up,0.5,1.1,6,0.44754610115280286
400,up,0.5,1.1,7,0.44754610115280286
400,up,0.5,1.1,8,0.44754610115280286
400,up,0.5,1.1,9,0.44754610115280286
400,up,0.5,1.1,10,0.44754610115280286
400,up,0.5,1.1,11,0.44754610115280286
400,up,2.0,1.1,0,0.18122078803616873
400,up,2.0,1.1,1,0.18122078803623226
400,up,2.0,1.1,2,0.18122078803616873
400,up,2.0,1.1,3,0.18122078803616873
400,up,2.0,1.1,4,0.18122078803616873
400,up,2.0,1.1,5,0.18122078803616873
400,up,2.0,1.1,6,0.18122078803616873
400,up,2.0,1.1,7,0.18122078803616873
400,up,2.0,1.1,8,0.18122078803616873
400,up,2.0,1.1,9,0.18122078803616873
400,up,2.0,1.1,10,0.18122078803616873
400,up,2.0,1.1,11,0.18122078803616873
400,down,0.0,1.1,0,0.8964495166695815
400,down,0.0,1.1,1,0.9026736775666541
400,down,0.0,1.1,2,0.9100301075807125
400,down,0.0,1.1,3,0.9160191286758778
400,down,0.0,1.1,4,0.9301109095427114
400,down,0.0,1.1,5,0.9305085843209917
400,down,0.0,1.1,6,0.9135930589994428
400,down,0.0,1.1,7,0.9342085415070596
400,down,0.0,1.1,8,0.9108395988622056
400,down,0.0,1.1,9,0.8916872937350172
400,down,0.0,1.1,10,0.9026260567466784
400,down,0.0,1.1,11,0.9127885898014438
400,down,0.5,1.1,0,0.28395708095399985
400,down,0.5,1.1,1,0.4035281893183492
400,down,0.5,1.1,2,0.3144151744987448
400,down,0.5,1.1,3,0.4331780180957798
400,down,0.5,1.1,4,0.283011388131672
400,down,0.5,1.1,5,0.4471006620634273
400,down,0.5,1.1,6,0.2965367368145655
400,down,0.5,1.1,7,0.2793075968581286
400,down,0.5,1.1,8,0.37265832224656603
400,down,0.5,1.1,9,0.27732283272320846
400,down,0.5,1.1,10,0.3559857275086381
400,down,0.5,1.1,11,0.28626089952123607
400,down,2.0,1.1,0,0.10213570565036093
400,down,2.0,1.1,1,0.10094002149679113
400,down,2.0,1.1,2,0.11806124135764862
400,down,2.0,1.1,3,0.10410525498421976
400,down,2.0,1.1,4,0.11845993147666434
400,down,2.0,1.1,5,0.15254101751686164
400,down,2.0,1.1,6,0.11781640647979146
400,down,2.0,1.1,7,0.11835282937334483
400,down,2.0,1.1,8,0.11761064927445261
400,down,2.0,1.1,9,0.1138641783350755
400,down,2.0,1.1,10,0.10062053091833748
400,down,2.0,1.1,11,0.10218014021156421
400,fresh,0.0,1.2,0,1.323817419791161
400,fresh,0.0,1.2,1,1.322125422416513
400,fresh,0.0,1.2,2,1.325260075533285
400,fresh,0.0,1.2,3,1.3218077800432002
400,fresh,0.0,1.2,4,1.321718592702723
400,fresh,0.0,1.2,5,1.3217253019194055
400,fresh,0.0,1.2,6,1.3221124426079263
400,fresh,0.0,1.2,7,1.3221762817925402
400,fresh,0.0,1.2,8,1.3218817144327972
400,fresh,0.0,1.2,9,1.3223713184559234
400,fresh,0.0,1.2,10,1.3226440979114922
400,fresh,0.0,1.2,11,1.3222833148422195
400,fresh,0.5,1.2,0,0.5250260864559525
400,fresh,0.5,1.2,1,0.6427838241667954
400,fresh,0.5,1.2,2,0.4449178840297199
400,fresh,0.5,1.2,3,0.6790461662956866
400,fresh,0.5,1.2,4,0.6693900899732259
400,fresh,0.5,1.2,5,0.6808547607414233
400,fresh,0.5,1.2,6,0.6176394052498027
400,fresh,0.5,1.2,7,0.5390150833406864
400,fresh,0.5,1.2,8,0.6489642552498407
400,fresh,0.5,1.2,9,0.6384218493989564
400,fresh,0.5,1.2,10,0.6261339489026051
400,fresh,0.5,1.2,11,0.6315455194779157
400,fresh,2.0,1.2,0,0.16187029494177524
400,fresh,2.0,1.2,1,0.2541058272715345
400,fresh,2.0,1.2,2,0.17306015023038476
400,fresh,2.0,1.2,3,0.26117172622214635
400,fresh,2.0,1.2,4,0.2551758168264672
400,fresh,2.0,1.2,5,0.2633070262160908
400,fresh,2.0,1.2,6,0.24611498993585598
400,fresh,2.0,1.2,7,0.16295861078579818
400,fresh,2.0,1.2,8,0.2575275602723285
400,fresh,2.0,1.2,9,0.22525183204209553
400,fresh,2.0,1.2,10,0.1899980375727195
400,fresh,2.0,1.2,11,0.25631546500943214
400,up,0.0,1.2,0,1.3216597914347312
400,up,0.0,1.2,1,1.3216597914347312
400,up,0.0,1.2,2,1.3216597914347312
400,up,0.0,1.2,3,1.3216597914347312
400,up,0.0,1.2,4,1.3216597914347312
400,up,0.0,1.2,5,1.3216597914347312
400,up,0.0,1.2,6,1.3216597914347312
400,up,0.0,1.2,7,1.3216597914347312
400,up,0.0,1.2,8,1.3216597914347312
400,up,0.0,1.2,9,1.3216597914347312
400,up,0.0,1.2,10,1.3216597914347312
400,up,0.0,1.2,11,1.3216597914347312
400,up,0.5,1.2,0,0.6621654694914565
400,up,0.5,1.2,1,0.6621654694914554
400,up,0.5,1.2,2,0.6621654694914565
400,up,0.5,1.2,3,0.6621654694914565
400,up,0.5,1.2,4,0.6621654694914565
400,up,0.5,1.2,5,0.6621654694914565
400,up,0.5,1.2,6,0.6621654694914565
400,up,0.5,1.2,7,0.6621654694914565
400,up,0.5,1.2,8,0.6621654694914565
400,up,0.5,1.2,9,0.6621654694914565
400,up,0.5,1.2,10,0.6621654694914565
400,up,0.5,1.2,11,0.6621654694914565
400,up,2.0,1.2,0,0.2630099387360707
400,up,2.0,1.2,1,0.26300993873600814
400,up,2.0,1.2,2,0.2630099387360707
400,up,2.0,1.2,3,0.2630099387360707
400,up,2.0,1.2,4,0.2630099387360707
400,up,2.0,1.2,5,0.2630099387360707
400,up,2.0,1.2,6,0.2630099387360707
400,up,2.0,1.2,7,0.2630099387360707
400,up,2.0,1.2,8,0.2630099387360707
400,up,2.0,1.2,9,0.2630099387360707
400,up,2.0,1.2,10,0.2630099387360707
400,up,2.0,1.2,11,0.2630099387360707
400,down,0.0,1.2,0,1.3217930282553927
400,down,0.0,1.2,1,1.323339854124763
400,down,0.0,1.2,2,1.3221282867092168
400,down,0.0,1.2,3,1.3256752030920325
400,down,0.0,1.2,4,1.3332247941487845
400,down,0.0,1.2,5,1.3304187343429477
400,down,0.0,1.2,6,1.3252974318885162
400,down,0.0,1.2,7,1.323284800512115
400,down,0.0,1.2,8,1.3253880567409668
400,down,0.0,1.2,9,1.322098508280053
400,down,0.0,1.2,10,1.3230110356974252
400,down,0.0,1.2,11,1.3276034974356183
400,down,0.5,1.2,0,0.504626464895042
400,down,0.5,1.2,1,0.6502111475465722
400,down,0.5,1.2,2,0.45311455858834737
400,down,0.5,1.2,3,0.6438457598023979
400,down,0.5,1.2,4,0.6295430005466198
400,down,0.5,1.2,5,0.6404070620495338
400,down,0.5,1.2,6,0.5497901711605959
400,down,0.5,1.2,7,0.598166576386086
400,down,0.5,1.2,8,0.632204036674084
400,down,0.5,1.2,9,0.44540573549074225
400,down,0.5,1.2,10,0.49899944704310206
400,down,0.5,1.2,11,0.4361571916972457
400,down,2.0,1.2,0,0.1629353512769822
400,down,2.0,1.2,1,0.17154798226165213
400,down,2.0,1.2,2,0.16178704979945707
400,down,2.0,1.2,3,0.2531708896389523
400,down,2.0,1.2,4,0.2551004252284571
400,down,2.0,1.2,5,0.2124940428862931
400,down,2.0,1.2,6,0.16303103471260927
400,down,2.0,1.2,7,0.16197434631932395
400,down,2.0,1.2,8,0.255527843592962
400,down,2.0,1.2,9,0.17188244868319885
400,down,2.0,1.2,10,0.16289881059282862
400,down,2.0,1.2,11,0.17356925964271797
400,fresh,0.0,1.5,0,2.2451116182185262
400,fresh,0.0,1.5,1,2.2482963064051704
400,fresh,0.0,1.5,2,2.234832660547486
400,fresh,0.0,1.5,3,2.24786772945129
400,fresh,0.0,1.5,4,2.246185204457394
400,fresh,0.0,1.5,5,2.2467482098178166
400,fresh,0.0,1.5,6,2.2428974284922223
400,fresh,0.0,1.5,7,2.226028992398665
400,fresh,0.0,1.5,8,2.2480256611364213
400,fresh,0.0,1.5,9,2.2484759485730272
400,fresh,0.0,1.5,10,2.247066918132175
400,fresh,0.0,1.5,11,2.246827442725227
400,fresh,0.5,1.5,0,1.0062793856198613
400,fresh,0.5,1.5,1,1.0828264896775868
400,fresh,0.5,1.5,2,0.8711348211841232
400,fresh,0.5,1.5,3,1.1121255004347357
400,fresh,0.5,1.5,4,1.0966263229778384
400,fresh,0.5,1.5,5,1.121394556472191
400,fresh,0.5,1.5,6,1.031488199567257
400,fresh,0.5,1.5,7,1.0876485960456268
400,fresh,0.5,1.5,8,1.1115721332048758
400,fresh,0.5,1.5,9,1.1171785111028822
400,fresh,0.5,1.5,10,1.0427785738818256
400,fresh,0.5,1.5,11,1.0635640387872667
400,fresh,2.0,1.5,0,0.3104131520776834
400,fresh,2.0,1.5,1,0.43702817061747223
400,fresh,2.0,1.5,2,0.316430854919586
400,fresh,2.0,1.5,3,0.443079141830367
400,fresh,2.0,1.5,4,0.4415207586315219
400,fresh,2.0,1.5,5,0.442940467609383
400,fresh,2.0,1.5,6,0.42344367276996053
400,fresh,2.0,1.5,7,0.31046374520781084
400,fresh,2.0,1.5,8,0.44317797227093453
400,fresh,2.0,1.5,9,0.42055328464725295
400,fresh,2.0,1.5,10,0.37459440134101213
400,fresh,2.0,1.5,11,0.4160599382347152
400,up,0.0,1.5,0,2.2212688648083256
400,up,0.0,1.5,1,2.2212688648083256
400,up,0.0,1.5,2,2.2212688648083256
400,up,0.0,1.5,3,2.2212688648083256
400,up,0.0,1.5,4,2.2212688648083256
400,up,0.0,1.5,5,2.2212688648083256
400,up,0.0,1.5,6,2.2212688648083256
400,up,0.0,1.5,7,2.2212688648083256
400,up,0.0,1.5,8,2.2212688648083256
400,up,0.0,1.5,9,2.2212688648083256
400,up,0.0,1.5,10,2.2212688648083256
400,up,0.0,1.5,11,2.2212688648083256
400,up,0.5,1.5,0,1.1213276325265769
400,up,0.5,1.5,1,1.1213276325265098
400,up,0.5,1.5,2,1.1213276325265769
400,up,0.5,1.5,3,1.1213276325265769
400,up,0.5,1.5,4,1.1213276325265769
400,up,0.5,1.5,5,1.1213276325265769
400,up,0.5,1.5,6,1.1213276325265769
400,up,0.5,1.5,7,1.1213276325265769
400,up,0.5,1.5,8,1.1213276325265769
400,up,0.5,1.5,9,1.1213276325265769
400,up,0.5,1.5,10,1.1213276325265769
400,up,0.5,1.5,11,1.1213276325265769
400,up,2.0,1.5,0,0.4509167971225747
400,up,2.0,1.5,1,0.4509167971224633
400,up,2.0,1.5,2,0.4509167971225747
400,up,2.0,1.5,3,0.4509167971225747
400,up,2.0,1.5,4,0.4509167971225747
400,up,2.0,1.5,5,0.4509167971225747
400,up,2.0,1.5,6,0.4509167971225747
400,up,2.0,1.5,7,0.4509167971225747
400,up,2.0,1.5,8,0.4509167971225747
400,up,2.0,1.5,9,0.4509167971225747
400,up,2.0,1.5,10,0.4509167971225747
400,up,2.0,1.5,11,0.4509167971225747
400,down,0.0,1.5,0,2.2469701505366837
400,down,0.0,1.5,1,2.238350424964019
400,down,0.0,1.5,2,2.2436833056333625
400,down,0.0,1.5,3,2.2307528499288374
400,down,0.0,1.5,4,2.2252083998777694
400,down,0.0,1.5,5,2.225753193666444
400,down,0.0,1.5,6,2.233629052831384
400,down,0.0,1.5,7,2.2319486259412953
400,down,0.0,1.5,8,2.233243436836906
400,down,0.0,1.5,9,2.243774941935974
400,down,0.0,1.5,10,2.24029974333597
400,down,0.0,1.5,11,2.2355802508289027
400,down,0.5,1.5,0,0.9378174594450399
400,down,0.5,1.5,1,1.0837550316727254
400,down,0.5,1.5,2,0.8800103857719886
400,down,0.5,1.5,3,1.1127970200552773
400,down,0.5,1.5,4,1.1013034107674344
400,down,0.5,1.5,5,1.1226647107678867
400,down,0.5,1.5,6,1.0079170833960336
400,down,0.5,1.5,7,1.1015080754817677
400,down,0.5,1.5,8,1.08019307640261
400,down,0.5,1.5,9,1.0283186459347258
400,down,0.5,1.5,10,0.9030120720548268
400,down,0.5,1.5,11,0.8883242948274858
400,down,2.0,1.5,0,0.31147125626841643
400,down,2.0,1.5,1,0.30897218221495054
400,down,2.0,1.5,2,0.3103998576636531
400,down,2.0,1.5,3,0.44305683052055767
400,down,2.0,1.5,4,0.4422425428364835
400,down,2.0,1.5,5,0.4428533668593559
400,down,2.0,1.5,6,0.30920214729382167
400,down,2.0,1.5,7,0.3106227351341988
400,down,2.0,1.5,8,0.44388241383646976
400,down,2.0,1.5,9,0.4170320276228453
400,down,2.0,1.5,10,0.31276727029086404
400,down,2.0,1.5,11,0.39748070788493917
400,fresh,0.0,2.0,0,3.4637324068249677
400,fresh,0.0,2.0,1,3.461187131356205
400,fresh,0.0,2.0,2,3.465129767634087
400,fresh,0.0,2.0,3,3.4606473167654146
400,fresh,0.0,2.0,4,3.460778493621117
400,fresh,0.0,2.0,5,3.4606944663511694
400,fresh,0.0,2.0,6,3.462030608072512
400,fresh,0.0,2.0,7,3.464693056079329
400,fresh,0.0,2.0,8,3.460765346610101
400,fresh,0.0,2.0,9,3.4616166128835015
400,fresh,0.0,2.0,10,3.462166220084587
400,fresh,0.0,2.0,11,3.46170399668435
400,fresh,0.5,2.0,0,1.6520062967661062
400,fresh,0.5,2.0,1,1.701309486648778
400,fresh,0.5,2.0,2,1.5068264521656278
400,fresh,0.5,2.0,3,1.7321034490987768
400,fresh,0.5,2.0,4,1.714741218968595
400,fresh,0.5,2.0,5,1.7406497981022642
400,fresh,0.5,2.0,6,1.6106941451059504
400,fresh,0.5,2.0,7,1.7144468525621175
400,fresh,0.5,2.0,8,1.7218761363455042
400,fresh,0.5,2.0,9,1.725579486592244
400,fresh,0.5,2.0,10,1.650836107655767
400,fresh,0.5,2.0,11,1.6519090617352878
400,fresh,2.0,2.0,0,0.5346797925137119
400,fresh,2.0,2.0,1,0.6725865399389747
400,fresh,2.0,2.0,2,0.5387107064368755
400,fresh,2.0,2.0,3,0.6913800766042504
400,fresh,2.0,2.0,4,0.6856418377363827
400,fresh,2.0,2.0,5,0.6920827351559266
400,fresh,2.0,2.0,6,0.6408627318334552
400,fresh,2.0,2.0,7,0.5339268102400774
400,fresh,2.0,2.0,8,0.6872389201300755
400,fresh,2.0,2.0,9,0.6750842404092956
400,fresh,2.0,2.0,10,0.6243371645489142
400,fresh,2.0,2.0,11,0.6485546003574816
400,up,0.0,2.0,0,3.4697553414551474
400,up,0.0,2.0,1,3.4697553414551474
400,up,0.0,2.0,2,3.4697553414551474
400,up,0.0,2.0,3,3.4697553414551474
400,up,0.0,2.0,4,3.4697553414551474
400,up,0.0,2.0,5,3.4697553414551474
400,up,0.0,2.0,6,3.4697553414551474
400,up,0.0,2.0,7,3.4697553414551474
400,up,0.0,2.0,8,3.4697553414551474
400,up,0.0,2.0,9,3.4697553414551474
400,up,0.0,2.0,10,3.4697553414551474
400,up,0.0,2.0,11,3.4697553414551474
400,up,0.5,2.0,0,1.7415697165326742
400,up,0.5,2.0,1,1.7415697165326787
400,up,0.5,2.0,2,1.7415697165326742
400,up,0.5,2.0,3,1.7415697165326742
400,up,0.5,2.0,4,1.7415697165326742
400,up,0.5,2.0,5,1.7415697165326742
400,up,0.5,2.0,6,1.7415697165326742
400,up,0.5,2.0,7,1.7415697165326742
400,up,0.5,2.0,8,1.7415697165326742
400,up,0.5,2.0,9,1.7415697165326742
400,up,0.5,2.0,10,1.7415697165326742
400,up,0.5,2.0,11,1.7415697165326742
400,up,2.0,2.0,0,0.692660205980423
400,up,2.0,2.0,1,0.6926602059804088
400,up,2.0,2.0,2,0.692660205980423
400,up,2.0,2.0,3,0.692660205980423
400,up,2.0,2.0,4,0.692660205980423
400,up,2.0,2.0,5,0.692660205980423
400,up,2.0,2.0,6,0.692660205980423
400,up,2.0,2.0,7,0.692660205980423
400,up,2.0,2.0,8,0.692660205980423
400,up,2.0,2.0,9,0.692660205980423
400,up,2.0,2.0,10,0.692660205980423
400,up,2.0,2.0,11,0.692660205980423
400,down,0.0,2.0,0,3.4637324068249677
400,down,0.0,2.0,1,3.461187131356205
400,down,0.0,2.0,2,3.465129767634087
400,down,0.0,2.0,3,3.4606473167654146
400,down,0.0,2.0,4,3.460778493621117
400,down,0.0,2.0,5,3.4606944663511694
400,down,0.0,2.0,6,3.462030608072512
400,down,0.0,2.0,7,3.464693056079329
400,down,0.0,2.0,8,3.460765346610101
400,down,0.0,2.0,9,3.4616166128835015
400,down,0.0,2.0,10,3.462166220084587
400,down,0.0,2.0,11,3.46170399668435
400,down,0.5,2.0,0,1.6520062967661062
400,down,0.5,2.0,1,1.701309486648778
400,down,0.5,2.0,2,1.5068264521656278
400,down,0.5,2.0,3,1.7321034490987768
400,down,0.5,2.0,4,1.714741218968595
400,down,0.5,2.0,5,1.7406497981022642
400,down,0.5,2.0,6,1.6106941451059504
400,down,0.5,2.0,7,1.7144468525621175
400,down,0.5,2.0,8,1.7218761363455042
400,down,0.5,2.0,9,1.725579486592244
400,down,0.5,2.0,10,1.650836107655767
400,down,0.5,2.0,11,1.6519090617352878
400,down,2.0,2.0,0,0.5346797925137119
400,down,2.0,2.0,1,0.6725865399389747
400,down,2.0,2.0,2,0.5387107064368755
400,down,2.0,2.0,3,0.6913800766042504
400,down,2.0,2.0,4,0.6856418377363827
400,down,2.0,2.0,5,0.6920827351559266
400,down,2.0,2.0,6,0.6408627318334552
400,down,2.0,2.0,7,0.5339268102400774
400,down,2.0,2.0,8,0.6872389201300755
400,down,2.0,2.0,9,0.6750842404092956
400,down,2.0,2.0,10,0.6243371645489142
400,down,2.0,2.0,11,0.6485546003574816
600,fresh,0.0,0.0,0,0.0
600,fresh,0.0,0.0,1,0.0
600,fresh,0.0,0.0,2,0.0
600,fresh,0.0,0.0,3,0.0
600,fresh,0.0,0.0,4,0.0
600,fresh,0.0,0.0,5,0.0
600,fresh,0.0,0.0,6,0.0
600,fresh,0.0,0.0,7,0.0
600,fresh,0.0,0.0,8,0.0
600,fresh,0.0,0.0,9,0.0
600,fresh,0.0,0.0,10,0.0
600,fresh,0.0,0.0,11,0.0
600,fresh,0.5,0.0,0,2.6796877958172663e-176
600,fresh,0.5,0.0,1,0.0
600,fresh,0.5,0.0,2,1.95450427705412e-176
600,fresh,0.5,0.0,3,2.78237306349103e-176
600,fresh,0.5,0.0,4,1.306645298812596e-176
600,fresh,0.5,0.0,5,1.4882339103535022e-176
600,fresh,0.5,0.0,6,1.2409635828074457e-175
600,fresh,0.5,0.0,7,-2.016309513247599e-176
600,fresh,0.5,0.0,8,4.0895914417098846e-176
600,fresh,0.5,0.0,9,-4.6208273001250615e-176
600,fresh,0.5,0.0,10,-2.806110241160162e-176
600,fresh,0.5,0.0,11,-7.249347322779559e-176
600,fresh,2.0,0.0,0,1.81143175044486e-72
600,fresh,2.0,0.0,1,0.0
600,fresh,2.0,0.0,2,2.193891536061668e-72
600,fresh,2.0,0.0,3,4.682024565874657e-72
600,fresh,2.0,0.0,4,2.1973784635924015e-72
600,fresh,2.0,0.0,5,2.5261942967797227e-72
600,fresh,2.0,0.0,6,9.235375388534805e-72
600,fresh,2.0,0.0,7,-3.426912409276851e-72
600,fresh,2.0,0.0,8,6.580814566253382e-72
600,fresh,2.0,0.0,9,-2.4944630203737633e-72
600,fresh,2.0,0.0,10,-2.9404486054954623e-72
600,fresh,2.0,0.0,11,-6.820611251357614e-72
600,up,0.0,0.0,0,0.0
600,up,0.0,0.0,1,0.0
600,up,0.0,0.0,2,0.0
600,up,0.0,0.0,3,0.0
600,up,0.0,0.0,4,0.0
600,up,0.0,0.0,5,0.0
600,up,0.0,0.0,6,0.0
600,up,0.0,0.0,7,0.0
600,up,0.0,0.0,8,0.0
600,up,0.0,0.0,9,0.0
600,up,0.0,0.0,10,0.0
600,up,0.0,0.0,11,0.0
600,up,0.5,0.0,0,2.6796877958172663e-176
600,up,0.5,0.0,1,0.0
600,up,0.5,0.0,2,1.95450427705412e-176
600,up,0.5,0.0,3,2.78237306349103e-176
600,up,0.5,0.0,4,1.306645298812596e-176
600,up,0.5,0.0,5,1.4882339103535022e-176
600,up,0.5,0.0,6,1.2409635828074457e-175
600,up,0.5,0.0,7,-2.016309513247599e-176
600,up,0.5,0.0,8,4.0895914417098846e-176
600,up,0.5,0.0,9,-4.6208273001250615e-176
600,up,0.5,0.0,10,-2.806110241160162e-176
600,up,0.5,0.0,11,-7.249347322779559e-176
600,up,2.0,0.0,0,1.81143175044486e-72
600,up,2.0,0.0,1,0.0
600,up,2.0,0.0,2,2.193891536061668e-72
600,up,2.0,0.0,3,4.682024565874657e-72
600,up,2.0,0.0,4,2.1973784635924015e-72
600,up,2.0,0.0,5,2.5261942967797227e-72
600,up,2.0,0.0,6,9.235375388534805e-72
600,up,2.0,0.0,7,-3.426912409276851e-72
600,up,2.0,0.0,8,6.580814566253382e-72
600,up,2.0,0.0,9,-2.4944630203737633e-72
600,up,2.0,0.0,10,-2.9404486054954623e-72
600,up,2.0,0.0,11,-6.820611251357614e-72
600,down,0.0,0.0,0,0.0
600,down,0.0,0.0,1,0.0
600,down,0.0,0.0,2,0.0
600,down,0.0,0.0,3,0.0
600,down,0.0,0.0,4,0.0
600,down,0.0,0.0,5,0.0
600,down,0.0,0.0,6,0.0
600,down,0.0,0.0,7,0.0
600,down,0.0,0.0,8,0.0
600,down,0.0,0.0,9,0.0
600,down,0.0,0.0,10,0.0
600,down,0.0,0.0,11,0.0
600,down,0.5,0.0,0,0.0
600,down,0.5,0.0,1,0.0
600,down,0.5,0.0,2,0.0
600,down,0.5,0.0,3,0.0
600,down,0.5,0.0,4,0.0
600,down,0.5,0.0,5,0.0
600,down,0.5,0.0,6,0.0
600,down,0.5,0.0,7,0.0
600,down,0.5,0.0,8,0.0
600,down,0.5,0.0,9,0.0
600,down,0.5,0.0,10,0.0
600,down,0.5,0.0,11,0.0
600,down,2.0,0.0,0,0.0
600,down,2.0,0.0,1,0.0
600,down,2.0,0.0,2,0.0
600,down,2.0,0.0,3,0.0
600,down,2.0,0.0,4,0.0
600,down,2.0,0.0,5,0.0
600,down,2.0,0.0,6,0.0
600,down,2.0,0.0,7,0.0
600,down,2.0,0.0,8,0.0
600,down,2.0,0.0,9,0.0
600,down,2.0,0.0,10,0.0
600,down,2.0,0.0,11,0.0
600,fresh,0.0,0.5,0,0.0
600,fresh,0.0,0.5,1,0.0
600,fresh,0.0,0.5,2,0.0
600,fresh,0.0,0.5,3,0.0
600,fresh,0.0,0.5,4,0.0
600,fresh,0.0,0.5,5,0.0
600,fresh,0.0,0.5,6,0.0
600,fresh,0.0,0.5,7,0.0
600,fresh,0.0,0.5,8,0.0
600,fresh,0.0,0.5,9,0.0
600,fresh,0.0,0.5,10,0.0
600,fresh,0.0,0.5,11,0.0
600,fresh,0.5,0.5,0,0.0
600,fresh,0.5,0.5,1,0.0
600,fresh,0.5,0.5,2,0.0
600,fresh,0.5,0.5,3,0.0
600,fresh,0.5,0.5,4,0.0
600,fresh,0.5,0.5,5,0.0
600,fresh,0.5,0.5,6,0.0
600,fresh,0.5,0.5,7,0.0
600,fresh,0.5,0.5,8,0.0
600,fresh,0.5,0.5,9,0.0
600,fresh,0.5,0.5,10,0.0
600,fresh,0.5,0.5,11,0.0
600,fresh,2.0,0.5,0,0.0
600,fresh,2.0,0.5,1,0.0
600,fresh,2.0,0.5,2,0.0
600,fresh,2.0,0.5,3,0.0
600,fresh,2.0,0.5,4,0.0
600,fresh,2.0,0.5,5,0.0
600,fresh,2.0,0.5,6,0.0
600,fresh,2.0,0.5,7,0.0
600,fresh,2.0,0.5,8,0.0
600,fresh,2.0,0.5,9,0.0
600,fresh,2.0,0.5,10,0.0
600,fresh,2.0,0.5,11,0.0
600,up,0.0,0.5,0,0.0
600,up,0.0,0.5,1,0.0
600,up,0.0,0.5,2,0.0
600,up,0.0,0.5,3,0.0
600,up,0.0,0.5,4,0.0
600,up,0.0,0.5,5,0.0
600,up,0.0,0.5,6,0.0
600,up,0.0,0.5,7,0.0
600,up,0.0,0.5,8,0.0
600,up,0.0,0.5,9,0.0
600,up,0.0,0.5,10,0.0
600,up,0.0,0.5,11,0.0
600,up,0.5,0.5,0,0.0
600,up,0.5,0.5,1,0.0
600,up,0.5,0.5,2,0.0
600,up,0.5,0.5,3,0.0
600,up,0.5,0.5,4,0.0
600,up,0.5,0.5,5,0.0
600,up,0.5,0.5,6,0.0
600,up,0.5,0.5,7,0.0
600,up,0.5,0.5,8,0.0
600,up,0.5,0.5,9,0.0
600,up,0.5,0.5,10,0.0
600,up,0.5,0.5,11,0.0
600,up,2.0,0.5,0,0.0
600,up,2.0,0.5,1,0.0
600,up,2.0,0.5,2,0.0
600,up,2.0,0.5,3,0.0
600,up,2.0,0.5,4,0.0
600,up,2.0,0.5,5,0.0
600,up,2.0,0.5,6,0.0
600,up,2.0,0.5,7,0.0
600,up,2.0,0.5,8,0.0
600,up,2.0,0.5,9,0.0
600,up,2.0,0.5,10,0.0
600,up,2.0,0.5,11,0.0
600,down,0.0,0.5,0,0.0
600,down,0.0,0.5,1,0.0
600,down,0.0,0.5,2,0.0
600,down,0.0,0.5,3,0.0
600,down,0.0,0.5,4,0.0
600,down,0.0,0.5,5,0.0
600,down,0.0,0.5,6,0.0
600,down,0.0,0.5,7,0.0
600,down,0.0,0.5,8,0.0
600,down,0.0,0.5,9,0.0
600,down,0.0,0.5,10,0.0
600,down,0.0,0.5,11,0.0
600,down,0.5,0.5,0,0.0
600,down,0.5,0.5,1,0.0
600,down,0.5,0.5,2,0.0
600,down,0.5,0.5,3,0.0
600,down,0.5,0.5,4,0.0
600,down,0.5,0.5,5,0.0
600,down,0.5,0.5,6,0.0
600,down,0.5,0.5,7,0.0
600,down,0.5,0.5,8,0.0
600,down,0.5,0.5,9,0.0
600,down,0.5,0.5,10,0.0
600,down,0.5,0.5,11,0.0
600,down,2.0,0.5,0,0.0
600,down,2.0,0.5,1,0.0
600,down,2.0,0.5,2,0.0
600,down,2.0,0.5,3,0.0
600,down,2.0,0.5,4,0.0
600,down,2.0,0.5,5,0.0
600,down,2.0,0.5,6,0.0
600,down,2.0,0.5,7,0.0
600,down,2.0,0.5,8,0.0
600,down,2.0,0.5,9,0.0
600,down,2.0,0.5,10,0.0
600,down,2.0,0.5,11,0.0
600,fresh,0.0,0.8,0,0.0
600,fresh,0.0,0.8,1,0.0
600,fresh,0.0,0.8,2,0.0
600,fresh,0.0,0.8,3,0.0
600,fresh,0.0,0.8,4,0.0
600,fresh,0.0,0.8,5,0.0
600,fresh,0.0,0.8,6,0.0
600,fresh,0.0,0.8,7,0.0
600,fresh,0.0,0.8,8,0.0
600,fresh,0.0,0.8,9,0.0
600,fresh,0.0,0.8,10,0.0
600,fresh,0.0,0.8,11,0.0
600,fresh,0.5,0.8,0,0.0
600,fresh,0.5,0.8,1,0.0
600,fresh,0.5,0.8,2,0.0
600,fresh,0.5,0.8,3,0.0
600,fresh,0.5,0.8,4,0.0
600,fresh,0.5,0.8,5,0.0
600,fresh,0.5,0.8,6,0.0
600,fresh,0.5,0.8,7,0.0
600,fresh,0.5,0.8,8,0.0
600,fresh,0.5,0.8,9,0.0
600,fresh,0.5,0.8,10,0.0
600,fresh,0.5,0.8,11,0.0
600,fresh,2.0,0.8,0,0.0
600,fresh,2.0,0.8,1,0.0
600,fresh,2.0,0.8,2,0.0
600,fresh,2.0,0.8,3,0.0
600,fresh,2.0,0.8,4,0.0
600,fresh,2.0,0.8,5,0.0
600,fresh,2.0,0.8,6,0.0
600,fresh,2.0,0.8,7,0.0
600,fresh,2.0,0.8,8,0.0
600,fresh,2.0,0.8,9,0.0
600,fresh,2.0,0.8,10,0.0
600,fresh,2.0,0.8,11,0.0
600,up,0.0,0.8,0,0.0
600,up,0.0,0.8,1,0.0
600,up,0.0,0.8,2,0.0
600,up,0.0,0.8,3,0.0
600,up,0.0,0.8,4,0.0
600,up,0.0,0.8,5,0.0
600,up,0.0,0.8,6,0.0
600,up,0.0,0.8,7,0.0
600,up,0.0,0.8,8,0.0
600,up,0.0,0.8,9,0.0
600,up,0.0,0.8,10,0.0
600,up,0.0,0.8,11,0.0
600,up,0.5,0.8,0,0.0
600,up,0.5,0.8,1,0.0
600,up,0.5,0.8,2,0.0
600,up,0.5,0.8,3,0.0
600,up,0.5,0.8,4,0.0
600,up,0.5,0.8,5,0.0
600,up,0.5,0.8,6,0.0
600,up,0.5,0.8,7,0.0
600,up,0.5,0.8,8,0.0
600,up,0.5,0.8,9,0.0
600,up,0.5,0.8,10,0.0
600,up,0.5,0.8,11,0.0
600,up,2.0,0.8,0,0.0
600,up,2.0,0.8,1,0.0
600,up,2.0,0.8,2,0.0
600,up,2.0,0.8,3,0.0
600,up,2.0,0.8,4,0.0
600,up,2.0,0.8,5,0.0
600,up,2.0,0.8,6,0.0
600,up,2.0,0.8,7,0.0
600,up,2.0,0.8,8,0.0
600,up,2.0,0.8,9,0.0
600,up,2.0,0.8,10,0.0
600,up,2.0,0.8,11,0.0
600,down,0.0,0.8,0,0.0
600,down,0.0,0.8,1,0.0
600,down,0.0,0.8,2,0.0
600,down,0.0,0.8,3,0.0
600,down,0.0,0.8,4,0.0
600,down,0.0,0.8,5,0.0
600,down,0.0,0.8,6,0.0
600,down,0.0,0.8,7,0.0
600,down,0.0,0.8,8,0.0
600,down,0.0,0.8,9,0.0
600,down,0.0,0.8,10,0.0
600,down,0.0,0.8,11,0.0
600,down,0.5,0.8,0,0.0
600,down,0.5,0.8,1,0.0
600,down,0.5,0.8,2,0.0
600,down,0.5,0.8,3,0.0
600,down,0.5,0.8,4,0.0
600,down,0.5,0.8,5,0.0
600,down,0.5,0.8,6,0.0
600,down,0.5,0.8,7,0.0
600,down,0.5,0.8,8,0.0
600,down,0.5,0.8,9,0.0
600,down,0.5,0.8,10,0.0
600,down,0.5,0.8,11,0.0
600,down,2.0,0.8,0,0.0
600,down,2.0,0.8,1,0.0
600,down,2.0,0.8,2,0.0
600,down,2.0,0.8,3,0.0
600,down,2.0,0.8,4,0.0
600,down,2.0,0.8,5,0.0
600,down,2.0,0.8,6,0.0
600,down,2.0,0.8,7,0.0
600,down,2.0,0.8,8,0.0
600,down,2.0,0.8,9,0.0
600,down,2.0,0.8,10,0.0
600,down,2.0,0.8,11,0.0
600,fresh,0.0,0.9,0,0.0
600,fresh,0.0,0.9,1,0.0
600,fresh,0.0,0.9,2,0.0
600,fresh,0.0,0.9,3,0.0
600,fresh,0.0,0.9,4,0.0
600,fresh,0.0,0.9,5,0.0
600,fresh,0.0,0.9,6,0.0
600,fresh,0.0,0.9,7,0.0
600,fresh,0.0,0.9,8,0.0
600,fresh,0.0,0.9,9,0.0
600,fresh,0.0,0.9,10,0.0
600,fresh,0.0,0.9,11,0.0
600,fresh,0.5,0.9,0,0.0
600,fresh,0.5,0.9,1,0.0
600,fresh,0.5,0.9,2,0.0
600,fresh,0.5,0.9,3,0.0
600,fresh,0.5,0.9,4,0.0
600,fresh,0.5,0.9,5,0.0
600,fresh,0.5,0.9,6,0.0
600,fresh,0.5,0.9,7,0.0
600,fresh,0.5,0.9,8,0.0
600,fresh,0.5,0.9,9,0.0
600,fresh,0.5,0.9,10,0.0
600,fresh,0.5,0.9,11,0.0
600,fresh,2.0,0.9,0,0.0
600,fresh,2.0,0.9,1,0.0
600,fresh,2.0,0.9,2,0.0
600,fresh,2.0,0.9,3,0.0
600,fresh,2.0,0.9,4,0.0
600,fresh,2.0,0.9,5,0.0
600,fresh,2.0,0.9,6,0.0
600,fresh,2.0,0.9,7,0.0
600,fresh,2.0,0.9,8,0.0
600,fresh,2.0,0.9,9,0.0
600,fresh,2.0,0.9,10,0.0
600,fresh,2.0,0.9,11,0.0
600,up,0.0,0.9,0,0.0
600,up,0.0,0.9,1,0.0
600,up,0.0,0.9,2,0.0
600,up,0.0,0.9,3,0.0
600,up,0.0,0.9,4,0.0
600,up,0.0,0.9,5,0.0
600,up,0.0,0.9,6,0.0
600,up,0.0,0.9,7,0.0
600,up,0.0,0.9,8,0.0
600,up,0.0,0.9,9,0.0
600,up,0.0,0.9,10,0.0
600,up,0.0,0.9,11,0.0
600,up,0.5,0.9,0,0.0
600,up,0.5,0.9,1,0.0
600,up,0.5,0.9,2,0.0
600,up,0.5,0.9,3,0.0
600,up,0.5,0.9,4,0.0
600,up,0.5,0.9,5,0.0
600,up,0.5,0.9,6,0.0
600,up,0.5,0.9,7,0.0
600,up,0.5,0.9,8,0.0
600,up,0.5,0.9,9,0.0
600,up,0.5,0.9,10,0.0
600,up,0.5,0.9,11,0.0
600,up,2.0,0.9,0,0.0
600,up,2.0,0.9,1,0.0
600,up,2.0,0.9,2,0.0
600,up,2.0,0.9,3,0.0
600,up,2.0,0.9,4,0.0
600,up,2.0,0.9,5,0.0
600,up,2.0,0.9,6,0.0
600,up,2.0,0.9,7,0.0
600,up,2.0,0.9,8,0.0
600,up,2.0,0.9,9,0.0
600,up,2.0,0.9,10,0.0
600,up,2.0,0.9,11,0.0
600,down,0.0,0.9,0,0.0
600,down,0.0,0.9,1,0.0
600,down,0.0,0.9,2,0.0
600,down,0.0,0.9,3,0.0
600,down,0.0,0.9,4,0.0
600,down,0.0,0.9,5,0.0
600,down,0.0,0.9,6,0.0
600,down,0.0,0.9,7,0.0
600,down,0.0,0.9,8,0.0
600,down,0.0,0.9,9,0.0
600,down,0.0,0.9,10,0.0
600,down,0.0,0.9,11,0.0
600,down,0.5,0.9,0,0.0
600,down,0.5,0.9,1,0.0
600,down,0.5,0.9,2,0.0
600,down,0.5,0.9,3,0.0
600,down,0.5,0.9,4,0.0
600,down,0.5,0.9,5,0.0
600,down,0.5,0.9,6,0.0
600,down,0.5,0.9,7,0.0
600,down,0.5,0.9,8,0.0
600,down,0.5,0.9,9,0.0
600,down,0.5,0.9,10,0.0
600,down,0.5,0.9,11,0.0
600,down,2.0,0.9,0,0.0
600,down,2.0,0.9,1,0.0
600,down,2.0,0.9,2,0.0
600,down,2.0,0.9,3,0.0
600,down,2.0,0.9,4,0.0
600,down,2.0,0.9,5,0.0
600,down,2.0,0.9,6,0.0
600,down,2.0,0.9,7,0.0
600,down,2.0,0.9,8,0.0
600,down,2.0,0.9,9,0.0
600,down,2.0,0.9,10,0.0
600,down,2.0,0.9,11,0.0
600,fresh,0.0,0.95,0,0.0
600,fresh,0.0,0.95,1,0.0
600,fresh,0.0,0.95,2,0.0
600,fresh,0.0,0.95,3,0.0
600,fresh,0.0,0.95,4,0.0
600,fresh,0.0,0.95,5,0.0
600,fresh,0.0,0.95,6,0.0
600,fresh,0.0,0.95,7,0.0
600,fresh,0.0,0.95,8,0.0
600,fresh,0.0,0.95,9,0.0
600,fresh,0.0,0.95,10,0.0
600,fresh,0.0,0.95,11,0.0
600,fresh,0.5,0.95,0,0.0
600,fresh,0.5,0.95,1,0.0
600,fresh,0.5,0.95,2,0.0
600,fresh,0.5,0.95,3,0.0
600,fresh,0.5,0.95,4,0.0
600,fresh,0.5,0.95,5,0.0
600,fresh,0.5,0.95,6,0.0
600,fresh,0.5,0.95,7,0.0
600,fresh,0.5,0.95,8,0.0
600,fresh,0.5,0.95,9,0.0
600,fresh,0.5,0.95,10,0.0
600,fresh,0.5,0.95,11,0.0
600,fresh,2.0,0.95,0,0.0
600,fresh,2.0,0.95,1,0.0
600,fresh,2.0,0.95,2,0.0
600,fresh,2.0,0.95,3,0.0
600,fresh,2.0,0.95,4,0.0
600,fresh,2.0,0.95,5,0.0
600,fresh,2.0,0.95,6,0.0
600,fresh,2.0,0.95,7,0.0
600,fresh,2.0,0.95,8,0.0
600,fresh,2.0,0.95,9,0.0
600,fresh,2.0,0.95,10,0.0
600,fresh,2.0,0.95,11,0.0
600,up,0.0,0.95,0,0.0
600,up,0.0,0.95,1,0.0
600,up,0.0,0.95,2,0.0
600,up,0.0,0.95,3,0.0
600,up,0.0,0.95,4,0.0
600,up,0.0,0.95,5,0.0
600,up,0.0,0.95,6,0.0
600,up,0.0,0.95,7,0.0
600,up,0.0,0.95,8,0.0
600,up,0.0,0.95,9,0.0
600,up,0.0,0.95,10,0.0
600,up,0.0,0.95,11,0.0
600,up,0.5,0.95,0,0.0
600,up,0.5,0.95,1,0.0
600,up,0.5,0.95,2,0.0
600,up,0.5,0.95,3,0.0
600,up,0.5,0.95,4,0.0
600,up,0.5,0.95,5,0.0
600,up,0.5,0.95,6,0.0
600,up,0.5,0.95,7,0.0
600,up,0.5,0.95,8,0.0
600,up,0.5,0.95,9,0.0
600,up,0.5,0.95,10,0.0
600,up,0.5,0.95,11,0.0
600,up,2.0,0.95,0,0.0
600,up,2.0,0.95,1,0.0
600,up,2.0,0.95,2,0.0
600,up,2.0,0.95,3,0.0
600,up,2.0,0.95,4,0.0
600,up,2.0,0.95,5,0.0
600,up,2.0,0.95,6,0.0
600,up,2.0,0.95,7,0.0
600,up,2.0,0.95,8,0.0
600,up,2.0,0.95,9,0.0
600,up,2.0,0.95,10,0.0
600,up,2.0,0.95,11,0.0
600,down,0.0,0.95,0,0.0
600,down,0.0,0.95,1,0.0
600,down,0.0,0.95,2,0.0
600,down,0.0,0.95,3,0.0
600,down,0.0,0.95,4,0.0
600,down,0.0,0.95,5,0.0
600,down,0.0,0.95,6,0.0
600,down,0.0,0.95,7,0.0
600,down,0.0,0.95,8,0.0
600,down,0.0,0.95,9,0.0
600,down,0.0,0.95,10,0.0
600,down,0.0,0.95,11,0.0
600,down,0.5,0.95,0,0.0
600,down,0.5,0.95,1,0.0
600,down,0.5,0.95,2,0.0
600,down,0.5,0.95,3,0.0
600,down,0.5,0.95,4,0.0
600,down,0.5,0.95,5,0.0
600,down,0.5,0.95,6,0.0
600,down,0.5,0.95,7,0.0
600,down,0.5,0.95,8,0.0
600,down,0.5,0.95,9,0.0
600,down,0.5,0.95,10,0.0
600,down,0.5,0.95,11,0.0
600,down,2.0,0.95,0,0.0
600,down,2.0,0.95,1,0.0
600,down,2.0,0.95,2,0.0
600,down,2.0,0.95,3,0.0
600,down,2.0,0.95,4,0.0
600,down,2.0,0.95,5,0.0
600,down,2.0,0.95,6,0.0
600,down,2.0,0.95,7,0.0
600,down,2.0,0.95,8,0.0
600,down,2.0,0.95,9,0.0
600,down,2.0,0.95,10,0.0
600,down,2.0,0.95,11,0.0
600,fresh,0.0,0.98,0,0.0
600,fresh,0.0,0.98,1,0.0
600,fresh,0.0,0.98,2,0.0
600,fresh,0.0,0.98,3,0.0
600,fresh,0.0,0.98,4,0.0
600,fresh,0.0,0.98,5,0.0
600,fresh,0.0,0.98,6,0.0
600,fresh,0.0,0.98,7,0.0
600,fresh,0.0,0.98,8,0.0
600,fresh,0.0,0.98,9,0.0
600,fresh,0.0,0.98,10,0.0
600,fresh,0.0,0.98,11,0.0
600,fresh,0.5,0.98,0,0.0
600,fresh,0.5,0.98,1,0.0
600,fresh,0.5,0.98,2,0.0
600,fresh,0.5,0.98,3,0.0
600,fresh,0.5,0.98,4,0.0
600,fresh,0.5,0.98,5,0.0
600,fresh,0.5,0.98,6,0.0
600,fresh,0.5,0.98,7,0.0
600,fresh,0.5,0.98,8,0.0
600,fresh,0.5,0.98,9,0.0
600,fresh,0.5,0.98,10,0.0
600,fresh,0.5,0.98,11,0.0
600,fresh,2.0,0.98,0,0.0
600,fresh,2.0,0.98,1,0.0
600,fresh,2.0,0.98,2,0.0
600,fresh,2.0,0.98,3,0.0
600,fresh,2.0,0.98,4,0.0
600,fresh,2.0,0.98,5,0.0
600,fresh,2.0,0.98,6,0.0
600,fresh,2.0,0.98,7,0.0
600,fresh,2.0,0.98,8,0.0
600,fresh,2.0,0.98,9,0.0
600,fresh,2.0,0.98,10,0.0
600,fresh,2.0,0.98,11,0.0
600,up,0.0,0.98,0,0.0
600,up,0.0,0.98,1,0.0
600,up,0.0,0.98,2,0.0
600,up,0.0,0.98,3,0.0
600,up,0.0,0.98,4,0.0
600,up,0.0,0.98,5,0.0
600,up,0.0,0.98,6,0.0
600,up,0.0,0.98,7,0.0
600,up,0.0,0.98,8,0.0
600,up,0.0,0.98,9,0.0
600,up,0.0,0.98,10,0.0
600,up,0.0,0.98,11,0.0
600,up,0.5,0.98,0,0.0
600,up,0.5,0.98,1,0.0
600,up,0.5,0.98,2,0.0
600,up,0.5,0.98,3,0.0
600,up,0.5,0.98,4,0.0
600,up,0.5,0.98,5,0.0
600,up,0.5,0.98,6,0.0
600,up,0.5,0.98,7,0.0
600,up,0.5,0.98,8,0.0
600,up,0.5,0.98,9,0.0
600,up,0.5,0.98,10,0.0
600,up,0.5,0.98,11,0.0
600,up,2.0,0.98,0,0.0
600,up,2.0,0.98,1,0.0
600,up,2.0,0.98,2,0.0
600,up,2.0,0.98,3,0.0
600,up,2.0,0.98,4,0.0
600,up,2.0,0.98,5,0.0
600,up,2.0,0.98,6,0.0
600,up,2.0,0.98,7,0.0
600,up,2.0,0.98,8,0.0
600,up,2.0,0.98,9,0.0
600,up,2.0,0.98,10,0.0
600,up,2.0,0.98,11,0.0
600,down,0.0,0.98,0,0.0
600,down,0.0,0.98,1,0.0
600,down,0.0,0.98,2,0.0
600,down,0.0,0.98,3,0.0
600,down,0.0,0.98,4,0.0
600,down,0.0,0.98,5,0.0
600,down,0.0,0.98,6,0.0
600,down,0.0,0.98,7,0.0
600,down,0.0,0.98,8,0.0
600,down,0.0,0.98,9,0.0
600,down,0.0,0.98,10,0.0
600,down,0.0,0.98,11,0.0
600,down,0.5,0.98,0,0.0
600,down,0.5,0.98,1,0.0
600,down,0.5,0.98,2,0.0
600,down,0.5,0.98,3,0.0
600,down,0.5,0.98,4,0.0
600,down,0.5,0.98,5,0.0
600,down,0.5,0.98,6,0.0
600,down,0.5,0.98,7,0.0
600,down,0.5,0.98,8,0.0
600,down,0.5,0.98,9,0.0
600,down,0.5,0.98,10,0.0
600,down,0.5,0.98,11,0.0
600,down,2.0,0.98,0,0.0
600,down,2.0,0.98,1,0.0
600,down,2.0,0.98,2,0.0
600,down,2.0,0.98,3,0.0
600,down,2.0,0.98,4,0.0
600,down,2.0,0.98,5,0.0
600,down,2.0,0.98,6,0.0
600,down,2.0,0.98,7,0.0
600,down,2.0,0.98,8,0.0
600,down,2.0,0.98,9,0.0
600,down,2.0,0.98,10,0.0
600,down,2.0,0.98,11,0.0
600,fresh,0.0,0.99,0,0.0
600,fresh,0.0,0.99,1,0.0
600,fresh,0.0,0.99,2,0.0
600,fresh,0.0,0.99,3,0.0
600,fresh,0.0,0.99,4,0.0
600,fresh,0.0,0.99,5,0.0
600,fresh,0.0,0.99,6,0.0
600,fresh,0.0,0.99,7,0.0
600,fresh,0.0,0.99,8,0.0
600,fresh,0.0,0.99,9,0.0
600,fresh,0.0,0.99,10,0.0
600,fresh,0.0,0.99,11,0.0
600,fresh,0.5,0.99,0,0.0
600,fresh,0.5,0.99,1,0.0
600,fresh,0.5,0.99,2,0.0
600,fresh,0.5,0.99,3,0.0
600,fresh,0.5,0.99,4,0.0
600,fresh,0.5,0.99,5,0.0
600,fresh,0.5,0.99,6,0.0
600,fresh,0.5,0.99,7,0.0
600,fresh,0.5,0.99,8,0.0
600,fresh,0.5,0.99,9,0.0
600,fresh,0.5,0.99,10,0.0
600,fresh,0.5,0.99,11,0.0
600,fresh,2.0,0.99,0,4.0268011147759353e-13
600,fresh,2.0,0.99,1,4.780820184180357e-13
600,fresh,2.0,0.99,2,4.1111114512659697e-13
600,fresh,2.0,0.99,3,4.328737368552993e-13
600,fresh,2.0,0.99,4,4.1292302910278524e-13
600,fresh,2.0,0.99,5,4.1616265988864143e-13
600,fresh,2.0,0.99,6,4.4648729158325294e-13
600,fresh,2.0,0.99,7,2.7782887102034693e-13
600,fresh,2.0,0.99,8,4.427214150837244e-13
600,fresh,2.0,0.99,9,2.312416924610261e-13
600,fresh,2.0,0.99,10,2.7948532377308767e-13
600,fresh,2.0,0.99,11,4.849720625088594e-13
600,up,0.0,0.99,0,0.0
600,up,0.0,0.99,1,0.0
600,up,0.0,0.99,2,0.0
600,up,0.0,0.99,3,0.0
600,up,0.0,0.99,4,0.0
600,up,0.0,0.99,5,0.0
600,up,0.0,0.99,6,0.0
600,up,0.0,0.99,7,0.0
600,up,0.0,0.99,8,0.0
600,up,0.0,0.99,9,0.0
600,up,0.0,0.99,10,0.0
600,up,0.0,0.99,11,0.0
600,up,0.5,0.99,0,0.0
600,up,0.5,0.99,1,0.0
600,up,0.5,0.99,2,0.0
600,up,0.5,0.99,3,0.0
600,up,0.5,0.99,4,0.0
600,up,0.5,0.99,5,0.0
600,up,0.5,0.99,6,0.0
600,up,0.5,0.99,7,0.0
600,up,0.5,0.99,8,0.0
600,up,0.5,0.99,9,0.0
600,up,0.5,0.99,10,0.0
600,up,0.5,0.99,11,0.0
600,up,2.0,0.99,0,7.527312106958561e-14
600,up,2.0,0.99,1,7.527312106958561e-14
600,up,2.0,0.99,2,7.527312106958561e-14
600,up,2.0,0.99,3,7.527312106958561e-14
600,up,2.0,0.99,4,7.527312106958561e-14
600,up,2.0,0.99,5,7.527312106958561e-14
600,up,2.0,0.99,6,7.527312106958561e-14
600,up,2.0,0.99,7,7.527312106958561e-14
600,up,2.0,0.99,8,7.527312106958561e-14
600,up,2.0,0.99,9,7.527312106958561e-14
600,up,2.0,0.99,10,7.527312106958561e-14
600,up,2.0,0.99,11,7.527312106958561e-14
600,down,0.0,0.99,0,0.0
600,down,0.0,0.99,1,0.0
600,down,0.0,0.99,2,0.0
600,down,0.0,0.99,3,0.0
600,down,0.0,0.99,4,0.0
600,down,0.0,0.99,5,0.0
600,down,0.0,0.99,6,0.0
600,down,0.0,0.99,7,0.0
600,down,0.0,0.99,8,0.0
600,down,0.0,0.99,9,0.0
600,down,0.0,0.99,10,0.0
600,down,0.0,0.99,11,0.0
600,down,0.5,0.99,0,0.0
600,down,0.5,0.99,1,0.0
600,down,0.5,0.99,2,0.0
600,down,0.5,0.99,3,0.0
600,down,0.5,0.99,4,0.0
600,down,0.5,0.99,5,0.0
600,down,0.5,0.99,6,0.0
600,down,0.5,0.99,7,0.0
600,down,0.5,0.99,8,0.0
600,down,0.5,0.99,9,0.0
600,down,0.5,0.99,10,0.0
600,down,0.5,0.99,11,0.0
600,down,2.0,0.99,0,0.0
600,down,2.0,0.99,1,0.0
600,down,2.0,0.99,2,0.0
600,down,2.0,0.99,3,0.0
600,down,2.0,0.99,4,0.0
600,down,2.0,0.99,5,0.0
600,down,2.0,0.99,6,0.0
600,down,2.0,0.99,7,0.0
600,down,2.0,0.99,8,0.0
600,down,2.0,0.99,9,0.0
600,down,2.0,0.99,10,0.0
600,down,2.0,0.99,11,0.0
600,fresh,0.0,0.995,0,0.0
600,fresh,0.0,0.995,1,0.0
600,fresh,0.0,0.995,2,0.0
600,fresh,0.0,0.995,3,0.0
600,fresh,0.0,0.995,4,0.0
600,fresh,0.0,0.995,5,0.0
600,fresh,0.0,0.995,6,0.0
600,fresh,0.0,0.995,7,0.0
600,fresh,0.0,0.995,8,0.0
600,fresh,0.0,0.995,9,0.0
600,fresh,0.0,0.995,10,0.0
600,fresh,0.0,0.995,11,0.0
600,fresh,0.5,0.995,0,0.0
600,fresh,0.5,0.995,1,0.0
600,fresh,0.5,0.995,2,0.0
600,fresh,0.5,0.995,3,0.0
600,fresh,0.5,0.995,4,0.0
600,fresh,0.5,0.995,5,0.0
600,fresh,0.5,0.995,6,0.0
600,fresh,0.5,0.995,7,0.0
600,fresh,0.5,0.995,8,0.0
600,fresh,0.5,0.995,9,0.0
600,fresh,0.5,0.995,10,0.0
600,fresh,0.5,0.995,11,0.0
600,fresh,2.0,0.995,0,2.104355645293765e-10
600,fresh,2.0,0.995,1,2.3742618537880844e-10
600,fresh,2.0,0.995,2,2.13537969528943e-10
600,fresh,2.0,0.995,3,2.2142673916647482e-10
600,fresh,2.0,0.995,4,2.14198057069126e-10
600,fresh,2.0,0.995,5,2.153797606929686e-10
600,fresh,2.0,0.995,6,2.2629223384029728e-10
600,fresh,2.0,0.995,7,1.6260177204685534e-10
600,fresh,2.0,0.995,8,2.249537134346724e-10
600,fresh,2.0,0.995,9,1.4289655014820823e-10
600,fresh,2.0,0.995,10,1.6316380690994946e-10
600,fresh,2.0,0.995,11,2.4140259569094267e-10
600,up,0.0,0.995,0,0.0
600,up,0.0,0.995,1,0.0
600,up,0.0,0.995,2,0.0
600,up,0.0,0.995,3,0.0
600,up,0.0,0.995,4,0.0
600,up,0.0,0.995,5,0.0
600,up,0.0,0.995,6,0.0
600,up,0.0,0.995,7,0.0
600,up,0.0,0.995,8,0.0
600,up,0.0,0.995,9,0.0
600,up,0.0,0.995,10,0.0
600,up,0.0,0.995,11,0.0
600,up,0.5,0.995,0,0.0
600,up,0.5,0.995,1,0.0
600,up,0.5,0.995,2,0.0
600,up,0.5,0.995,3,0.0
600,up,0.5,0.995,4,0.0
600,up,0.5,0.995,5,0.0
600,up,0.5,0.995,6,0.0
600,up,0.5,0.995,7,0.0
600,up,0.5,0.995,8,0.0
600,up,0.5,0.995,9,0.0
600,up,0.5,0.995,10,0.0
600,up,0.5,0.995,11,0.0
600,up,2.0,0.995,0,3.8760512577340475e-11
600,up,2.0,0.995,1,3.8760507026225353e-11
600,up,2.0,0.995,2,3.8760512577340475e-11
600,up,2.0,0.995,3,3.8760512577340475e-11
600,up,2.0,0.995,4,3.8760512577340475e-11
600,up,2.0,0.995,5,3.8760512577340475e-11
600,up,2.0,0.995,6,3.8760512577340475e-11
600,up,2.0,0.995,7,3.8760512577340475e-11
600,up,2.0,0.995,8,3.8760512577340475e-11
600,up,2.0,0.995,9,3.8760512577340475e-11
600,up,2.0,0.995,10,3.8760512577340475e-11
600,up,2.0,0.995,11,3.8760512577340475e-11
600,down,0.0,0.995,0,0.0
600,down,0.0,0.995,1,0.0
600,down,0.0,0.995,2,0.0
600,down,0.0,0.995,3,0.0
600,down,0.0,0.995,4,0.0
600,down,0.0,0.995,5,0.0
600,down,0.0,0.995,6,0.0
600,down,0.0,0.995,7,0.0
600,down,0.0,0.995,8,0.0
600,down,0.0,0.995,9,0.0
600,down,0.0,0.995,10,0.0
600,down,0.0,0.995,11,0.0
600,down,0.5,0.995,0,0.0
600,down,0.5,0.995,1,0.0
600,down,0.5,0.995,2,0.0
600,down,0.5,0.995,3,0.0
600,down,0.5,0.995,4,0.0
600,down,0.5,0.995,5,0.0
600,down,0.5,0.995,6,0.0
600,down,0.5,0.995,7,0.0
600,down,0.5,0.995,8,0.0
600,down,0.5,0.995,9,0.0
600,down,0.5,0.995,10,0.0
600,down,0.5,0.995,11,0.0
600,down,2.0,0.995,0,-6.334272484309623e-10
600,down,2.0,0.995,1,-1.494368007115554e-10
600,down,2.0,0.995,2,-1.2500208868004847e-10
600,down,2.0,0.995,3,-1.0838846264960011e-10
600,down,2.0,0.995,4,-1.36872699840751e-10
600,down,2.0,0.995,5,-1.6392391444242095e-10
600,down,2.0,0.995,6,-1.349297917840886e-10
600,down,2.0,0.995,7,-1.286764472752111e-10
600,down,2.0,0.995,8,-1.3521400887839264e-10
600,down,2.0,0.995,9,-1.4281908988778014e-10
600,down,2.0,0.995,10,-2.2424387680075597e-10
600,down,2.0,0.995,11,-1.4567717698810158e-10
600,fresh,0.0,1.0,0,5.018616027760992e-06
600,fresh,0.0,1.0,1,5.003930877043316e-06
600,fresh,0.0,1.0,2,4.863514444999328e-06
600,fresh,0.0,1.0,3,4.998051201181575e-06
600,fresh,0.0,1.0,4,4.99414899973294e-06
600,fresh,0.0,1.0,5,4.9949930321480094e-06
600,fresh,0.0,1.0,6,4.996453899464015e-06
600,fresh,0.0,1.0,7,4.963197359202365e-06
600,fresh,0.0,1.0,8,4.999591783669822e-06
600,fresh,0.0,1.0,9,5.008154622669903e-06
600,fresh,0.0,1.0,10,5.008703897828592e-06
600,fresh,0.0,1.0,11,5.003762224020658e-06
600,fresh,0.5,1.0,0,9.923936887406004e-06
600,fresh,0.5,1.0,1,1.0020750834298653e-05
600,fresh,0.5,1.0,2,9.975197836071813e-06
600,fresh,0.5,1.0,3,9.992640999243463e-06
600,fresh,0.5,1.0,4,9.977691257800903e-06
600,fresh,0.5,1.0,5,9.980130321620705e-06
600,fresh,0.5,1.0,6,1.0007632848751946e-05
600,fresh,0.5,1.0,7,9.856167593580434e-06
600,fresh,0.5,1.0,8,1.000018834721894e-05
600,fresh,0.5,1.0,9,1.0038185597560645e-05
600,fresh,0.5,1.0,10,1.0068456206173693e-05
600,fresh,0.5,1.0,11,1.002880690212926e-05
600,fresh,2.0,1.0,0,2.4810840139102287e-05
600,fresh,2.0,1.0,1,2.5149055834798874e-05
600,fresh,2.0,1.0,2,2.4851609697864596e-05
600,fresh,2.0,1.0,3,2.4952916468683472e-05
600,fresh,2.0,1.0,4,2.4860236852082275e-05
600,fresh,2.0,1.0,5,2.487556070880359e-05
600,fresh,2.0,1.0,6,2.5013819767965017e-05
600,fresh,2.0,1.0,7,2.4117620864092525e-05
600,fresh,2.0,1.0,8,2.4997228094900682e-05
600,fresh,2.0,1.0,9,2.3776224042988403e-05
600,fresh,2.0,1.0,10,2.4124981133655245e-05
600,fresh,2.0,1.0,11,2.5195603040328863e-05
600,up,0.0,1.0,0,4.782658151720742e-06
600,up,0.0,1.0,1,4.782658151720742e-06
600,up,0.0,1.0,2,4.782658151720742e-06
600,up,0.0,1.0,3,4.782658151720742e-06
600,up,0.0,1.0,4,4.782658151720742e-06
600,up,0.0,1.0,5,4.782658151720742e-06
600,up,0.0,1.0,6,4.782658151720742e-06
600,up,0.0,1.0,7,4.782658151720742e-06
600,up,0.0,1.0,8,4.782658151720742e-06
600,up,0.0,1.0,9,4.782658151720742e-06
600,up,0.0,1.0,10,4.782658151720742e-06
600,up,0.0,1.0,11,4.782658151720742e-06
600,up,0.5,1.0,0,9.158452630237957e-06
600,up,0.5,1.0,1,9.158452630239067e-06
600,up,0.5,1.0,2,9.158452630237957e-06
600,up,0.5,1.0,3,9.158452630237957e-06
600,up,0.5,1.0,4,9.158452630237957e-06
600,up,0.5,1.0,5,9.158452630237957e-06
600,up,0.5,1.0,6,9.158452630237957e-06
600,up,0.5,1.0,7,9.158452630237957e-06
600,up,0.5,1.0,8,9.158452630237957e-06
600,up,0.5,1.0,9,9.158452630237957e-06
600,up,0.5,1.0,10,9.158452630237957e-06
600,up,0.5,1.0,11,9.158452630237957e-06
600,up,2.0,1.0,0,2.020708436799801e-05
600,up,2.0,1.0,1,2.020708436799801e-05
600,up,2.0,1.0,2,2.020708436799801e-05
600,up,2.0,1.0,3,2.020708436799801e-05
600,up,2.0,1.0,4,2.020708436799801e-05
600,up,2.0,1.0,5,2.020708436799801e-05
600,up,2.0,1.0,6,2.020708436799801e-05
600,up,2.0,1.0,7,2.020708436799801e-05
600,up,2.0,1.0,8,2.020708436799801e-05
600,up,2.0,1.0,9,2.020708436799801e-05
600,up,2.0,1.0,10,2.020708436799801e-05
600,up,2.0,1.0,11,2.020708436799801e-05
600,down,0.0,1.0,0,4.796660441570566e-06
600,down,0.0,1.0,1,4.595996942953207e-06
600,down,0.0,1.0,2,4.8530185358686145e-06
600,down,0.0,1.0,3,4.415459397932864e-06
600,down,0.0,1.0,4,3.901547249824944e-06
600,down,0.0,1.0,5,4.17457627463591e-06
600,down,0.0,1.0,6,5.430487619833002e-06
600,down,0.0,1.0,7,5.26277290418875e-06
600,down,0.0,1.0,8,4.4542976820594055e-06
600,down,0.0,1.0,9,4.709006832399609e-06
600,down,0.0,1.0,10,4.649759964650002e-06
600,down,0.0,1.0,11,4.404530302508647e-06
600,down,0.5,1.0,0,9.738689933556088e-06
600,down,0.5,1.0,1,6.222252181942168e-07
600,down,0.5,1.0,2,8.220074267910604e-06
600,down,0.5,1.0,3,7.094144590382711e-06
600,down,0.5,1.0,4,9.567576278186607e-06
600,down,0.5,1.0,5,1.161620135803787e-05
600,down,0.5,1.0,6,1.0775381397252204e-05
600,down,0.5,1.0,7,9.964575867797975e-06
600,down,0.5,1.0,8,7.246919628869364e-06
600,down,0.5,1.0,9,4.834966727003121e-06
600,down,0.5,1.0,10,4.424015094173228e-06
600,down,0.5,1.0,11,8.924140900035127e-06
600,down,2.0,1.0,0,0.00020263344148929718
600,down,2.0,1.0,1,2.043737652115851e-05
600,down,2.0,1.0,2,2.8101949682763914e-05
600,down,2.0,1.0,3,3.29496587568201e-05
600,down,2.0,1.0,4,2.4452383786979226e-05
600,down,2.0,1.0,5,1.564228708957671e-05
600,down,2.0,1.0,6,2.5060351993602127e-05
600,down,2.0,1.0,7,2.6988391106783637e-05
600,down,2.0,1.0,8,2.4969900920837062e-05
600,down,2.0,1.0,9,2.256966544621264e-05
600,down,2.0,1.0,10,7.153241767809959e-09
600,down,2.0,1.0,11,2.165367007421537e-05
600,fresh,0.0,1.005,0,0.19110090359615015
600,fresh,0.0,1.005,1,0.1919749936297481
600,fresh,0.0,1.005,2,0.1934635380380554
600,fresh,0.0,1.005,3,0.19246656498147063
600,fresh,0.0,1.005,4,0.19291951055305545
600,fresh,0.0,1.005,5,0.19279971802550874
600,fresh,0.0,1.005,6,0.19318826476048415
600,fresh,0.0,1.005,7,0.20636259372141866
600,fresh,0.0,1.005,8,0.19233516352044688
600,fresh,0.0,1.005,9,0.19163265110990224
600,fresh,0.0,1.005,10,0.19170052827455775
600,fresh,0.0,1.005,11,0.1921106557506833
600,fresh,0.5,1.005,0,0.061757657535321156
600,fresh,0.5,1.005,1,0.0682682173056778
600,fresh,0.5,1.005,2,0.061739888860607765
600,fresh,0.5,1.005,3,0.07243003090043601
600,fresh,0.5,1.005,4,0.07248119533423278
600,fresh,0.5,1.005,5,0.07406687958326713
600,fresh,0.5,1.005,6,0.06569875507471984
600,fresh,0.5,1.005,7,0.06169089134715325
600,fresh,0.5,1.005,8,0.07054892932382459
600,fresh,0.5,1.005,9,0.06815752517311119
600,fresh,0.5,1.005,10,0.06549702390512664
600,fresh,0.5,1.005,11,0.06634427864885786
600,fresh,2.0,1.005,0,0.03025260394416209
600,fresh,2.0,1.005,1,0.060997035458662766
600,fresh,2.0,1.005,2,0.03027985118918667
600,fresh,2.0,1.005,3,0.061189925578974104
600,fresh,2.0,1.005,4,0.0611540818713809
600,fresh,2.0,1.005,5,0.06121803161630943
600,fresh,2.0,1.005,6,0.06075151609692782
600,fresh,2.0,1.005,7,0.030310785924713226
600,fresh,2.0,1.005,8,0.0611569079271413
600,fresh,2.0,1.005,9,0.030182573830941053
600,fresh,2.0,1.005,10,0.030325538987250187
600,fresh,2.0,1.005,11,0.060789485378239194
600,up,0.0,1.005,0,0.18934931828213122
600,up,0.0,1.005,1,0.18934931828213122
600,up,0.0,1.005,2,0.18934931828213122
600,up,0.0,1.005,3,0.18934931828213122
600,up,0.0,1.005,4,0.18934931828213122
600,up,0.0,1.005,5,0.18934931828213122
600,up,0.0,1.005,6,0.18934931828213122
600,up,0.0,1.005,7,0.18934931828213122
600,up,0.0,1.005,8,0.18934931828213122
600,up,0.0,1.005,9,0.18934931828213122
600,up,0.0,1.005,10,0.18934931828213122
600,up,0.0,1.005,11,0.18934931828213122
600,up,0.5,1.005,0,0.1235848993699559
600,up,0.5,1.005,1,0.12358489936995348
600,up,0.5,1.005,2,0.1235848993699559
600,up,0.5,1.005,3,0.1235848993699559
600,up,0.5,1.005,4,0.1235848993699559
600,up,0.5,1.005,5,0.1235848993699559
600,up,0.5,1.005,6,0.1235848993699559
600,up,0.5,1.005,7,0.1235848993699559
600,up,0.5,1.005,8,0.1235848993699559
600,up,0.5,1.005,9,0.1235848993699559
600,up,0.5,1.005,10,0.1235848993699559
600,up,0.5,1.005,11,0.1235848993699559
600,up,2.0,1.005,0,0.04574146631765093
600,up,2.0,1.005,1,0.04574146631762865
600,up,2.0,1.005,2,0.04574146631765093
600,up,2.0,1.005,3,0.04574146631765093
600,up,2.0,1.005,4,0.04574146631765093
600,up,2.0,1.005,5,0.04574146631765093
600,up,2.0,1.005,6,0.04574146631765093
600,up,2.0,1.005,7,0.04574146631765093
600,up,2.0,1.005,8,0.04574146631765093
600,up,2.0,1.005,9,0.04574146631765093
600,up,2.0,1.005,10,0.04574146631765093
600,up,2.0,1.005,11,0.04574146631765093
600,down,0.0,1.005,0,0.1895501461971162
600,down,0.0,1.005,1,0.19143112382711935
600,down,0.0,1.005,2,0.18968456717610024
600,down,0.0,1.005,3,0.19454081924384353
600,down,0.0,1.005,4,0.2171840743562484
600,down,0.0,1.005,5,0.20634601756191615
600,down,0.0,1.005,6,0.2165014011787207
600,down,0.0,1.005,7,0.19079393872754052
600,down,0.0,1.005,8,0.19451336544912465
600,down,0.0,1.005,9,0.190027332658683
600,down,0.0,1.005,10,0.19097995834590392
600,down,0.0,1.005,11,0.2034695882845608
600,down,0.5,1.005,0,0.06043704533332175
600,down,0.5,1.005,1,0.06115005863848182
600,down,0.5,1.005,2,0.06169910067287106
600,down,0.5,1.005,3,0.06163513998422218
600,down,0.5,1.005,4,0.06044795930284181
600,down,0.5,1.005,5,0.06255428103691202
600,down,0.5,1.005,6,0.034825872563678785
600,down,0.5,1.005,7,0.05481712663966391
600,down,0.5,1.005,8,0.061645284570950025
600,down,0.5,1.005,9,0.06151199797663935
600,down,0.5,1.005,10,0.061495853455559205
600,down,0.5,1.005,11,0.061771324827620905
600,down,2.0,1.005,0,0.02936227956741675
600,down,2.0,1.005,1,0.03008538231291368
600,down,2.0,1.005,2,0.0031160153745236133
600,down,2.0,1.005,3,0.0053092486061626695
600,down,2.0,1.005,4,0.013056862636410073
600,down,2.0,1.005,5,0.03027878711892811
600,down,2.0,1.005,6,0.006708970266896586
600,down,2.0,1.005,7,0.0033427733941857694
600,down,2.0,1.005,8,0.006741439343892352
600,down,2.0,1.005,9,0.029037009541669365
600,down,2.0,1.005,10,0.02990035715036356
600,down,2.0,1.005,11,0.02973609858227121
600,fresh,0.0,1.01,0,0.2747935054529951
600,fresh,0.0,1.01,1,0.26147370459656955
600,fresh,0.0,1.01,2,0.2590129323323698
600,fresh,0.0,1.01,3,0.2593189119667175
600,fresh,0.0,1.01,4,0.2584772716253799
600,fresh,0.0,1.01,5,0.2586129914630949
600,fresh,0.0,1.01,6,0.26048356087445257
600,fresh,0.0,1.01,7,0.2554100008329655
600,fresh,0.0,1.01,8,0.2598171227608128
600,fresh,0.0,1.01,9,0.2631524132255155
600,fresh,0.0,1.01,10,0.2653324266663075
600,fresh,0.0,1.01,11,0.262444381480726
600,fresh,0.5,1.01,0,0.09083083523023922
600,fresh,0.5,1.01,1,0.17065469627500457
600,fresh,0.5,1.01,2,0.08401802906856767
600,fresh,0.5,1.01,3,0.13907860040186165
600,fresh,0.5,1.01,4,0.13975388719686138
600,fresh,0.5,1.01,5,0.13629595137390021
600,fresh,0.5,1.01,6,0.17425789946433462
600,fresh,0.5,1.01,7,0.07064828390151245
600,fresh,0.5,1.01,8,0.1480523075205835
600,fresh,0.5,1.01,9,0.17122149280290266
600,fresh,0.5,1.01,10,0.15859655125649005
600,fresh,0.5,1.01,11,0.18049480971493623
600,fresh,2.0,1.01,0,0.03099135265641786
600,fresh,2.0,1.01,1,0.06236617592487999
600,fresh,2.0,1.01,2,0.03099843305434643
600,fresh,2.0,1.01,3,0.06237645907374798
600,fresh,2.0,1.01,4,0.06236074691841065
600,fresh,2.0,1.01,5,0.06237247297555985
600,fresh,2.0,1.01,6,0.06231136493379424
600,fresh,2.0,1.01,7,0.03067360486805244
600,fresh,2.0,1.01,8,0.062375951797733684
600,fresh,2.0,1.01,9,0.03168912249003061
600,fresh,2.0,1.01,10,0.030486763766619962
600,fresh,2.0,1.01,11,0.06233757007081041
600,up,0.0,1.01,0,0.3105235769786043
600,up,0.0,1.01,1,0.3105235769786043
600,up,0.0,1.01,2,0.3105235769786043
600,up,0.0,1.01,3,0.3105235769786043
600,up,0.0,1.01,4,0.3105235769786043
600,up,0.0,1.01,5,0.3105235769786043
600,up,0.0,1.01,6,0.3105235769786043
600,up,0.0,1.01,7,0.3105235769786043
600,up,0.0,1.01,8,0.3105235769786043
600,up,0.0,1.01,9,0.3105235769786043
600,up,0.0,1.01,10,0.3105235769786043
600,up,0.0,1.01,11,0.3105235769786043
600,up,0.5,1.01,0,0.12920787108380766
600,up,0.5,1.01,1,0.12920787108378776
600,up,0.5,1.01,2,0.12920787108380766
600,up,0.5,1.01,3,0.12920787108380766
600,up,0.5,1.01,4,0.12920787108380766
600,up,0.5,1.01,5,0.12920787108380766
600,up,0.5,1.01,6,0.12920787108380766
600,up,0.5,1.01,7,0.12920787108380766
600,up,0.5,1.01,8,0.12920787108380766
600,up,0.5,1.01,9,0.12920787108380766
600,up,0.5,1.01,10,0.12920787108380766
600,up,0.5,1.01,11,0.12920787108380766
600,up,2.0,1.01,0,0.06175752391507025
600,up,2.0,1.01,1,0.06175752391507673
600,up,2.0,1.01,2,0.06175752391507025
600,up,2.0,1.01,3,0.06175752391507025
600,up,2.0,1.01,4,0.06175752391507025
600,up,2.0,1.01,5,0.06175752391507025
600,up,2.0,1.01,6,0.06175752391507025
600,up,2.0,1.01,7,0.06175752391507025
600,up,2.0,1.01,8,0.06175752391507025
600,up,2.0,1.01,9,0.06175752391507025
600,up,2.0,1.01,10,0.06175752391507025
600,up,2.0,1.01,11,0.06175752391507025
600,down,0.0,1.01,0,0.31042364549669627
600,down,0.0,1.01,1,0.28567323652544474
600,down,0.0,1.01,2,0.30804560630001787
600,down,0.0,1.01,3,0.2629882565276602
600,down,0.0,1.01,4,0.2564665528919977
600,down,0.0,1.01,5,0.25645277271074063
600,down,0.0,1.01,6,0.2821105015602211
600,down,0.0,1.01,7,0.25961101409688125
600,down,0.0,1.01,8,0.27900488688567976
600,down,0.0,1.01,9,0.3076734263528579
600,down,0.0,1.01,10,0.287546875163805
600,down,0.0,1.01,11,0.283107149235309
600,down,0.5,1.01,0,0.06540100685097058
600,down,0.5,1.01,1,0.12350521289921972
600,down,0.5,1.01,2,0.09053240402515485
600,down,0.5,1.01,3,0.08857722255845032
600,down,0.5,1.01,4,0.06790050043074075
600,down,0.5,1.01,5,0.0696668761134788
600,down,0.5,1.01,6,0.06482405778859629
600,down,0.5,1.01,7,0.06480329239806451
600,down,0.5,1.01,8,0.08951872465157407
600,down,0.5,1.01,9,0.0855456678800033
600,down,0.5,1.01,10,0.08225589192347342
600,down,0.5,1.01,11,0.09086364234318126
600,down,2.0,1.01,0,0.03052689818444094
600,down,2.0,1.01,1,0.031028010983843612
600,down,2.0,1.01,2,0.03116280945293909
600,down,2.0,1.01,3,0.03106946556498144
600,down,2.0,1.01,4,0.03118744693202871
600,down,2.0,1.01,5,0.028112720651067208
600,down,2.0,1.01,6,0.031190538918763767
600,down,2.0,1.01,7,0.031177192056952092
600,down,2.0,1.01,8,0.03118619763987965
600,down,2.0,1.01,9,0.031154703315654616
600,down,2.0,1.01,10,0.02959235558918806
600,down,2.0,1.01,11,0.031122332842619473
600,fresh,0.0,1.02,0,0.3872985196202052
600,fresh,0.0,1.02,1,0.39740479419399377
600,fresh,0.0,1.02,2,0.4077896759116419
600,fresh,0.0,1.02,3,0.40485219311069415
600,fresh,0.0,1.02,4,0.4113823230037411
600,fresh,0.0,1.02,5,0.41010566017710204
600,fresh,0.0,1.02,6,0.4076491319653678
600,fresh,0.0,1.02,7,0.43171420041366304
600,fresh,0.0,1.02,8,0.4026843492350133
600,fresh,0.0,1.02,9,0.3922206135583417
600,fresh,0.0,1.02,10,0.39460789196239576
600,fresh,0.0,1.02,11,0.40014792322842113
600,fresh,0.5,1.02,0,0.09832203867804787
600,fresh,0.5,1.02,1,0.19210354281934897
600,fresh,0.5,1.02,2,0.10731253213855446
600,fresh,0.5,1.02,3,0.21126100026313382
600,fresh,0.5,1.02,4,0.2059073219544756
600,fresh,0.5,1.02,5,0.21975986877629566
600,fresh,0.5,1.02,6,0.18916984873613885
600,fresh,0.5,1.02,7,0.11960243732281184
600,fresh,0.5,1.02,8,0.19873450129202283
600,fresh,0.5,1.02,9,0.1924570843370823
600,fresh,0.5,1.02,10,0.18919609394209175
600,fresh,0.5,1.02,11,0.18958899320790437
600,fresh,2.0,1.02,0,0.03449375828362538
600,fresh,2.0,1.02,1,0.07113663764924745
600,fresh,2.0,1.02,2,0.03532968558775018
600,fresh,2.0,1.02,3,0.06707175519189548
600,fresh,2.0,1.02,4,0.06781799375994645
600,fresh,2.0,1.02,5,0.0667873840591772
600,fresh,2.0,1.02,6,0.09221747715022555
600,fresh,2.0,1.02,7,0.055171064973999956
600,fresh,2.0,1.02,8,0.06751503952568697
600,fresh,2.0,1.02,9,0.03484033119696939
600,fresh,2.0,1.02,10,0.058833717569201235
600,fresh,2.0,1.02,11,0.08753710497612767
600,up,0.0,1.02,0,0.3801357291975467
600,up,0.0,1.02,1,0.3801357291975467
600,up,0.0,1.02,2,0.3801357291975467
600,up,0.0,1.02,3,0.3801357291975467
600,up,0.0,1.02,4,0.3801357291975467
600,up,0.0,1.02,5,0.3801357291975467
600,up,0.0,1.02,6,0.3801357291975467
600,up,0.0,1.02,7,0.3801357291975467
600,up,0.0,1.02,8,0.3801357291975467
600,up,0.0,1.02,9,0.3801357291975467
600,up,0.0,1.02,10,0.3801357291975467
600,up,0.0,1.02,11,0.3801357291975467
600,up,0.5,1.02,0,0.2318211383156489
600,up,0.5,1.02,1,0.23182113831553613
600,up,0.5,1.02,2,0.2318211383156489
600,up,0.5,1.02,3,0.2318211383156489
600,up,0.5,1.02,4,0.2318211383156489
600,up,0.5,1.02,5,0.2318211383156489
600,up,0.5,1.02,6,0.2318211383156489
600,up,0.5,1.02,7,0.2318211383156489
600,up,0.5,1.02,8,0.2318211383156489
600,up,0.5,1.02,9,0.2318211383156489
600,up,0.5,1.02,10,0.2318211383156489
600,up,0.5,1.02,11,0.2318211383156489
600,up,2.0,1.02,0,0.06690762197588469
600,up,2.0,1.02,1,0.06690762197588469
600,up,2.0,1.02,2,0.06690762197588469
600,up,2.0,1.02,3,0.06690762197588469
600,up,2.0,1.02,4,0.06690762197588469
600,up,2.0,1.02,5,0.06690762197588469
600,up,2.0,1.02,6,0.06690762197588469
600,up,2.0,1.02,7,0.06690762197588469
600,up,2.0,1.02,8,0.06690762197588469
600,up,2.0,1.02,9,0.06690762197588469
600,up,2.0,1.02,10,0.06690762197588469
600,up,2.0,1.02,11,0.06690762197588469
600,down,0.0,1.02,0,0.39314089698308863
600,down,0.0,1.02,1,0.4192162739269429
600,down,0.0,1.02,2,0.40324281808848356
600,down,0.0,1.02,3,0.4340826443146625
600,down,0.0,1.02,4,0.43217918001170574
600,down,0.0,1.02,5,0.4336982170547003
600,down,0.0,1.02,6,0.3907261567446403
600,down,0.0,1.02,7,0.38034687259573047
600,down,0.0,1.02,8,0.4327528258187021
600,down,0.0,1.02,9,0.41073025674307473
600,down,0.0,1.02,10,0.409009847875725
600,down,0.0,1.02,11,0.41043363678244305
600,down,0.5,1.02,0,0.12062975536808267
600,down,0.5,1.02,1,0.1559734875216634
600,down,0.5,1.02,2,0.13087346104243008
600,down,0.5,1.02,3,0.09748825811636039
600,down,0.5,1.02,4,0.11939702370711075
600,down,0.5,1.02,5,0.19036972899822102
600,down,0.5,1.02,6,0.12196149838729753
600,down,0.5,1.02,7,0.12143173806809728
600,down,0.5,1.02,8,0.1834551498355006
600,down,0.5,1.02,9,0.12313565790046141
600,down,0.5,1.02,10,0.09874772173994643
600,down,0.5,1.02,11,0.09853736439069166
600,down,2.0,1.02,0,0.034403649381264785
600,down,2.0,1.02,1,0.05632452010433667
600,down,2.0,1.02,2,0.03384033888853821
600,down,2.0,1.02,3,0.034018113311439606
600,down,2.0,1.02,4,0.036707273382577905
600,down,2.0,1.02,5,0.03844882870563765
600,down,2.0,1.02,6,0.03410304962379143
600,down,2.0,1.02,7,0.03386719432677822
600,down,2.0,1.02,8,0.03573236326866208
600,down,2.0,1.02,9,0.03690293680592447
600,down,2.0,1.02,10,0.03485940097820048
600,down,2.0,1.02,11,0.04227608477339743
600,fresh,0.0,1.05,0,0.6340712620805772
600,fresh,0.0,1.05,1,0.6393876900211262
600,fresh,0.0,1.05,2,0.634637958786284
600,fresh,0.0,1.05,3,0.6434952840298988
600,fresh,0.0,1.05,4,0.6484789703293745
600,fresh,0.0,1.05,5,0.6470778525190093
600,fresh,0.0,1.05,6,0.6504178682678656
600,fresh,0.0,1.05,7,0.6717141219714057
600,fresh,0.0,1.05,8,0.6423951456334623
600,fresh,0.0,1.05,9,0.636612238640488
600,fresh,0.0,1.05,10,0.6379099197739703
600,fresh,0.0,1.05,11,0.641623227245246
600,fresh,0.5,1.05,0,0.18978839021063054
600,fresh,0.5,1.05,1,0.3155992920877483
600,fresh,0.5,1.05,2,0.18769886209989367
600,fresh,0.5,1.05,3,0.3151188546047343
600,fresh,0.5,1.05,4,0.31506009829074855
600,fresh,0.5,1.05,5,0.31511227397567654
600,fresh,0.5,1.05,6,0.3126210464421113
600,fresh,0.5,1.05,7,0.1857267489248052
600,fresh,0.5,1.05,8,0.3151267540220472
600,fresh,0.5,1.05,9,0.31554776418564046
600,fresh,0.5,1.05,10,0.3125973972018048
600,fresh,0.5,1.05,11,0.3129657221277637
600,fresh,2.0,1.05,0,0.07056700671916126
600,fresh,2.0,1.05,1,0.12930879071393414
600,fresh,2.0,1.05,2,0.066769534213489
600,fresh,2.0,1.05,3,0.12693644288859737
600,fresh,2.0,1.05,4,0.12702800870261235
600,fresh,2.0,1.05,5,0.12678676044925552
600,fresh,2.0,1.05,6,0.12379069619207556
600,fresh,2.0,1.05,7,0.06623300951204861
600,fresh,2.0,1.05,8,0.12714458361975944
600,fresh,2.0,1.05,9,0.07038523758869183
600,fresh,2.0,1.05,10,0.08671520843616012
600,fresh,2.0,1.05,11,0.12373977817721662
600,up,0.0,1.05,0,0.6304114374685367
600,up,0.0,1.05,1,0.6304114374685367
600,up,0.0,1.05,2,0.6304114374685367
600,up,0.0,1.05,3,0.6304114374685367
600,up,0.0,1.05,4,0.6304114374685367
600,up,0.0,1.05,5,0.6304114374685367
600,up,0.0,1.05,6,0.6304114374685367
600,up,0.0,1.05,7,0.6304114374685367
600,up,0.0,1.05,8,0.6304114374685367
600,up,0.0,1.05,9,0.6304114374685367
600,up,0.0,1.05,10,0.6304114374685367
600,up,0.0,1.05,11,0.6304114374685367
600,up,0.5,1.05,0,0.3424778479866379
600,up,0.5,1.05,1,0.3424778479866299
600,up,0.5,1.05,2,0.3424778479866379
600,up,0.5,1.05,3,0.3424778479866379
600,up,0.5,1.05,4,0.3424778479866379
600,up,0.5,1.05,5,0.3424778479866379
600,up,0.5,1.05,6,0.3424778479866379
600,up,0.5,1.05,7,0.3424778479866379
600,up,0.5,1.05,8,0.3424778479866379
600,up,0.5,1.05,9,0.3424778479866379
600,up,0.5,1.05,10,0.3424778479866379
600,up,0.5,1.05,11,0.3424778479866379
600,up,2.0,1.05,0,0.12651489760369572
600,up,2.0,1.05,1,0.12651489760369813
600,up,2.0,1.05,2,0.12651489760369572
600,up,2.0,1.05,3,0.12651489760369572
600,up,2.0,1.05,4,0.12651489760369572
600,up,2.0,1.05,5,0.12651489760369572
600,up,2.0,1.05,6,0.12651489760369572
600,up,2.0,1.05,7,0.12651489760369572
600,up,2.0,1.05,8,0.12651489760369572
600,up,2.0,1.05,9,0.12651489760369572
600,up,2.0,1.05,10,0.12651489760369572
600,up,2.0,1.05,11,0.12651489760369572
600,down,0.0,1.05,0,0.6308281123903066
600,down,0.0,1.05,1,0.6311410269379758
600,down,0.0,1.05,2,0.6361225420611072
600,down,0.0,1.05,3,0.6325837493103472
600,down,0.0,1.05,4,0.6386107151622628
600,down,0.0,1.05,5,0.6355383941689023
600,down,0.0,1.05,6,0.6506285474511515
600,down,0.0,1.05,7,0.6679660868910196
600,down,0.0,1.05,8,0.6323497837917376
600,down,0.0,1.05,9,0.6303547455439821
600,down,0.0,1.05,10,0.6312169635764099
600,down,0.0,1.05,11,0.6339170604863307
600,down,0.5,1.05,0,0.1858223606687932
600,down,0.5,1.05,1,0.25337344706222326
600,down,0.5,1.05,2,0.22029254802396736
600,down,0.5,1.05,3,0.30188736219691126
600,down,0.5,1.05,4,0.18681875076609003
600,down,0.5,1.05,5,0.31497828630619323
600,down,0.5,1.05,6,0.21885821634106944
600,down,0.5,1.05,7,0.1790157476085949
600,down,0.5,1.05,8,0.2613491355758981
600,down,0.5,1.05,9,0.17760607833091627
600,down,0.5,1.05,10,0.2093346643691291
600,down,0.5,1.05,11,0.18972693143280367
600,down,2.0,1.05,0,0.06691756298361981
600,down,2.0,1.05,1,0.08308633910665833
600,down,2.0,1.05,2,0.06539446603930855
600,down,2.0,1.05,3,0.06592973331786481
600,down,2.0,1.05,4,0.06742621562636258
600,down,2.0,1.05,5,0.07495931971103459
600,down,2.0,1.05,6,0.06541544427325277
600,down,2.0,1.05,7,0.06532672910273163
600,down,2.0,1.05,8,0.06646854773301981
600,down,2.0,1.05,9,0.07222258968005292
600,down,2.0,1.05,10,0.06773881386597395
600,down,2.0,1.05,11,0.07522891825505496
600,fresh,0.0,1.1,0,0.8918917415915228
600,fresh,0.0,1.1,1,0.8960827331539781
600,fresh,0.0,1.1,2,0.9147593002263608
600,fresh,0.0,1.1,3,0.8999512799333138
600,fresh,0.0,1.1,4,0.9048299552259034
600,fresh,0.0,1.1,5,0.903443203300069
600,fresh,0.0,1.1,6,0.9072271523483249
600,fresh,0.0,1.1,7,0.9323758454542923
600,fresh,0.0,1.1,8,0.8989065433977397
600,fresh,0.0,1.1,9,0.8934882820719303
600,fresh,0.0,1.1,10,0.8949535496360415
600,fresh,0.0,1.1,11,0.8983953549458124
600,fresh,0.5,1.1,0,0.3121308696300521
600,fresh,0.5,1.1,1,0.4583188188038946
600,fresh,0.5,1.1,2,0.27867312527926824
600,fresh,0.5,1.1,3,0.44720262221021356
600,fresh,0.5,1.1,4,0.450890943936854
600,fresh,0.5,1.1,5,0.44583254714405085
600,fresh,0.5,1.1,6,0.4374898828428405
600,fresh,0.5,1.1,7,0.2831914517245824
600,fresh,0.5,1.1,8,0.4626575125056809
600,fresh,0.5,1.1,9,0.4771849092438092
600,fresh,0.5,1.1,10,0.43828202631048413
600,fresh,0.5,1.1,11,0.4430118071382333
600,fresh,2.0,1.1,0,0.10315773393847402
600,fresh,2.0,1.1,1,0.18642243105680434
600,fresh,2.0,1.1,2,0.11804204228400125
600,fresh,2.0,1.1,3,0.18711140833420273
600,fresh,2.0,1.1,4,0.186851751941999
600,fresh,2.0,1.1,5,0.18703749260016864
600,fresh,2.0,1.1,6,0.1506450548873376
600,fresh,2.0,1.1,7,0.10165881742925748
600,fresh,2.0,1.1,8,0.1871100866582836
600,fresh,2.0,1.1,9,0.1521969078458057
600,fresh,2.0,1.1,10,0.12271768494086652
600,fresh,2.0,1.1,11,0.17138031703724538
600,up,0.0,1.1,0,0.8915538038187333
600,up,0.0,1.1,1,0.8915538038187333
600,up,0.0,1.1,2,0.8915538038187333
600,up,0.0,1.1,3,0.8915538038187333
600,up,0.0,1.1,4,0.8915538038187333
600,up,0.0,1.1,5,0.8915538038187333
600,up,0.0,1.1,6,0.8915538038187333
600,up,0.0,1.1,7,0.8915538038187333
600,up,0.0,1.1,8,0.8915538038187333
600,up,0.0,1.1,9,0.8915538038187333
600,up,0.0,1.1,10,0.8915538038187333
600,up,0.0,1.1,11,0.8915538038187333
600,up,0.5,1.1,0,0.48607080360956445
600,up,0.5,1.1,1,0.4860708036095741
600,up,0.5,1.1,2,0.48607080360956445
600,up,0.5,1.1,3,0.48607080360956445
600,up,0.5,1.1,4,0.48607080360956445
600,up,0.5,1.1,5,0.48607080360956445
600,up,0.5,1.1,6,0.48607080360956445
600,up,0.5,1.1,7,0.48607080360956445
600,up,0.5,1.1,8,0.48607080360956445
600,up,0.5,1.1,9,0.48607080360956445
600,up,0.5,1.1,10,0.48607080360956445
600,up,0.5,1.1,11,0.48607080360956445
600,up,2.0,1.1,0,0.185318499662163
600,up,2.0,1.1,1,0.18531849966217068
600,up,2.0,1.1,2,0.185318499662163
600,up,2.0,1.1,3,0.185318499662163
600,up,2.0,1.1,4,0.185318499662163
600,up,2.0,1.1,5,0.185318499662163
600,up,2.0,1.1,6,0.185318499662163
600,up,2.0,1.1,7,0.185318499662163
600,up,2.0,1.1,8,0.185318499662163
600,up,2.0,1.1,9,0.185318499662163
600,up,2.0,1.1,10,0.185318499662163
600,up,2.0,1.1,11,0.185318499662163
600,down,0.0,1.1,0,0.9354471304185062
600,down,0.0,1.1,1,0.9229216976206249
600,down,0.0,1.1,2,0.9319084703482235
600,down,0.0,1.1,3,0.9086189895901339
600,down,0.0,1.1,4,0.8950626367925816
600,down,0.0,1.1,5,0.8943772652324333
600,down,0.0,1.1,6,0.9154012338952157
600,down,0.0,1.1,7,0.9130755384114673
600,down,0.0,1.1,8,0.9140045427137283
600,down,0.0,1.1,9,0.9347118380981055
600,down,0.0,1.1,10,0.9252054525785889
600,down,0.0,1.1,11,0.9140385100735215
600,down,0.5,1.1,0,0.2813962271813625
600,down,0.5,1.1,1,0.4151174397126556
600,down,0.5,1.1,2,0.31440470881551846
600,down,0.5,1.1,3,0.4018121907964974
600,down,0.5,1.1,4,0.2829934852443637
600,down,0.5,1.1,5,0.4427146633938446
600,down,0.5,1.1,6,0.3102795672432728
600,down,0.5,1.1,7,0.28052096414250854
600,down,0.5,1.1,8,0.37268448967306655
600,down,0.5,1.1,9,0.26568521126311795
600,down,0.5,1.1,10,0.3495499663495923
600,down,0.5,1.1,11,0.2853626955377342
600,down,2.0,1.1,0,0.11532458046911997
600,down,2.0,1.1,1,0.1180186603430127
600,down,2.0,1.1,2,0.10059953473996898
600,down,2.0,1.1,3,0.11368220952328556
600,down,2.0,1.1,4,0.1010708065719797
600,down,2.0,1.1,5,0.13207068436715644
600,down,2.0,1.1,6,0.10048321065655103
600,down,2.0,1.1,7,0.10044402188141233
600,down,2.0,1.1,8,0.10149127533113017
600,down,2.0,1.1,9,0.09965717102950863
600,down,2.0,1.1,10,0.11636211004918608
600,down,2.0,1.1,11,0.1201900038914215
600,fresh,0.0,1.2,0,1.322152346044112
600,fresh,0.0,1.2,1,1.3217046404009523
600,fresh,0.0,1.2,2,1.3309636442789474
600,fresh,0.0,1.2,3,1.3216795423885832
600,fresh,0.0,1.2,4,1.3217499722083619
600,fresh,0.0,1.2,5,1.321723218024507
600,fresh,0.0,1.2,6,1.3219907359460104
600,fresh,0.0,1.2,7,1.3239073579392686
600,fresh,0.0,1.2,8,1.3216819808698856
600,fresh,0.0,1.2,9,1.321732132522302
600,fresh,0.0,1.2,10,1.3218515896300276
600,fresh,0.0,1.2,11,1.3218037785297656
600,fresh,0.5,1.2,0,0.520647314349439
600,fresh,0.5,1.2,1,0.6414034477292909
600,fresh,0.5,1.2,2,0.454881815293837
600,fresh,0.5,1.2,3,0.6423442775099011
600,fresh,0.5,1.2,4,0.6501689703088845
600,fresh,0.5,1.2,5,0.6419240839836089
600,fresh,0.5,1.2,6,0.6014793847562376
600,fresh,0.5,1.2,7,0.5266176544678544
600,fresh,0.5,1.2,8,0.6698161317116313
600,fresh,0.5,1.2,9,0.6724169964370725
600,fresh,0.5,1.2,10,0.6262147442828618
600,fresh,0.5,1.2,11,0.6304953997803502
600,fresh,2.0,1.2,0,0.17030615546068434
600,fresh,2.0,1.2,1,0.25422427479191584
600,fresh,2.0,1.2,2,0.16251168614708505
600,fresh,2.0,1.2,3,0.2857232095286122
600,fresh,2.0,1.2,4,0.25991723984423776
600,fresh,2.0,1.2,5,0.285536584095195
600,fresh,2.0,1.2,6,0.24775263417379165
600,fresh,2.0,1.2,7,0.1714836516932287
600,fresh,2.0,1.2,8,0.2760283172466059
600,fresh,2.0,1.2,9,0.2439370810895042
600,fresh,2.0,1.2,10,0.19024871332901044
600,fresh,2.0,1.2,11,0.2547670481414508
600,up,0.0,1.2,0,1.32202638190651
600,up,0.0,1.2,1,1.32202638190651
600,up,0.0,1.2,2,1.32202638190651
600,up,0.0,1.2,3,1.32202638190651
600,up,0.0,1.2,4,1.32202638190651
600,up,0.0,1.2,5,1.32202638190651
600,up,0.0,1.2,6,1.32202638190651
600,up,0.0,1.2,7,1.32202638190651
600,up,0.0,1.2,8,1.32202638190651
600,up,0.0,1.2,9,1.32202638190651
600,up,0.0,1.2,10,1.32202638190651
600,up,0.0,1.2,11,1.32202638190651
600,up,0.5,1.2,0,0.675975736911841
600,up,0.5,1.2,1,0.6759757369118387
600,up,0.5,1.2,2,0.675975736911841
600,up,0.5,1.2,3,0.675975736911841
600,up,0.5,1.2,4,0.675975736911841
600,up,0.5,1.2,5,0.675975736911841
600,up,0.5,1.2,6,0.675975736911841
600,up,0.5,1.2,7,0.675975736911841
600,up,0.5,1.2,8,0.675975736911841
600,up,0.5,1.2,9,0.675975736911841
600,up,0.5,1.2,10,0.675975736911841
600,up,0.5,1.2,11,0.675975736911841
600,up,2.0,1.2,0,0.2863026530401288
600,up,2.0,1.2,1,0.2863026530401635
600,up,2.0,1.2,2,0.2863026530401288
600,up,2.0,1.2,3,0.2863026530401288
600,up,2.0,1.2,4,0.2863026530401288
600,up,2.0,1.2,5,0.2863026530401288
600,up,2.0,1.2,6,0.2863026530401288
600,up,2.0,1.2,7,0.2863026530401288
600,up,2.0,1.2,8,0.2863026530401288
600,up,2.0,1.2,9,0.2863026530401288
600,up,2.0,1.2,10,0.2863026530401288
600,up,2.0,1.2,11,0.2863026530401288
600,down,0.0,1.2,0,1.322525670031373
600,down,0.0,1.2,1,1.3280276669044997
600,down,0.0,1.2,2,1.3228967816604336
600,down,0.0,1.2,3,1.3345691619631408
600,down,0.0,1.2,4,1.3362565952988894
600,down,0.0,1.2,5,1.340217705121495
600,down,0.0,1.2,6,1.3232243900323988
600,down,0.0,1.2,7,1.3219872961891839
600,down,0.0,1.2,8,1.3327373796087432
600,down,0.0,1.2,9,1.3236477935249422
600,down,0.0,1.2,10,1.3268793129970708
600,down,0.0,1.2,11,1.3314354263111727
600,down,0.5,1.2,0,0.5043205873106944
600,down,0.5,1.2,1,0.6371752876583445
600,down,0.5,1.2,2,0.46686818953086917
600,down,0.5,1.2,3,0.6438390535344387
600,down,0.5,1.2,4,0.6296216750725023
600,down,0.5,1.2,5,0.6771752831047742
600,down,0.5,1.2,6,0.5212142348835369
600,down,0.5,1.2,7,0.6069196462067146
600,down,0.5,1.2,8,0.6362104916975455
600,down,0.5,1.2,9,0.4447806397664692
600,down,0.5,1.2,10,0.49437743436267734
600,down,0.5,1.2,11,0.4306115021860978
600,down,2.0,1.2,0,0.17327139453660723
600,down,2.0,1.2,1,0.16191357167024306
600,down,2.0,1.2,2,0.17012319096590828
600,down,2.0,1.2,3,0.25338012123789894
600,down,2.0,1.2,4,0.2589698602863001
600,down,2.0,1.2,5,0.220726897628781
600,down,2.0,1.2,6,0.17112333400903737
600,down,2.0,1.2,7,0.17056336872471123
600,down,2.0,1.2,8,0.26175471532755806
600,down,2.0,1.2,9,0.162071741451781
600,down,2.0,1.2,10,0.17366040385373538
600,down,2.0,1.2,11,0.16513025315602137
600,fresh,0.0,1.5,0,2.2227824050882203
600,fresh,0.0,1.5,1,2.224761165308678
600,fresh,0.0,1.5,2,2.2345273827021277
600,fresh,0.0,1.5,3,2.2294023458735435
600,fresh,0.0,1.5,4,2.234410655875413
600,fresh,0.0,1.5,5,2.233396558549634
600,fresh,0.0,1.5,6,2.2328196472080375
600,fresh,0.0,1.5,7,2.248548046254074
600,fresh,0.0,1.5,8,2.2279624707353944
600,fresh,0.0,1.5,9,2.221632133703875
600,fresh,0.0,1.5,10,2.2246672051903555
600,fresh,0.0,1.5,11,2.227773715683896
600,fresh,0.5,1.5,0,1.0063212873431446
600,fresh,0.5,1.5,1,1.1096679531794849
600,fresh,0.5,1.5,2,0.8733705245020444
600,fresh,0.5,1.5,3,1.1046929820735136
600,fresh,0.5,1.5,4,1.118320975899708
600,fresh,0.5,1.5,5,1.1059664395829105
600,fresh,0.5,1.5,6,1.016852092738688
600,fresh,0.5,1.5,7,1.076145690912913
600,fresh,0.5,1.5,8,1.1175690241203398
600,fresh,0.5,1.5,9,1.0900889532787232
600,fresh,0.5,1.5,10,1.0578914758946831
600,fresh,0.5,1.5,11,1.0615514158222434
600,fresh,2.0,1.5,0,0.30894338724919024
600,fresh,2.0,1.5,1,0.43758476468102514
600,fresh,2.0,1.5,2,0.3160472603534869
600,fresh,2.0,1.5,3,0.4427552798233165
600,fresh,2.0,1.5,4,0.44133179202698214
600,fresh,2.0,1.5,5,0.4428737573995585
600,fresh,2.0,1.5,6,0.41115481418333755
600,fresh,2.0,1.5,7,0.311299803654306
600,fresh,2.0,1.5,8,0.44241433951983367
600,fresh,2.0,1.5,9,0.428061859121907
600,fresh,2.0,1.5,10,0.375015352814959
600,fresh,2.0,1.5,11,0.419315830423973
600,up,0.0,1.5,0,2.248737719297296
600,up,0.0,1.5,1,2.248737719297296
600,up,0.0,1.5,2,2.248737719297296
600,up,0.0,1.5,3,2.248737719297296
600,up,0.0,1.5,4,2.248737719297296
600,up,0.0,1.5,5,2.248737719297296
600,up,0.0,1.5,6,2.248737719297296
600,up,0.0,1.5,7,2.248737719297296
600,up,0.0,1.5,8,2.248737719297296
600,up,0.0,1.5,9,2.248737719297296
600,up,0.0,1.5,10,2.248737719297296
600,up,0.0,1.5,11,2.248737719297296
600,up,0.5,1.5,0,1.124975871839788
600,up,0.5,1.5,1,1.124975871839789
600,up,0.5,1.5,2,1.124975871839788
600,up,0.5,1.5,3,1.124975871839788
600,up,0.5,1.5,4,1.124975871839788
600,up,0.5,1.5,5,1.124975871839788
600,up,0.5,1.5,6,1.124975871839788
600,up,0.5,1.5,7,1.124975871839788
600,up,0.5,1.5,8,1.124975871839788
600,up,0.5,1.5,9,1.124975871839788
600,up,0.5,1.5,10,1.124975871839788
600,up,0.5,1.5,11,1.124975871839788
600,up,2.0,1.5,0,0.4556553968283941
600,up,2.0,1.5,1,0.45565539682835493
600,up,2.0,1.5,2,0.4556553968283941
600,up,2.0,1.5,3,0.4556553968283941
600,up,2.0,1.5,4,0.4556553968283941
600,up,2.0,1.5,5,0.4556553968283941
600,up,2.0,1.5,6,0.4556553968283941
600,up,2.0,1.5,7,0.4556553968283941
600,up,2.0,1.5,8,0.4556553968283941
600,up,2.0,1.5,9,0.4556553968283941
600,up,2.0,1.5,10,0.4556553968283941
600,up,2.0,1.5,11,0.4556553968283941
600,down,0.0,1.5,0,2.230875024898223
600,down,0.0,1.5,1,2.2422962816884118
600,down,0.0,1.5,2,2.2316555008596084
600,down,0.0,1.5,3,2.24745852674238
600,down,0.0,1.5,4,2.2485172887711564
600,down,0.0,1.5,5,2.2486125630712532
600,down,0.0,1.5,6,2.2407978629679812
600,down,0.0,1.5,7,2.234199760671172
600,down,0.0,1.5,8,2.2461266752869733
600,down,0.0,1.5,9,2.2385625022804314
600,down,0.0,1.5,10,2.2379598628094826
600,down,0.0,1.5,11,2.240712815308452
600,down,0.5,1.5,0,0.9375324150966333
600,down,0.5,1.5,1,1.1101531128012607
600,down,0.5,1.5,2,0.880021347169129
600,down,0.5,1.5,3,1.1041156007722008
600,down,0.5,1.5,4,1.121032086831749
600,down,0.5,1.5,5,1.1089230425076368
600,down,0.5,1.5,6,1.007413160580793
600,down,0.5,1.5,7,1.1201807542555287
600,down,0.5,1.5,8,1.0755717653742067
600,down,0.5,1.5,9,1.052140029937119
600,down,0.5,1.5,10,0.9042027099829159
600,down,0.5,1.5,11,0.8853242316608737
600,down,2.0,1.5,0,0.3114156444081783
600,down,2.0,1.5,1,0.3077673790844318
600,down,2.0,1.5,2,0.31101067114261094
600,down,2.0,1.5,3,0.4427493767135968
600,down,2.0,1.5,4,0.4422477895625411
600,down,2.0,1.5,5,0.4428395323176596
600,down,2.0,1.5,6,0.31042792855305035
600,down,2.0,1.5,7,0.3112760460786697
600,down,2.0,1.5,8,0.4438496799337719
600,down,2.0,1.5,9,0.41557834054427134
600,down,2.0,1.5,10,0.31281365966590446
600,down,2.0,1.5,11,0.4058872930657753
600,fresh,0.0,2.0,0,3.461456781825218
600,fresh,0.0,2.0,1,3.4609065351866066
600,fresh,0.0,2.0,2,3.464592767316951
600,fresh,0.0,2.0,3,3.4612331937499743
600,fresh,0.0,2.0,4,3.462018647893528
600,fresh,0.0,2.0,5,3.461775049488099
600,fresh,0.0,2.0,6,3.4630862426445357
600,fresh,0.0,2.0,7,3.4689824544508516
600,fresh,0.0,2.0,8,3.4611308887164043
600,fresh,0.0,2.0,9,3.4607170252821673
600,fresh,0.0,2.0,10,3.4611874371759814
600,fresh,0.0,2.0,11,3.4614885695738735
600,fresh,0.5,2.0,0,1.6572799707056254
600,fresh,0.5,2.0,1,1.700383792397556
600,fresh,0.5,2.0,2,1.506887762814722
600,fresh,0.5,2.0,3,1.724145165079825
600,fresh,0.5,2.0,4,1.7338204528538972
600,fresh,0.5,2.0,5,1.720155411666119
600,fresh,0.5,2.0,6,1.5982078996464861
600,fresh,0.5,2.0,7,1.7301337758633393
600,fresh,0.5,2.0,8,1.7092535381372034
600,fresh,0.5,2.0,9,1.713268696884053
600,fresh,0.5,2.0,10,1.654849268757936
600,fresh,0.5,2.0,11,1.654082859357295
600,fresh,2.0,2.0,0,0.5360678614004647
600,fresh,2.0,2.0,1,0.6710746565244279
600,fresh,2.0,2.0,2,0.5401156605100169
600,fresh,2.0,2.0,3,0.6913794480481783
600,fresh,2.0,2.0,4,0.6869326604984946
600,fresh,2.0,2.0,5,0.6920493014968969
600,fresh,2.0,2.0,6,0.6442257171438761
600,fresh,2.0,2.0,7,0.5336849345600723
600,fresh,2.0,2.0,8,0.6879518822753443
600,fresh,2.0,2.0,9,0.6684941628233275
600,fresh,2.0,2.0,10,0.6242162036326218
600,fresh,2.0,2.0,11,0.6658793919672206
600,up,0.0,2.0,0,3.466082326913788
600,up,0.0,2.0,1,3.466082326913788
600,up,0.0,2.0,2,3.466082326913788
600,up,0.0,2.0,3,3.466082326913788
600,up,0.0,2.0,4,3.466082326913788
600,up,0.0,2.0,5,3.466082326913788
600,up,0.0,2.0,6,3.466082326913788
600,up,0.0,2.0,7,3.466082326913788
600,up,0.0,2.0,8,3.466082326913788
600,up,0.0,2.0,9,3.466082326913788
600,up,0.0,2.0,10,3.466082326913788
600,up,0.0,2.0,11,3.466082326913788
600,up,0.5,2.0,0,1.7235643584421154
600,up,0.5,2.0,1,1.7235643584420859
600,up,0.5,2.0,2,1.7235643584421154
600,up,0.5,2.0,3,1.7235643584421154
600,up,0.5,2.0,4,1.7235643584421154
600,up,0.5,2.0,5,1.7235643584421154
600,up,0.5,2.0,6,1.7235643584421154
600,up,0.5,2.0,7,1.7235643584421154
600,up,0.5,2.0,8,1.7235643584421154
600,up,0.5,2.0,9,1.7235643584421154
600,up,0.5,2.0,10,1.7235643584421154
600,up,0.5,2.0,11,1.7235643584421154
600,up,2.0,2.0,0,0.6928018741912695
600,up,2.0,2.0,1,0.6928018741912729
600,up,2.0,2.0,2,0.6928018741912695
600,up,2.0,2.0,3,0.6928018741912695
600,up,2.0,2.0,4,0.6928018741912695
600,up,2.0,2.0,5,0.6928018741912695
600,up,2.0,2.0,6,0.6928018741912695
600,up,2.0,2.0,7,0.6928018741912695
600,up,2.0,2.0,8,0.6928018741912695
600,up,2.0,2.0,9,0.6928018741912695
600,up,2.0,2.0,10,0.6928018741912695
600,up,2.0,2.0,11,0.6928018741912695
600,down,0.0,2.0,0,3.461456781825218
600,down,0.0,2.0,1,3.4609065351866066
600,down,0.0,2.0,2,3.464592767316951
600,down,0.0,2.0,3,3.4612331937499743
600,down,0.0,2.0,4,3.462018647893528
600,down,0.0,2.0,5,3.461775049488099
600,down,0.0,2.0,6,3.4630862426445357
600,down,0.0,2.0,7,3.4689824544508516
600,down,0.0,2.0,8,3.4611308887164043
600,down,0.0,2.0,9,3.4607170252821673
600,down,0.0,2.0,10,3.4611874371759814
600,down,0.0,2.0,11,3.4614885695738735
600,down,0.5,2.0,0,1.6572799707056254
600,down,0.5,2.0,1,1.700383792397556
600,down,0.5,2.0,2,1.506887762814722
600,down,0.5,2.0,3,1.724145165079825
600,down,0.5,2.0,4,1.7338204528538972
600,down,0.5,2.0,5,1.720155411666119
600,down,0.5,2.0,6,1.5982078996464861
600,down,0.5,2.0,7,1.7301337758633393
600,down,0.5,2.0,8,1.7092535381372034
600,down,0.5,2.0,9,1.713268696884053
600,down,0.5,2.0,10,1.654849268757936
600,down,0.5,2.0,11,1.654082859357295
600,down,2.0,2.0,0,0.5360678614004647
600,down,2.0,2.0,1,0.6710746565244279
600,down,2.0,2.0,2,0.5401156605100169
600,down,2.0,2.0,3,0.6913794480481783
600,down,2.0,2.0,4,0.6869326604984946
600,down,2.0,2.0,5,0.6920493014968969
600,down,2.0,2.0,6,0.6442257171438761
600,down,2.0,2.0,7,0.5336849345600723
600,down,2.0,2.0,8,0.6879518822753443
600,down,2.0,2.0,9,0.6684941628233275
600,down,2.0,2.0,10,0.6242162036326218
600,down,2.0,2.0,11,0.6658793919672206
