setting,mode,alpha,bias,initialization_id,v1,v2,total_voltage,normalized_power_residual
base,fresh,0.0,0.0,0,-8.761227607434854e-46,3.8366593850758334e-45,2.960536624332348e-45,4.508827239116057e-09
base,fresh,0.0,0.0,1,3.9880367103088545e-45,2.860762836323422e-46,4.2741129939411966e-45,-1.7536220447728484e-09
base,fresh,0.0,0.0,2,-3.4429518536653945e-46,1.1062298247752368e-45,7.619346394086973e-46,3.795987932889515e-09
base,fresh,0.0,0.0,3,1.8672735489308926e-46,3.618085031573623e-46,5.485358580504516e-46,-6.828369751728051e-09
base,fresh,0.0,0.0,4,2.059883309307128e-46,5.24374164960585e-47,2.584257474267713e-46,-8.634902336862322e-09
base,fresh,0.0,0.0,5,1.7765465726613947e-46,1.1234321320790992e-46,2.8999787047404937e-46,-1.310069638817307e-08
base,fresh,0.0,0.0,6,1.0578719789141173e-44,-8.213871366817803e-47,1.0496581075472994e-44,-2.2202667668964e-09
base,fresh,0.0,0.0,7,-2.170554120797743e-46,-1.750435674597889e-46,-3.920989795395632e-46,-9.238255063750171e-09
base,fresh,0.0,0.0,8,6.790505297612981e-46,1.7348548338958641e-46,8.525360131508846e-46,-4.634274663700655e-09
base,fresh,0.0,0.0,9,-2.3356430766850503e-44,9.027427106019474e-46,-2.2453688056248556e-44,1.3096078830689675e-09
base,fresh,0.0,0.0,10,-1.5618388716461286e-45,3.1605213659989464e-46,-1.2457867350462339e-45,4.624934142914177e-09
base,fresh,0.0,0.0,11,1.0738118226128253e-46,-3.770746003578408e-45,-3.663364821317125e-45,-1.493990847205613e-09
base,fresh,0.5,0.0,0,1.3493446869870718e-24,1.3493446869870718e-24,2.6986893739741436e-24,1.6321095466865623e-09
base,fresh,0.5,0.0,1,0.0,0.0,0.0,2.6956337437722387e-10
base,fresh,0.5,0.0,2,9.841818028393721e-25,9.841818028393721e-25,1.9683636056787442e-24,1.0651937257609032e-09
base,fresh,0.5,0.0,3,1.4010513942266186e-24,1.4010513942266186e-24,2.802102788453237e-24,-6.456926745571102e-10
base,fresh,0.5,0.0,4,6.579553414627648e-25,6.579553414627648e-25,1.3159106829255295e-24,-1.3564724741908505e-10
base,fresh,0.5,0.0,5,7.49393467016606e-25,7.49393467016606e-25,1.498786934033212e-24,-7.305488572825844e-10
base,fresh,0.5,0.0,6,6.248816168251018e-24,6.248816168251018e-24,1.2497632336502037e-23,-1.1549067966941197e-10
base,fresh,0.5,0.0,7,-1.0153035525572942e-24,-1.0153035525572942e-24,-2.0306071051145883e-24,-5.683296751764385e-10
base,fresh,0.5,0.0,8,2.0592953096811972e-24,2.0592953096811972e-24,4.1185906193623944e-24,-3.708009345665231e-10
base,fresh,0.5,0.0,9,-2.3267967152775297e-24,-2.3267967152775297e-24,-4.6535934305550594e-24,2.1812129955477184e-09
base,fresh,0.5,0.0,10,-1.4130041412063561e-24,-1.4130041412063561e-24,-2.8260082824127122e-24,1.9342960486777975e-09
base,fresh,0.5,0.0,11,-3.650376143164946e-24,-3.650376143164946e-24,-7.300752286329891e-24,2.2928489913781483e-10
base,fresh,2.0,0.0,0,5.730855352354954e-12,5.730855352354954e-12,1.1461710704709909e-11,5.609263977933132e-10
base,fresh,2.0,0.0,1,-2.4408013388210747e-11,-2.4408008947318648e-11,-4.88160223355294e-11,3.472671869699766e-10
base,fresh,2.0,0.0,2,6.94084943846388e-12,6.94084943846388e-12,1.388169887692776e-11,-5.268436187414834e-10
base,fresh,2.0,0.0,3,1.4812595358249756e-11,1.4812595358249756e-11,2.962519071649951e-11,-3.9175396219846395e-11
base,fresh,2.0,0.0,4,6.951881087891687e-12,6.951881087891687e-12,1.3903762175783374e-11,-1.098792848577942e-10
base,fresh,2.0,0.0,5,7.992160952684597e-12,7.992160952684597e-12,1.5984321905369194e-11,-3.036082186606589e-11
base,fresh,2.0,0.0,6,2.9218103594266024e-11,2.9218103594266024e-11,5.843620718853205e-11,3.479997869761171e-11
base,fresh,2.0,0.0,7,-1.0841777127006909e-11,-1.0841777127006909e-11,-2.1683554254013818e-11,-1.2307164764463706e-11
base,fresh,2.0,0.0,8,2.0819827395252875e-11,2.0819827395252875e-11,4.163965479050575e-11,-1.662486294948441e-11
base,fresh,2.0,0.0,9,-7.89177221135979e-12,-7.89177221135979e-12,-1.578354442271958e-11,7.255618786858608e-10
base,fresh,2.0,0.0,10,-9.302743877598502e-12,-9.302743877598502e-12,-1.8605487755197003e-11,1.466117520335984e-10
base,fresh,2.0,0.0,11,-2.1578475985422506e-11,-2.1578475985422506e-11,-4.315695197084501e-11,1.670866216279831e-10
base,up,0.0,0.0,0,-8.761227607434854e-46,3.8366593850758334e-45,2.960536624332348e-45,4.508827239116057e-09
base,up,0.0,0.0,1,3.9880367103088545e-45,2.860762836323422e-46,4.2741129939411966e-45,-1.7536220447728484e-09
base,up,0.0,0.0,2,-3.4429518536653945e-46,1.1062298247752368e-45,7.619346394086973e-46,3.795987932889515e-09
base,up,0.0,0.0,3,1.8672735489308926e-46,3.618085031573623e-46,5.485358580504516e-46,-6.828369751728051e-09
base,up,0.0,0.0,4,2.059883309307128e-46,5.24374164960585e-47,2.584257474267713e-46,-8.634902336862322e-09
base,up,0.0,0.0,5,1.7765465726613947e-46,1.1234321320790992e-46,2.8999787047404937e-46,-1.310069638817307e-08
base,up,0.0,0.0,6,1.0578719789141173e-44,-8.213871366817803e-47,1.0496581075472994e-44,-2.2202667668964e-09
base,up,0.0,0.0,7,-2.170554120797743e-46,-1.750435674597889e-46,-3.920989795395632e-46,-9.238255063750171e-09
base,up,0.0,0.0,8,6.790505297612981e-46,1.7348548338958641e-46,8.525360131508846e-46,-4.634274663700655e-09
base,up,0.0,0.0,9,-2.3356430766850503e-44,9.027427106019474e-46,-2.2453688056248556e-44,1.3096078830689675e-09
base,up,0.0,0.0,10,-1.5618388716461286e-45,3.1605213659989464e-46,-1.2457867350462339e-45,4.624934142914177e-09
base,up,0.0,0.0,11,1.0738118226128253e-46,-3.770746003578408e-45,-3.663364821317125e-45,-1.493990847205613e-09
base,up,0.5,0.0,0,1.3493446869870718e-24,1.3493446869870718e-24,2.6986893739741436e-24,1.6321095466865623e-09
base,up,0.5,0.0,1,0.0,0.0,0.0,2.6956337437722387e-10
base,up,0.5,0.0,2,9.841818028393721e-25,9.841818028393721e-25,1.9683636056787442e-24,1.0651937257609032e-09
base,up,0.5,0.0,3,1.4010513942266186e-24,1.4010513942266186e-24,2.802102788453237e-24,-6.456926745571102e-10
base,up,0.5,0.0,4,6.579553414627648e-25,6.579553414627648e-25,1.3159106829255295e-24,-1.3564724741908505e-10
base,up,0.5,0.0,5,7.49393467016606e-25,7.49393467016606e-25,1.498786934033212e-24,-7.305488572825844e-10
base,up,0.5,0.0,6,6.248816168251018e-24,6.248816168251018e-24,1.2497632336502037e-23,-1.1549067966941197e-10
base,up,0.5,0.0,7,-1.0153035525572942e-24,-1.0153035525572942e-24,-2.0306071051145883e-24,-5.683296751764385e-10
base,up,0.5,0.0,8,2.0592953096811972e-24,2.0592953096811972e-24,4.1185906193623944e-24,-3.708009345665231e-10
base,up,0.5,0.0,9,-2.3267967152775297e-24,-2.3267967152775297e-24,-4.6535934305550594e-24,2.1812129955477184e-09
base,up,0.5,0.0,10,-1.4130041412063561e-24,-1.4130041412063561e-24,-2.8260082824127122e-24,1.9342960486777975e-09
base,up,0.5,0.0,11,-3.650376143164946e-24,-3.650376143164946e-24,-7.300752286329891e-24,2.2928489913781483e-10
base,up,2.0,0.0,0,5.730855352354954e-12,5.730855352354954e-12,1.1461710704709909e-11,5.609263977933132e-10
base,up,2.0,0.0,1,-2.4408013388210747e-11,-2.4408008947318648e-11,-4.88160223355294e-11,3.472671869699766e-10
base,up,2.0,0.0,2,6.94084943846388e-12,6.94084943846388e-12,1.388169887692776e-11,-5.268436187414834e-10
base,up,2.0,0.0,3,1.4812595358249756e-11,1.4812595358249756e-11,2.962519071649951e-11,-3.9175396219846395e-11
base,up,2.0,0.0,4,6.951881087891687e-12,6.951881087891687e-12,1.3903762175783374e-11,-1.098792848577942e-10
base,up,2.0,0.0,5,7.992160952684597e-12,7.992160952684597e-12,1.5984321905369194e-11,-3.036082186606589e-11
base,up,2.0,0.0,6,2.9218103594266024e-11,2.9218103594266024e-11,5.843620718853205e-11,3.479997869761171e-11
base,up,2.0,0.0,7,-1.0841777127006909e-11,-1.0841777127006909e-11,-2.1683554254013818e-11,-1.2307164764463706e-11
base,up,2.0,0.0,8,2.0819827395252875e-11,2.0819827395252875e-11,4.163965479050575e-11,-1.662486294948441e-11
base,up,2.0,0.0,9,-7.89177221135979e-12,-7.89177221135979e-12,-1.578354442271958e-11,7.255618786858608e-10
base,up,2.0,0.0,10,-9.302743877598502e-12,-9.302743877598502e-12,-1.8605487755197003e-11,1.466117520335984e-10
base,up,2.0,0.0,11,-2.1578475985422506e-11,-2.1578475985422506e-11,-4.315695197084501e-11,1.670866216279831e-10
base,down,0.0,0.0,0,0.0,0.0,0.0,-1.509055946261445e-08
base,down,0.0,0.0,1,0.0,0.0,0.0,-1.509055299311571e-08
base,down,0.0,0.0,2,0.0,0.0,0.0,-1.509055299311571e-08
base,down,0.0,0.0,3,0.0,0.0,0.0,-1.509055299311571e-08
base,down,0.0,0.0,4,0.0,0.0,0.0,-1.509055299311571e-08
base,down,0.0,0.0,5,0.0,0.0,0.0,-1.509055299311571e-08
base,down,0.0,0.0,6,0.0,0.0,0.0,-1.509055299311571e-08
base,down,0.0,0.0,7,0.0,0.0,0.0,-1.509055299311571e-08
base,down,0.0,0.0,8,0.0,0.0,0.0,-1.509055299311571e-08
base,down,0.0,0.0,9,0.0,0.0,0.0,-1.509055946261445e-08
base,down,0.0,0.0,10,0.0,0.0,0.0,-1.509055946261445e-08
base,down,0.0,0.0,11,0.0,0.0,0.0,-1.509055946261445e-08
base,down,0.5,0.0,0,0.0,0.0,0.0,-9.271655414503927e-10
base,down,0.5,0.0,1,0.0,0.0,0.0,-9.271592165193132e-10
base,down,0.5,0.0,2,0.0,0.0,0.0,-9.27181986271198e-10
base,down,0.5,0.0,3,0.0,0.0,0.0,-9.271661197298056e-10
base,down,0.5,0.0,4,0.0,0.0,0.0,-9.271625777684014e-10
base,down,0.5,0.0,5,0.0,0.0,0.0,-9.271833596848038e-10
base,down,0.5,0.0,6,0.0,0.0,0.0,-9.271616380643548e-10
base,down,0.5,0.0,7,0.0,0.0,0.0,-9.271661197298056e-10
base,down,0.5,0.0,8,0.0,0.0,0.0,-9.271625777684014e-10
base,down,0.5,0.0,9,0.0,0.0,0.0,-9.271818778437866e-10
base,down,0.5,0.0,10,0.0,0.0,0.0,-9.271723723759583e-10
base,down,0.5,0.0,11,0.0,0.0,0.0,-9.271723723759583e-10
base,down,2.0,0.0,0,-5.515516932064202e-12,-5.515516932064202e-12,-1.1031033864128403e-11,-2.3457290052345978e-11
base,down,2.0,0.0,1,-5.515516932064202e-12,-5.515516932064202e-12,-1.1031033864128403e-11,-2.3455844353808378e-11
base,down,2.0,0.0,2,-5.51537482351705e-12,-5.51537482351705e-12,-1.10307496470341e-11,-2.344413419565184e-11
base,down,2.0,0.0,3,-5.515516932064202e-12,-5.515516932064202e-12,-1.1031033864128403e-11,-2.3458229756395557e-11
base,down,2.0,0.0,4,-5.51537482351705e-12,-5.51537482351705e-12,-1.10307496470341e-11,-2.3439471817867813e-11
base,down,2.0,0.0,5,-5.51537482351705e-12,-5.51537482351705e-12,-1.10307496470341e-11,-2.345269995948842e-11
base,down,2.0,0.0,6,-5.51537482351705e-12,-5.51537482351705e-12,-1.10307496470341e-11,-2.3441640365674327e-11
base,down,2.0,0.0,7,-5.515516932064202e-12,-5.515516932064202e-12,-1.1031033864128403e-11,-2.3457290052345978e-11
base,down,2.0,0.0,8,-5.51537482351705e-12,-5.51537482351705e-12,-1.10307496470341e-11,-2.3439471817867813e-11
base,down,2.0,0.0,9,-5.51537482351705e-12,-5.51537482351705e-12,-1.10307496470341e-11,-2.345269995948842e-11
base,down,2.0,0.0,10,-5.51537482351705e-12,-5.51537482351705e-12,-1.10307496470341e-11,-2.3441640365674327e-11
base,down,2.0,0.0,11,-5.515516932064202e-12,-5.515516932064202e-12,-1.1031033864128403e-11,-2.3440736804088018e-11
base,fresh,0.0,0.5,0,0.0,0.0,0.0,2.176248115230886e-09
base,fresh,0.0,0.5,1,0.0,0.0,0.0,2.0884119459557684e-10
base,fresh,0.0,0.5,2,0.0,0.0,0.0,1.6767976102667072e-09
base,fresh,0.0,0.5,3,0.0,0.0,0.0,-9.059165668009897e-09
base,fresh,0.0,0.5,4,0.0,0.0,0.0,-1.86297402607452e-08
base,fresh,0.0,0.5,5,0.0,0.0,0.0,-1.99636720724635e-08
base,fresh,0.0,0.5,6,0.0,0.0,0.0,1.6549478621862027e-09
base,fresh,0.0,0.5,7,0.0,0.0,0.0,-1.4208767194161724e-09
base,fresh,0.0,0.5,8,0.0,0.0,0.0,-6.193481472565057e-09
base,fresh,0.0,0.5,9,0.0,0.0,0.0,-1.7919879401719302e-09
base,fresh,0.0,0.5,10,0.0,0.0,0.0,-2.988427043021316e-10
base,fresh,0.0,0.5,11,0.0,0.0,0.0,-4.842101357935886e-09
base,fresh,0.5,0.5,0,0.0,0.0,0.0,4.338210993171537e-10
base,fresh,0.5,0.5,1,0.0,0.0,0.0,4.715939391212175e-10
base,fresh,0.5,0.5,2,0.0,0.0,0.0,3.7068916653385067e-10
base,fresh,0.5,0.5,3,0.0,0.0,0.0,-8.730861607585623e-10
base,fresh,0.5,0.5,4,0.0,0.0,0.0,-7.905586020169556e-10
base,fresh,0.5,0.5,5,0.0,0.0,0.0,-1.1810974716903534e-09
base,fresh,0.5,0.5,6,0.0,0.0,0.0,1.1306419358452758e-09
base,fresh,0.5,0.5,7,0.0,0.0,0.0,-8.162889464038046e-11
base,fresh,0.5,0.5,8,0.0,0.0,0.0,-4.646859816346654e-10
base,fresh,0.5,0.5,9,0.0,0.0,0.0,2.6513168757100096e-10
base,fresh,0.5,0.5,10,0.0,0.0,0.0,1.6071339472926408e-09
base,fresh,0.5,0.5,11,0.0,0.0,0.0,-5.533124695181053e-10
base,fresh,2.0,0.5,0,1.230954171926868e-10,1.230954171926868e-10,2.461908343853736e-10,3.7565068531925676e-10
base,fresh,2.0,0.5,1,1.000211921620142e-09,1.000211921620142e-09,2.000423843240284e-09,1.3159885566375173e-10
base,fresh,2.0,0.5,2,1.414026468138374e-10,1.414026468138374e-10,2.828052936276748e-10,-5.529852894267235e-10
base,fresh,2.0,0.5,3,2.151118522197848e-10,2.151118522197848e-10,4.302237044395696e-10,-6.231063417705839e-11
base,fresh,2.0,0.5,4,1.4437359918684222e-10,1.4437359918684222e-10,2.8874719837368443e-10,3.687745668109169e-11
base,fresh,2.0,0.5,5,1.5455120072616068e-10,1.5455120072616068e-10,3.0910240145232137e-10,-2.0219731363951213e-11
base,fresh,2.0,0.5,6,2.894166423184075e-10,2.894166423184075e-10,5.78833284636815e-10,2.417007328685204e-10
base,fresh,2.0,0.5,7,-7.818136638082507e-11,-7.818136638082507e-11,-1.5636273276165014e-10,-3.3216237675335724e-12
base,fresh,2.0,0.5,8,2.5947507142909386e-10,2.5947507142909386e-10,5.189501428581877e-10,-2.1829737230551713e-11
base,fresh,2.0,0.5,9,-5.899919941487753e-11,-5.899919941487753e-11,-1.1799839882975506e-10,8.446291784166821e-10
base,fresh,2.0,0.5,10,-6.275017394585802e-11,-6.275017394585802e-11,-1.2550034789171604e-10,2.2512308223277907e-10
base,fresh,2.0,0.5,11,-4.3110227221365704e-10,-4.3110227221365704e-10,-8.622045444273141e-10,-1.4508478717853578e-10
base,up,0.0,0.5,0,0.0,0.0,0.0,-1.577054093251975e-08
base,up,0.0,0.5,1,0.0,0.0,0.0,-1.577054093251975e-08
base,up,0.0,0.5,2,0.0,0.0,0.0,-1.577054093251975e-08
base,up,0.0,0.5,3,0.0,0.0,0.0,-1.577054093251975e-08
base,up,0.0,0.5,4,0.0,0.0,0.0,-1.577054093251975e-08
base,up,0.0,0.5,5,0.0,0.0,0.0,-1.577054093251975e-08
base,up,0.0,0.5,6,0.0,0.0,0.0,-1.577054093251975e-08
base,up,0.0,0.5,7,0.0,0.0,0.0,-1.577054093251975e-08
base,up,0.0,0.5,8,0.0,0.0,0.0,-1.577054093251975e-08
base,up,0.0,0.5,9,0.0,0.0,0.0,-1.577054093251975e-08
base,up,0.0,0.5,10,0.0,0.0,0.0,-1.577054093251975e-08
base,up,0.0,0.5,11,0.0,0.0,0.0,-1.577054093251975e-08
base,up,0.5,0.5,0,0.0,0.0,0.0,-9.692321768723875e-10
base,up,0.5,0.5,1,0.0,0.0,0.0,-9.692328818800506e-10
base,up,0.5,0.5,2,0.0,0.0,0.0,-9.692321768723875e-10
base,up,0.5,0.5,3,0.0,0.0,0.0,-9.692321768723875e-10
base,up,0.5,0.5,4,0.0,0.0,0.0,-9.692321768723875e-10
base,up,0.5,0.5,5,0.0,0.0,0.0,-9.692321768723875e-10
base,up,0.5,0.5,6,0.0,0.0,0.0,-9.692321768723875e-10
base,up,0.5,0.5,7,0.0,0.0,0.0,-9.692321768723875e-10
base,up,0.5,0.5,8,0.0,0.0,0.0,-9.692321768723875e-10
base,up,0.5,0.5,9,0.0,0.0,0.0,-9.692321768723875e-10
base,up,0.5,0.5,10,0.0,0.0,0.0,-9.692321768723875e-10
base,up,0.5,0.5,11,0.0,0.0,0.0,-9.692321768723875e-10
base,up,2.0,0.5,0,6.972392385673487e-11,6.972392385673487e-11,1.3944784771346975e-10,-2.4562439364752664e-11
base,up,2.0,0.5,1,6.972382671222022e-11,6.972382449177417e-11,1.3944765120399439e-10,-2.4562846099935566e-11
base,up,2.0,0.5,2,6.972392385673487e-11,6.972392385673487e-11,1.3944784771346975e-10,-2.4562439364752664e-11
base,up,2.0,0.5,3,6.972392385673487e-11,6.972392385673487e-11,1.3944784771346975e-10,-2.4562439364752664e-11
base,up,2.0,0.5,4,6.972392385673487e-11,6.972392385673487e-11,1.3944784771346975e-10,-2.4562439364752664e-11
base,up,2.0,0.5,5,6.972392385673487e-11,6.972392385673487e-11,1.3944784771346975e-10,-2.4562439364752664e-11
base,up,2.0,0.5,6,6.972392385673487e-11,6.972392385673487e-11,1.3944784771346975e-10,-2.4562439364752664e-11
base,up,2.0,0.5,7,6.972392385673487e-11,6.972392385673487e-11,1.3944784771346975e-10,-2.4562439364752664e-11
base,up,2.0,0.5,8,6.972392385673487e-11,6.972392385673487e-11,1.3944784771346975e-10,-2.4562439364752664e-11
base,up,2.0,0.5,9,6.972392385673487e-11,6.972392385673487e-11,1.3944784771346975e-10,-2.4562439364752664e-11
base,up,2.0,0.5,10,6.972392385673487e-11,6.972392385673487e-11,1.3944784771346975e-10,-2.4562439364752664e-11
base,up,2.0,0.5,11,6.972392385673487e-11,6.972392385673487e-11,1.3944784771346975e-10,-2.4562439364752664e-11
base,down,0.0,0.5,0,0.0,0.0,0.0,-1.5217901288464294e-09
base,down,0.0,0.5,1,0.0,0.0,0.0,-1.521770805785221e-09
base,down,0.0,0.5,2,0.0,0.0,0.0,-1.521770805785221e-09
base,down,0.0,0.5,3,0.0,0.0,0.0,-1.521770805785221e-09
base,down,0.0,0.5,4,0.0,0.0,0.0,-1.521770805785221e-09
base,down,0.0,0.5,5,0.0,0.0,0.0,-1.521770805785221e-09
base,down,0.0,0.5,6,0.0,0.0,0.0,-1.521770805785221e-09
base,down,0.0,0.5,7,0.0,0.0,0.0,-1.521770805785221e-09
base,down,0.0,0.5,8,0.0,0.0,0.0,-1.521770805785221e-09
base,down,0.0,0.5,9,0.0,0.0,0.0,-1.5217901288464294e-09
base,down,0.0,0.5,10,0.0,0.0,0.0,-1.5217901288464294e-09
base,down,0.0,0.5,11,0.0,0.0,0.0,-1.5217901288464294e-09
base,down,0.5,0.5,0,0.0,0.0,0.0,-9.379003854939095e-11
base,down,0.5,0.5,1,0.0,0.0,0.0,-9.378728195399987e-11
base,down,0.5,0.5,2,0.0,0.0,0.0,-9.379754186757742e-11
base,down,0.5,0.5,3,0.0,0.0,0.0,-9.379029403871988e-11
base,down,0.5,0.5,4,0.0,0.0,0.0,-9.378868042190559e-11
base,down,0.5,0.5,5,0.0,0.0,0.0,-9.379814697388279e-11
base,down,0.5,0.5,6,0.0,0.0,0.0,-9.378842493257668e-11
base,down,0.5,0.5,7,0.0,0.0,0.0,-9.379029403871988e-11
base,down,0.5,0.5,8,0.0,0.0,0.0,-9.378868042190559e-11
base,down,0.5,0.5,9,0.0,0.0,0.0,-9.380144144154508e-11
base,down,0.5,0.5,10,0.0,0.0,0.0,-9.379283548520234e-11
base,down,0.5,0.5,11,0.0,0.0,0.0,-9.379283548520234e-11
base,down,2.0,0.5,0,-6.971575317038515e-11,-6.971575317038515e-11,-1.394315063407703e-10,-2.3609903363430985e-12
base,down,2.0,0.5,1,-6.971589527893229e-11,-6.971589527893229e-11,-1.3943179055786458e-10,-2.3594439535621565e-12
base,down,2.0,0.5,2,-6.971575317038515e-11,-6.971575317038515e-11,-1.394315063407703e-10,-2.3582875281782176e-12
base,down,2.0,0.5,3,-6.971589527893229e-11,-6.971589527893229e-11,-1.3943179055786458e-10,-2.3606676129801195e-12
base,down,2.0,0.5,4,-6.971575317038515e-11,-6.971575317038515e-11,-1.394315063407703e-10,-2.356001571023783e-12
base,down,2.0,0.5,5,-6.971575317038515e-11,-6.971575317038515e-11,-1.394315063407703e-10,-2.3627115276123194e-12
base,down,2.0,0.5,6,-6.971575317038515e-11,-6.971575317038515e-11,-1.394315063407703e-10,-2.3569428474991372e-12
base,down,2.0,0.5,7,-6.971575317038515e-11,-6.971575317038515e-11,-1.394315063407703e-10,-2.3609903363430985e-12
base,down,2.0,0.5,8,-6.971575317038515e-11,-6.971575317038515e-11,-1.394315063407703e-10,-2.356001571023783e-12
base,down,2.0,0.5,9,-6.971575317038515e-11,-6.971575317038515e-11,-1.394315063407703e-10,-2.3627115276123194e-12
base,down,2.0,0.5,10,-6.971575317038515e-11,-6.971575317038515e-11,-1.394315063407703e-10,-2.3569428474991372e-12
base,down,2.0,0.5,11,-6.971575317038515e-11,-6.971575317038515e-11,-1.394315063407703e-10,-2.358986762131338e-12
base,fresh,0.0,0.8,0,0.0,0.0,0.0,5.20103435652953e-10
base,fresh,0.0,0.8,1,0.0,0.0,0.0,2.9002679296214197e-09
base,fresh,0.0,0.8,2,0.0,0.0,0.0,1.6198755686217797e-09
base,fresh,0.0,0.8,3,0.0,0.0,0.0,-8.519964958858721e-09
base,fresh,0.0,0.8,4,0.0,0.0,0.0,-1.828762494248501e-08
base,fresh,0.0,0.8,5,0.0,0.0,0.0,-1.8165947672551692e-08
base,fresh,0.0,0.8,6,0.0,0.0,0.0,2.548290146441343e-09
base,fresh,0.0,0.8,7,0.0,0.0,0.0,-1.329640860776295e-11
base,fresh,0.0,0.8,8,0.0,0.0,0.0,-5.6794988733390144e-09
base,fresh,0.0,0.8,9,0.0,0.0,0.0,3.438021423332527e-10
base,fresh,0.0,0.8,10,0.0,0.0,0.0,2.9850766521320655e-10
base,fresh,0.0,0.8,11,0.0,0.0,0.0,-3.949735189629801e-09
base,fresh,0.5,0.8,0,2.503552920529728e-16,2.503552920529728e-16,5.007105841059456e-16,8.109097529990171e-10
base,fresh,0.5,0.8,1,7.6216810640517e-16,7.6216810640517e-16,1.52433621281034e-15,9.591505398263567e-10
base,fresh,0.5,0.8,2,3.824718319833664e-16,3.824718319833664e-16,7.649436639667328e-16,1.6209208482614224e-10
base,fresh,0.5,0.8,3,4.851674617611934e-16,4.851674617611934e-16,9.703349235223868e-16,-8.603646950849336e-10
base,fresh,0.5,0.8,4,3.835820550079916e-16,3.835820550079916e-16,7.671641100159832e-16,-9.089016192589345e-10
base,fresh,0.5,0.8,5,3.980149543281186e-16,3.980149543281186e-16,7.960299086562372e-16,-1.0916595456856695e-09
base,fresh,0.5,0.8,6,6.289413434501512e-16,6.289413434501512e-16,1.2578826869003024e-15,1.4354611348097291e-09
base,fresh,0.5,0.8,7,0.0,0.0,0.0,-1.1332579593990067e-11
base,fresh,0.5,0.8,8,5.467848396278896e-16,5.467848396278896e-16,1.0935696792557792e-15,-3.913714793311907e-10
base,fresh,0.5,0.8,9,8.970602038971265e-16,8.970602038971265e-16,1.794120407794253e-15,2.736244633242103e-10
base,fresh,0.5,0.8,10,4.82280881897168e-15,4.82280881897168e-15,9.64561763794336e-15,8.556234101251916e-10
base,fresh,0.5,0.8,11,7.860379014346108e-16,7.860379014346108e-16,1.5720758028692217e-15,-4.780961900231029e-10
base,fresh,2.0,0.8,0,2.370589356592845e-08,2.370589356592845e-08,4.74117871318569e-08,3.0405840496033515e-10
base,fresh,2.0,0.8,1,5.548456943837987e-08,5.548456943837987e-08,1.1096913887675974e-07,1.431339459419203e-10
base,fresh,2.0,0.8,2,2.5948907576567317e-08,2.5948907576567317e-08,5.189781515313463e-08,-5.202023550995905e-10
base,fresh,2.0,0.8,3,3.302942974292566e-08,3.302942974292566e-08,6.605885948585132e-08,-6.84374089658873e-11
base,fresh,2.0,0.8,4,2.6402902963407194e-08,2.6402902963407194e-08,5.280580592681439e-08,4.4991903617960325e-11
base,fresh,2.0,0.8,5,2.741084953683526e-08,2.741084953683526e-08,5.482169907367052e-08,-1.7580808929915857e-11
base,fresh,2.0,0.8,6,3.851498182438906e-08,3.851498182438906e-08,7.702996364877812e-08,3.0899999144655037e-10
base,fresh,2.0,0.8,7,-1.3050090436061978e-09,-1.3050090436061978e-09,-2.6100180872123956e-09,-1.276794496043866e-11
base,fresh,2.0,0.8,8,3.673254184544117e-08,3.673254184544117e-08,7.346508369088234e-08,-1.805562771410179e-11
base,fresh,2.0,0.8,9,-2.2238184366196734e-09,-2.2238184366196734e-09,-4.447636873239347e-09,7.233289284154076e-10
base,fresh,2.0,0.8,10,-4.881335058382064e-11,-4.881335058382064e-11,-9.762670116764127e-11,2.732506266550282e-10
base,fresh,2.0,0.8,11,6.844397598015917e-08,6.844397598015917e-08,1.3688795196031835e-07,2.6637126995829737e-11
base,up,0.0,0.8,0,0.0,0.0,0.0,-3.1342117277380685e-09
base,up,0.0,0.8,1,0.0,0.0,0.0,-3.1342117277380685e-09
base,up,0.0,0.8,2,0.0,0.0,0.0,-3.1342117277380685e-09
base,up,0.0,0.8,3,0.0,0.0,0.0,-3.1342117277380685e-09
base,up,0.0,0.8,4,0.0,0.0,0.0,-3.1342117277380685e-09
base,up,0.0,0.8,5,0.0,0.0,0.0,-3.1342117277380685e-09
base,up,0.0,0.8,6,0.0,0.0,0.0,-3.1342117277380685e-09
base,up,0.0,0.8,7,0.0,0.0,0.0,-3.1342117277380685e-09
base,up,0.0,0.8,8,0.0,0.0,0.0,-3.1342117277380685e-09
base,up,0.0,0.8,9,0.0,0.0,0.0,-3.1342117277380685e-09
base,up,0.0,0.8,10,0.0,0.0,0.0,-3.1342117277380685e-09
base,up,0.0,0.8,11,0.0,0.0,0.0,-3.1342117277380685e-09
base,up,0.5,0.8,0,1.3156142841808106e-16,1.3156142841808106e-16,2.631228568361621e-16,-1.9327249843010926e-10
base,up,0.5,0.8,1,8.881784197001253e-17,8.881784197001253e-17,1.7763568394002506e-16,-1.932721956634086e-10
base,up,0.5,0.8,2,1.3156142841808106e-16,1.3156142841808106e-16,2.631228568361621e-16,-1.9327249843010926e-10
base,up,0.5,0.8,3,1.3156142841808106e-16,1.3156142841808106e-16,2.631228568361621e-16,-1.9327249843010926e-10
base,up,0.5,0.8,4,1.3156142841808106e-16,1.3156142841808106e-16,2.631228568361621e-16,-1.9327249843010926e-10
base,up,0.5,0.8,5,1.3156142841808106e-16,1.3156142841808106e-16,2.631228568361621e-16,-1.9327249843010926e-10
base,up,0.5,0.8,6,1.3156142841808106e-16,1.3156142841808106e-16,2.631228568361621e-16,-1.9327249843010926e-10
base,up,0.5,0.8,7,1.3156142841808106e-16,1.3156142841808106e-16,2.631228568361621e-16,-1.9327249843010926e-10
base,up,0.5,0.8,8,1.3156142841808106e-16,1.3156142841808106e-16,2.631228568361621e-16,-1.9327249843010926e-10
base,up,0.5,0.8,9,1.3156142841808106e-16,1.3156142841808106e-16,2.631228568361621e-16,-1.9327249843010926e-10
base,up,0.5,0.8,10,1.3156142841808106e-16,1.3156142841808106e-16,2.631228568361621e-16,-1.9327249843010926e-10
base,up,0.5,0.8,11,1.3156142841808106e-16,1.3156142841808106e-16,2.631228568361621e-16,-1.9327249843010926e-10
base,up,2.0,0.8,0,9.878033392363151e-09,9.878033392363151e-09,1.9756066784726302e-08,-4.90752729869179e-12
base,up,2.0,0.8,1,9.878033253585273e-09,9.878033253585273e-09,1.9756066507170546e-08,-4.907890618733655e-12
base,up,2.0,0.8,2,9.878033392363151e-09,9.878033392363151e-09,1.9756066784726302e-08,-4.90752729869179e-12
base,up,2.0,0.8,3,9.878033392363151e-09,9.878033392363151e-09,1.9756066784726302e-08,-4.90752729869179e-12
base,up,2.0,0.8,4,9.878033392363151e-09,9.878033392363151e-09,1.9756066784726302e-08,-4.90752729869179e-12
base,up,2.0,0.8,5,9.878033392363151e-09,9.878033392363151e-09,1.9756066784726302e-08,-4.90752729869179e-12
base,up,2.0,0.8,6,9.878033392363151e-09,9.878033392363151e-09,1.9756066784726302e-08,-4.90752729869179e-12
base,up,2.0,0.8,7,9.878033392363151e-09,9.878033392363151e-09,1.9756066784726302e-08,-4.90752729869179e-12
base,up,2.0,0.8,8,9.878033392363151e-09,9.878033392363151e-09,1.9756066784726302e-08,-4.90752729869179e-12
base,up,2.0,0.8,9,9.878033392363151e-09,9.878033392363151e-09,1.9756066784726302e-08,-4.90752729869179e-12
base,up,2.0,0.8,10,9.878033392363151e-09,9.878033392363151e-09,1.9756066784726302e-08,-4.90752729869179e-12
base,up,2.0,0.8,11,9.878033392363151e-09,9.878033392363151e-09,1.9756066784726302e-08,-4.90752729869179e-12
base,down,0.0,0.8,0,0.0,0.0,0.0,-7.728746998771995e-11
base,down,0.0,0.8,1,0.0,0.0,0.0,-7.72751332672065e-11
base,down,0.0,0.8,2,0.0,0.0,0.0,-7.72751332672065e-11
base,down,0.0,0.8,3,0.0,0.0,0.0,-7.72751332672065e-11
base,down,0.0,0.8,4,0.0,0.0,0.0,-7.72751332672065e-11
base,down,0.0,0.8,5,0.0,0.0,0.0,-7.72751332672065e-11
base,down,0.0,0.8,6,0.0,0.0,0.0,-7.72751332672065e-11
base,down,0.0,0.8,7,0.0,0.0,0.0,-7.72751332672065e-11
base,down,0.0,0.8,8,0.0,0.0,0.0,-7.72751332672065e-11
base,down,0.0,0.8,9,0.0,0.0,0.0,-7.728746998771995e-11
base,down,0.0,0.8,10,0.0,0.0,0.0,-7.728746998771995e-11
base,down,0.0,0.8,11,0.0,0.0,0.0,-7.728746998771995e-11
base,down,0.5,0.8,0,0.0,0.0,0.0,-4.743653356593269e-12
base,down,0.5,0.8,1,0.0,0.0,0.0,-4.742601907747845e-12
base,down,0.5,0.8,2,0.0,0.0,0.0,-4.735132850811086e-12
base,down,0.5,0.8,3,0.0,0.0,0.0,-4.743762271613112e-12
base,down,0.5,0.8,4,0.0,0.0,0.0,-4.743190467758929e-12
base,down,0.5,0.8,5,0.0,0.0,0.0,-4.735388382203799e-12
base,down,0.5,0.8,6,0.0,0.0,0.0,-4.743025000709549e-12
base,down,0.5,0.8,7,0.0,0.0,0.0,-4.743762271613112e-12
base,down,0.5,0.8,8,0.0,0.0,0.0,-4.743190467758929e-12
base,down,0.5,0.8,9,0.0,0.0,0.0,-4.737166629354725e-12
base,down,0.5,0.8,10,0.0,0.0,0.0,-4.744769735546676e-12
base,down,0.5,0.8,11,0.0,0.0,0.0,-4.744769735546676e-12
base,down,2.0,0.8,0,-6.807546668596842e-09,-6.807546668596842e-09,-1.3615093337193685e-08,-1.2375678582078843e-13
base,down,2.0,0.8,1,-6.807546668596842e-09,-6.807546668596842e-09,-1.3615093337193685e-08,-1.2323943947651532e-13
base,down,2.0,0.8,2,-6.807546668596842e-09,-6.807546668596842e-09,-1.3615093337193685e-08,-1.2866633979235378e-13
base,down,2.0,0.8,3,-6.807546668596842e-09,-6.807546668596842e-09,-1.3615093337193685e-08,-1.2366672147745343e-13
base,down,2.0,0.8,4,-6.80754681070539e-09,-6.80754681070539e-09,-1.361509362141078e-08,-1.2764002518225723e-13
base,down,2.0,0.8,5,-6.807546668596842e-09,-6.807546668596842e-09,-1.3615093337193685e-08,-1.2439351978297077e-13
base,down,2.0,0.8,6,-6.807546668596842e-09,-6.807546668596842e-09,-1.3615093337193685e-08,-1.2817622220304237e-13
base,down,2.0,0.8,7,-6.807546668596842e-09,-6.807546668596842e-09,-1.3615093337193685e-08,-1.2375678582078843e-13
base,down,2.0,0.8,8,-6.80754681070539e-09,-6.80754681070539e-09,-1.361509362141078e-08,-1.2764002518225723e-13
base,down,2.0,0.8,9,-6.807546668596842e-09,-6.807546668596842e-09,-1.3615093337193685e-08,-1.2439351978297077e-13
base,down,2.0,0.8,10,-6.807546668596842e-09,-6.807546668596842e-09,-1.3615093337193685e-08,-1.2817622220304237e-13
base,down,2.0,0.8,11,-6.807546668596842e-09,-6.807546668596842e-09,-1.3615093337193685e-08,-1.2274303832836653e-13
base,fresh,0.0,0.9,0,0.0,0.0,0.0,9.93319237765188e-10
base,fresh,0.0,0.9,1,0.0,0.0,0.0,3.953698527016686e-09
base,fresh,0.0,0.9,2,0.0,0.0,0.0,1.5153373151041904e-09
base,fresh,0.0,0.9,3,0.0,0.0,0.0,-8.010807985950378e-09
base,fresh,0.0,0.9,4,0.0,0.0,0.0,-1.6662131715123377e-08
base,fresh,0.0,0.9,5,0.0,0.0,0.0,-1.6165744304128227e-08
base,fresh,0.0,0.9,6,0.0,0.0,0.0,2.787324579409831e-09
base,fresh,0.0,0.9,7,0.0,0.0,0.0,-1.405775410336549e-10
base,fresh,0.0,0.9,8,0.0,0.0,0.0,-5.26229911888159e-09
base,fresh,0.0,0.9,9,0.0,0.0,0.0,1.2036170427575142e-09
base,fresh,0.0,0.9,10,0.0,0.0,0.0,9.37558438275422e-10
base,fresh,0.0,0.9,11,0.0,0.0,0.0,-3.3572607995531553e-09
base,fresh,0.5,0.9,0,8.082101654593998e-13,8.082101654593998e-13,1.6164203309187997e-12,9.738889272760889e-10
base,fresh,0.5,0.9,1,1.8585644134816447e-12,1.8585644134816447e-12,3.7171288269632894e-12,1.1396974128076435e-09
base,fresh,0.5,0.9,2,1.1725254100980465e-12,1.1725254100980465e-12,2.345050820196093e-12,1.1970863553485665e-10
base,fresh,0.5,0.9,3,1.3861300995898773e-12,1.3861300995898773e-12,2.7722601991797546e-12,-8.30925417399951e-10
base,fresh,0.5,0.9,4,1.1886691630991208e-12,1.1886691630991208e-12,2.3773383261982417e-12,-8.582781661906296e-10
base,fresh,0.5,0.9,5,1.2188505760235558e-12,1.2188505760235558e-12,2.4377011520471115e-12,-9.74865505810309e-10
base,fresh,0.5,0.9,6,1.6303325356403775e-12,1.6303325356403775e-12,3.260665071280755e-12,1.5000547609723414e-09
base,fresh,0.5,0.9,7,2.2246759989741349e-13,2.2246759989741349e-13,4.4493519979482697e-13,-2.6676393185840268e-11
base,fresh,0.5,0.9,8,1.4982592944079443e-12,1.4982592944079443e-12,2.9965185888158887e-12,-3.4656968696619334e-10
base,fresh,0.5,0.9,9,2.2406831945431803e-12,2.2406831945431803e-12,4.481366389086361e-12,3.48535498770264e-10
base,fresh,0.5,0.9,10,3.555276073541336e-12,3.555276073541336e-12,7.110552147082672e-12,7.689263955026898e-10
base,fresh,0.5,0.9,11,2.046287583823414e-12,2.046287583823414e-12,4.092575167646828e-12,-3.9983290203206363e-10
base,fresh,2.0,0.9,0,5.251234572778429e-07,5.251234572778429e-07,1.0502469145556859e-06,2.8786294042219825e-10
base,fresh,2.0,0.9,1,9.246756460445927e-07,9.246756460445927e-07,1.8493512920891853e-06,1.5849184679150626e-10
base,fresh,2.0,0.9,2,5.602150343464451e-07,5.602150343464451e-07,1.1204300686928902e-06,-5.03397867699563e-10
base,fresh,2.0,0.9,3,6.614574448815524e-07,6.614574448815524e-07,1.3229148897631049e-06,-6.918486952606491e-11
base,fresh,2.0,0.9,4,5.675924580239577e-07,5.675924580239577e-07,1.1351849160479155e-06,4.137743089011646e-11
base,fresh,2.0,0.9,5,5.822379469078154e-07,5.822379469078154e-07,1.1644758938156308e-06,-1.563030062420625e-11
base,fresh,2.0,0.9,6,7.328381722693233e-07,7.328381722693233e-07,1.4656763445386466e-06,3.2509859681249933e-10
base,fresh,2.0,0.9,7,1.0715887252543688e-07,1.0715887252543688e-07,2.1431774505087375e-07,-1.309051550833174e-11
base,fresh,2.0,0.9,8,7.113817990944682e-07,7.113817990944682e-07,1.4227635981889365e-06,-1.5766935373079248e-11
base,fresh,2.0,0.9,9,5.0122456312085005e-08,5.0122456312085005e-08,1.0024491262417001e-07,6.493560743179104e-10
base,fresh,2.0,0.9,10,1.216105002077583e-07,1.216105002077583e-07,2.432210004155166e-07,2.804643227630806e-10
base,fresh,2.0,0.9,11,1.0214483107873207e-06,1.0214483107873207e-06,2.0428966215746414e-06,2.6543308571331422e-11
base,up,0.0,0.9,0,0.0,0.0,0.0,-1.5672260531437346e-10
base,up,0.0,0.9,1,0.0,0.0,0.0,-1.5672260531437346e-10
base,up,0.0,0.9,2,0.0,0.0,0.0,-1.5672260531437346e-10
base,up,0.0,0.9,3,0.0,0.0,0.0,-1.5672260531437346e-10
base,up,0.0,0.9,4,0.0,0.0,0.0,-1.5672260531437346e-10
base,up,0.0,0.9,5,0.0,0.0,0.0,-1.5672260531437346e-10
base,up,0.0,0.9,6,0.0,0.0,0.0,-1.5672260531437346e-10
base,up,0.0,0.9,7,0.0,0.0,0.0,-1.5672260531437346e-10
base,up,0.0,0.9,8,0.0,0.0,0.0,-1.5672260531437346e-10
base,up,0.0,0.9,9,0.0,0.0,0.0,-1.5672260531437346e-10
base,up,0.0,0.9,10,0.0,0.0,0.0,-1.5672260531437346e-10
base,up,0.0,0.9,11,0.0,0.0,0.0,-1.5672260531437346e-10
base,up,0.5,0.9,0,2.757005734821405e-13,2.757005734821405e-13,5.51401146964281e-13,-9.705149409184412e-12
base,up,0.5,0.9,1,2.756550543381309e-13,2.7565283389208163e-13,5.513078882302125e-13,-9.705319509501309e-12
base,up,0.5,0.9,2,2.757005734821405e-13,2.757005734821405e-13,5.51401146964281e-13,-9.705149409184412e-12
base,up,0.5,0.9,3,2.757005734821405e-13,2.757005734821405e-13,5.51401146964281e-13,-9.705149409184412e-12
base,up,0.5,0.9,4,2.757005734821405e-13,2.757005734821405e-13,5.51401146964281e-13,-9.705149409184412e-12
base,up,0.5,0.9,5,2.757005734821405e-13,2.757005734821405e-13,5.51401146964281e-13,-9.705149409184412e-12
base,up,0.5,0.9,6,2.757005734821405e-13,2.757005734821405e-13,5.51401146964281e-13,-9.705149409184412e-12
base,up,0.5,0.9,7,2.757005734821405e-13,2.757005734821405e-13,5.51401146964281e-13,-9.705149409184412e-12
base,up,0.5,0.9,8,2.757005734821405e-13,2.757005734821405e-13,5.51401146964281e-13,-9.705149409184412e-12
base,up,0.5,0.9,9,2.757005734821405e-13,2.757005734821405e-13,5.51401146964281e-13,-9.705149409184412e-12
base,up,0.5,0.9,10,2.757005734821405e-13,2.757005734821405e-13,5.51401146964281e-13,-9.705149409184412e-12
base,up,0.5,0.9,11,2.757005734821405e-13,2.757005734821405e-13,5.51401146964281e-13,-9.705149409184412e-12
base,up,2.0,0.9,0,1.3172597019162069e-07,1.3172597019162069e-07,2.6345194038324137e-07,-2.470348457906452e-13
base,up,2.0,0.9,1,1.3172597018495935e-07,1.317259701871798e-07,2.6345194037213915e-07,-2.4686884427653603e-13
base,up,2.0,0.9,2,1.3172597019162069e-07,1.3172597019162069e-07,2.6345194038324137e-07,-2.470348457906452e-13
base,up,2.0,0.9,3,1.3172597019162069e-07,1.3172597019162069e-07,2.6345194038324137e-07,-2.470348457906452e-13
base,up,2.0,0.9,4,1.3172597019162069e-07,1.3172597019162069e-07,2.6345194038324137e-07,-2.470348457906452e-13
base,up,2.0,0.9,5,1.3172597019162069e-07,1.3172597019162069e-07,2.6345194038324137e-07,-2.470348457906452e-13
base,up,2.0,0.9,6,1.3172597019162069e-07,1.3172597019162069e-07,2.6345194038324137e-07,-2.470348457906452e-13
base,up,2.0,0.9,7,1.3172597019162069e-07,1.3172597019162069e-07,2.6345194038324137e-07,-2.470348457906452e-13
base,up,2.0,0.9,8,1.3172597019162069e-07,1.3172597019162069e-07,2.6345194038324137e-07,-2.470348457906452e-13
base,up,2.0,0.9,9,1.3172597019162069e-07,1.3172597019162069e-07,2.6345194038324137e-07,-2.470348457906452e-13
base,up,2.0,0.9,10,1.3172597019162069e-07,1.3172597019162069e-07,2.6345194038324137e-07,-2.470348457906452e-13
base,up,2.0,0.9,11,1.3172597019162069e-07,1.3172597019162069e-07,2.6345194038324137e-07,-2.470348457906452e-13
base,down,0.0,0.9,0,0.0,0.0,0.0,-7.911806166514778e-12
base,down,0.0,0.9,1,0.0,0.0,0.0,-7.917714668004162e-12
base,down,0.0,0.9,2,0.0,0.0,0.0,-7.917714668004162e-12
base,down,0.0,0.9,3,0.0,0.0,0.0,-7.917714668004162e-12
base,down,0.0,0.9,4,0.0,0.0,0.0,-7.917714668004162e-12
base,down,0.0,0.9,5,0.0,0.0,0.0,-7.917714668004162e-12
base,down,0.0,0.9,6,0.0,0.0,0.0,-7.917714668004162e-12
base,down,0.0,0.9,7,0.0,0.0,0.0,-7.917714668004162e-12
base,down,0.0,0.9,8,0.0,0.0,0.0,-7.917714668004162e-12
base,down,0.0,0.9,9,0.0,0.0,0.0,-7.911806166514778e-12
base,down,0.0,0.9,10,0.0,0.0,0.0,-7.911806166514778e-12
base,down,0.0,0.9,11,0.0,0.0,0.0,-7.911806166514778e-12
base,down,0.5,0.9,0,-2.398792275926098e-13,-2.398792275926098e-13,-4.797584551852196e-13,-5.003382434966536e-13
base,down,0.5,0.9,1,-2.398792275926098e-13,-2.398792275926098e-13,-4.797584551852196e-13,-4.996934792146895e-13
base,down,0.5,0.9,2,-2.4044766178121793e-13,-2.4044766178121793e-13,-4.808953235624359e-13,-5.008773848267985e-13
base,down,0.5,0.9,3,-2.398792275926098e-13,-2.398792275926098e-13,-4.797584551852196e-13,-5.004711427050874e-13
base,down,0.5,0.9,4,-2.398792275926098e-13,-2.398792275926098e-13,-4.797584551852196e-13,-5.000515526278055e-13
base,down,0.5,0.9,5,-2.4044766178121793e-13,-2.4044766178121793e-13,-4.808953235624359e-13,-5.009180090389832e-13
base,down,0.5,0.9,6,-2.398792275926098e-13,-2.398792275926098e-13,-4.797584551852196e-13,-5.000631595455729e-13
base,down,0.5,0.9,7,-2.398792275926098e-13,-2.398792275926098e-13,-4.797584551852196e-13,-5.004711427050874e-13
base,down,0.5,0.9,8,-2.398792275926098e-13,-2.398792275926098e-13,-4.797584551852196e-13,-5.000515526278055e-13
base,down,0.5,0.9,9,-2.4044766178121793e-13,-2.4044766178121793e-13,-4.808953235624359e-13,-5.020398176411762e-13
base,down,0.5,0.9,10,-2.398792275926098e-13,-2.398792275926098e-13,-4.797584551852196e-13,-5.010950145350706e-13
base,down,0.5,0.9,11,-2.398792275926098e-13,-2.398792275926098e-13,-4.797584551852196e-13,-5.010950145350706e-13
base,down,2.0,0.9,0,-1.2687406524491963e-07,-1.2687406524491963e-07,-2.5374813048983926e-07,-2.0046307622746024e-14
base,down,2.0,0.9,1,-1.2687406524491963e-07,-1.2687406524491963e-07,-2.5374813048983926e-07,-1.980082131261862e-14
base,down,2.0,0.9,2,-1.2687406538702817e-07,-1.2687406538702817e-07,-2.5374813077405635e-07,-1.9382972274103874e-14
base,down,2.0,0.9,3,-1.2687406524491963e-07,-1.2687406524491963e-07,-2.5374813048983926e-07,-1.998421061285564e-14
base,down,2.0,0.9,4,-1.2687406538702817e-07,-1.2687406538702817e-07,-2.5374813077405635e-07,-2.0663215300440685e-14
base,down,2.0,0.9,5,-1.2687406524491963e-07,-1.2687406524491963e-07,-2.5374813048983926e-07,-2.03846492747656e-14
base,down,2.0,0.9,6,-1.2687406538702817e-07,-1.2687406538702817e-07,-2.5374813077405635e-07,-1.9154315994694417e-14
base,down,2.0,0.9,7,-1.2687406524491963e-07,-1.2687406524491963e-07,-2.5374813048983926e-07,-2.0046307622746024e-14
base,down,2.0,0.9,8,-1.2687406538702817e-07,-1.2687406538702817e-07,-2.5374813077405635e-07,-2.0663215300440685e-14
base,down,2.0,0.9,9,-1.2687406524491963e-07,-1.2687406524491963e-07,-2.5374813048983926e-07,-2.03846492747656e-14
base,down,2.0,0.9,10,-1.2687406538702817e-07,-1.2687406538702817e-07,-2.5374813077405635e-07,-1.9154315994694417e-14
base,down,2.0,0.9,11,-1.2687406538702817e-07,-1.2687406538702817e-07,-2.5374813077405635e-07,-1.9541406701207377e-14
base,fresh,0.0,0.95,0,3.9968028886505634e-17,-4.218847493575595e-17,-2.220446049250315e-18,1.3004401985295657e-09
base,fresh,0.0,0.95,1,7.882583474838611e-17,4.9960036108132046e-17,1.2878587085651815e-16,4.500466829853752e-09
base,fresh,0.0,0.95,2,-7.66053886991358e-17,7.66053886991358e-17,0.0,1.4209520051848175e-09
base,fresh,0.0,0.95,3,4.662936703425657e-17,5.551115123125783e-17,1.0214051826551439e-16,-7.693103031246707e-09
base,fresh,0.0,0.95,4,4.884981308350689e-17,3.7747582837255325e-17,8.659739592076221e-17,-1.5616319500811474e-08
base,fresh,0.0,0.95,5,4.773959005888173e-17,4.3298697960381107e-17,9.103828801926284e-17,-1.4980492709393975e-08
base,fresh,0.0,0.95,6,8.548717289613706e-17,2.1094237467877975e-17,1.0658141036401502e-16,2.8941951234566595e-09
base,fresh,0.0,0.95,7,-5.551115123125783e-18,5.551115123125783e-18,0.0,-2.3149379024167327e-10
base,fresh,0.0,0.95,8,6.328271240363392e-17,4.5519144009631415e-17,1.0880185641326534e-16,-5.008932700323928e-09
base,fresh,0.0,0.95,9,1.3322676295501878e-17,-1.1102230246251566e-17,2.220446049250312e-18,1.6540099538518066e-09
base,fresh,0.0,0.95,10,3.1086244689504386e-17,-3.1086244689504386e-17,0.0,1.3082616389182856e-09
base,fresh,0.0,0.95,11,-2.6645352591003756e-17,2.6645352591003756e-17,0.0,-3.0186328957192126e-09
base,fresh,0.5,0.95,0,3.2099801372531543e-10,3.209980758978048e-10,6.419960896231202e-10,1.0381252900949774e-09
base,fresh,0.5,0.95,1,6.016012010778837e-10,6.016011966369916e-10,1.2032023977148752e-09,1.2312788355686447e-09
base,fresh,0.5,0.95,2,4.356726468479621e-10,4.356726579501924e-10,8.713453047981545e-10,1.011534316011399e-10
base,fresh,0.5,0.95,3,4.914728490845732e-10,4.914728490845732e-10,9.829456981691464e-10,-8.112231388669224e-10
base,fresh,0.5,0.95,4,4.4162833834349157e-10,4.416283361230455e-10,8.83256674466537e-10,-8.174190323477696e-10
base,fresh,0.5,0.95,5,4.494036420776837e-10,4.494036420776837e-10,8.988072841553673e-10,-9.047451474436049e-10
base,fresh,0.5,0.95,6,5.485854293052483e-10,5.485854248643563e-10,1.0971708541696046e-09,1.5262044240501046e-09
base,fresh,0.5,0.95,7,1.6480247500005873e-10,1.6480248166139689e-10,3.296049566614556e-10,-3.215333927984488e-11
base,fresh,0.5,0.95,8,5.187499196868117e-10,5.187499174663657e-10,1.0374998371531774e-09,-3.206221345981072e-10
base,fresh,0.5,0.95,9,6.8287159482594e-10,6.82871592605494e-10,1.365743187431434e-09,3.9046217833082666e-10
base,fresh,0.5,0.95,10,8.831089326477582e-10,8.831089215455278e-10,1.766217854193286e-09,7.623548788772458e-10
base,fresh,0.5,0.95,11,6.400051710819809e-10,6.40005173302427e-10,1.2800103443844078e-09,-3.5340132374459853e-10
base,fresh,2.0,0.95,0,4.89439527280644e-06,4.89439527280644e-06,9.78879054561288e-06,2.8087052584106794e-10
base,fresh,2.0,0.95,1,7.232735400098944e-06,7.232735400098944e-06,1.4465470800197889e-05,1.6692570237887214e-10
base,fresh,2.0,0.95,2,5.125246404902306e-06,5.125246404902306e-06,1.0250492809804612e-05,-4.93869252922842e-10
base,fresh,2.0,0.95,3,5.7566302674738614e-06,5.7566302674738614e-06,1.1513260534947723e-05,-6.927246074283194e-11
base,fresh,2.0,0.95,4,5.174361036773823e-06,5.174361036773823e-06,1.0348722073547645e-05,3.885211466288436e-11
base,fresh,2.0,0.95,5,5.266811018267425e-06,5.266811018267425e-06,1.053362203653485e-05,-1.4481358561753972e-11
base,fresh,2.0,0.95,6,6.177585287963083e-06,6.177585287963083e-06,1.2355170575926166e-05,3.319618597237038e-10
base,fresh,2.0,0.95,7,1.936934079390662e-06,1.936934079390662e-06,3.873868158781324e-06,-1.1320908201645831e-11
base,fresh,2.0,0.95,8,6.05629444274225e-06,6.05629444274225e-06,1.21125888854845e-05,-1.4444055412158817e-11
base,fresh,2.0,0.95,9,1.2688729387777543e-06,1.2688729388932173e-06,2.537745877670972e-06,6.073596781431068e-10
base,fresh,2.0,0.95,10,2.0077971868937005e-06,2.007797186911464e-06,4.015594373805165e-06,2.8252412250512747e-10
base,fresh,2.0,0.95,11,7.680194845804954e-06,7.680194845804954e-06,1.536038969160991e-05,2.7997839484896513e-11
base,up,0.0,0.95,0,0.0,0.0,0.0,-1.6751386174082085e-11
base,up,0.0,0.95,1,0.0,0.0,0.0,-1.6751386174082085e-11
base,up,0.0,0.95,2,0.0,0.0,0.0,-1.6751386174082085e-11
base,up,0.0,0.95,3,0.0,0.0,0.0,-1.6751386174082085e-11
base,up,0.0,0.95,4,0.0,0.0,0.0,-1.6751386174082085e-11
base,up,0.0,0.95,5,0.0,0.0,0.0,-1.6751386174082085e-11
base,up,0.0,0.95,6,0.0,0.0,0.0,-1.6751386174082085e-11
base,up,0.0,0.95,7,0.0,0.0,0.0,-1.6751386174082085e-11
base,up,0.0,0.95,8,0.0,0.0,0.0,-1.6751386174082085e-11
base,up,0.0,0.95,9,0.0,0.0,0.0,-1.6751386174082085e-11
base,up,0.0,0.95,10,0.0,0.0,0.0,-1.6751386174082085e-11
base,up,0.0,0.95,11,0.0,0.0,0.0,-1.6751386174082085e-11
base,up,0.5,0.95,0,9.208323326070911e-11,9.208323326070911e-11,1.8416646652141822e-10,-1.0399698706417194e-12
base,up,0.5,0.95,1,9.208322993004003e-11,9.208323104026306e-11,1.841664609703031e-10,-1.040052165633685e-12
base,up,0.5,0.95,2,9.208323326070911e-11,9.208323326070911e-11,1.8416646652141822e-10,-1.0399698706417194e-12
base,up,0.5,0.95,3,9.208323326070911e-11,9.208323326070911e-11,1.8416646652141822e-10,-1.0399698706417194e-12
base,up,0.5,0.95,4,9.208323326070911e-11,9.208323326070911e-11,1.8416646652141822e-10,-1.0399698706417194e-12
base,up,0.5,0.95,5,9.208323326070911e-11,9.208323326070911e-11,1.8416646652141822e-10,-1.0399698706417194e-12
base,up,0.5,0.95,6,9.208323326070911e-11,9.208323326070911e-11,1.8416646652141822e-10,-1.0399698706417194e-12
base,up,0.5,0.95,7,9.208323326070911e-11,9.208323326070911e-11,1.8416646652141822e-10,-1.0399698706417194e-12
base,up,0.5,0.95,8,9.208323326070911e-11,9.208323326070911e-11,1.8416646652141822e-10,-1.0399698706417194e-12
base,up,0.5,0.95,9,9.208323326070911e-11,9.208323326070911e-11,1.8416646652141822e-10,-1.0399698706417194e-12
base,up,0.5,0.95,10,9.208323326070911e-11,9.208323326070911e-11,1.8416646652141822e-10,-1.0399698706417194e-12
base,up,0.5,0.95,11,9.208323326070911e-11,9.208323326070911e-11,1.8416646652141822e-10,-1.0399698706417194e-12
base,up,2.0,0.95,0,1.0778886551532362e-06,1.0778886551532362e-06,2.1557773103064724e-06,-2.6555385441909896e-14
base,up,2.0,0.95,1,1.0778886551543465e-06,1.0778886551532362e-06,2.155777310307583e-06,-2.6607754982374743e-14
base,up,2.0,0.95,2,1.0778886551532362e-06,1.0778886551532362e-06,2.1557773103064724e-06,-2.6555385441909896e-14
base,up,2.0,0.95,3,1.0778886551532362e-06,1.0778886551532362e-06,2.1557773103064724e-06,-2.6555385441909896e-14
base,up,2.0,0.95,4,1.0778886551532362e-06,1.0778886551532362e-06,2.1557773103064724e-06,-2.6555385441909896e-14
base,up,2.0,0.95,5,1.0778886551532362e-06,1.0778886551532362e-06,2.1557773103064724e-06,-2.6555385441909896e-14
base,up,2.0,0.95,6,1.0778886551532362e-06,1.0778886551532362e-06,2.1557773103064724e-06,-2.6555385441909896e-14
base,up,2.0,0.95,7,1.0778886551532362e-06,1.0778886551532362e-06,2.1557773103064724e-06,-2.6555385441909896e-14
base,up,2.0,0.95,8,1.0778886551532362e-06,1.0778886551532362e-06,2.1557773103064724e-06,-2.6555385441909896e-14
base,up,2.0,0.95,9,1.0778886551532362e-06,1.0778886551532362e-06,2.1557773103064724e-06,-2.6555385441909896e-14
base,up,2.0,0.95,10,1.0778886551532362e-06,1.0778886551532362e-06,2.1557773103064724e-06,-2.6555385441909896e-14
base,up,2.0,0.95,11,1.0778886551532362e-06,1.0778886551532362e-06,2.1557773103064724e-06,-2.6555385441909896e-14
base,down,0.0,0.95,0,0.0,0.0,0.0,-7.775858277080615e-13
base,down,0.0,0.95,1,0.0,0.0,0.0,-7.80780957005279e-13
base,down,0.0,0.95,2,0.0,0.0,0.0,-7.80780957005279e-13
base,down,0.0,0.95,3,0.0,0.0,0.0,-7.80780957005279e-13
base,down,0.0,0.95,4,0.0,0.0,0.0,-7.80780957005279e-13
base,down,0.0,0.95,5,0.0,0.0,0.0,-7.80780957005279e-13
base,down,0.0,0.95,6,0.0,0.0,0.0,-7.80780957005279e-13
base,down,0.0,0.95,7,0.0,0.0,0.0,-7.80780957005279e-13
base,down,0.0,0.95,8,0.0,0.0,0.0,-7.80780957005279e-13
base,down,0.0,0.95,9,0.0,0.0,0.0,-7.775858277080615e-13
base,down,0.0,0.95,10,0.0,0.0,0.0,-7.775858277080615e-13
base,down,0.0,0.95,11,0.0,0.0,0.0,-7.775858277080615e-13
base,down,0.5,0.95,0,-1.1839745184261118e-10,-1.1839745184261118e-10,-2.3679490368522237e-10,-5.253204455031295e-14
base,down,0.5,0.95,1,-1.1839745184261118e-10,-1.1839745184261118e-10,-2.3679490368522237e-10,-5.210642527161055e-14
base,down,0.5,0.95,2,-1.1839745184261118e-10,-1.1839745184261118e-10,-2.3679490368522237e-10,-5.185958996763829e-14
base,down,0.5,0.95,3,-1.1839745184261118e-10,-1.1839745184261118e-10,-2.3679490368522237e-10,-5.249592959047914e-14
base,down,0.5,0.95,4,-1.1839745184261118e-10,-1.1839745184261118e-10,-2.3679490368522237e-10,-5.224581110832444e-14
base,down,0.5,0.95,5,-1.1839745184261118e-10,-1.1839745184261118e-10,-2.3679490368522237e-10,-5.198405226723083e-14
base,down,0.5,0.95,6,-1.1839745184261118e-10,-1.1839745184261118e-10,-2.3679490368522237e-10,-5.216403012489914e-14
base,down,0.5,0.95,7,-1.1839745184261118e-10,-1.1839745184261118e-10,-2.3679490368522237e-10,-5.249592959047914e-14
base,down,0.5,0.95,8,-1.1839745184261118e-10,-1.1839745184261118e-10,-2.3679490368522237e-10,-5.224581110832444e-14
base,down,0.5,0.95,9,-1.1839745184261118e-10,-1.1839745184261118e-10,-2.3679490368522237e-10,-5.004757409035684e-14
base,down,0.5,0.95,10,-1.1839745184261118e-10,-1.1839745184261118e-10,-2.3679490368522237e-10,-5.371249633663239e-14
base,down,0.5,0.95,11,-1.1839745184261118e-10,-1.1839745184261118e-10,-2.3679490368522237e-10,-5.371249633663239e-14
base,down,2.0,0.95,0,-1.385312130253169e-06,-1.385312130253169e-06,-2.770624260506338e-06,-1.7200848104947332e-14
base,down,2.0,0.95,1,-1.385312130253169e-06,-1.385312130253169e-06,-2.770624260506338e-06,-1.7853602830003153e-14
base,down,2.0,0.95,2,-1.385312130253169e-06,-1.385312130253169e-06,-2.770624260506338e-06,-1.89627187688621e-14
base,down,2.0,0.95,3,-1.385312130253169e-06,-1.385312130253169e-06,-2.770624260506338e-06,-1.468862290108769e-14
base,down,2.0,0.95,4,-1.385312130253169e-06,-1.385312130253169e-06,-2.770624260506338e-06,-1.8221019870037463e-14
base,down,2.0,0.95,5,-1.385312130253169e-06,-1.385312130253169e-06,-2.770624260506338e-06,-1.7787043934857486e-14
base,down,2.0,0.95,6,-1.3853121303952775e-06,-1.3853121303952775e-06,-2.770624260790555e-06,-1.8073873971796054e-14
base,down,2.0,0.95,7,-1.385312130253169e-06,-1.385312130253169e-06,-2.770624260506338e-06,-1.8547546467766607e-14
base,down,2.0,0.95,8,-1.385312130253169e-06,-1.385312130253169e-06,-2.770624260506338e-06,-1.8221019870037463e-14
base,down,2.0,0.95,9,-1.385312130253169e-06,-1.385312130253169e-06,-2.770624260506338e-06,-1.811416747334186e-14
base,down,2.0,0.95,10,-1.3853121303952775e-06,-1.3853121303952775e-06,-2.770624260790555e-06,-1.7628854632490957e-14
base,down,2.0,0.95,11,-1.385312130253169e-06,-1.385312130253169e-06,-2.770624260506338e-06,-1.8708720473948395e-14
base,fresh,0.0,0.98,0,7.537912516397682e-12,5.351874499126552e-12,1.2889787015524235e-11,1.5010997580622923e-09
base,fresh,0.0,0.98,1,5.358705701397071e-12,4.416612631175098e-12,9.775318332572168e-12,4.832622391271204e-09
base,fresh,0.0,0.98,2,-2.0138268830294236e-12,5.010569736896286e-12,2.9967428538668626e-12,1.3512451554175642e-09
base,fresh,0.0,0.98,3,4.2416192780336815e-12,4.5214487709444025e-12,8.763068048978084e-12,-7.1801345977764255e-09
base,fresh,0.0,0.98,4,4.279658849526413e-12,3.896163391914342e-12,8.175822241440755e-12,-1.4781342673988204e-08
base,fresh,0.0,0.98,5,4.222898697392452e-12,4.0704695170035164e-12,8.293368214395967e-12,-1.4089563744236061e-08
base,fresh,0.0,0.98,6,5.471374464605106e-12,3.300271167461233e-12,8.771645632066339e-12,2.95299066389081e-09
base,fresh,0.0,0.98,7,2.0271861966847383e-12,2.555174960505724e-12,4.582361157190463e-12,-2.660975169740889e-10
base,fresh,0.0,0.98,8,4.808395903665996e-12,4.2141112821525435e-12,9.022507185818539e-12,-4.8422148162132994e-09
base,fresh,0.0,0.98,9,5.5837645618339595e-12,4.929991970215042e-12,1.0513756532049001e-11,1.929541683383827e-09
base,fresh,0.0,0.98,10,6.30446361782333e-12,4.46042758284193e-12,1.076489120066526e-11,1.5441303464898868e-09
base,fresh,0.0,0.98,11,4.05729450037029e-12,5.799929425620576e-12,9.857223925990867e-12,-2.8030965131926404e-09
base,fresh,0.5,0.98,0,6.877081546008412e-08,6.87720219838539e-08,1.3754283744393803e-07,1.0685503827664615e-09
base,fresh,0.5,0.98,1,1.0428920879990144e-07,1.0428916594751314e-07,2.0857837474741458e-07,1.286151926780553e-09
base,fresh,0.5,0.98,2,8.511889100892844e-08,8.511904194374864e-08,1.7023793295267708e-07,9.051978776972024e-11
base,fresh,0.5,0.98,3,9.194139691137693e-08,9.194140798696182e-08,1.8388280489833875e-07,-7.655452358000953e-10
base,fresh,0.5,0.98,4,8.598267908110913e-08,8.598266187265225e-08,1.7196534095376138e-07,-7.808278709987988e-10
base,fresh,0.5,0.98,5,8.692842880853035e-08,8.692842213608998e-08,1.7385685094462033e-07,-8.516394370688209e-10
base,fresh,0.5,0.98,6,9.838907653270113e-08,9.838900589809186e-08,1.9677808243079299e-07,1.5395847585101514e-09
base,fresh,0.5,0.98,7,4.8435392504542205e-08,4.843552905309245e-08,9.687092155763466e-08,-3.323656972763378e-11
base,fresh,0.5,0.98,8,9.510223067499268e-08,9.510220750019726e-08,1.9020443817518995e-07,-3.039285291427946e-10
base,fresh,0.5,0.98,9,1.1278253126079107e-07,1.1278248545076863e-07,2.2556501671155972e-07,4.165408230168434e-10
base,fresh,0.5,0.98,10,1.3024050690813027e-07,1.302403804404051e-07,2.6048088734853537e-07,7.666859738459916e-10
base,fresh,0.5,0.98,11,1.0822128320153723e-07,1.0822135441568293e-07,2.1644263761722016e-07,-3.2345432249219217e-10
base,fresh,2.0,0.98,0,3.3001240570107446e-05,3.30012405701785e-05,6.600248114028595e-05,2.769038713382612e-10
base,fresh,2.0,0.98,1,4.22689136078902e-05,4.226891360788354e-05,8.453782721577375e-05,1.7210376310072375e-10
base,fresh,2.0,0.98,2,3.39959597337125e-05,3.399595973373026e-05,6.799191946744277e-05,-4.87673199129046e-10
base,fresh,2.0,0.98,3,3.661010484207083e-05,3.661010484207083e-05,7.322020968414167e-05,-6.643669572812424e-11
base,fresh,2.0,0.98,4,3.4208268301805234e-05,3.420826830180301e-05,6.841653660360824e-05,3.679818136336793e-11
base,fresh,2.0,0.98,5,3.4595279541607124e-05,3.4595279541607124e-05,6.919055908321425e-05,-1.3623617061324404e-11
base,fresh,2.0,0.98,6,3.828118962642346e-05,3.828118962641902e-05,7.656237925284247e-05,3.356089434711565e-10
base,fresh,2.0,0.98,7,1.917297524801409e-05,1.9172975250623113e-05,3.83459504986372e-05,-9.990765049211319e-12
base,fresh,2.0,0.98,8,3.781302216659954e-05,3.781302216659732e-05,7.562604433319686e-05,-1.359828775062875e-11
base,fresh,2.0,0.98,9,1.4777805420030931e-05,1.4777806098867917e-05,2.955561151889885e-05,5.807273789557198e-10
base,fresh,2.0,0.98,10,1.9394827901059175e-05,1.9394827964832608e-05,3.8789655865891786e-05,2.8309347547541474e-10
base,fresh,2.0,0.98,11,4.379190282985501e-05,4.3791902829863896e-05,8.758380565971892e-05,2.924053393071607e-11
base,up,0.0,0.98,0,1.0372147585258062e-12,1.0372147585258062e-12,2.0744295170516124e-12,-2.2428468990061608e-12
base,up,0.0,0.98,1,1.0372147585258062e-12,1.0372147585258062e-12,2.0744295170516124e-12,-2.2428468990061608e-12
base,up,0.0,0.98,2,1.0372147585258062e-12,1.0372147585258062e-12,2.0744295170516124e-12,-2.2428468990061608e-12
base,up,0.0,0.98,3,1.0372147585258062e-12,1.0372147585258062e-12,2.0744295170516124e-12,-2.2428468990061608e-12
base,up,0.0,0.98,4,1.0372147585258062e-12,1.0372147585258062e-12,2.0744295170516124e-12,-2.2428468990061608e-12
base,up,0.0,0.98,5,1.0372147585258062e-12,1.0372147585258062e-12,2.0744295170516124e-12,-2.2428468990061608e-12
base,up,0.0,0.98,6,1.0372147585258062e-12,1.0372147585258062e-12,2.0744295170516124e-12,-2.2428468990061608e-12
base,up,0.0,0.98,7,1.0372147585258062e-12,1.0372147585258062e-12,2.0744295170516124e-12,-2.2428468990061608e-12
base,up,0.0,0.98,8,1.0372147585258062e-12,1.0372147585258062e-12,2.0744295170516124e-12,-2.2428468990061608e-12
base,up,0.0,0.98,9,1.0372147585258062e-12,1.0372147585258062e-12,2.0744295170516124e-12,-2.2428468990061608e-12
base,up,0.0,0.98,10,1.0372147585258062e-12,1.0372147585258062e-12,2.0744295170516124e-12,-2.2428468990061608e-12
base,up,0.0,0.98,11,1.0372147585258062e-12,1.0372147585258062e-12,2.0744295170516124e-12,-2.2428468990061608e-12
base,up,0.5,0.98,0,2.1730658879004495e-08,2.1730658879004495e-08,4.346131775800899e-08,-1.3946968299001643e-13
base,up,0.5,0.98,1,2.1730658876784048e-08,2.1730658880114717e-08,4.346131775689876e-08,-1.3943580920043002e-13
base,up,0.5,0.98,2,2.1730658879004495e-08,2.1730658879004495e-08,4.346131775800899e-08,-1.3946968299001643e-13
base,up,0.5,0.98,3,2.1730658879004495e-08,2.1730658879004495e-08,4.346131775800899e-08,-1.3946968299001643e-13
base,up,0.5,0.98,4,2.1730658879004495e-08,2.1730658879004495e-08,4.346131775800899e-08,-1.3946968299001643e-13
base,up,0.5,0.98,5,2.1730658879004495e-08,2.1730658879004495e-08,4.346131775800899e-08,-1.3946968299001643e-13
base,up,0.5,0.98,6,2.1730658879004495e-08,2.1730658879004495e-08,4.346131775800899e-08,-1.3946968299001643e-13
base,up,0.5,0.98,7,2.1730658879004495e-08,2.1730658879004495e-08,4.346131775800899e-08,-1.3946968299001643e-13
base,up,0.5,0.98,8,2.1730658879004495e-08,2.1730658879004495e-08,4.346131775800899e-08,-1.3946968299001643e-13
base,up,0.5,0.98,9,2.1730658879004495e-08,2.1730658879004495e-08,4.346131775800899e-08,-1.3946968299001643e-13
base,up,0.5,0.98,10,2.1730658879004495e-08,2.1730658879004495e-08,4.346131775800899e-08,-1.3946968299001643e-13
base,up,0.5,0.98,11,2.1730658879004495e-08,2.1730658879004495e-08,4.346131775800899e-08,-1.3946968299001643e-13
base,up,2.0,0.98,0,8.539760304360212e-06,8.539760304360212e-06,1.7079520608720423e-05,-3.5870617499785414e-15
base,up,2.0,0.98,1,8.539760304362431e-06,8.539760304361321e-06,1.707952060872375e-05,-3.6455981287679494e-15
base,up,2.0,0.98,2,8.539760304360212e-06,8.539760304360212e-06,1.7079520608720423e-05,-3.5870617499785414e-15
base,up,2.0,0.98,3,8.539760304360212e-06,8.539760304360212e-06,1.7079520608720423e-05,-3.5870617499785414e-15
base,up,2.0,0.98,4,8.539760304360212e-06,8.539760304360212e-06,1.7079520608720423e-05,-3.5870617499785414e-15
base,up,2.0,0.98,5,8.539760304360212e-06,8.539760304360212e-06,1.7079520608720423e-05,-3.5870617499785414e-15
base,up,2.0,0.98,6,8.539760304360212e-06,8.539760304360212e-06,1.7079520608720423e-05,-3.5870617499785414e-15
base,up,2.0,0.98,7,8.539760304360212e-06,8.539760304360212e-06,1.7079520608720423e-05,-3.5870617499785414e-15
base,up,2.0,0.98,8,8.539760304360212e-06,8.539760304360212e-06,1.7079520608720423e-05,-3.5870617499785414e-15
base,up,2.0,0.98,9,8.539760304360212e-06,8.539760304360212e-06,1.7079520608720423e-05,-3.5870617499785414e-15
base,up,2.0,0.98,10,8.539760304360212e-06,8.539760304360212e-06,1.7079520608720423e-05,-3.5870617499785414e-15
base,up,2.0,0.98,11,8.539760304360212e-06,8.539760304360212e-06,1.7079520608720423e-05,-3.5870617499785414e-15
base,down,0.0,0.98,0,-7.287326297955588e-13,-7.287326297955588e-13,-1.4574652595911175e-12,-2.7449390586990038e-14
base,down,0.0,0.98,1,-7.287326297955588e-13,-7.287326297955588e-13,-1.4574652595911175e-12,-2.63551718018973e-14
base,down,0.0,0.98,2,-7.287326297955588e-13,-7.287326297955588e-13,-1.4574652595911175e-12,-2.63551718018973e-14
base,down,0.0,0.98,3,-7.287326297955588e-13,-7.287326297955588e-13,-1.4574652595911175e-12,-2.63551718018973e-14
base,down,0.0,0.98,4,-7.287326297955588e-13,-7.287326297955588e-13,-1.4574652595911175e-12,-2.63551718018973e-14
base,down,0.0,0.98,5,-7.287326297955588e-13,-7.287326297955588e-13,-1.4574652595911175e-12,-2.63551718018973e-14
base,down,0.0,0.98,6,-7.287326297955588e-13,-7.287326297955588e-13,-1.4574652595911175e-12,-2.63551718018973e-14
base,down,0.0,0.98,7,-7.287326297955588e-13,-7.287326297955588e-13,-1.4574652595911175e-12,-2.63551718018973e-14
base,down,0.0,0.98,8,-7.287326297955588e-13,-7.287326297955588e-13,-1.4574652595911175e-12,-2.63551718018973e-14
base,down,0.0,0.98,9,-7.287326297955588e-13,-7.287326297955588e-13,-1.4574652595911175e-12,-2.7449390586990038e-14
base,down,0.0,0.98,10,-7.287326297955588e-13,-7.287326297955588e-13,-1.4574652595911175e-12,-2.7449390586990038e-14
base,down,0.0,0.98,11,-7.287326297955588e-13,-7.287326297955588e-13,-1.4574652595911175e-12,-2.7449390586990038e-14
base,down,0.5,0.98,0,-1.64133831503932e-08,-1.64133831503932e-08,-3.28267663007864e-08,-4.114389385472202e-15
base,down,0.5,0.98,1,-1.64133831503932e-08,-1.64133831503932e-08,-3.28267663007864e-08,-3.983322554892253e-15
base,down,0.5,0.98,2,-1.641338371882739e-08,-1.641338371882739e-08,-3.282676743765478e-08,-2.8081222492690675e-15
base,down,0.5,0.98,3,-1.64133831503932e-08,-1.64133831503932e-08,-3.28267663007864e-08,-4.146781993701499e-15
base,down,0.5,0.98,4,-1.64133831503932e-08,-1.64133831503932e-08,-3.28267663007864e-08,-4.008673291767353e-15
base,down,0.5,0.98,5,-1.641338371882739e-08,-1.641338371882739e-08,-3.282676743765478e-08,-2.8120833019058015e-15
base,down,0.5,0.98,6,-1.64133831503932e-08,-1.64133831503932e-08,-3.28267663007864e-08,-4.067736987750662e-15
base,down,0.5,0.98,7,-1.64133831503932e-08,-1.64133831503932e-08,-3.28267663007864e-08,-4.146781993701499e-15
base,down,0.5,0.98,8,-1.64133831503932e-08,-1.64133831503932e-08,-3.28267663007864e-08,-4.008673291767353e-15
base,down,0.5,0.98,9,-1.641338371882739e-08,-1.641338371882739e-08,-3.282676743765478e-08,-3.096838974791055e-15
base,down,0.5,0.98,10,-1.641338371882739e-08,-1.641338371882739e-08,-3.282676743765478e-08,-2.5441400968786884e-15
base,down,0.5,0.98,11,-1.641338371882739e-08,-1.641338371882739e-08,-3.282676743765478e-08,-2.5441400968786884e-15
base,down,2.0,0.98,0,-6.404319993578156e-06,-6.404319993578156e-06,-1.2808639987156311e-05,1.4060410593568467e-15
base,down,2.0,0.98,1,-6.404322391801997e-06,-6.404322391801997e-06,-1.2808644783603995e-05,2.5247827281569064e-15
base,down,2.0,0.98,2,-6.404331713270039e-06,-6.404331713270039e-06,-1.2808663426540078e-05,-2.0921610133834574e-15
base,down,2.0,0.98,3,-6.404315131618432e-06,-6.404315131618432e-06,-1.2808630263236864e-05,8.437655723889341e-16
base,down,2.0,0.98,4,-6.404323154356462e-06,-6.404323154356462e-06,-1.2808646308712923e-05,7.954420957496218e-16
base,down,2.0,0.98,5,-6.404321619299936e-06,-6.404321619299936e-06,-1.2808643238599871e-05,-1.9197292000788272e-15
base,down,2.0,0.98,6,-6.404321858752837e-06,-6.404321858752837e-06,-1.2808643717505674e-05,-1.3697765076301248e-15
base,down,2.0,0.98,7,-6.404321419068992e-06,-6.404321419068992e-06,-1.2808642838137984e-05,-1.5760968010456003e-15
base,down,2.0,0.98,8,-6.404322956399255e-06,-6.404322956399255e-06,-1.280864591279851e-05,2.0009721425820844e-15
base,down,2.0,0.98,9,-6.404322391801997e-06,-6.404322391801997e-06,-1.2808644783603995e-05,1.955113441565765e-15
base,down,2.0,0.98,10,-6.404320643014216e-06,-6.404320643014216e-06,-1.2808641286028432e-05,9.351308356948968e-16
base,down,2.0,0.98,11,-6.404322627986403e-06,-6.404322627986403e-06,-1.2808645255972805e-05,-2.591414302481083e-15
base,fresh,0.0,0.99,0,1.503105497846491e-09,1.184935101150586e-09,2.688040598997077e-09,1.5704860911220725e-09
base,fresh,0.0,0.99,1,1.1859704185379626e-09,1.0349223733552292e-09,2.220892791893192e-09,4.94358010876718e-09
base,fresh,0.0,0.99,2,-3.0984147580959133e-10,1.1312126024787262e-09,8.213711266691349e-10,1.3260571331430327e-09
base,fresh,0.0,0.99,3,1.0058363963949546e-09,1.0521879745262197e-09,2.058024370921174e-09,-6.9690155540518965e-09
base,fresh,0.0,0.99,4,1.0121876070634529e-09,9.474277185006486e-10,1.9596153255641017e-09,-1.4395143353878876e-08
base,fresh,0.0,0.99,5,1.0027052965710937e-09,9.770652376062116e-10,1.9797705341773053e-09,-1.3695967199496303e-08
base,fresh,0.0,0.99,6,1.2034339968991504e-09,8.434643938848297e-10,2.04689839078398e-09,2.9714261997021728e-09
base,fresh,0.0,0.99,7,6.066680580119055e-10,7.074161434417192e-10,1.3140842014536247e-09,-2.6909419857745427e-10
base,fresh,0.0,0.99,8,1.098850961334108e-09,1.0012341999932061e-09,2.100085161327314e-09,-4.7839407969838565e-09
base,fresh,0.0,0.99,9,1.2207559274557412e-09,1.1183910464396263e-09,2.3391469738953677e-09,2.0220675239208927e-09
base,fresh,0.0,0.99,10,1.3288331857097545e-09,1.0421784768510633e-09,2.3710116625608176e-09,1.6246830435508325e-09
base,fresh,0.0,0.99,11,9.74866369851668e-10,1.2536847604494027e-09,2.2285511303010706e-09,-2.729191212387139e-09
base,fresh,0.5,0.99,0,9.656301363825116e-07,9.657516767447306e-07,1.931381813127242e-06,1.077117484191973e-09
base,fresh,0.5,0.99,1,1.303443900068091e-06,1.3034405649225977e-06,2.606884464990689e-06,1.304331996525278e-09
base,fresh,0.5,0.99,2,1.1291604675200962e-06,1.129173720281207e-06,2.258334187801303e-06,8.702538308245975e-11
base,fresh,0.5,0.99,3,1.1927434098890632e-06,1.1927443384462944e-06,2.3854877483353576e-06,-7.459321824783023e-10
base,fresh,0.5,0.99,4,1.1376744451474518e-06,1.1376729477519109e-06,2.2753473928993627e-06,-7.626951105660648e-10
base,fresh,0.5,0.99,5,1.1464888982959386e-06,1.1464883212264355e-06,2.292977219522374e-06,-8.280669343667679e-10
base,fresh,0.5,0.99,6,1.2508419089962697e-06,1.2508362017660258e-06,2.5016781107622955e-06,1.543538293025633e-09
base,fresh,0.5,0.99,7,7.655133717010543e-07,7.6552851554057e-07,1.5310418872416242e-06,-3.268891357255929e-11
base,fresh,0.5,0.99,8,1.2215162070783324e-06,1.2215143012517248e-06,2.4430305083300573e-06,-2.981632149187622e-10
base,fresh,0.5,0.99,9,1.3771416359809053e-06,1.3771382474936367e-06,2.7542798834745418e-06,4.253361384659768e-10
base,fresh,0.5,0.99,10,1.5190049902225055e-06,1.51899642783615e-06,3.0380014180586556e-06,7.692766010157759e-10
base,fresh,0.5,0.99,11,1.337391857039183e-06,1.3373972855479366e-06,2.6747891425871196e-06,-3.131323174138049e-10
base,fresh,2.0,0.99,0,8.037729376856096e-05,8.03772937698688e-05,0.00016075458753842976,2.7559289420355075e-10
base,fresh,2.0,0.99,1,9.63922258981309e-05,9.639222589804874e-05,0.00019278445179617964,1.7383203162125485e-10
base,fresh,2.0,0.99,2,8.215457176498186e-05,8.215457176528163e-05,0.00016430914353026348,-4.85486179507405e-10
base,fresh,2.0,0.99,3,8.674990365363344e-05,8.674990365364676e-05,0.0001734998073072802,-6.509553406728474e-11
base,fresh,2.0,0.99,4,8.253383719685758e-05,8.253383719682428e-05,0.00016506767439368187,3.584242545315621e-11
base,fresh,2.0,0.99,5,8.321760881472185e-05,8.321760881471074e-05,0.00016643521762943258,-1.3244754347058385e-11
base,fresh,2.0,0.99,6,8.963712423505132e-05,8.963712423497139e-05,0.0001792742484700227,3.367211538171681e-10
base,fresh,2.0,0.99,7,5.459796731649647e-05,5.4597967391467604e-05,0.00010919593470796408,-9.374690718266895e-12
base,fresh,2.0,0.99,8,8.883653364649468e-05,8.883653364646804e-05,0.00017767306729296272,-1.3303170178280812e-11
base,fresh,2.0,0.99,9,4.520230993877883e-05,4.520233525396877e-05,9.04046451927476e-05,5.715923599744362e-10
base,fresh,2.0,0.99,10,5.4933201199482975e-05,5.493320305563376e-05,0.00010986640425511674,2.8312941137641493e-10
base,fresh,2.0,0.99,11,9.887822338661367e-05,9.88782233867358e-05,0.00019775644677334949,2.9714488400713676e-11
base,up,0.0,0.99,0,1.8217129471587156e-10,1.8217129471587156e-10,3.643425894317431e-10,-7.72459632138537e-14
base,up,0.0,0.99,1,1.8217129471587156e-10,1.8217129471587156e-10,3.643425894317431e-10,-7.72459632138537e-14
base,up,0.0,0.99,2,1.8217129471587156e-10,1.8217129471587156e-10,3.643425894317431e-10,-7.72459632138537e-14
base,up,0.0,0.99,3,1.8217129471587156e-10,1.8217129471587156e-10,3.643425894317431e-10,-7.72459632138537e-14
base,up,0.0,0.99,4,1.8217129471587156e-10,1.8217129471587156e-10,3.643425894317431e-10,-7.72459632138537e-14
base,up,0.0,0.99,5,1.8217129471587156e-10,1.8217129471587156e-10,3.643425894317431e-10,-7.72459632138537e-14
base,up,0.0,0.99,6,1.8217129471587156e-10,1.8217129471587156e-10,3.643425894317431e-10,-7.72459632138537e-14
base,up,0.0,0.99,7,1.8217129471587156e-10,1.8217129471587156e-10,3.643425894317431e-10,-7.72459632138537e-14
base,up,0.0,0.99,8,1.8217129471587156e-10,1.8217129471587156e-10,3.643425894317431e-10,-7.72459632138537e-14
base,up,0.0,0.99,9,1.8217129471587156e-10,1.8217129471587156e-10,3.643425894317431e-10,-7.72459632138537e-14
base,up,0.0,0.99,10,1.8217129471587156e-10,1.8217129471587156e-10,3.643425894317431e-10,-7.72459632138537e-14
base,up,0.0,0.99,11,1.8217129471587156e-10,1.8217129471587156e-10,3.643425894317431e-10,-7.72459632138537e-14
base,up,0.5,0.99,0,2.1075737457132427e-07,2.1075737457132427e-07,4.2151474914264854e-07,-4.8641936556078315e-15
base,up,0.5,0.99,1,2.1075737457021405e-07,2.107573745724345e-07,4.2151474914264854e-07,-4.8608517760397035e-15
base,up,0.5,0.99,2,2.1075737457132427e-07,2.1075737457132427e-07,4.2151474914264854e-07,-4.8641936556078315e-15
base,up,0.5,0.99,3,2.1075737457132427e-07,2.1075737457132427e-07,4.2151474914264854e-07,-4.8641936556078315e-15
base,up,0.5,0.99,4,2.1075737457132427e-07,2.1075737457132427e-07,4.2151474914264854e-07,-4.8641936556078315e-15
base,up,0.5,0.99,5,2.1075737457132427e-07,2.1075737457132427e-07,4.2151474914264854e-07,-4.8641936556078315e-15
base,up,0.5,0.99,6,2.1075737457132427e-07,2.1075737457132427e-07,4.2151474914264854e-07,-4.8641936556078315e-15
base,up,0.5,0.99,7,2.1075737457132427e-07,2.1075737457132427e-07,4.2151474914264854e-07,-4.8641936556078315e-15
base,up,0.5,0.99,8,2.1075737457132427e-07,2.1075737457132427e-07,4.2151474914264854e-07,-4.8641936556078315e-15
base,up,0.5,0.99,9,2.1075737457132427e-07,2.1075737457132427e-07,4.2151474914264854e-07,-4.8641936556078315e-15
base,up,0.5,0.99,10,2.1075737457132427e-07,2.1075737457132427e-07,4.2151474914264854e-07,-4.8641936556078315e-15
base,up,0.5,0.99,11,2.1075737457132427e-07,2.1075737457132427e-07,4.2151474914264854e-07,-4.8641936556078315e-15
base,up,2.0,0.99,0,1.4607794665587592e-05,1.4607794665587592e-05,2.9215589331175183e-05,-1.1855247004263347e-16
base,up,2.0,0.99,1,1.4607794665586482e-05,1.4607794665587592e-05,2.9215589331174075e-05,-1.044809602452884e-16
base,up,2.0,0.99,2,1.4607794665587592e-05,1.4607794665587592e-05,2.9215589331175183e-05,-1.1855247004263347e-16
base,up,2.0,0.99,3,1.4607794665587592e-05,1.4607794665587592e-05,2.9215589331175183e-05,-1.1855247004263347e-16
base,up,2.0,0.99,4,1.4607794665587592e-05,1.4607794665587592e-05,2.9215589331175183e-05,-1.1855247004263347e-16
base,up,2.0,0.99,5,1.4607794665587592e-05,1.4607794665587592e-05,2.9215589331175183e-05,-1.1855247004263347e-16
base,up,2.0,0.99,6,1.4607794665587592e-05,1.4607794665587592e-05,2.9215589331175183e-05,-1.1855247004263347e-16
base,up,2.0,0.99,7,1.4607794665587592e-05,1.4607794665587592e-05,2.9215589331175183e-05,-1.1855247004263347e-16
base,up,2.0,0.99,8,1.4607794665587592e-05,1.4607794665587592e-05,2.9215589331175183e-05,-1.1855247004263347e-16
base,up,2.0,0.99,9,1.4607794665587592e-05,1.4607794665587592e-05,2.9215589331175183e-05,-1.1855247004263347e-16
base,up,2.0,0.99,10,1.4607794665587592e-05,1.4607794665587592e-05,2.9215589331175183e-05,-1.1855247004263347e-16
base,up,2.0,0.99,11,1.4607794665587592e-05,1.4607794665587592e-05,2.9215589331175183e-05,-1.1855247004263347e-16
base,down,0.0,0.99,0,-1.8144760360883083e-10,-1.8144760360883083e-10,-3.6289520721766166e-10,-4.181705475251184e-15
base,down,0.0,0.99,1,-1.8144760360883083e-10,-1.8144760360883083e-10,-3.6289520721766166e-10,-5.105856381430724e-15
base,down,0.0,0.99,2,-1.8144760360883083e-10,-1.8144760360883083e-10,-3.6289520721766166e-10,-5.105856381430724e-15
base,down,0.0,0.99,3,-1.8144760360883083e-10,-1.8144760360883083e-10,-3.6289520721766166e-10,-5.105856381430724e-15
base,down,0.0,0.99,4,-1.8144760360883083e-10,-1.8144760360883083e-10,-3.6289520721766166e-10,-5.105856381430724e-15
base,down,0.0,0.99,5,-1.8144760360883083e-10,-1.8144760360883083e-10,-3.6289520721766166e-10,-5.105856381430724e-15
base,down,0.0,0.99,6,-1.8144760360883083e-10,-1.8144760360883083e-10,-3.6289520721766166e-10,-5.105856381430724e-15
base,down,0.0,0.99,7,-1.8144760360883083e-10,-1.8144760360883083e-10,-3.6289520721766166e-10,-5.105856381430724e-15
base,down,0.0,0.99,8,-1.8144760360883083e-10,-1.8144760360883083e-10,-3.6289520721766166e-10,-5.105856381430724e-15
base,down,0.0,0.99,9,-1.8144760360883083e-10,-1.8144760360883083e-10,-3.6289520721766166e-10,-4.181705475251184e-15
base,down,0.0,0.99,10,-1.8144760360883083e-10,-1.8144760360883083e-10,-3.6289520721766166e-10,-4.181705475251184e-15
base,down,0.0,0.99,11,-1.8144760360883083e-10,-1.8144760360883083e-10,-3.6289520721766166e-10,-4.181705475251184e-15
base,down,0.5,0.99,0,-2.099476091643737e-07,-2.099476091643737e-07,-4.198952183287474e-07,-1.3381604384000212e-15
base,down,0.5,0.99,1,-2.099475756267566e-07,-2.099475756267566e-07,-4.198951512535132e-07,5.317828829883346e-16
base,down,0.5,0.99,2,-2.0994762564896518e-07,-2.0994762564896518e-07,-4.1989525129793037e-07,2.21835275417362e-15
base,down,0.5,0.99,3,-2.0994770352444903e-07,-2.0994770352444903e-07,-4.1989540704889806e-07,4.853996147381594e-15
base,down,0.5,0.99,4,-2.0994761655401816e-07,-2.0994761655401816e-07,-4.198952331080363e-07,-1.5225112044957033e-15
base,down,0.5,0.99,5,-2.0994761769088653e-07,-2.0994761769088653e-07,-4.1989523538177307e-07,-1.875854064802824e-16
base,down,0.5,0.99,6,-2.099476245120968e-07,-2.099476245120968e-07,-4.198952490241936e-07,-2.8747736875636004e-15
base,down,0.5,0.99,7,-2.0994789565520477e-07,-2.0994789565520477e-07,-4.1989579131040954e-07,3.645592996466489e-15
base,down,0.5,0.99,8,-2.0994763531234638e-07,-2.0994763531234638e-07,-4.1989527062469277e-07,-3.1271680827341787e-15
base,down,0.5,0.99,9,-2.0994759381665062e-07,-2.0994759381665062e-07,-4.1989518763330124e-07,1.945387055692092e-15
base,down,0.5,0.99,10,-2.0994761371184722e-07,-2.0994761371184722e-07,-4.1989522742369445e-07,-1.906222384449953e-15
base,down,0.5,0.99,11,-2.099476438388592e-07,-2.099476438388592e-07,-4.198952876777184e-07,9.448617004720907e-16
base,down,2.0,0.99,0,-1.4352303378473152e-05,-1.4352303378473152e-05,-2.8704606756946303e-05,1.1790236516127343e-15
base,down,2.0,0.99,1,-1.437830636419335e-05,-1.437830636419335e-05,-2.87566127283867e-05,1.345847444050859e-16
base,down,2.0,0.99,2,-1.4479402725555701e-05,-1.4479402725555701e-05,-2.8958805451111403e-05,-5.41544633052099e-16
base,down,2.0,0.99,3,-1.4299569565991987e-05,-1.4299569565991987e-05,-2.8599139131983975e-05,-2.4337198583541317e-15
base,down,2.0,0.99,4,-1.4386568334145978e-05,-1.4386568334145978e-05,-2.8773136668291956e-05,7.344799982246407e-16
base,down,2.0,0.99,5,-1.4369947422636642e-05,-1.4369947422636642e-05,-2.8739894845273283e-05,2.2466958893487132e-15
base,down,2.0,0.99,6,-1.4372532530586569e-05,-1.4372532530586569e-05,-2.8745065061173137e-05,-2.7320959067176073e-15
base,down,2.0,0.99,7,-1.4367776247894427e-05,-1.4367776247894427e-05,-2.8735552495788854e-05,-9.014199935531293e-16
base,down,2.0,0.99,8,-1.438443906010889e-05,-1.438443906010889e-05,-2.876887812021778e-05,-8.250409727744332e-17
base,down,2.0,0.99,9,-1.4378306001674446e-05,-1.4378306001674446e-05,-2.8756612003348892e-05,2.414760455193092e-15
base,down,2.0,0.99,10,-1.4359338589287063e-05,-1.4359338589287063e-05,-2.8718677178574126e-05,6.701263595914821e-17
base,down,2.0,0.99,11,-1.438088472156096e-05,-1.438088472156096e-05,-2.876176944312192e-05,-9.167090466655187e-16
base,fresh,0.0,0.995,0,5.890953515663711e-08,4.98634419865418e-08,1.0877297714317892e-07,1.6056126364047972e-09
base,fresh,0.0,0.995,1,4.989414810085968e-08,4.531942224050845e-08,9.521357034136812e-08,4.9989950654861535e-09
base,fresh,0.0,0.995,2,-5.8860990193032595e-09,4.825773095795682e-08,4.2371631938653565e-08,1.3131137071545992e-09
base,fresh,0.0,0.995,3,4.441625337303634e-08,4.585208559948484e-08,9.026833897252118e-08,-6.838155555797151e-09
base,fresh,0.0,0.995,4,4.461409752409829e-08,4.2580126186075875e-08,8.719422371017416e-08,-1.4135901833880698e-08
base,fresh,0.0,0.995,5,4.43185881982e-08,4.351558196336036e-08,8.783417016156036e-08,-1.3439144882032714e-08
base,fresh,0.0,0.995,6,5.041089700896784e-08,3.9235792296254956e-08,8.96466893052228e-08,2.980344583882217e-09
base,fresh,0.0,0.995,7,3.1232812000014934e-08,3.4705589472272535e-08,6.593840147228747e-08,-2.6632156728876637e-10
base,fresh,0.0,0.995,8,4.727895092315748e-08,4.427267167539384e-08,9.155162259855131e-08,-4.754199210864588e-09
base,fresh,0.0,0.995,9,5.092103361636902e-08,4.787099479708346e-08,9.879202841345248e-08,2.068413745229698e-09
base,fresh,0.0,0.995,10,5.4050355200452314e-08,4.5543600799557994e-08,9.959395600001031e-08,1.6652677850035986e-09
base,fresh,0.0,0.995,11,4.344645353926424e-08,5.188418216395263e-08,9.533063570321687e-08,-2.691816637087202e-09
base,fresh,0.5,0.995,0,5.75811505229451e-06,5.760320889740544e-06,1.1518435942035055e-05,1.0810678221740603e-09
base,fresh,0.5,0.995,1,7.142696411592819e-06,7.142645842763695e-06,1.4285342254356515e-05,1.3133760307129635e-09
base,fresh,0.5,0.995,2,6.449827928055596e-06,6.450046202678416e-06,1.2899874130734013e-05,8.528531334146164e-11
base,fresh,0.5,0.995,3,6.706664822456742e-06,6.7066796360248925e-06,1.3413344458481634e-05,-7.333835636589988e-10
base,fresh,0.5,0.995,4,6.485303394625496e-06,6.485278878127776e-06,1.2970582272753272e-05,-7.500646359269418e-10
base,fresh,0.5,0.995,5,6.520936816614142e-06,6.520927407902555e-06,1.3041864224516697e-05,-8.126419067000039e-10
base,fresh,0.5,0.995,6,6.936474342857934e-06,6.9363856018545e-06,1.3872859944712434e-05,1.5453868242156061e-09
base,fresh,0.5,0.995,7,4.910068569946579e-06,4.91036539009948e-06,9.82043396004606e-06,-3.194057600652203e-11
base,fresh,0.5,0.995,8,6.821155294206571e-06,6.821125293595687e-06,1.3642280587802258e-05,-2.9523630407923324e-10
base,fresh,0.5,0.995,9,7.426715090903535e-06,7.4266654167165495e-06,1.4853380507620084e-05,4.297454600033249e-10
base,fresh,0.5,0.995,10,7.953262103241876e-06,7.953143503942605e-06,1.5906405607184483e-05,7.707604468981844e-10
base,fresh,0.5,0.995,11,7.27330337669807e-06,7.273384535326777e-06,1.4546687912024847e-05,-3.0790319371521796e-10
base,fresh,2.0,0.995,0,0.00014261705702134253,0.0001426170570277463,0.00028523411404908884,2.749355233753934e-10
base,fresh,2.0,0.995,1,0.00016399134253491154,0.00016399134253457402,0.00032798268506948556,1.7469896410157966e-10
base,fresh,2.0,0.995,2,0.00014503306851133878,0.0001450330685127732,0.00029006613702411196,-4.843505041667347e-10
base,fresh,2.0,0.995,3,0.00015122371913865894,0.00015122371913872112,0.00030244743827738006,-6.418945203457318e-11
base,fresh,2.0,0.995,4,0.0001455484057513523,0.00014554840575119464,0.00029109681150254693,3.520740442818622e-11
base,fresh,2.0,0.995,5,0.0001464722795414408,0.0001464722795413853,0.0002929445590828261,-1.2995008477895998e-11
base,fresh,2.0,0.995,6,0.00015507602291560895,0.0001550760229152559,0.0003101520458308649,3.3725004261718707e-10
base,fresh,2.0,0.995,7,0.00010664330749013406,0.00010664330797331645,0.00021328661546345053,-8.959440372577679e-12
base,fresh,2.0,0.995,8,0.00015401360475456372,0.00015401360475444158,0.0003080272095090053,-1.3161670890384059e-11
base,fresh,2.0,0.995,9,9.248891050814056e-05,9.248910310409975e-05,0.00018497801361224033,5.669600938282807e-10
base,fresh,2.0,0.995,10,0.00010705250419454693,0.00010705251624278045,0.00021410502043732736,2.8310552846790993e-10
base,fresh,2.0,0.995,11,0.0001672095969405496,0.00016720959694104475,0.00033441919388159434,2.995900561551079e-11
base,up,0.0,0.995,0,7.905586674183952e-09,7.905586674183952e-09,1.5811173348367903e-08,-7.280364849553944e-15
base,up,0.0,0.995,1,7.905586674183952e-09,7.905586674183952e-09,1.5811173348367903e-08,-7.280364849553944e-15
base,up,0.0,0.995,2,7.905586674183952e-09,7.905586674183952e-09,1.5811173348367903e-08,-7.280364849553944e-15
base,up,0.0,0.995,3,7.905586674183952e-09,7.905586674183952e-09,1.5811173348367903e-08,-7.280364849553944e-15
base,up,0.0,0.995,4,7.905586674183952e-09,7.905586674183952e-09,1.5811173348367903e-08,-7.280364849553944e-15
base,up,0.0,0.995,5,7.905586674183952e-09,7.905586674183952e-09,1.5811173348367903e-08,-7.280364849553944e-15
base,up,0.0,0.995,6,7.905586674183952e-09,7.905586674183952e-09,1.5811173348367903e-08,-7.280364849553944e-15
base,up,0.0,0.995,7,7.905586674183952e-09,7.905586674183952e-09,1.5811173348367903e-08,-7.280364849553944e-15
base,up,0.0,0.995,8,7.905586674183952e-09,7.905586674183952e-09,1.5811173348367903e-08,-7.280364849553944e-15
base,up,0.0,0.995,9,7.905586674183952e-09,7.905586674183952e-09,1.5811173348367903e-08,-7.280364849553944e-15
base,up,0.0,0.995,10,7.905586674183952e-09,7.905586674183952e-09,1.5811173348367903e-08,-7.280364849553944e-15
base,up,0.0,0.995,11,7.905586674183952e-09,7.905586674183952e-09,1.5811173348367903e-08,-7.280364849553944e-15
base,up,0.5,0.995,0,1.167271502277023e-06,1.167271502277023e-06,2.334543004554046e-06,-4.39808866536078e-16
base,up,0.5,0.995,1,1.1672715022736924e-06,1.1672715022748027e-06,2.3345430045484953e-06,-4.640953605942436e-16
base,up,0.5,0.995,2,1.167271502277023e-06,1.167271502277023e-06,2.334543004554046e-06,-4.39808866536078e-16
base,up,0.5,0.995,3,1.167271502277023e-06,1.167271502277023e-06,2.334543004554046e-06,-4.39808866536078e-16
base,up,0.5,0.995,4,1.167271502277023e-06,1.167271502277023e-06,2.334543004554046e-06,-4.39808866536078e-16
base,up,0.5,0.995,5,1.167271502277023e-06,1.167271502277023e-06,2.334543004554046e-06,-4.39808866536078e-16
base,up,0.5,0.995,6,1.167271502277023e-06,1.167271502277023e-06,2.334543004554046e-06,-4.39808866536078e-16
base,up,0.5,0.995,7,1.167271502277023e-06,1.167271502277023e-06,2.334543004554046e-06,-4.39808866536078e-16
base,up,0.5,0.995,8,1.167271502277023e-06,1.167271502277023e-06,2.334543004554046e-06,-4.39808866536078e-16
base,up,0.5,0.995,9,1.167271502277023e-06,1.167271502277023e-06,2.334543004554046e-06,-4.39808866536078e-16
base,up,0.5,0.995,10,1.167271502277023e-06,1.167271502277023e-06,2.334543004554046e-06,-4.39808866536078e-16
base,up,0.5,0.995,11,1.167271502277023e-06,1.167271502277023e-06,2.334543004554046e-06,-4.39808866536078e-16
base,up,2.0,0.995,0,2.346185325899808e-05,2.346185325899808e-05,4.692370651799616e-05,-7.166833102965273e-18
base,up,2.0,0.995,1,2.346185325900141e-05,2.346185325899808e-05,4.6923706517999484e-05,1.5822878279273956e-17
base,up,2.0,0.995,2,2.346185325899808e-05,2.346185325899808e-05,4.692370651799616e-05,-7.166833102965273e-18
base,up,2.0,0.995,3,2.346185325899808e-05,2.346185325899808e-05,4.692370651799616e-05,-7.166833102965273e-18
base,up,2.0,0.995,4,2.346185325899808e-05,2.346185325899808e-05,4.692370651799616e-05,-7.166833102965273e-18
base,up,2.0,0.995,5,2.346185325899808e-05,2.346185325899808e-05,4.692370651799616e-05,-7.166833102965273e-18
base,up,2.0,0.995,6,2.346185325899808e-05,2.346185325899808e-05,4.692370651799616e-05,-7.166833102965273e-18
base,up,2.0,0.995,7,2.346185325899808e-05,2.346185325899808e-05,4.692370651799616e-05,-7.166833102965273e-18
base,up,2.0,0.995,8,2.346185325899808e-05,2.346185325899808e-05,4.692370651799616e-05,-7.166833102965273e-18
base,up,2.0,0.995,9,2.346185325899808e-05,2.346185325899808e-05,4.692370651799616e-05,-7.166833102965273e-18
base,up,2.0,0.995,10,2.346185325899808e-05,2.346185325899808e-05,4.692370651799616e-05,-7.166833102965273e-18
base,up,2.0,0.995,11,2.346185325899808e-05,2.346185325899808e-05,4.692370651799616e-05,-7.166833102965273e-18
base,down,0.0,0.995,0,-3.9792865891286056e-08,-4.020077199129446e-08,-7.999363788258051e-08,1.5129116378886137e-15
base,down,0.0,0.995,1,-4.0199340674007546e-08,-4.0415125113213436e-08,-8.061446578722099e-08,-1.6574863480038501e-15
base,down,0.0,0.995,2,-4.338479811849538e-08,-4.0275776882481293e-08,-8.366057500097667e-08,-2.338269249862547e-15
base,down,0.0,0.995,3,-4.0458523926645285e-08,-4.038965698782704e-08,-8.084818091447232e-08,3.594483782188386e-15
base,down,0.0,0.995,4,-4.044899355903908e-08,-4.0547575963501004e-08,-8.099656952254008e-08,2.966233882725563e-15
base,down,0.0,0.995,5,-4.04632385198056e-08,-4.0502073943571305e-08,-8.09653124633769e-08,-1.8504301776735785e-15
base,down,0.0,0.995,6,-4.017538799416798e-08,-4.0712703821554894e-08,-8.088809181572287e-08,8.754887010696821e-15
base,down,0.0,0.995,7,-4.1123826122202445e-08,-4.0942577470559624e-08,-8.206640359276207e-08,9.616931998823391e-15
base,down,0.0,0.995,8,-4.032188940072956e-08,-4.046545541314117e-08,-8.078734481387073e-08,-1.5718453590837812e-14
base,down,0.0,0.995,9,-4.0151817302103154e-08,-4.029395995530649e-08,-8.044577725740965e-08,1.3558295974310213e-14
base,down,0.0,0.995,10,-4.000895387434866e-08,-4.040440444441629e-08,-8.041335831876495e-08,-4.680981754837151e-15
base,down,0.0,0.995,11,-4.050542884215247e-08,-4.010752945760032e-08,-8.06129582997528e-08,6.8623692003321724e-15
base,down,0.5,0.995,0,-4.90277426308694e-06,-4.902774315382885e-06,-9.805548578469826e-06,-2.265920458278634e-15
base,down,0.5,0.995,1,-4.320067462231236e-06,-4.320067318985821e-06,-8.640134781217056e-06,-3.64068532586858e-16
base,down,0.5,0.995,2,-5.272286357467238e-06,-5.272286260833425e-06,-1.0544572618300662e-05,4.219091498308501e-15
base,down,0.5,0.995,3,-6.601431454100748e-06,-6.600759680850388e-06,-1.3202191134951135e-05,-2.653877906755971e-15
base,down,0.5,0.995,4,-5.096946983940142e-06,-5.0969470328254825e-06,-1.0193894016765626e-05,-1.1918998144404654e-15
base,down,0.5,0.995,5,-5.13561208720148e-06,-5.135612114486321e-06,-1.0271224201687801e-05,-4.3395852876037546e-15
base,down,0.5,0.995,6,-5.243820369287277e-06,-5.243820280611544e-06,-1.0487640649898821e-05,-1.801815963359791e-15
base,down,0.5,0.995,7,-1.0120237787987207e-05,-1.003898094836586e-05,-2.0159218736353067e-05,1.657901121778234e-15
base,down,0.5,0.995,8,-5.358913672921517e-06,-5.358913859367931e-06,-1.0717827532289448e-05,8.043734021195144e-15
base,down,0.5,0.995,9,-4.643251509719448e-06,-4.643251429001793e-06,-9.28650293872124e-06,1.3637045046108086e-15
base,down,0.5,0.995,10,-4.993851025574258e-06,-4.993850971004576e-06,-9.987701996578835e-06,-5.224681024254394e-15
base,down,0.5,0.995,11,-5.51540386538818e-06,-5.5154097350396115e-06,-1.103081360042779e-05,5.958499901220023e-15
base,down,2.0,0.995,0,-5.6987874250182815e-05,-5.6987874250182815e-05,-0.00011397574850036563,-1.0072791281565826e-15
base,down,2.0,0.995,1,-7.215111215828074e-05,-7.215111215828074e-05,-0.0001443022243165615,7.373048472798512e-16
base,down,2.0,0.995,2,-0.0001265884446284815,-0.0001265884446299026,-0.0002531768892583841,8.149992859177932e-16
base,down,2.0,0.995,3,-2.460511335655724e-05,-2.460511335655724e-05,-4.921022671311448e-05,-1.1635395286871592e-15
base,down,2.0,0.995,4,-7.686371443639928e-05,-7.686371443639928e-05,-0.00015372742887279856,-1.2956099965741062e-16
base,down,2.0,0.995,5,-6.733212520401821e-05,-6.733212520401821e-05,-0.00013466425040803643,1.7099594894397243e-15
base,down,2.0,0.995,6,-6.882799282493579e-05,-6.882799282493579e-05,-0.00013765598564987157,2.469610473820295e-15
base,down,2.0,0.995,7,-6.60719212226013e-05,-6.60719212226013e-05,-0.0001321438424452026,2.604767674483667e-15
base,down,2.0,0.995,8,-7.565394045741414e-05,-7.565394045741414e-05,-0.00015130788091482827,1.860285077744414e-16
base,down,2.0,0.995,9,-7.21509046815072e-05,-7.21509046815072e-05,-0.0001443018093630144,4.572649554747685e-16
base,down,2.0,0.995,10,-6.114080852967163e-05,-6.114080852967163e-05,-0.00012228161705934326,1.7916597513439114e-15
base,down,2.0,0.995,11,-7.362715086514982e-05,-7.362715086514982e-05,-0.00014725430173029964,-1.5294156999768027e-15
base,fresh,0.0,1.0,0,6.892453083321204e-05,6.740170526645217e-05,0.00013632623609966422,1.640988150236333e-09
base,fresh,0.0,1.0,1,6.740725917599887e-05,6.654754736624579e-05,0.00013395480654224465,5.054229617506579e-09
base,fresh,0.0,1.0,2,4.87693002071965e-05,6.710729476552268e-05,0.00011587659497271918,1.2999009793847322e-09
base,fresh,0.0,1.0,3,6.636978030350904e-05,6.665110408423991e-05,0.00013302088438774893,-6.596526647404448e-09
base,fresh,0.0,1.0,4,6.640895816096171e-05,6.599968871856765e-05,0.00013240864687952936,-1.3592146181074103e-08
base,fresh,0.0,1.0,5,6.635039083318972e-05,6.618971925786976e-05,0.00013254011009105948,-1.2922242742746827e-08
base,fresh,0.0,1.0,6,6.750030534626306e-05,6.529401319484652e-05,0.00013279431854110958,2.988965053144003e-09
base,fresh,0.0,1.0,7,6.341859240793446e-05,6.426714387017918e-05,0.00012768573627811364,-2.4776983614031097e-10
base,fresh,0.0,1.0,8,6.69239197755489e-05,6.634126369757243e-05,0.00013326518347312133,-4.659105856733432e-09
base,fresh,0.0,1.0,9,6.759138864481873e-05,6.703519971448468e-05,0.0001346265883593034,2.1147611423185285e-09
base,fresh,0.0,1.0,10,6.813388331502246e-05,6.659124576617437e-05,0.00013472512908119683,1.7060119366722337e-09
base,fresh,0.0,1.0,11,6.617578244526801e-05,6.776129739258341e-05,0.00013393707983785143,-2.6541018424723193e-09
base,fresh,0.5,1.0,0,0.00012743863991301562,0.0001275302845228632,0.0002549689244358788,1.0847464875541079e-09
base,fresh,0.5,1.0,1,0.0001349653189844957,0.00013496372151343804,0.00026992904049793375,1.3223367890130058e-09
base,fresh,0.5,1.0,2,0.00013136840549270778,0.00013137621615120332,0.00026274462164391113,8.353503926756972e-11
base,fresh,0.5,1.0,3,0.0001327319311478359,0.0001327324362533644,0.00026546436740120026,-7.104530572273739e-10
base,fresh,0.5,1.0,4,0.0001315659623661236,0.00013156509246994185,0.0002631310548360655,-7.242279175489945e-10
base,fresh,0.5,1.0,5,0.00013175507384944552,0.00013175474215943228,0.0002635098160088778,-7.835240292659112e-10
base,fresh,0.5,1.0,6,0.00013391785619561224,0.0001339149468724521,0.0002678328030680643,1.5470863473780277e-09
base,fresh,0.5,1.0,7,0.00012257376240751405,0.00012258790848231448,0.00024516167088982853,-2.958286531937754e-11
base,fresh,0.5,1.0,8,0.00013332705374980548,0.0001333260513538703,0.0002666531051036758,-2.888502125553615e-10
base,fresh,0.5,1.0,9,0.00013637581127843302,0.00013637431739170315,0.00027275012867013617,4.341428330170058e-10
base,fresh,0.5,1.0,10,0.0001388743316775809,0.00013887104387854787,0.00027774537555612876,7.723384735731157e-10
base,fresh,0.5,1.0,11,0.0001356125294476529,0.00013561503972146395,0.00027122756916911686,-3.0262745258677253e-10
base,fresh,2.0,1.0,0,0.00031853031492677376,0.00031853031496179685,0.0006370606298885706,2.742642754751421e-10
base,fresh,2.0,1.0,1,0.0003450339640603506,0.00034503396405881847,0.0006900679281191691,1.75550597511537e-10
base,fresh,2.0,1.0,2,0.00032157446303356264,0.0003215744630412321,0.0006431489260747947,-4.83178217971152e-10
base,fresh,2.0,1.0,3,0.0003293123620605909,0.000329312362060904,0.0006586247241214949,-6.275616111168718e-11
base,fresh,2.0,1.0,4,0.0003222236982571802,0.0003222236982563409,0.000644447396513521,3.421714333651124e-11
base,fresh,2.0,1.0,5,0.0003233813010332787,0.00032338130103299,0.0006467626020662687,-1.2623919870145572e-11
base,fresh,2.0,1.0,6,0.0003340870145991193,0.00033408701459738954,0.0006681740291965088,3.377523590079584e-10
base,fresh,2.0,1.0,7,0.00027222465516449465,0.0002722246588181099,0.0005444493139826045,-8.297344675374224e-12
base,fresh,2.0,1.0,8,0.00033277693343243596,0.000332776933431832,0.000665553866864268,-1.2932865672195514e-11
base,fresh,2.0,1.0,9,0.00025268639931498306,0.00025268818141611416,0.0005053745807310972,5.622682229896633e-10
base,fresh,2.0,1.0,10,0.00027266738852549155,0.00027266748034411316,0.0005453348688696047,2.83032288410741e-10
base,fresh,2.0,1.0,11,0.00034891594478757114,0.00034891594478975385,0.000697831889577325,3.0208256832275554e-11
base,up,0.0,1.0,0,5.2096437415625196e-05,5.2096437415625196e-05,0.00010419287483125039,-2.035138405792938e-15
base,up,0.0,1.0,1,5.2096437415625196e-05,5.2096437415625196e-05,0.00010419287483125039,-2.035138405792938e-15
base,up,0.0,1.0,2,5.2096437415625196e-05,5.2096437415625196e-05,0.00010419287483125039,-2.035138405792938e-15
base,up,0.0,1.0,3,5.2096437415625196e-05,5.2096437415625196e-05,0.00010419287483125039,-2.035138405792938e-15
base,up,0.0,1.0,4,5.2096437415625196e-05,5.2096437415625196e-05,0.00010419287483125039,-2.035138405792938e-15
base,up,0.0,1.0,5,5.2096437415625196e-05,5.2096437415625196e-05,0.00010419287483125039,-2.035138405792938e-15
base,up,0.0,1.0,6,5.2096437415625196e-05,5.2096437415625196e-05,0.00010419287483125039,-2.035138405792938e-15
base,up,0.0,1.0,7,5.2096437415625196e-05,5.2096437415625196e-05,0.00010419287483125039,-2.035138405792938e-15
base,up,0.0,1.0,8,5.2096437415625196e-05,5.2096437415625196e-05,0.00010419287483125039,-2.035138405792938e-15
base,up,0.0,1.0,9,5.2096437415625196e-05,5.2096437415625196e-05,0.00010419287483125039,-2.035138405792938e-15
base,up,0.0,1.0,10,5.2096437415625196e-05,5.2096437415625196e-05,0.00010419287483125039,-2.035138405792938e-15
base,up,0.0,1.0,11,5.2096437415625196e-05,5.2096437415625196e-05,0.00010419287483125039,-2.035138405792938e-15
base,up,0.5,1.0,0,8.406698181186888e-05,8.406698181186888e-05,0.00016813396362373777,-1.348941007367272e-16
base,up,0.5,1.0,1,8.406698181187e-05,8.406698181187e-05,0.00016813396362374,-1.360960083761989e-16
base,up,0.5,1.0,2,8.406698181186888e-05,8.406698181186888e-05,0.00016813396362373777,-1.348941007367272e-16
base,up,0.5,1.0,3,8.406698181186888e-05,8.406698181186888e-05,0.00016813396362373777,-1.348941007367272e-16
base,up,0.5,1.0,4,8.406698181186888e-05,8.406698181186888e-05,0.00016813396362373777,-1.348941007367272e-16
base,up,0.5,1.0,5,8.406698181186888e-05,8.406698181186888e-05,0.00016813396362373777,-1.348941007367272e-16
base,up,0.5,1.0,6,8.406698181186888e-05,8.406698181186888e-05,0.00016813396362373777,-1.348941007367272e-16
base,up,0.5,1.0,7,8.406698181186888e-05,8.406698181186888e-05,0.00016813396362373777,-1.348941007367272e-16
base,up,0.5,1.0,8,8.406698181186888e-05,8.406698181186888e-05,0.00016813396362373777,-1.348941007367272e-16
base,up,0.5,1.0,9,8.406698181186888e-05,8.406698181186888e-05,0.00016813396362373777,-1.348941007367272e-16
base,up,0.5,1.0,10,8.406698181186888e-05,8.406698181186888e-05,0.00016813396362373777,-1.348941007367272e-16
base,up,0.5,1.0,11,8.406698181186888e-05,8.406698181186888e-05,0.00016813396362373777,-1.348941007367272e-16
base,up,2.0,1.0,0,0.00012515230381497379,0.00012515230381497379,0.00025030460762994757,-2.459428804964564e-17
base,up,2.0,1.0,1,0.0001251523038149749,0.00012515230381497379,0.00025030460762994866,-2.5302937027347312e-17
base,up,2.0,1.0,2,0.00012515230381497379,0.00012515230381497379,0.00025030460762994757,-2.459428804964564e-17
base,up,2.0,1.0,3,0.00012515230381497379,0.00012515230381497379,0.00025030460762994757,-2.459428804964564e-17
base,up,2.0,1.0,4,0.00012515230381497379,0.00012515230381497379,0.00025030460762994757,-2.459428804964564e-17
base,up,2.0,1.0,5,0.00012515230381497379,0.00012515230381497379,0.00025030460762994757,-2.459428804964564e-17
base,up,2.0,1.0,6,0.00012515230381497379,0.00012515230381497379,0.00025030460762994757,-2.459428804964564e-17
base,up,2.0,1.0,7,0.00012515230381497379,0.00012515230381497379,0.00025030460762994757,-2.459428804964564e-17
base,up,2.0,1.0,8,0.00012515230381497379,0.00012515230381497379,0.00025030460762994757,-2.459428804964564e-17
base,up,2.0,1.0,9,0.00012515230381497379,0.00012515230381497379,0.00025030460762994757,-2.459428804964564e-17
base,up,2.0,1.0,10,0.00012515230381497379,0.00012515230381497379,0.00025030460762994757,-2.459428804964564e-17
base,up,2.0,1.0,11,0.00012515230381497379,0.00012515230381497379,0.00025030460762994757,-2.459428804964564e-17
base,down,0.0,1.0,0,8.960331399180177e-05,6.562384749599914e-05,0.0001552271614878009,-4.000684618685529e-09
base,down,0.0,1.0,1,6.56934356391048e-05,5.606459651858131e-05,0.00012175803215768611,-8.930701595807251e-09
base,down,0.0,1.0,2,5.600999692205733e-06,6.208349604207797e-05,6.768449573428371e-05,-5.606682801364691e-12
base,down,0.0,1.0,3,5.432544335235434e-05,5.7114053877285184e-05,0.00011143949722963953,-2.4284791470607482e-14
base,down,0.0,1.0,4,5.470217721835979e-05,5.093903084912199e-05,0.00010564120806748178,-1.10807452580713e-15
base,down,0.0,1.0,5,5.4140348405553594e-05,5.263987483544952e-05,0.00010678022324100311,-1.206657304882205e-15
base,down,0.0,1.0,6,6.687416198246865e-05,4.524763367271589e-05,0.00011212179565518455,-4.1383903907002854e-09
base,down,0.0,1.0,7,3.3770430176218726e-05,3.841269008148629e-05,7.218312025770502e-05,1.9025575002239647e-15
base,down,0.0,1.0,8,6.0015023669848234e-05,5.405349816214766e-05,0.0001140685218319959,-4.037396044193834e-13
base,down,0.0,1.0,9,6.806021534771389e-05,6.125845622932502e-05,0.0001293186715770389,-1.0979285373974032e-09
base,down,0.0,1.0,10,7.579693498996676e-05,5.650400727631677e-05,0.00013230094226628352,-2.265075761147735e-09
base,down,0.0,1.0,11,5.251233354101714e-05,7.035477123281453e-05,0.00012286710477383167,-2.267645089630031e-09
base,down,0.5,1.0,0,0.0002957273969514063,0.0002956610429828288,0.0005913884399342351,5.303006959006545e-10
base,down,0.5,1.0,1,-0.0006214714178395298,0.030562923596299925,0.029941452178460396,5.933809293426576e-10
base,down,0.5,1.0,2,9.548852256955343e-05,9.549756947819787e-05,0.0001909860920477513,-7.171698152789336e-15
base,down,0.5,1.0,3,1.3285833233567246e-07,3.4197793979728886e-07,4.748362721329613e-07,1.1437137523356162e-18
base,down,0.5,1.0,4,0.0001571977209380293,0.0001571847198715659,0.0003143824408095952,1.8155969125345434e-10
base,down,0.5,1.0,5,0.00014030808740528756,0.0001403024629206584,0.000280610550325946,5.955380566407627e-10
base,down,0.5,1.0,6,0.00010328713122646604,0.00010329680438360356,0.0002065839356100696,-1.748263463755751e-14
base,down,0.5,1.0,7,7.22156659043094e-05,2.8014197540073837e-05,0.00010022986344438323,-3.3762419948463607e-16
base,down,0.5,1.0,8,7.543708584137221e-05,7.542578579034398e-05,0.0001508628716317162,-2.157774161337443e-15
base,down,0.5,1.0,9,0.0010841779180816502,0.0010900540674697369,0.002174231985551387,5.893775484212925e-10
base,down,0.5,1.0,10,0.00021637646506803777,0.00021640688009881613,0.00043278334516685393,3.246458656285316e-10
base,down,0.5,1.0,11,4.952171690490559e-05,4.934489809045317e-05,9.886661499535875e-05,-1.6771850525272605e-15
base,down,2.0,1.0,0,0.0005592970798181796,0.000559297080270369,0.0011185941600885484,3.380033885951773e-10
base,down,2.0,1.0,1,0.00014273816955366668,0.00014273816955366668,0.00028547633910733336,-1.9266098499608922e-15
base,down,2.0,1.0,2,1.908192977566614e-06,1.9081930244624346e-06,3.816386002029048e-06,2.0923057807501724e-18
base,down,2.0,1.0,3,-0.001076717247303236,0.030339207896533934,0.0292624906492307,4.4128238674139384e-10
base,down,2.0,1.0,4,9.66104411659785e-05,9.661044116654694e-05,0.00019322088233252543,6.850513169300597e-16
base,down,2.0,1.0,5,0.00021355846565398906,0.00021355846565370484,0.0004271169313076939,-1.1249074170827684e-15
base,down,2.0,1.0,6,0.00018821666525710158,0.00018821666525681735,0.00037643333051391893,2.46903690471701e-15
base,down,2.0,1.0,7,0.00023786943428248718,0.0002378694342827714,0.0004757388685652586,-1.4875672805716864e-14
base,down,2.0,1.0,8,0.00010682999887180244,0.00010682999887208666,0.0002136599977438891,-1.577634353982257e-15
base,down,2.0,1.0,9,0.0001427406201881354,0.0001427406201884196,0.000285481240376555,1.8515068006207532e-15
base,down,2.0,1.0,10,0.00036988331712251466,0.0003698833171335991,0.0007397666342561138,4.365816400812547e-10
base,down,2.0,1.0,11,0.00012633931238895002,0.0001263393123886658,0.0002526786247776158,-1.8868298672521686e-16
base,fresh,0.0,1.005,0,0.09463453734663645,0.09467588722988887,0.1893104245765253,-2.816195751339639e-10
base,fresh,0.0,1.005,1,0.09467570801711872,0.09470647046166063,0.18938217847877936,-7.508888360847017e-10
base,fresh,0.0,1.005,2,0.12219245777218525,0.09468573317055112,0.21687819094273636,-2.2037450318128668e-09
base,fresh,0.0,1.005,3,0.09471366279257219,0.09470242088732973,0.18941608367990193,-2.9118089228499903e-09
base,fresh,0.0,1.005,4,0.09471205096570355,0.09472967269186057,0.18944172365756412,-3.4436877189581332e-09
base,fresh,0.0,1.005,5,0.09471446618853893,0.09472127143685484,0.18943573762539379,-3.4009536651062836e-09
base,fresh,0.0,1.005,6,0.09467274033790284,0.09476456712487065,0.18943730746277349,-7.333723348422025e-10
base,fresh,0.0,1.005,7,0.09489502172023066,0.09482794179688821,0.18972296351711887,-1.617657223446501e-09
base,fresh,0.0,1.005,8,0.09469222284540595,0.09471484568009192,0.18940706852549788,-2.572697697272825e-09
base,fresh,0.0,1.005,9,0.09466989768711426,0.09468825062402918,0.18935814831114345,-1.5580788519687353e-09
base,fresh,0.0,1.005,10,0.09465417083196499,0.0947047492980887,0.18935892013005368,-3.511318009232818e-10
base,fresh,0.0,1.005,11,0.09472187439273838,0.0946647551509518,0.18938662954369018,-9.876036486623268e-10
base,fresh,0.5,1.005,0,0.030608739319547842,0.030659030957653575,0.061267770277201414,5.271877985875247e-10
base,fresh,0.5,1.005,1,0.06198724486632243,0.061986905247992816,0.12397415011431524,5.358343106869216e-10
base,fresh,0.5,1.005,2,0.030682922903244404,0.030685542542439662,0.06136846544568407,9.771944421386304e-11
base,fresh,0.5,1.005,3,0.061972622085746165,0.061972762051239624,0.12394538413698579,-2.0429672929988833e-10
base,fresh,0.5,1.005,4,0.06195523886075778,0.06195496263785087,0.12391020149860865,-8.361332207666667e-11
base,fresh,0.5,1.005,5,0.06196086516104629,0.061960762045791616,0.12392162720683791,-2.308781011887351e-10
base,fresh,0.5,1.005,6,0.06192950065445025,0.06192882323508773,0.12385832388953798,6.985694811348224e-10
base,fresh,0.5,1.005,7,0.030476799721120353,0.030490992417930286,0.06096779213905064,-1.984433613937943e-10
base,fresh,0.5,1.005,8,0.061976483680089844,0.061976224933337674,0.12395270861342753,1.320140937738012e-12
base,fresh,0.5,1.005,9,0.06200305504566761,0.06200278486810389,0.12400583991377151,2.830338279059963e-10
base,fresh,0.5,1.005,10,0.06196868971399477,0.06196827281700438,0.12393696253099915,5.643388458334036e-10
base,fresh,0.5,1.005,11,0.061970627551384695,0.06197111456669498,0.12394174211807968,2.6214527519139513e-10
base,fresh,2.0,1.005,0,0.004810535473034974,0.004693039778917426,0.0095035752519524,2.620146752541206e-10
base,fresh,2.0,1.005,1,0.003264815484050094,0.0032648709291338627,0.006529686413183957,1.6764314064569856e-10
base,fresh,2.0,1.005,2,0.004503022744374784,0.004489284470738558,0.008992307215113342,-4.092053491415106e-10
base,fresh,2.0,1.005,3,0.003972662902783177,0.003972531550679823,0.007945194453463,-5.031353671923709e-11
base,fresh,2.0,1.005,4,0.004444972911869345,0.004446292488429382,0.008891265400298727,2.4675270234728906e-11
base,fresh,2.0,1.005,5,0.004359002392345497,0.004359363690007223,0.00871836608235272,-9.93831528316045e-12
base,fresh,2.0,1.005,6,0.0037172658144611816,0.0037175906537121415,0.007434856468173323,2.8187992488813937e-10
base,fresh,2.0,1.005,7,0.028598869260167838,-0.002816699889713513,0.025782169370454324,4.2227036469940975e-10
base,fresh,2.0,1.005,8,0.003782968643754763,0.003783109369205626,0.007566078012960388,-1.0634077220695058e-11
base,fresh,2.0,1.005,9,0.030214703676686952,-0.0012012014588858545,0.029013502217801097,4.698781017777216e-10
base,fresh,2.0,1.005,10,0.02925535444674291,-0.002160548659492558,0.02709480578725035,4.079530730753171e-10
base,fresh,2.0,1.005,11,0.003138384176527025,0.003138337193672682,0.006276721370199707,2.6961183860000016e-11
base,up,0.0,1.005,0,0.09587019418879471,0.09587019418879471,0.19174038837758942,-2.40903701554719e-09
base,up,0.0,1.005,1,0.09587019418879471,0.09587019418879471,0.19174038837758942,-2.40903701554719e-09
base,up,0.0,1.005,2,0.09587019418879471,0.09587019418879471,0.19174038837758942,-2.40903701554719e-09
base,up,0.0,1.005,3,0.09587019418879471,0.09587019418879471,0.19174038837758942,-2.40903701554719e-09
base,up,0.0,1.005,4,0.09587019418879471,0.09587019418879471,0.19174038837758942,-2.40903701554719e-09
base,up,0.0,1.005,5,0.09587019418879471,0.09587019418879471,0.19174038837758942,-2.40903701554719e-09
base,up,0.0,1.005,6,0.09587019418879471,0.09587019418879471,0.19174038837758942,-2.40903701554719e-09
base,up,0.0,1.005,7,0.09587019418879471,0.09587019418879471,0.19174038837758942,-2.40903701554719e-09
base,up,0.0,1.005,8,0.09587019418879471,0.09587019418879471,0.19174038837758942,-2.40903701554719e-09
base,up,0.0,1.005,9,0.09587019418879471,0.09587019418879471,0.19174038837758942,-2.40903701554719e-09
base,up,0.0,1.005,10,0.09587019418879471,0.09587019418879471,0.19174038837758942,-2.40903701554719e-09
base,up,0.0,1.005,11,0.09587019418879471,0.09587019418879471,0.19174038837758942,-2.40903701554719e-09
base,up,0.5,1.005,0,0.032886008240898754,0.032886008240898754,0.06577201648179751,-1.4551832826989052e-10
base,up,0.5,1.005,1,0.032886008240898754,0.032886008240898754,0.06577201648179751,-1.4551731064971518e-10
base,up,0.5,1.005,2,0.032886008240898754,0.032886008240898754,0.06577201648179751,-1.4551832826989052e-10
base,up,0.5,1.005,3,0.032886008240898754,0.032886008240898754,0.06577201648179751,-1.4551832826989052e-10
base,up,0.5,1.005,4,0.032886008240898754,0.032886008240898754,0.06577201648179751,-1.4551832826989052e-10
base,up,0.5,1.005,5,0.032886008240898754,0.032886008240898754,0.06577201648179751,-1.4551832826989052e-10
base,up,0.5,1.005,6,0.032886008240898754,0.032886008240898754,0.06577201648179751,-1.4551832826989052e-10
base,up,0.5,1.005,7,0.032886008240898754,0.032886008240898754,0.06577201648179751,-1.4551832826989052e-10
base,up,0.5,1.005,8,0.032886008240898754,0.032886008240898754,0.06577201648179751,-1.4551832826989052e-10
base,up,0.5,1.005,9,0.032886008240898754,0.032886008240898754,0.06577201648179751,-1.4551832826989052e-10
base,up,0.5,1.005,10,0.032886008240898754,0.032886008240898754,0.06577201648179751,-1.4551832826989052e-10
base,up,0.5,1.005,11,0.032886008240898754,0.032886008240898754,0.06577201648179751,-1.4551832826989052e-10
base,up,2.0,1.005,0,0.030744258138142685,0.030744258138142685,0.06148851627628537,-3.706946512688935e-12
base,up,2.0,1.005,1,0.030744258138142685,0.030744258138142685,0.06148851627628537,-3.707825962003936e-12
base,up,2.0,1.005,2,0.030744258138142685,0.030744258138142685,0.06148851627628537,-3.706946512688935e-12
base,up,2.0,1.005,3,0.030744258138142685,0.030744258138142685,0.06148851627628537,-3.706946512688935e-12
base,up,2.0,1.005,4,0.030744258138142685,0.030744258138142685,0.06148851627628537,-3.706946512688935e-12
base,up,2.0,1.005,5,0.030744258138142685,0.030744258138142685,0.06148851627628537,-3.706946512688935e-12
base,up,2.0,1.005,6,0.030744258138142685,0.030744258138142685,0.06148851627628537,-3.706946512688935e-12
base,up,2.0,1.005,7,0.030744258138142685,0.030744258138142685,0.06148851627628537,-3.706946512688935e-12
base,up,2.0,1.005,8,0.030744258138142685,0.030744258138142685,0.06148851627628537,-3.706946512688935e-12
base,up,2.0,1.005,9,0.030744258138142685,0.030744258138142685,0.06148851627628537,-3.706946512688935e-12
base,up,2.0,1.005,10,0.030744258138142685,0.030744258138142685,0.06148851627628537,-3.706946512688935e-12
base,up,2.0,1.005,11,0.030744258138142685,0.030744258138142685,0.06148851627628537,-3.706946512688935e-12
base,down,0.0,1.005,0,0.09464437012156736,0.11780026050020638,0.21244463062177374,-2.2243422187893564e-09
base,down,0.0,1.005,1,0.11746050453426847,0.10675299468097706,0.22421349921524553,-2.2039494884975145e-09
base,down,0.0,1.005,2,0.09459246728329504,0.1223639828128546,0.21695645009614964,-2.514551393136111e-09
base,down,0.0,1.005,3,0.0983604155819296,0.11608541134401662,0.21444582692594621,-1.4409056188181536e-09
base,down,0.0,1.005,4,0.0992069848238225,0.09577629824720361,0.1949832830710261,-1.7799263168839037e-09
base,down,0.0,1.005,5,0.09803324227641952,0.09650246786256958,0.1945357101389891,-1.00208486697131e-09
base,down,0.0,1.005,6,0.10690438183961647,0.09501338954129665,0.2019177713809131,-2.3439028047811997e-09
base,down,0.0,1.005,7,0.09471139670829302,0.09477911490269776,0.18949051161099079,-7.683167075445215e-10
base,down,0.0,1.005,8,0.12204401416792848,0.09789546199926122,0.2199394761671897,-2.3950611799987523e-09
base,down,0.0,1.005,9,0.0993551067471526,0.1223770478544725,0.2217321546016251,-2.543978366620164e-09
base,down,0.0,1.005,10,0.09501818099558364,0.11113377162153143,0.20615195261711505,-2.4924004622777694e-09
base,down,0.0,1.005,11,0.09642542605361655,0.09621178998842311,0.19263721604203965,-2.4874916358769926e-09
base,down,0.5,1.005,0,0.003025477248623929,0.034209074587099625,0.03723455183572355,9.232859508088101e-11
base,down,0.5,1.005,1,0.029646645380960877,0.029450642199356593,0.05909728758031747,-2.0450591077640243e-10
base,down,0.5,1.005,2,0.03066765448879323,0.030663989603367553,0.061331644092160784,-1.00715491755398e-10
base,down,0.5,1.005,3,0.030600505631487068,0.03061593672872732,0.06121644236021439,3.603208835418381e-10
base,down,0.5,1.005,4,0.001734985653118315,0.03307489198028577,0.03480987763340409,3.0141240301324394e-11
base,down,0.5,1.005,5,0.003430089641078098,0.032425736491368866,0.035855826132446963,5.002133428670963e-10
base,down,0.5,1.005,6,0.030489424273864644,0.030478773476446577,0.06096819775031122,-1.6404720657107797e-10
base,down,0.5,1.005,7,0.030446042047891524,0.030474765622913083,0.06092080767080461,-1.0749581717468647e-10
base,down,0.5,1.005,8,0.03084592176857825,0.03084637980749278,0.06169230157607103,6.096101960946868e-11
base,down,0.5,1.005,9,0.029642083419225286,0.02756264998344534,0.05720473340267063,-1.0871613111537527e-11
base,down,0.5,1.005,10,0.0331204815913253,0.0017289257496776146,0.03484940734100292,-8.785642975982872e-11
base,down,0.5,1.005,11,0.03085739563530353,0.03085521437808154,0.06171261001338507,5.911353448064074e-11
base,down,2.0,1.005,0,0.0016758237852576485,0.0016758313947073588,0.0033516551799650076,2.354146238974378e-10
base,down,2.0,1.005,1,-0.0006631207262486783,0.030752805790347396,0.030089685064098717,4.300493594729871e-10
base,down,2.0,1.005,2,0.030517242784840873,-0.0008986833102910907,0.02961855947454978,8.508454060372325e-11
base,down,2.0,1.005,3,0.004714763394573822,0.004639956309727609,0.00935471970430143,1.206786617699166e-11
base,down,2.0,1.005,4,-0.0005761517335814404,0.030839774801116136,0.030263623067534696,1.4772018026677705e-10
base,down,2.0,1.005,5,0.03024905288346474,-0.0011668728089333058,0.029082180074531436,4.210294322107582e-10
base,down,2.0,1.005,6,0.03051128091404948,-0.0009046453086396867,0.029606635605409794,4.335605877825033e-10
base,down,2.0,1.005,7,-0.0015847989111973959,0.029831125445549986,0.02824632653435259,4.195985662576412e-10
base,down,2.0,1.005,8,-0.0005851537565048658,0.030830772776973988,0.03024561902046912,2.6432289748630474e-10
base,down,2.0,1.005,9,-0.0006618981985063499,0.030754028313881604,0.030092130115375253,4.3467685660329486e-10
base,down,2.0,1.005,10,0.002604233238673146,0.0026729421690319553,0.005277175407705101,4.100491003368271e-10
base,down,2.0,1.005,11,0.03079055126762327,-0.0006253752664609635,0.030165176001162308,2.466969061245678e-10
base,fresh,0.0,1.01,0,0.12718438416754493,0.12713071081737218,0.2543150949849171,-3.945054230294206e-10
base,fresh,0.0,1.01,1,0.1271307574964498,0.1271371747821256,0.2542679322785754,-1.0127980670542865e-09
base,fresh,0.0,1.01,2,0.15491540194738954,0.12712984807800812,0.28204525002539765,-2.331064418174326e-09
base,fresh,0.0,1.01,3,0.12714206119879054,0.12713490827640692,0.25427696947519746,-2.742772211885006e-09
base,fresh,0.0,1.01,4,0.1271408749212702,0.127156407109889,0.2542972820311592,-3.101636095253842e-09
base,fresh,0.0,1.01,5,0.12714267139694962,0.12714832312115779,0.25429099451810744,-3.070072269391147e-09
base,fresh,0.0,1.01,6,0.12713170524223258,0.12720060772665168,0.25433231296888426,-8.737251130061147e-10
base,fresh,0.0,1.01,7,0.12745553681921973,0.12731122427532507,0.25476676109454477,-1.649568344862483e-09
base,fresh,0.0,1.01,8,0.127130931638752,0.12714296394603322,0.2542738955847852,-2.453743615667398e-09
base,fresh,0.0,1.01,9,0.12713293455654123,0.1271301235809576,0.25426305813749883,-1.7544410263120045e-09
base,fresh,0.0,1.01,10,0.1271463557025502,0.1271361668332137,0.2542825225357639,-4.4207607806759866e-10
base,fresh,0.0,1.01,11,0.12714886395522768,0.12713601938274777,0.25428488333797544,-8.888512500994039e-10
base,fresh,0.5,1.01,0,0.03249672352802399,0.03249334871461776,0.06499007224264175,4.749299037133823e-10
base,fresh,0.5,1.01,1,0.06438423860737812,0.06436934477033698,0.1287535833777151,4.668041516272671e-10
base,fresh,0.5,1.01,2,0.032587332360207694,0.03252485308278152,0.06511218544298922,8.026343681015997e-11
base,fresh,0.5,1.01,3,0.0641656130600717,0.0641684520549112,0.1283340651149829,-1.6669035227429766e-10
base,fresh,0.5,1.01,4,0.06409728928619556,0.06409310893631683,0.12819039822251238,-4.391986888741666e-11
base,fresh,0.5,1.01,5,0.06410179698779095,0.06410021085628843,0.12820200784407937,-1.9589044105107287e-10
base,fresh,0.5,1.01,6,0.06447605800697913,0.06443537666071411,0.12891143466769323,6.368074209103016e-10
base,fresh,0.5,1.01,7,0.03238228595772682,0.03237513375634371,0.06475741971407054,-2.0767655871869848e-10
base,fresh,0.5,1.01,8,0.06422174446378935,0.06421528406679715,0.1284370285305865,2.6512837024587773e-11
base,fresh,0.5,1.01,9,0.06451424613394692,0.06449675524838097,0.1290110013823279,2.6910980756562886e-10
base,fresh,0.5,1.01,10,0.06530631654027987,0.06515787313577638,0.13046418967605625,5.426346938673366e-10
base,fresh,0.5,1.01,11,0.06451915518014993,0.06455472964931785,0.1290738848294678,3.1229503376553014e-10
base,fresh,2.0,1.01,0,0.03129722811308031,-0.00011869841699757688,0.031178529696082737,1.237853285050808e-10
base,fresh,2.0,1.01,1,0.03115311148878631,0.03115311148888881,0.062306222977675116,1.2234774284345567e-10
base,fresh,2.0,1.01,2,0.03131107609962503,-0.00010485037000922958,0.031206225729615802,-6.708977685124658e-11
base,fresh,2.0,1.01,3,0.031176851411025216,0.03117685141100684,0.06235370282203206,-1.3728477996613604e-11
base,fresh,2.0,1.01,4,0.031168859717899015,0.031168859717953402,0.062337719435852416,6.287627356521301e-11
base,fresh,2.0,1.01,5,0.03117951318305851,0.031179513183075394,0.0623590263661339,4.427060529108409e-12
base,fresh,2.0,1.01,6,0.031122342804517103,0.031122342804677124,0.06224468560919423,2.345505517437091e-10
base,fresh,2.0,1.01,7,0.031334828594325445,-8.109753311916989e-05,0.031253731061206276,3.555313388377029e-10
base,fresh,2.0,1.01,8,0.031172658397778337,0.031172658397814725,0.06234531679559306,1.7249777617596225e-11
base,fresh,2.0,1.01,9,0.03145787749597897,4.231056868238658e-05,0.03150018806466136,4.650315601766665e-10
base,fresh,2.0,1.01,10,0.031380852890497093,-3.5063191550138706e-05,0.031345789698946955,4.0438122732241967e-10
base,fresh,2.0,1.01,11,0.031129379838524568,0.031129379838349333,0.0622587596768739,1.0141525637003028e-10
base,up,0.0,1.01,0,0.15434096571991734,0.15434096571991734,0.3086819314398347,-2.3818759677743863e-09
base,up,0.0,1.01,1,0.15434096571991734,0.15434096571991734,0.3086819314398347,-2.3818759677743863e-09
base,up,0.0,1.01,2,0.15434096571991734,0.15434096571991734,0.3086819314398347,-2.3818759677743863e-09
base,up,0.0,1.01,3,0.15434096571991734,0.15434096571991734,0.3086819314398347,-2.3818759677743863e-09
base,up,0.0,1.01,4,0.15434096571991734,0.15434096571991734,0.3086819314398347,-2.3818759677743863e-09
base,up,0.0,1.01,5,0.15434096571991734,0.15434096571991734,0.3086819314398347,-2.3818759677743863e-09
base,up,0.0,1.01,6,0.15434096571991734,0.15434096571991734,0.3086819314398347,-2.3818759677743863e-09
base,up,0.0,1.01,7,0.15434096571991734,0.15434096571991734,0.3086819314398347,-2.3818759677743863e-09
base,up,0.0,1.01,8,0.15434096571991734,0.15434096571991734,0.3086819314398347,-2.3818759677743863e-09
base,up,0.0,1.01,9,0.15434096571991734,0.15434096571991734,0.3086819314398347,-2.3818759677743863e-09
base,up,0.0,1.01,10,0.15434096571991734,0.15434096571991734,0.3086819314398347,-2.3818759677743863e-09
base,up,0.0,1.01,11,0.15434096571991734,0.15434096571991734,0.3086819314398347,-2.3818759677743863e-09
base,up,0.5,1.01,0,0.0900152934533466,0.0900152934533466,0.1800305869066932,-1.4738993609329497e-10
base,up,0.5,1.01,1,0.09001529345334774,0.09001529345334777,0.18003058690669552,-1.4738799526357496e-10
base,up,0.5,1.01,2,0.0900152934533466,0.0900152934533466,0.1800305869066932,-1.4738993609329497e-10
base,up,0.5,1.01,3,0.0900152934533466,0.0900152934533466,0.1800305869066932,-1.4738993609329497e-10
base,up,0.5,1.01,4,0.0900152934533466,0.0900152934533466,0.1800305869066932,-1.4738993609329497e-10
base,up,0.5,1.01,5,0.0900152934533466,0.0900152934533466,0.1800305869066932,-1.4738993609329497e-10
base,up,0.5,1.01,6,0.0900152934533466,0.0900152934533466,0.1800305869066932,-1.4738993609329497e-10
base,up,0.5,1.01,7,0.0900152934533466,0.0900152934533466,0.1800305869066932,-1.4738993609329497e-10
base,up,0.5,1.01,8,0.0900152934533466,0.0900152934533466,0.1800305869066932,-1.4738993609329497e-10
base,up,0.5,1.01,9,0.0900152934533466,0.0900152934533466,0.1800305869066932,-1.4738993609329497e-10
base,up,0.5,1.01,10,0.0900152934533466,0.0900152934533466,0.1800305869066932,-1.4738993609329497e-10
base,up,0.5,1.01,11,0.0900152934533466,0.0900152934533466,0.1800305869066932,-1.4738993609329497e-10
base,up,2.0,1.01,0,0.03066954550688785,0.03066954550688785,0.0613390910137757,-3.5501446966045536e-12
base,up,2.0,1.01,1,0.030669545506888038,0.030669545506888038,0.061339091013776076,-3.549360235368268e-12
base,up,2.0,1.01,2,0.03066954550688785,0.03066954550688785,0.0613390910137757,-3.5501446966045536e-12
base,up,2.0,1.01,3,0.03066954550688785,0.03066954550688785,0.0613390910137757,-3.5501446966045536e-12
base,up,2.0,1.01,4,0.03066954550688785,0.03066954550688785,0.0613390910137757,-3.5501446966045536e-12
base,up,2.0,1.01,5,0.03066954550688785,0.03066954550688785,0.0613390910137757,-3.5501446966045536e-12
base,up,2.0,1.01,6,0.03066954550688785,0.03066954550688785,0.0613390910137757,-3.5501446966045536e-12
base,up,2.0,1.01,7,0.03066954550688785,0.03066954550688785,0.0613390910137757,-3.5501446966045536e-12
base,up,2.0,1.01,8,0.03066954550688785,0.03066954550688785,0.0613390910137757,-3.5501446966045536e-12
base,up,2.0,1.01,9,0.03066954550688785,0.03066954550688785,0.0613390910137757,-3.5501446966045536e-12
base,up,2.0,1.01,10,0.03066954550688785,0.03066954550688785,0.0613390910137757,-3.5501446966045536e-12
base,up,2.0,1.01,11,0.03066954550688785,0.03066954550688785,0.0613390910137757,-3.5501446966045536e-12
base,down,0.0,1.01,0,0.1303665393605388,0.15569278486202393,0.28605932422256275,-2.544255725129882e-09
base,down,0.0,1.01,1,0.15569509561628364,0.1541524070878222,0.3098475027041059,-2.4451970399120556e-09
base,down,0.0,1.01,2,0.12750450958015677,0.15545583609467598,0.28296034567483275,-2.5440797984693905e-09
base,down,0.0,1.01,3,0.1532868718447196,0.15451982154107669,0.30780669338579625,-8.520011127107128e-10
base,down,0.0,1.01,4,0.15350933430110786,0.1495800481010849,0.30308938240219274,-7.219434667019564e-10
base,down,0.0,1.01,5,0.15316877616791316,0.15193241576608216,0.3051011919339953,-2.226722538245738e-09
base,down,0.0,1.01,6,0.1557218379795552,0.13438489395267766,0.29010673193223285,-2.5360147694924136e-09
base,down,0.0,1.01,7,0.128708153708169,0.12957672052947827,0.25828487423764723,-1.9411762588026242e-09
base,down,0.0,1.01,8,0.1551819111458383,0.15311120503544656,0.30829311618128485,-1.8244033663926876e-09
base,down,0.0,1.01,9,0.15572520729183792,0.15536123341650068,0.3110864407083386,-2.3502002429352684e-09
base,down,0.0,1.01,10,0.15496820554566854,0.15431738345438248,0.309285589000051,-2.5462466350495775e-09
base,down,0.0,1.01,11,0.15179845072488318,0.15566168807902273,0.3074601388039059,-2.5373587858944563e-09
base,down,0.5,1.01,0,0.029465493345330173,0.060827378575742726,0.0902928719210729,-1.2306300144504988e-10
base,down,0.5,1.01,1,0.06092626471937706,0.02955449601114651,0.09048076073052357,-1.7814157541269716e-10
base,down,0.5,1.01,2,0.03237021352349245,0.03236724051497447,0.06473745403846692,-9.396621934336617e-11
base,down,0.5,1.01,3,0.03162224226415503,0.048830547480836796,0.08045278974499183,-4.024802026415507e-10
base,down,0.5,1.01,4,0.03416264582588724,0.03566055006736406,0.0698231958932513,-1.9391385782190587e-10
base,down,0.5,1.01,5,0.030535360526616272,0.061727749898262234,0.0922631104248785,4.982152919022151e-10
base,down,0.5,1.01,6,0.03250600409317201,0.03250043640962247,0.06500644050279447,3.15335088432522e-10
base,down,0.5,1.01,7,0.02884370499992201,0.05910400366559088,0.0879477086655129,-1.3274363809123445e-10
base,down,0.5,1.01,8,0.03234490328836216,0.03234068495609961,0.06468558824446177,-1.740464877739248e-10
base,down,0.5,1.01,9,0.061009764676036866,0.029641836295108987,0.09065160097114586,-1.329520569770774e-10
base,down,0.5,1.01,10,0.05937594509310031,0.02880188104879096,0.08817782614189126,-1.7337947648978805e-10
base,down,0.5,1.01,11,0.032719220771186885,0.03271056189306478,0.06542978266425167,3.706285472813402e-10
base,down,2.0,1.01,0,-0.00038085945347916095,0.031032609075273852,0.03065174962179469,3.8626559078825546e-10
base,down,2.0,1.01,1,0.03126824971561575,-0.00014767525196958785,0.031120574463646165,3.527350304259146e-10
base,down,2.0,1.01,2,-0.00010032927968197214,0.0313155971797282,0.031215267900046226,2.7755940758584213e-10
base,down,2.0,1.01,3,-0.00013020521604531154,0.03128572102630173,0.031155515810256416,2.7461696145449385e-10
base,down,2.0,1.01,4,0.031284734969263324,-0.00013119155681195593,0.031153543412451367,1.0852460741519772e-11
base,down,2.0,1.01,5,-0.00014197075648681335,0.03121159367658052,0.031069622920093708,4.380598604560737e-10
base,down,2.0,1.01,6,-0.00015114919562947193,0.03126321063270737,0.0311120614370779,4.4951236478440723e-10
base,down,2.0,1.01,7,0.03054120116914987,0.0002576223516703635,0.030798823520820234,4.3940308671092853e-10
base,down,2.0,1.01,8,0.03127821278925566,-0.00013771373047106295,0.031140499058784597,-1.6663744763179377e-12
base,down,2.0,1.01,9,0.03127046047757062,-0.00014546407553581275,0.03112499640203481,3.6835389707229444e-10
base,down,2.0,1.01,10,0.0022841491086464318,0.02682934091880014,0.02911349002744657,3.9033500254013593e-10
base,down,2.0,1.01,11,-0.00015121055099044157,0.031264715952840305,0.031113505401849862,1.0538314665261875e-11
base,fresh,0.0,1.02,0,0.1909758508740363,0.19035362827202099,0.3813294791460573,-4.5018931407558557e-10
base,fresh,0.0,1.02,1,0.19035519462498712,0.19015622868659093,0.38051142331157806,-1.1542408811370234e-09
base,fresh,0.0,1.02,2,0.19806057552138057,0.19027619902477602,0.38833677454615656,-2.6874015299559837e-09
base,fresh,0.0,1.02,3,0.1901247225216416,0.19017597074319112,0.38030069326483273,-2.5841581679374047e-09
base,fresh,0.0,1.02,4,0.19013141424755736,0.19006813880508328,0.38019955305264064,-2.82200959929127e-09
base,fresh,0.0,1.02,5,0.19012146228251553,0.19009572934633318,0.3802171916288487,-2.8012056233946115e-09
base,fresh,0.0,1.02,6,0.19038204923047058,0.1899900468537401,0.3803720960842107,-9.705121541526256e-10
base,fresh,0.0,1.02,7,0.18993281192608322,0.18993477845150677,0.37986759037759,-1.6901806893343957e-09
base,fresh,0.0,1.02,8,0.19023319447488013,0.19011993933208562,0.3803531338069658,-2.3253221099296207e-09
base,fresh,0.0,1.02,9,0.19040948762049467,0.19025883529284815,0.38066832291334285,-1.8521782019038664e-09
base,fresh,0.0,1.02,10,0.1905990881010594,0.19016443158107763,0.38076351968213706,-4.776783711810188e-10
base,fresh,0.0,1.02,11,0.19009360299455452,0.19046386724443984,0.38055747023899433,-7.907721433550959e-10
base,fresh,0.5,1.02,0,0.06133799749038864,0.06132587309604193,0.12266387058643057,4.036833229160065e-10
base,fresh,0.5,1.02,1,0.0950393926591778,0.09504246641212091,0.1900818590712987,4.338658384852751e-10
base,fresh,0.5,1.02,2,0.061102248546569655,0.06114742385915128,0.12224967240572093,7.021478001527335e-11
base,fresh,0.5,1.02,3,0.09528187830392609,0.09527966492313736,0.19056154322706345,-1.4035079575236428e-10
base,fresh,0.5,1.02,4,0.09529107986042412,0.09529534992127378,0.1905864297816979,-1.77753092809752e-11
base,fresh,0.5,1.02,5,0.09534371997525914,0.09534553324272736,0.19068925321798652,-1.7128784031718238e-10
base,fresh,0.5,1.02,6,0.09463145150278546,0.09463273752341024,0.18926418902619568,6.001947360962526e-10
base,fresh,0.5,1.02,7,0.06086654570965178,0.0608332323262565,0.12169977803590828,-2.1721773373279036e-10
base,fresh,0.5,1.02,8,0.09519341967025141,0.09519680575687445,0.19039022542712586,4.550290937762705e-11
base,fresh,0.5,1.02,9,0.09503218338757416,0.09503466940796254,0.1900668527955367,2.656722851474719e-10
base,fresh,0.5,1.02,10,0.09459844664061827,0.09459911714206953,0.18919756378268782,5.287805965646251e-10
base,fresh,0.5,1.02,11,0.09480266529590974,0.09480066095532058,0.18960332625123033,3.434587663523785e-10
base,fresh,2.0,1.02,0,0.026707570564279873,0.026627166600116225,0.0533347371643961,7.692829411275962e-11
base,fresh,2.0,1.02,1,0.0338293406187928,0.0338293992549053,0.06765873987369811,1.208583004338085e-10
base,fresh,2.0,1.02,2,0.02726591266381364,0.027261496309024497,0.054527408972838136,6.14297147623977e-11
base,fresh,2.0,1.02,3,0.034812668673856004,0.034812384857461263,0.06962505353131726,-1.2570215604894176e-11
base,fresh,2.0,1.02,4,0.03500725081758835,0.03500875019756003,0.07001600101514838,5.685613108761935e-11
base,fresh,2.0,1.02,5,0.03523845515468648,0.0352392585340204,0.07047771368870688,3.817564497433558e-12
base,fresh,2.0,1.02,6,0.0336962252362247,0.03369629214642011,0.06739251738264482,2.2294504771097883e-10
base,fresh,2.0,1.02,7,0.029012309833534804,0.02900932970178605,0.05802163953532086,3.97740452253969e-10
base,fresh,2.0,1.02,8,0.03455028181818434,0.0345505432393124,0.06910082505749673,1.6259426157629898e-11
base,fresh,2.0,1.02,9,0.029521522467729554,0.03014423207652324,0.0596657545442528,4.2775381697020906e-10
base,fresh,2.0,1.02,10,0.029477917989114415,0.029474568685340517,0.058952486674454935,4.175101555393307e-10
base,fresh,2.0,1.02,11,0.033485133246975,0.03348510930215861,0.06697024254913361,9.750162790800074e-11
base,up,0.0,1.02,0,0.18993262375194092,0.18993262375194092,0.37986524750388184,-2.2935050425874025e-09
base,up,0.0,1.02,1,0.18993262375194092,0.18993262375194092,0.37986524750388184,-2.2935050425874025e-09
base,up,0.0,1.02,2,0.18993262375194092,0.18993262375194092,0.37986524750388184,-2.2935050425874025e-09
base,up,0.0,1.02,3,0.18993262375194092,0.18993262375194092,0.37986524750388184,-2.2935050425874025e-09
base,up,0.0,1.02,4,0.18993262375194092,0.18993262375194092,0.37986524750388184,-2.2935050425874025e-09
base,up,0.0,1.02,5,0.18993262375194092,0.18993262375194092,0.37986524750388184,-2.2935050425874025e-09
base,up,0.0,1.02,6,0.18993262375194092,0.18993262375194092,0.37986524750388184,-2.2935050425874025e-09
base,up,0.0,1.02,7,0.18993262375194092,0.18993262375194092,0.37986524750388184,-2.2935050425874025e-09
base,up,0.0,1.02,8,0.18993262375194092,0.18993262375194092,0.37986524750388184,-2.2935050425874025e-09
base,up,0.0,1.02,9,0.18993262375194092,0.18993262375194092,0.37986524750388184,-2.2935050425874025e-09
base,up,0.0,1.02,10,0.18993262375194092,0.18993262375194092,0.37986524750388184,-2.2935050425874025e-09
base,up,0.0,1.02,11,0.18993262375194092,0.18993262375194092,0.37986524750388184,-2.2935050425874025e-09
base,up,0.5,1.02,0,0.11732437385049327,0.11732437385049327,0.23464874770098654,-1.171550237427298e-10
base,up,0.5,1.02,1,0.1173243738505377,0.1173243738505377,0.2346487477010754,-1.1715424499650037e-10
base,up,0.5,1.02,2,0.11732437385049327,0.11732437385049327,0.23464874770098654,-1.171550237427298e-10
base,up,0.5,1.02,3,0.11732437385049327,0.11732437385049327,0.23464874770098654,-1.171550237427298e-10
base,up,0.5,1.02,4,0.11732437385049327,0.11732437385049327,0.23464874770098654,-1.171550237427298e-10
base,up,0.5,1.02,5,0.11732437385049327,0.11732437385049327,0.23464874770098654,-1.171550237427298e-10
base,up,0.5,1.02,6,0.11732437385049327,0.11732437385049327,0.23464874770098654,-1.171550237427298e-10
base,up,0.5,1.02,7,0.11732437385049327,0.11732437385049327,0.23464874770098654,-1.171550237427298e-10
base,up,0.5,1.02,8,0.11732437385049327,0.11732437385049327,0.23464874770098654,-1.171550237427298e-10
base,up,0.5,1.02,9,0.11732437385049327,0.11732437385049327,0.23464874770098654,-1.171550237427298e-10
base,up,0.5,1.02,10,0.11732437385049327,0.11732437385049327,0.23464874770098654,-1.171550237427298e-10
base,up,0.5,1.02,11,0.11732437385049327,0.11732437385049327,0.23464874770098654,-1.171550237427298e-10
base,up,2.0,1.02,0,0.03235112371669288,0.03235112371669288,0.06470224743338576,-3.628899749769799e-12
base,up,2.0,1.02,1,0.032351123716692916,0.032351123716692916,0.06470224743338583,-3.6267924537214984e-12
base,up,2.0,1.02,2,0.03235112371669288,0.03235112371669288,0.06470224743338576,-3.628899749769799e-12
base,up,2.0,1.02,3,0.03235112371669288,0.03235112371669288,0.06470224743338576,-3.628899749769799e-12
base,up,2.0,1.02,4,0.03235112371669288,0.03235112371669288,0.06470224743338576,-3.628899749769799e-12
base,up,2.0,1.02,5,0.03235112371669288,0.03235112371669288,0.06470224743338576,-3.628899749769799e-12
base,up,2.0,1.02,6,0.03235112371669288,0.03235112371669288,0.06470224743338576,-3.628899749769799e-12
base,up,2.0,1.02,7,0.03235112371669288,0.03235112371669288,0.06470224743338576,-3.628899749769799e-12
base,up,2.0,1.02,8,0.03235112371669288,0.03235112371669288,0.06470224743338576,-3.628899749769799e-12
base,up,2.0,1.02,9,0.03235112371669288,0.03235112371669288,0.06470224743338576,-3.628899749769799e-12
base,up,2.0,1.02,10,0.03235112371669288,0.03235112371669288,0.06470224743338576,-3.628899749769799e-12
base,up,2.0,1.02,11,0.03235112371669288,0.03235112371669288,0.06470224743338576,-3.628899749769799e-12
base,down,0.0,1.02,0,0.217048907412875,0.19103927813998553,0.4080881855528605,-2.5873360661620304e-09
base,down,0.0,1.02,1,0.19105602918489353,0.19005759968694177,0.3811136288718353,-2.195771310762752e-09
base,down,0.0,1.02,2,0.19051302866852324,0.19045398281466874,0.380967011483192,-2.4507859525801967e-09
base,down,0.0,1.02,3,0.19000640563414095,0.19009830311296697,0.3801047087471079,-2.2475858863139076e-09
base,down,0.0,1.02,4,0.19001598822765572,0.1899492894893092,0.3799652777169649,-1.6320978011960894e-09
base,down,0.0,1.02,5,0.19000197321337395,0.18997209102645343,0.3799740642398274,-2.4392779239865545e-09
base,down,0.0,1.02,6,0.19138829575934097,0.18993109242484252,0.3813193881841835,-2.5166658055229613e-09
base,down,0.0,1.02,7,0.19003052019964004,0.18997708067473582,0.38000760087437585,-2.1805876161727598e-09
base,down,0.0,1.02,8,0.1902644584543691,0.18999995404017,0.38026441249453913,-6.304662011187691e-10
base,down,0.0,1.02,9,0.19184239200629236,0.19036913895207136,0.3822115309583637,-1.1303848187839348e-09
base,down,0.0,1.02,10,0.20780556909153688,0.19007363383645612,0.397879202927993,-2.8294639786702226e-09
base,down,0.0,1.02,11,0.18997000553650992,0.19334694488274068,0.3833169504192506,-2.5237117460860836e-09
base,down,0.5,1.02,0,0.03351375095029709,0.06465763488146478,0.09817138583176188,-6.287629090561134e-11
base,down,0.5,1.02,1,0.09435158933545551,0.09435167769313864,0.18870326702859413,5.236899131992799e-10
base,down,0.5,1.02,2,0.06039168294471239,0.059440395734739866,0.11983207867945225,-1.501673966534667e-10
base,down,0.5,1.02,3,0.05907726615490958,0.05975168853252796,0.11882895468743754,2.8054773263622204e-11
base,down,0.5,1.02,4,0.033259232589005594,0.06457729618220298,0.09783652877120858,6.685255186102562e-11
base,down,0.5,1.02,5,0.06073568167430949,0.061712413596839044,0.12244809527114853,3.242895826993758e-10
base,down,0.5,1.02,6,0.06657871072820853,0.03936293592940274,0.10594164665761127,1.905870607727428e-11
base,down,0.5,1.02,7,0.05923806241681689,0.059806822438293356,0.11904488485511025,1.6678801260533066e-10
base,down,0.5,1.02,8,0.06101349204320343,0.06103626239807966,0.12204975444128309,6.589572814233282e-11
base,down,0.5,1.02,9,0.06449601915893595,0.03633026045739598,0.10082627961633192,9.676906144019591e-11
base,down,0.5,1.02,10,0.060650733250095644,0.06035078809072331,0.12100152134081896,3.853407243811313e-10
base,down,0.5,1.02,11,0.06120873733539895,0.06143077888800974,0.12263951622340868,2.6234312495150546e-10
base,down,2.0,1.02,0,0.03448924114812001,0.0030762625164189217,0.03756550366453894,1.45459134735161e-10
base,down,2.0,1.02,1,0.03275484879619825,0.0013389546061407032,0.03409380340233895,2.2105312241357798e-10
base,down,2.0,1.02,2,0.028624126793781245,0.02862681967892584,0.057250946472707086,2.4979287274435763e-10
base,down,2.0,1.02,3,0.028324398540935505,0.02832195527853898,0.056646353819474485,8.569633182099412e-11
base,down,2.0,1.02,4,0.033698731920100616,0.002283094584485923,0.03598182650458654,5.859090635149836e-11
base,down,2.0,1.02,5,0.001483295753382663,0.03289919974288381,0.03438249549626647,4.2767357932724797e-10
base,down,2.0,1.02,6,0.001313164981599897,0.032729069959090536,0.03404223494069043,4.082160826262708e-10
base,down,2.0,1.02,7,0.033031166362414696,0.0016152562056620922,0.03464642256807679,4.2261602264102757e-10
base,down,2.0,1.02,8,0.033377024190874634,0.0019612955145169053,0.03533831970539154,-2.1429312684597546e-11
base,down,2.0,1.02,9,0.03274932706328698,0.001333436221989217,0.0340827632852762,2.4219899456751303e-10
base,down,2.0,1.02,10,0.03356184776725897,0.0021459769267990225,0.03570782469405799,2.979221021721225e-10
base,down,2.0,1.02,11,0.0016069972193341186,0.033022900069190654,0.03462989728852477,-2.1687573179545255e-11
base,fresh,0.0,1.05,0,0.33143774884844823,0.31989084545585006,0.6513285943042983,-3.9489605522746077e-10
base,fresh,0.0,1.05,1,0.319915773674056,0.3173763639682086,0.6372921376422647,-1.1087294144851786e-09
base,fresh,0.0,1.05,2,0.31526823512161006,0.3187614971423076,0.6340297322639177,-2.7155863154201593e-09
base,fresh,0.0,1.05,3,0.31707499952609836,0.31757724606101495,0.6346522455871133,-2.297256487152464e-09
base,fresh,0.0,1.05,4,0.31713712363376445,0.3165860498603225,0.6337231734940869,-2.428690677667484e-09
base,fresh,0.0,1.05,5,0.3170450859216162,0.31681674863044407,0.6338618345520602,-2.428269064424206e-09
base,fresh,0.0,1.05,6,0.3203561722738894,0.31599142661195484,0.6363475988858442,-1.030505572039196e-09
base,fresh,0.0,1.05,7,0.3153493772618394,0.31554125064739735,0.6308906279092368,-1.6989564246629562e-09
base,fresh,0.0,1.05,8,0.3182176521621126,0.3170311906831957,0.6352488428453082,-2.0456268264067107e-09
base,fresh,0.0,1.05,9,0.32083135393535356,0.3185350753771827,0.6393664293125363,-1.7732902051642437e-09
base,fresh,0.0,1.05,10,0.3246705889357084,0.31745865800076734,0.6421292469364757,-4.0070128476147023e-10
base,fresh,0.0,1.05,11,0.31679847189875376,0.32184491676390975,0.6386433886626635,-6.073751928465942e-10
base,fresh,0.5,1.05,0,0.09586920375881754,0.09553767377286757,0.19140687753168512,3.426179021314301e-10
base,fresh,0.5,1.05,1,0.1573077096310241,0.1573080105461402,0.3146157201771643,4.004784141948072e-10
base,fresh,0.5,1.05,2,0.09278368739773601,0.09324944199788941,0.18603312939562544,3.0741938044841095e-11
base,fresh,0.5,1.05,3,0.1575724349078169,0.15757155859691965,0.31514399350473654,-9.838830929704906e-11
base,fresh,0.5,1.05,4,0.15751834317585364,0.1575198202054807,0.31503816338133434,2.8019867132254707e-11
base,fresh,0.5,1.05,5,0.15760572740202594,0.15760649340277336,0.31521222080479927,-1.3413790845463883e-10
base,fresh,0.5,1.05,6,0.15624741020020724,0.15625981401054004,0.3125072242107473,5.511379928405502e-10
base,fresh,0.5,1.05,7,0.08199972571997627,0.09470090123796028,0.17670062695793654,-1.7804988117225297e-10
base,fresh,0.5,1.05,8,0.15747372632146636,0.15747473336692905,0.3149484596883954,8.548280559109034e-11
base,fresh,0.5,1.05,9,0.15736260240799158,0.1573628330502798,0.31472543545827136,2.7109665501399426e-10
base,fresh,0.5,1.05,10,0.1561263508105843,0.15615234973195893,0.31227870054254325,5.077296722681945e-10
base,fresh,0.5,1.05,11,0.15685468414475792,0.15685364839421984,0.3137083325389778,3.981259306476494e-10
base,fresh,2.0,1.05,0,0.033776297174915884,0.03376646084949184,0.06754275802440773,4.7985988642206896e-11
base,fresh,2.0,1.05,1,0.06372518080150892,0.06568263218787085,0.12940781298937976,1.0612193841455736e-10
base,fresh,2.0,1.05,2,0.03388324853533185,0.03377468049329217,0.06765792902862403,1.0980022958329625e-10
base,fresh,2.0,1.05,3,0.06651685226384872,0.06752159368687777,0.1340384459507265,1.859315801315543e-12
base,fresh,2.0,1.05,4,0.06573948964894233,0.06438371328320194,0.13012320293214427,7.582095411519574e-11
base,fresh,2.0,1.05,5,0.06620348328010042,0.06589936728838044,0.13210285056848087,9.871717452529803e-12
base,fresh,2.0,1.05,6,0.06511691506168149,0.051808464903622065,0.11692537996530356,2.0992693007870972e-10
base,fresh,2.0,1.05,7,0.033023095307173914,0.03302309138784286,0.06604618669501677,3.700193504887391e-10
base,fresh,2.0,1.05,8,0.06915344160481501,0.06565844122421464,0.13481188282902967,3.1044019062755243e-11
base,fresh,2.0,1.05,9,0.0315250249626041,0.06028217967047107,0.09180720463307518,3.866680865772727e-10
base,fresh,2.0,1.05,10,0.033613127180567824,0.033613130770815965,0.06722625795138379,4.1505608959104394e-10
base,fresh,2.0,1.05,11,0.0568097975725118,0.06381297418700121,0.12062277175951301,1.0499586547906372e-10
base,up,0.0,1.05,0,0.3190496206930051,0.3190496206930051,0.6380992413860102,-2.2292988835984484e-09
base,up,0.0,1.05,1,0.3190496206930051,0.3190496206930051,0.6380992413860102,-2.2292988835984484e-09
base,up,0.0,1.05,2,0.3190496206930051,0.3190496206930051,0.6380992413860102,-2.2292988835984484e-09
base,up,0.0,1.05,3,0.3190496206930051,0.3190496206930051,0.6380992413860102,-2.2292988835984484e-09
base,up,0.0,1.05,4,0.3190496206930051,0.3190496206930051,0.6380992413860102,-2.2292988835984484e-09
base,up,0.0,1.05,5,0.3190496206930051,0.3190496206930051,0.6380992413860102,-2.2292988835984484e-09
base,up,0.0,1.05,6,0.3190496206930051,0.3190496206930051,0.6380992413860102,-2.2292988835984484e-09
base,up,0.0,1.05,7,0.3190496206930051,0.3190496206930051,0.6380992413860102,-2.2292988835984484e-09
base,up,0.0,1.05,8,0.3190496206930051,0.3190496206930051,0.6380992413860102,-2.2292988835984484e-09
base,up,0.0,1.05,9,0.3190496206930051,0.3190496206930051,0.6380992413860102,-2.2292988835984484e-09
base,up,0.0,1.05,10,0.3190496206930051,0.3190496206930051,0.6380992413860102,-2.2292988835984484e-09
base,up,0.0,1.05,11,0.3190496206930051,0.3190496206930051,0.6380992413860102,-2.2292988835984484e-09
base,up,0.5,1.05,0,0.15769270221853574,0.15769270221853574,0.31538540443707147,-1.4683724721385486e-10
base,up,0.5,1.05,1,0.15769270221854037,0.15769270221854037,0.31538540443708074,-1.4683650782419006e-10
base,up,0.5,1.05,2,0.15769270221853574,0.15769270221853574,0.31538540443707147,-1.4683724721385486e-10
base,up,0.5,1.05,3,0.15769270221853574,0.15769270221853574,0.31538540443707147,-1.4683724721385486e-10
base,up,0.5,1.05,4,0.15769270221853574,0.15769270221853574,0.31538540443707147,-1.4683724721385486e-10
base,up,0.5,1.05,5,0.15769270221853574,0.15769270221853574,0.31538540443707147,-1.4683724721385486e-10
base,up,0.5,1.05,6,0.15769270221853574,0.15769270221853574,0.31538540443707147,-1.4683724721385486e-10
base,up,0.5,1.05,7,0.15769270221853574,0.15769270221853574,0.31538540443707147,-1.4683724721385486e-10
base,up,0.5,1.05,8,0.15769270221853574,0.15769270221853574,0.31538540443707147,-1.4683724721385486e-10
base,up,0.5,1.05,9,0.15769270221853574,0.15769270221853574,0.31538540443707147,-1.4683724721385486e-10
base,up,0.5,1.05,10,0.15769270221853574,0.15769270221853574,0.31538540443707147,-1.4683724721385486e-10
base,up,0.5,1.05,11,0.15769270221853574,0.15769270221853574,0.31538540443707147,-1.4683724721385486e-10
base,up,2.0,1.05,0,0.06305026262536853,0.06305026262536853,0.12610052525073706,-3.3192619421781257e-12
base,up,2.0,1.05,1,0.06305026262536874,0.06305026262536878,0.1261005252507375,-3.3201452884476047e-12
base,up,2.0,1.05,2,0.06305026262536853,0.06305026262536853,0.12610052525073706,-3.3192619421781257e-12
base,up,2.0,1.05,3,0.06305026262536853,0.06305026262536853,0.12610052525073706,-3.3192619421781257e-12
base,up,2.0,1.05,4,0.06305026262536853,0.06305026262536853,0.12610052525073706,-3.3192619421781257e-12
base,up,2.0,1.05,5,0.06305026262536853,0.06305026262536853,0.12610052525073706,-3.3192619421781257e-12
base,up,2.0,1.05,6,0.06305026262536853,0.06305026262536853,0.12610052525073706,-3.3192619421781257e-12
base,up,2.0,1.05,7,0.06305026262536853,0.06305026262536853,0.12610052525073706,-3.3192619421781257e-12
base,up,2.0,1.05,8,0.06305026262536853,0.06305026262536853,0.12610052525073706,-3.3192619421781257e-12
base,up,2.0,1.05,9,0.06305026262536853,0.06305026262536853,0.12610052525073706,-3.3192619421781257e-12
base,up,2.0,1.05,10,0.06305026262536853,0.06305026262536853,0.12610052525073706,-3.3192619421781257e-12
base,up,2.0,1.05,11,0.06305026262536853,0.06305026262536853,0.12610052525073706,-3.3192619421781257e-12
base,down,0.0,1.05,0,0.31512422658092076,0.3168080303913268,0.6319322569722476,-2.6741527861417e-09
base,down,0.0,1.05,1,0.3167789728379955,0.3338792448899596,0.6506582177279552,-1.7805023378041214e-09
base,down,0.0,1.05,2,0.3167227660065691,0.31960691109100936,0.6363296770975785,-3.0295836852464733e-09
base,down,0.0,1.05,3,0.3356073508090344,0.33197131478396386,0.6675786655929983,-1.448794652495589e-09
base,down,0.0,1.05,4,0.33535126897441503,0.33608058195302076,0.6714318509274357,-1.307117278174308e-09
base,down,0.0,1.05,5,0.335713810924284,0.3361893980864272,0.6719032090107112,-2.082460050796293e-09
base,down,0.0,1.05,6,0.3163651384213415,0.331900582299769,0.6482657207211104,-2.7311928057547352e-09
base,down,0.0,1.05,7,0.3206166939214677,0.3236351507340282,0.6442518446554959,-1.952292328926573e-09
base,down,0.0,1.05,8,0.3237482498245413,0.3357596535166226,0.6595079033411639,-6.192141097129979e-10
base,down,0.0,1.05,9,0.316064579317873,0.3209274861862002,0.6369920655040733,-1.29119442138793e-09
base,down,0.0,1.05,10,0.31529025624931023,0.33317526508952483,0.6484655213388351,-2.5576277293026917e-09
base,down,0.0,1.05,11,0.3362025969226386,0.31568555352622185,0.6518881504488605,-2.690380990562654e-09
base,down,0.5,1.05,0,0.09467318406819118,0.09466451486354117,0.18933769893173236,2.3360428685721865e-10
base,down,0.5,1.05,1,0.13168603105817112,0.15342313622262907,0.28510916728080016,4.629642053372715e-10
base,down,0.5,1.05,2,0.07442737584730849,0.09770525518752862,0.1721326310348371,-2.453293570671175e-10
base,down,0.5,1.05,3,0.09313829228797602,0.09323410980863912,0.18637240209661515,-2.506009411291505e-10
base,down,0.5,1.05,4,0.09364626718491934,0.09363090315007923,0.18727717033499858,-4.394443548334784e-11
base,down,0.5,1.05,5,0.1225797426906621,0.12294736510480277,0.24552710779546488,4.702955340703785e-10
base,down,0.5,1.05,6,0.09228500360976369,0.09287204953224461,0.1851570531420083,-1.698397806406604e-10
base,down,0.5,1.05,7,0.09323632468982851,0.09340667357941129,0.1866429982692398,-1.4755325299979913e-10
base,down,0.5,1.05,8,0.09572349048555338,0.0960637043275301,0.19178719481308348,2.7278454121342476e-10
base,down,0.5,1.05,9,0.09334001159783555,0.09332753113647697,0.18666754273431252,-2.365818146033761e-10
base,down,0.5,1.05,10,0.09391011462404719,0.11899617017529351,0.2129062847993407,4.0445826986420193e-10
base,down,0.5,1.05,11,0.09411654358646444,0.09278136532815154,0.186897908914616,6.254981800185028e-11
base,down,2.0,1.05,0,0.034101195842682445,0.034099773275058566,0.06820096911774101,3.502845815250787e-10
base,down,2.0,1.05,1,0.032667867128756856,0.0326678690407131,0.06533573616946996,2.6561289012537396e-11
base,down,2.0,1.05,2,0.057522638867558554,0.026464459359353612,0.08398709822691217,2.226427827480473e-10
base,down,2.0,1.05,3,0.03908746113279705,0.035602889612861476,0.07469035074565852,6.309305084483238e-11
base,down,2.0,1.05,4,0.03334567953869879,0.033345692606440595,0.06669137214513939,4.1131346412471225e-10
base,down,2.0,1.05,5,0.032929101195762485,0.03292951190044761,0.06585861309621009,3.786509303951438e-11
base,down,2.0,1.05,6,0.032770024205401996,0.032770102846350964,0.06554012705175297,-5.176999538072452e-12
base,down,2.0,1.05,7,0.032999452716834556,0.032998888342350624,0.06599834105918517,2.2717054255505906e-11
base,down,2.0,1.05,8,0.03297183766963471,0.032971853229847026,0.06594369089948174,2.566821972992367e-10
base,down,2.0,1.05,9,0.03266085253402025,0.032660854264355235,0.06532170679837548,9.845188503580437e-12
base,down,2.0,1.05,10,0.03322720274491786,0.03322692500482049,0.06645412774973836,1.7849140086369282e-12
base,down,2.0,1.05,11,0.0330841819650847,0.033084179393730866,0.06616836135881557,4.0035239154970304e-10
base,fresh,0.0,1.1,0,0.4461156527835427,0.44554100083878334,0.891656653622326,-1.7523279411129257e-10
base,fresh,0.0,1.1,1,0.4455377758181037,0.4467870114188735,0.8923247872369773,-8.181725767890047e-10
base,fresh,0.0,1.1,2,0.4679123600573648,0.445787596800708,0.9136999568580728,-3.0306352187276614e-09
base,fresh,0.0,1.1,3,0.44730811796429465,0.4465359650150799,0.8938440829793746,-1.928042338975605e-09
base,fresh,0.0,1.1,4,0.447182600012338,0.4488563310637705,0.8960389310761085,-2.0797068366468257e-09
base,fresh,0.0,1.1,5,0.4473726326970293,0.44797325694800977,0.895345889645039,-2.0789316953139413e-09
base,fresh,0.0,1.1,6,0.4454908845344795,0.4541321701238094,0.8996230546582888,-1.011147800805003e-09
base,fresh,0.0,1.1,7,0.4652604460689658,0.462379775842486,0.9276402219114519,-1.361826107510214e-09
base,fresh,0.0,1.1,8,0.4460268833079218,0.44740356414782767,0.8934304474557495,-1.658598630185778e-09
base,fresh,0.0,1.1,9,0.44545749244380894,0.44587297207911425,0.8913304645229232,-1.454468976716616e-09
base,fresh,0.0,1.1,10,0.4454838821895447,0.4466767304284446,0.8921606126179893,-1.9057302927733177e-10
base,fresh,0.0,1.1,11,0.44803129844551426,0.44542603148178067,0.893457329927295,-4.118225773261834e-10
base,fresh,0.5,1.1,0,0.1392536798034646,0.1605484636296365,0.2998021434331011,2.683908414095698e-10
base,fresh,0.5,1.1,1,0.22186099655232422,0.22194753721840624,0.4438085337707305,4.1903835215158965e-10
base,fresh,0.5,1.1,2,0.15679106468019732,0.12612919142399925,0.2829202561041966,-5.224417226247663e-11
base,fresh,0.5,1.1,3,0.2276260970998625,0.2265893223450385,0.454215419444901,-8.90889220469893e-11
base,fresh,0.5,1.1,4,0.22580158427596153,0.22735828849865247,0.453159872774614,4.086362805412306e-11
base,fresh,0.5,1.1,5,0.22888094868429965,0.23024879582099192,0.45912974450529154,-1.263230580974028e-10
base,fresh,0.5,1.1,6,0.21867581495570745,0.2187256333510065,0.43740144830671396,5.26768710398357e-10
base,fresh,0.5,1.1,7,0.15678373487970762,0.12646378849756482,0.28324752337727244,-4.600705410499801e-11
base,fresh,0.5,1.1,8,0.22397740984226605,0.22448437330152132,0.4484617831437874,1.2431276457625008e-10
base,fresh,0.5,1.1,9,0.22210455473300314,0.2221924145006571,0.44429696923366024,2.989721747231313e-10
base,fresh,0.5,1.1,10,0.21884601044657848,0.21891053548315986,0.43775654592973834,5.01060948235018e-10
base,fresh,0.5,1.1,11,0.22012773999176838,0.22012739012229404,0.4402551301140624,4.417198838753664e-10
base,fresh,2.0,1.1,0,0.056392811667381866,0.05721678721325058,0.11360959888063245,2.2137831296918134e-11
base,fresh,2.0,1.1,1,0.09306468543900082,0.09306471870489406,0.1861294041438949,1.0416057519859961e-10
base,fresh,2.0,1.1,2,0.05841683890510696,0.05880478708952008,0.11722162599462704,1.5217338775894217e-10
base,fresh,2.0,1.1,3,0.09362195056127877,0.09362194980551443,0.1872439003667932,3.9840443525584645e-12
base,fresh,2.0,1.1,4,0.09337687758482865,0.09337688134893261,0.18675375893376128,7.17515669864333e-11
base,fresh,2.0,1.1,5,0.09363591713500288,0.09363591763460004,0.1872718347696029,1.014291696342898e-11
base,fresh,2.0,1.1,6,0.09124272498235811,0.09124535430003125,0.18248807928238936,2.0188788131151355e-10
base,fresh,2.0,1.1,7,0.05885074054328188,0.058845654302572006,0.1176963948458539,3.386473658900175e-10
base,fresh,2.0,1.1,8,0.09354116782972711,0.09354117006184894,0.18708233789157605,3.176943501817698e-11
base,fresh,2.0,1.1,9,0.09048198372101,0.06166176097019356,0.15214374469120356,3.4161499702695325e-10
base,fresh,2.0,1.1,10,0.059396321597088984,0.05928979632782477,0.11868611792491376,3.9809414346467107e-10
base,fresh,2.0,1.1,11,0.09195213700107058,0.09195127837686468,0.18390341537793525,1.3123665817393478e-10
base,up,0.0,1.1,0,0.4454264589191715,0.4454264589191715,0.890852917838343,-1.6839932543611165e-09
base,up,0.0,1.1,1,0.4454264589191715,0.4454264589191715,0.890852917838343,-1.6839932543611165e-09
base,up,0.0,1.1,2,0.4454264589191715,0.4454264589191715,0.890852917838343,-1.6839932543611165e-09
base,up,0.0,1.1,3,0.4454264589191715,0.4454264589191715,0.890852917838343,-1.6839932543611165e-09
base,up,0.0,1.1,4,0.4454264589191715,0.4454264589191715,0.890852917838343,-1.6839932543611165e-09
base,up,0.0,1.1,5,0.4454264589191715,0.4454264589191715,0.890852917838343,-1.6839932543611165e-09
base,up,0.0,1.1,6,0.4454264589191715,0.4454264589191715,0.890852917838343,-1.6839932543611165e-09
base,up,0.0,1.1,7,0.4454264589191715,0.4454264589191715,0.890852917838343,-1.6839932543611165e-09
base,up,0.0,1.1,8,0.4454264589191715,0.4454264589191715,0.890852917838343,-1.6839932543611165e-09
base,up,0.0,1.1,9,0.4454264589191715,0.4454264589191715,0.890852917838343,-1.6839932543611165e-09
base,up,0.0,1.1,10,0.4454264589191715,0.4454264589191715,0.890852917838343,-1.6839932543611165e-09
base,up,0.0,1.1,11,0.4454264589191715,0.4454264589191715,0.890852917838343,-1.6839932543611165e-09
base,up,0.5,1.1,0,0.22212718951351276,0.22212718951351276,0.4442543790270255,-1.0983560910892278e-10
base,up,0.5,1.1,1,0.22212718951351035,0.22212718951351035,0.4442543790270207,-1.0984026748296904e-10
base,up,0.5,1.1,2,0.22212718951351276,0.22212718951351276,0.4442543790270255,-1.0983560910892278e-10
base,up,0.5,1.1,3,0.22212718951351276,0.22212718951351276,0.4442543790270255,-1.0983560910892278e-10
base,up,0.5,1.1,4,0.22212718951351276,0.22212718951351276,0.4442543790270255,-1.0983560910892278e-10
base,up,0.5,1.1,5,0.22212718951351276,0.22212718951351276,0.4442543790270255,-1.0983560910892278e-10
base,up,0.5,1.1,6,0.22212718951351276,0.22212718951351276,0.4442543790270255,-1.0983560910892278e-10
base,up,0.5,1.1,7,0.22212718951351276,0.22212718951351276,0.4442543790270255,-1.0983560910892278e-10
base,up,0.5,1.1,8,0.22212718951351276,0.22212718951351276,0.4442543790270255,-1.0983560910892278e-10
base,up,0.5,1.1,9,0.22212718951351276,0.22212718951351276,0.4442543790270255,-1.0983560910892278e-10
base,up,0.5,1.1,10,0.22212718951351276,0.22212718951351276,0.4442543790270255,-1.0983560910892278e-10
base,up,0.5,1.1,11,0.22212718951351276,0.22212718951351276,0.4442543790270255,-1.0983560910892278e-10
base,up,2.0,1.1,0,0.08414172717451987,0.08414172717451987,0.16828345434903974,-3.0078700252720554e-12
base,up,2.0,1.1,1,0.0841417271745118,0.08414172717451188,0.16828345434902367,-3.011234143854998e-12
base,up,2.0,1.1,2,0.08414172717451987,0.08414172717451987,0.16828345434903974,-3.0078700252720554e-12
base,up,2.0,1.1,3,0.08414172717451987,0.08414172717451987,0.16828345434903974,-3.0078700252720554e-12
base,up,2.0,1.1,4,0.08414172717451987,0.08414172717451987,0.16828345434903974,-3.0078700252720554e-12
base,up,2.0,1.1,5,0.08414172717451987,0.08414172717451987,0.16828345434903974,-3.0078700252720554e-12
base,up,2.0,1.1,6,0.08414172717451987,0.08414172717451987,0.16828345434903974,-3.0078700252720554e-12
base,up,2.0,1.1,7,0.08414172717451987,0.08414172717451987,0.16828345434903974,-3.0078700252720554e-12
base,up,2.0,1.1,8,0.08414172717451987,0.08414172717451987,0.16828345434903974,-3.0078700252720554e-12
base,up,2.0,1.1,9,0.08414172717451987,0.08414172717451987,0.16828345434903974,-3.0078700252720554e-12
base,up,2.0,1.1,10,0.08414172717451987,0.08414172717451987,0.16828345434903974,-3.0078700252720554e-12
base,up,2.0,1.1,11,0.08414172717451987,0.08414172717451987,0.16828345434903974,-3.0078700252720554e-12
base,down,0.0,1.1,0,0.4677816308911417,0.45887768790902894,0.9266593188001706,-1.903686728207224e-09
base,down,0.0,1.1,1,0.4589948591516713,0.4466201833070545,0.9056150424587258,-5.155044256690037e-10
base,down,0.0,1.1,2,0.46138397109893164,0.45241858608283453,0.9138025571817662,-2.9487858768153674e-09
base,down,0.0,1.1,3,0.44601863432819755,0.4471414524724105,0.893160086800608,-1.6571552938022258e-09
base,down,0.0,1.1,4,0.4461256137464386,0.44547957975140773,0.8916051934978464,-1.4231380616857355e-09
base,down,0.0,1.1,5,0.4459702145697213,0.44566635223445816,0.8916365668041795,-1.7782093312146245e-09
base,down,0.0,1.1,6,0.4608054029847006,0.4456888391808218,0.9064942421655224,-2.5746789715343876e-09
base,down,0.0,1.1,7,0.44888111219868393,0.4471770890929758,0.8960582012916598,-2.0757787556620485e-09
base,down,0.0,1.1,8,0.4495243068540617,0.4459483976245815,0.8954727044786432,-5.056066960866536e-10
base,down,0.0,1.1,9,0.4622698407053963,0.4511298418908632,0.9133996825962595,-3.7827821006836963e-10
base,down,0.0,1.1,10,0.46645745034373365,0.446821612246398,0.9132790625901317,-2.331616604568168e-09
base,down,0.0,1.1,11,0.4456470612877399,0.46424877811314785,0.9098958394008878,-2.3070804955477157e-09
base,down,0.5,1.1,0,0.12572516065290273,0.1562770834751464,0.28200224412804914,-5.30090742031056e-11
base,down,0.5,1.1,1,0.1944353103336303,0.20952519905400066,0.40396050938763095,4.897089685021998e-10
base,down,0.5,1.1,2,0.12511970782294782,0.15513403860467065,0.28025374642761847,-1.8503909512811646e-10
base,down,0.5,1.1,3,0.18964751274823982,0.1896613767941352,0.379308889542375,4.222963968934074e-10
base,down,0.5,1.1,4,0.12470405880918634,0.15263908242920252,0.2773431412383889,-2.931957640781587e-10
base,down,0.5,1.1,5,0.2214234585264694,0.22142047465806855,0.44284393318453796,3.1690870994762824e-10
base,down,0.5,1.1,6,0.13109584290641976,0.13551517946608613,0.2666110223725059,-3.3626268642780876e-10
base,down,0.5,1.1,7,0.2193110522541184,0.21931838915708057,0.438629441411199,4.5586905237266285e-10
base,down,0.5,1.1,8,0.1260263194558968,0.15657516658437204,0.2826014860402688,-7.976584180787014e-11
base,down,0.5,1.1,9,0.15824311242782074,0.12890502018240682,0.28714813261022754,1.182588277966178e-10
base,down,0.5,1.1,10,0.1276424211044096,0.15792411805557577,0.28556653915998537,6.277747089407114e-11
base,down,0.5,1.1,11,0.15978156485680672,0.15934633443508658,0.31912789929189334,3.038845519450205e-10
base,down,2.0,1.1,0,0.06791066461477044,0.03660130434547483,0.10451196896024527,3.984282053385647e-10
base,down,2.0,1.1,1,0.058070106950587216,0.05808498512268386,0.11615509207327107,1.007447987094275e-10
base,down,2.0,1.1,2,0.06554079042904519,0.034128792192112914,0.0996695826211581,-1.583390893222324e-11
base,down,2.0,1.1,3,0.06630695513877598,0.034899328748437174,0.10120628388721314,3.032803721903219e-10
base,down,2.0,1.1,4,0.05942112832695386,0.059500671459347815,0.11892179978630169,3.2397349916718504e-10
base,down,2.0,1.1,5,0.058164477367307794,0.05817772194156234,0.11634219930887013,1.773920016994843e-10
base,down,2.0,1.1,6,0.05864459279407839,0.05864634640973861,0.117290939203817,1.2261202997564208e-11
base,down,2.0,1.1,7,0.057785746989930116,0.05774756999012751,0.11553331698005763,1.193888812670116e-10
base,down,2.0,1.1,8,0.05372324453677436,0.057984041738926066,0.11170728627570042,-2.159833707213286e-11
base,down,2.0,1.1,9,0.05827845774911552,0.05828651323847211,0.11656497098758763,1.3973066740596385e-10
base,down,2.0,1.1,10,0.05835802092235426,0.05471240171147585,0.1130704226338301,9.047706706018951e-11
base,down,2.0,1.1,11,0.05938923591183141,0.05937931625918253,0.11876855217101394,3.025189978892616e-10
base,fresh,0.0,1.2,0,0.6609130998949785,0.6608415204851222,1.3217546203801007,4.017095874683416e-10
base,fresh,0.0,1.2,1,0.6608411047598065,0.6610064860226907,1.3218475907824971,-4.108208788452761e-11
base,fresh,0.0,1.2,2,0.6676831272261248,0.6608741667301007,1.3285572939562256,-3.377447434307853e-09
base,fresh,0.0,1.2,3,0.6610726458275054,0.6609738359175691,1.3220464817450743,-1.0707753065170347e-09
base,fresh,0.0,1.2,4,0.6610569099579301,0.6612573834477363,1.3223142934056664,-1.0886227019469879e-09
base,fresh,0.0,1.2,5,0.6610806851457182,0.6611540098305375,1.3222346949762556,-1.1635746053482196e-09
base,fresh,0.0,1.2,6,0.6608351515042498,0.6618346777413332,1.322669829245583,-9.370368690025226e-10
base,fresh,0.0,1.2,7,0.6653623935927655,0.6633953460491105,1.3287577396418762,-1.0271827577454908e-09
base,fresh,0.0,1.2,8,0.660906272068365,0.6610845281310185,1.3219908001993836,-7.608025073890836e-10
base,fresh,0.0,1.2,9,0.6608310808254885,0.6608856171375942,1.3217166979630828,-6.825001683886707e-10
base,fresh,0.0,1.2,10,0.6608373097405934,0.6609922046475538,1.3218295143881473,3.732544981873776e-10
base,fresh,0.0,1.2,11,0.6611609577687095,0.6608277707832251,1.3219887285519345,1.619057924745987e-10
base,fresh,0.5,1.2,0,0.27146225015957315,0.25239942926424547,0.5238616794238187,2.5261468173893045e-10
base,fresh,0.5,1.2,1,0.3202831278685086,0.3193614346672392,0.6396445625357479,4.943050455046389e-10
base,fresh,0.5,1.2,2,0.23496482445269237,0.21731649707441214,0.45228132152710454,-2.030556333736624e-10
base,fresh,0.5,1.2,3,0.3211708354719302,0.3210041145978947,0.6421749500698248,5.167405113861603e-12
base,fresh,0.5,1.2,4,0.32026607214655956,0.3204642689904068,0.6407303411369664,1.4537785178583334e-10
base,fresh,0.5,1.2,5,0.32190495887995596,0.3221700439255427,0.6440750028054987,-4.825101375150695e-11
base,fresh,0.5,1.2,6,0.3110937493208173,0.3005761483869345,0.6116698977077518,5.048941942122713e-10
base,fresh,0.5,1.2,7,0.27906342756996794,0.253819605016993,0.5328830325869609,2.1295884751065633e-10
base,fresh,0.5,1.2,8,0.31982051725950894,0.31977329938144977,0.6395938166409587,2.1896690027523118e-10
base,fresh,0.5,1.2,9,0.32098949402612276,0.3200951751677456,0.6410846691938683,3.672358852752568e-10
base,fresh,0.5,1.2,10,0.3122502875651764,0.30848929251141544,0.6207395800765918,5.157763806620015e-10
base,fresh,0.5,1.2,11,0.31587586202983914,0.3235134289903832,0.6393892910202224,5.132404171547501e-10
base,fresh,2.0,1.2,0,0.09634228288454395,0.06497007492750397,0.16131235781204792,4.4509324091215736e-13
base,fresh,2.0,1.2,1,0.13810461480600916,0.12956486181662658,0.26766947662263574,1.0750573502233373e-10
base,fresh,2.0,1.2,2,0.0922510876242957,0.07455550097044418,0.16680658859473987,2.37332704898279e-10
base,fresh,2.0,1.2,3,0.13033880928254982,0.13037835446378765,0.26071716374633747,8.726942130169774e-12
base,fresh,2.0,1.2,4,0.12957225422211358,0.1294888267774133,0.25906108099952685,7.580532613132666e-11
base,fresh,2.0,1.2,5,0.12966855064492386,0.1296562668502646,0.25932481749518843,1.2195368900332393e-11
base,fresh,2.0,1.2,6,0.12483217310831073,0.1229370480082262,0.24776922111653693,2.1496279028439485e-10
base,fresh,2.0,1.2,7,0.08747706199275744,0.08903715547996828,0.17651421747272572,2.4430783968128654e-10
base,fresh,2.0,1.2,8,0.1310455926064136,0.13084258112391467,0.26188817373032824,3.842446122608171e-11
base,fresh,2.0,1.2,9,0.12177983569867763,0.1217750464121598,0.24355488211083742,2.729624489152716e-10
base,fresh,2.0,1.2,10,0.09516406837506136,0.0951631772563643,0.19032724563142567,3.6395803248464244e-10
base,fresh,2.0,1.2,11,0.1271717811345584,0.12850489808873894,0.25567667922329734,1.2391889132195065e-10
base,up,0.0,1.2,0,0.6610795556921519,0.6610795556921519,1.3221591113843039,-1.0294303761033028e-09
base,up,0.0,1.2,1,0.6610795556921519,0.6610795556921519,1.3221591113843039,-1.0294303761033028e-09
base,up,0.0,1.2,2,0.6610795556921519,0.6610795556921519,1.3221591113843039,-1.0294303761033028e-09
base,up,0.0,1.2,3,0.6610795556921519,0.6610795556921519,1.3221591113843039,-1.0294303761033028e-09
base,up,0.0,1.2,4,0.6610795556921519,0.6610795556921519,1.3221591113843039,-1.0294303761033028e-09
base,up,0.0,1.2,5,0.6610795556921519,0.6610795556921519,1.3221591113843039,-1.0294303761033028e-09
base,up,0.0,1.2,6,0.6610795556921519,0.6610795556921519,1.3221591113843039,-1.0294303761033028e-09
base,up,0.0,1.2,7,0.6610795556921519,0.6610795556921519,1.3221591113843039,-1.0294303761033028e-09
base,up,0.0,1.2,8,0.6610795556921519,0.6610795556921519,1.3221591113843039,-1.0294303761033028e-09
base,up,0.0,1.2,9,0.6610795556921519,0.6610795556921519,1.3221591113843039,-1.0294303761033028e-09
base,up,0.0,1.2,10,0.6610795556921519,0.6610795556921519,1.3221591113843039,-1.0294303761033028e-09
base,up,0.0,1.2,11,0.6610795556921519,0.6610795556921519,1.3221591113843039,-1.0294303761033028e-09
base,up,0.5,1.2,0,0.3392941898937728,0.3392941898937728,0.6785883797875456,-6.331373021330207e-11
base,up,0.5,1.2,1,0.3392941898937663,0.3392941898937663,0.6785883797875326,-6.331855254831699e-11
base,up,0.5,1.2,2,0.3392941898937728,0.3392941898937728,0.6785883797875456,-6.331373021330207e-11
base,up,0.5,1.2,3,0.3392941898937728,0.3392941898937728,0.6785883797875456,-6.331373021330207e-11
base,up,0.5,1.2,4,0.3392941898937728,0.3392941898937728,0.6785883797875456,-6.331373021330207e-11
base,up,0.5,1.2,5,0.3392941898937728,0.3392941898937728,0.6785883797875456,-6.331373021330207e-11
base,up,0.5,1.2,6,0.3392941898937728,0.3392941898937728,0.6785883797875456,-6.331373021330207e-11
base,up,0.5,1.2,7,0.3392941898937728,0.3392941898937728,0.6785883797875456,-6.331373021330207e-11
base,up,0.5,1.2,8,0.3392941898937728,0.3392941898937728,0.6785883797875456,-6.331373021330207e-11
base,up,0.5,1.2,9,0.3392941898937728,0.3392941898937728,0.6785883797875456,-6.331373021330207e-11
base,up,0.5,1.2,10,0.3392941898937728,0.3392941898937728,0.6785883797875456,-6.331373021330207e-11
base,up,0.5,1.2,11,0.3392941898937728,0.3392941898937728,0.6785883797875456,-6.331373021330207e-11
base,up,2.0,1.2,0,0.13188262971128473,0.13188262971128473,0.26376525942256945,-1.4949949763684788e-12
base,up,2.0,1.2,1,0.1318826297112875,0.1318826297112875,0.263765259422575,-1.498387551957714e-12
base,up,2.0,1.2,2,0.13188262971128473,0.13188262971128473,0.26376525942256945,-1.4949949763684788e-12
base,up,2.0,1.2,3,0.13188262971128473,0.13188262971128473,0.26376525942256945,-1.4949949763684788e-12
base,up,2.0,1.2,4,0.13188262971128473,0.13188262971128473,0.26376525942256945,-1.4949949763684788e-12
base,up,2.0,1.2,5,0.13188262971128473,0.13188262971128473,0.26376525942256945,-1.4949949763684788e-12
base,up,2.0,1.2,6,0.13188262971128473,0.13188262971128473,0.26376525942256945,-1.4949949763684788e-12
base,up,2.0,1.2,7,0.13188262971128473,0.13188262971128473,0.26376525942256945,-1.4949949763684788e-12
base,up,2.0,1.2,8,0.13188262971128473,0.13188262971128473,0.26376525942256945,-1.4949949763684788e-12
base,up,2.0,1.2,9,0.13188262971128473,0.13188262971128473,0.26376525942256945,-1.4949949763684788e-12
base,up,2.0,1.2,10,0.13188262971128473,0.13188262971128473,0.26376525942256945,-1.4949949763684788e-12
base,up,2.0,1.2,11,0.13188262971128473,0.13188262971128473,0.26376525942256945,-1.4949949763684788e-12
base,down,0.0,1.2,0,0.6608885233235253,0.6609037158823616,1.321792239205887,2.5025260770385667e-10
base,down,0.0,1.2,1,0.6609022465342486,0.6614668277348728,1.3223690742691212,2.4134571162023973e-10
base,down,0.0,1.2,2,0.6637491633282582,0.6610120731066104,1.3247612364348686,-3.4373029974589407e-09
base,down,0.0,1.2,3,0.661717958296075,0.6613489130514995,1.3230668713475744,-1.0552499285544226e-09
base,down,0.0,1.2,4,0.6616567656773623,0.6624987053271593,1.3241554710045216,-8.128359229640942e-10
base,down,0.0,1.2,5,0.6617495646993905,0.6620482586776666,1.323797823377057,-1.0737735453113122e-09
base,down,0.0,1.2,6,0.660880290127281,0.6653372818873998,1.3262175720146807,-2.513682587499698e-09
base,down,0.0,1.2,7,0.6704345123710993,0.6700020409503054,1.3404365533214047,-7.846338663310552e-10
base,down,0.0,1.2,8,0.6611173165989254,0.6617647585626849,1.3228820751616102,-2.893848716805418e-10
base,down,0.0,1.2,9,0.6608632260553742,0.6610493972905698,1.321912623345944,-2.7612692998453346e-10
base,down,0.0,1.2,10,0.6608281441222909,0.6614147624406127,1.3222429065629036,-7.882187371983817e-10
base,down,0.0,1.2,11,0.6620775181702879,0.6608414199318066,1.3229189381020945,-1.109580001109424e-09
base,down,0.5,1.2,0,0.2236968158970649,0.21932156182418056,0.4430183777212454,-3.1853219945643135e-10
base,down,0.5,1.2,1,0.28669450106719835,0.307533488779346,0.5942279898465443,3.4403979301946187e-10
base,down,0.5,1.2,2,0.22567718917827478,0.2525090627075414,0.4781862518858162,6.486912420003016e-11
base,down,0.5,1.2,3,0.32389204314472264,0.3338164273028789,0.6577084704476015,4.695589084736167e-10
base,down,0.5,1.2,4,0.28035092961020325,0.25941539996664575,0.539766329576849,2.428571508078319e-10
base,down,0.5,1.2,5,0.32044334866037816,0.3203434559016776,0.6407868045620557,1.4739581892479457e-10
base,down,0.5,1.2,6,0.22199290293847299,0.2216439089272518,0.4436368118657248,-2.0627256765811127e-10
base,down,0.5,1.2,7,0.3171204222822368,0.329073607782129,0.6461940300643658,5.87246054069125e-10
base,down,0.5,1.2,8,0.2767116078179012,0.27619110534568764,0.5529027131635889,2.391919302763321e-10
base,down,0.5,1.2,9,0.317124839191838,0.31699195345883596,0.6341167926506739,5.153602178213826e-10
base,down,0.5,1.2,10,0.21839566884395198,0.21909889160554827,0.43749456044950025,-3.6167094521635315e-10
base,down,0.5,1.2,11,0.24912483439002245,0.22085631653676616,0.4699811509267886,-2.681030449814725e-11
base,down,2.0,1.2,0,0.06615818723024944,0.09752280230058688,0.16368098953083632,2.199402780912677e-10
base,down,2.0,1.2,1,0.09222131789432667,0.07543980591228575,0.1676611238066124,-2.978747344709517e-11
base,down,2.0,1.2,2,0.09476481059464746,0.09476482258066951,0.18952963317531696,3.6499108340055625e-10
base,down,2.0,1.2,3,0.06459269501526378,0.09599983630638477,0.16059253132164855,-1.594514255478504e-11
base,down,2.0,1.2,4,0.09049603568463695,0.09061943060723038,0.1811154662918673,3.859790153922852e-10
base,down,2.0,1.2,5,0.09898367686955581,0.06825502784705563,0.16723870471661145,2.3195503545360132e-10
base,down,2.0,1.2,6,0.09545669083005465,0.07570578322332892,0.17116247405338358,2.380737749151454e-10
base,down,2.0,1.2,7,0.06815085107191124,0.09853065900768514,0.16668151007959636,1.7887185282215286e-10
base,down,2.0,1.2,8,0.09214801543570957,0.09214843054073725,0.18429644597644682,3.8272969610069514e-10
base,down,2.0,1.2,9,0.09046372407058556,0.0788487921910945,0.16931251626168006,-5.708008982204988e-12
base,down,2.0,1.2,10,0.06746536896803874,0.09656348694944952,0.16402885591748828,-1.0580923541818569e-11
base,down,2.0,1.2,11,0.08870487075751556,0.0882758955163942,0.17698076627390974,3.6844496385331655e-10
base,fresh,0.0,1.5,0,1.1219353163190824,1.1244178003842726,2.246353116703355,2.8521596630904944e-09
base,fresh,0.0,1.5,1,1.124415234546808,1.12363947987473,2.2480547144215377,2.6799752739125237e-09
base,fresh,0.0,1.5,2,1.1107749525668265,1.1244340614326487,2.235209013999475,-2.9054231751611764e-09
base,fresh,0.0,1.5,3,1.1231002735051014,1.1238842270573135,2.246984500562415,1.677927803868605e-09
base,fresh,0.0,1.5,4,1.123232452738379,1.1214746627201462,2.2447071154585254,1.7409774207875138e-09
base,fresh,0.0,1.5,5,1.1230320151211186,1.1223935266511014,2.24542554177222,1.554830219970506e-09
base,fresh,0.0,1.5,6,1.1243612320208118,1.11715826059351,2.241519492614322,-2.734846585265758e-10
base,fresh,0.0,1.5,7,1.1112008608078188,1.1126723456233387,2.2238732064311577,1.7070831181094765e-09
base,fresh,0.0,1.5,8,1.124307824357969,1.1229992303099385,2.2473070546679077,2.107887138416458e-09
base,fresh,0.0,1.5,9,1.1242892926999553,1.1243981919498065,2.2486874846497615,2.0755975360768022e-09
base,fresh,0.0,1.5,10,1.123551584902882,1.1237487766208423,2.2473003615237244,2.4817696198933704e-09
base,fresh,0.0,1.5,11,1.1223320389355642,1.1241100832605542,2.246442122196118,1.9527312468740064e-09
base,fresh,0.5,1.5,0,0.5027435153580644,0.5034132902445381,1.0061568056026025,3.193871576689325e-10
base,fresh,0.5,1.5,1,0.5517681581442091,0.5556609681620137,1.1074291263062228,8.032732677823402e-10
base,fresh,0.5,1.5,2,0.436934862068577,0.43555545670523016,0.8724903187738071,-6.084746284127085e-10
base,fresh,0.5,1.5,3,0.5575109242599098,0.5590467435442182,1.116557667804128,2.13689721194924e-10
base,fresh,0.5,1.5,4,0.5581021812550069,0.5550332131441192,1.113135394399126,3.797818621138896e-10
base,fresh,0.5,1.5,5,0.5575716006258666,0.5560686631708477,1.1136402637967144,1.4067428342929662e-10
base,fresh,0.5,1.5,6,0.5121725675622473,0.5071599302501432,1.0193324978123903,4.921100864740734e-10
base,fresh,0.5,1.5,7,0.5436586279648159,0.5499631828392161,1.093621810804032,8.451596140285428e-10
base,fresh,0.5,1.5,8,0.5591694201214029,0.5579452544853638,1.1171146746067668,4.995936403153278e-10
base,fresh,0.5,1.5,9,0.5587157932559607,0.5588415066212751,1.1175572998772356,6.084484311898555e-10
base,fresh,0.5,1.5,10,0.5147441677883225,0.527736204750056,1.0424803725383787,7.155186272152038e-10
base,fresh,0.5,1.5,11,0.5316621915422465,0.5302522516750868,1.0619144432173333,7.441236118774952e-10
base,fresh,2.0,1.5,0,0.153670343485362,0.15560484293389412,0.3092751864192561,-2.3055052873391987e-11
base,fresh,2.0,1.5,1,0.2191072175561004,0.21910970384952186,0.4382169214056223,1.2738185118363936e-10
base,fresh,2.0,1.5,2,0.1600156645787696,0.1572133415894856,0.3172290061682552,8.346392115141834e-11
base,fresh,2.0,1.5,3,0.22158612207521122,0.22158347357098818,0.4431695956461994,1.8426485516607895e-11
base,fresh,2.0,1.5,4,0.22023453551883848,0.22023522113375804,0.4404697566525965,8.694943376374002e-11
base,fresh,2.0,1.5,5,0.22181153635314374,0.22181717639450585,0.4436287127476496,1.740980429808292e-11
base,fresh,2.0,1.5,6,0.19777759366133935,0.2096395525218746,0.40741714618321395,1.9539834680291678e-10
base,fresh,2.0,1.5,7,0.15307210248353095,0.15624326846120543,0.3093153709447364,1.6756821907038673e-11
base,fresh,2.0,1.5,8,0.22091095719018694,0.22091200511789819,0.44182296230808515,5.6234824514799003e-11
base,fresh,2.0,1.5,9,0.20185399034766627,0.20671276075048325,0.40856675109814955,1.8121294331307678e-10
base,fresh,2.0,1.5,10,0.18865426886352915,0.18389652296324135,0.37255079182677053,2.663034046015816e-10
base,fresh,2.0,1.5,11,0.21503070383982847,0.20703305840314737,0.4220637622429758,1.6130386728197643e-10
base,up,0.0,1.5,0,1.1103440228754078,1.1103440228754078,2.2206880457508156,1.5414758252291965e-09
base,up,0.0,1.5,1,1.1103440228754078,1.1103440228754078,2.2206880457508156,1.5414758252291965e-09
base,up,0.0,1.5,2,1.1103440228754078,1.1103440228754078,2.2206880457508156,1.5414758252291965e-09
base,up,0.0,1.5,3,1.1103440228754078,1.1103440228754078,2.2206880457508156,1.5414758252291965e-09
base,up,0.0,1.5,4,1.1103440228754078,1.1103440228754078,2.2206880457508156,1.5414758252291965e-09
base,up,0.0,1.5,5,1.1103440228754078,1.1103440228754078,2.2206880457508156,1.5414758252291965e-09
base,up,0.0,1.5,6,1.1103440228754078,1.1103440228754078,2.2206880457508156,1.5414758252291965e-09
base,up,0.0,1.5,7,1.1103440228754078,1.1103440228754078,2.2206880457508156,1.5414758252291965e-09
base,up,0.0,1.5,8,1.1103440228754078,1.1103440228754078,2.2206880457508156,1.5414758252291965e-09
base,up,0.0,1.5,9,1.1103440228754078,1.1103440228754078,2.2206880457508156,1.5414758252291965e-09
base,up,0.0,1.5,10,1.1103440228754078,1.1103440228754078,2.2206880457508156,1.5414758252291965e-09
base,up,0.0,1.5,11,1.1103440228754078,1.1103440228754078,2.2206880457508156,1.5414758252291965e-09
base,up,0.5,1.5,0,0.5599116960881139,0.5599116960881139,1.1198233921762277,1.151621790069287e-10
base,up,0.5,1.5,1,0.5599116960881568,0.5599116960881568,1.1198233921763137,1.1517059167411733e-10
base,up,0.5,1.5,2,0.5599116960881139,0.5599116960881139,1.1198233921762277,1.151621790069287e-10
base,up,0.5,1.5,3,0.5599116960881139,0.5599116960881139,1.1198233921762277,1.151621790069287e-10
base,up,0.5,1.5,4,0.5599116960881139,0.5599116960881139,1.1198233921762277,1.151621790069287e-10
base,up,0.5,1.5,5,0.5599116960881139,0.5599116960881139,1.1198233921762277,1.151621790069287e-10
base,up,0.5,1.5,6,0.5599116960881139,0.5599116960881139,1.1198233921762277,1.151621790069287e-10
base,up,0.5,1.5,7,0.5599116960881139,0.5599116960881139,1.1198233921762277,1.151621790069287e-10
base,up,0.5,1.5,8,0.5599116960881139,0.5599116960881139,1.1198233921762277,1.151621790069287e-10
base,up,0.5,1.5,9,0.5599116960881139,0.5599116960881139,1.1198233921762277,1.151621790069287e-10
base,up,0.5,1.5,10,0.5599116960881139,0.5599116960881139,1.1198233921762277,1.151621790069287e-10
base,up,0.5,1.5,11,0.5599116960881139,0.5599116960881139,1.1198233921762277,1.151621790069287e-10
base,up,2.0,1.5,0,0.22773386525323389,0.22773386525323389,0.45546773050646777,2.6260960268757116e-12
base,up,2.0,1.5,1,0.22773386525323744,0.22773386525323744,0.4554677305064749,2.6233454495950352e-12
base,up,2.0,1.5,2,0.22773386525323389,0.22773386525323389,0.45546773050646777,2.6260960268757116e-12
base,up,2.0,1.5,3,0.22773386525323389,0.22773386525323389,0.45546773050646777,2.6260960268757116e-12
base,up,2.0,1.5,4,0.22773386525323389,0.22773386525323389,0.45546773050646777,2.6260960268757116e-12
base,up,2.0,1.5,5,0.22773386525323389,0.22773386525323389,0.45546773050646777,2.6260960268757116e-12
base,up,2.0,1.5,6,0.22773386525323389,0.22773386525323389,0.45546773050646777,2.6260960268757116e-12
base,up,2.0,1.5,7,0.22773386525323389,0.22773386525323389,0.45546773050646777,2.6260960268757116e-12
base,up,2.0,1.5,8,0.22773386525323389,0.22773386525323389,0.45546773050646777,2.6260960268757116e-12
base,up,2.0,1.5,9,0.22773386525323389,0.22773386525323389,0.45546773050646777,2.6260960268757116e-12
base,up,2.0,1.5,10,0.22773386525323389,0.22773386525323389,0.45546773050646777,2.6260960268757116e-12
base,up,2.0,1.5,11,0.22773386525323389,0.22773386525323389,0.45546773050646777,2.6260960268757116e-12
base,down,0.0,1.5,0,1.1105488152718959,1.1142277192780494,2.224776534549945,2.4091996626324134e-09
base,down,0.0,1.5,1,1.1141706261622364,1.1227932371490674,2.2369638633113036,2.7314088233641732e-09
base,down,0.0,1.5,2,1.1197981122466052,1.1176978405783138,2.237495952824919,-3.1038905257678667e-09
base,down,0.0,1.5,3,1.1235421387943034,1.122185677671552,2.2457278164658554,1.9047829703270766e-09
base,down,0.0,1.5,4,1.1234047600985986,1.1242948790621465,2.247699639160745,2.013270959984082e-09
base,down,0.0,1.5,5,1.1236050273139409,1.1240137058946873,2.247618733208628,1.7352279094320956e-09
base,down,0.0,1.5,6,1.1132849480531746,1.12436797660634,2.2376529246595145,-2.068298897445811e-09
base,down,0.0,1.5,7,1.1230471596725011,1.123665951790182,2.2467131114626833,1.6278797670752107e-09
base,down,0.0,1.5,8,1.1198347869910867,1.1236335216136888,2.2434683086047755,2.5876316464497766e-09
base,down,0.0,1.5,9,1.112551587224395,1.1185739694037256,2.2311255566281205,2.3683709501910486e-09
base,down,0.0,1.5,10,1.110431180927498,1.1225541414864955,2.2329853224139935,8.695919909958833e-11
base,down,0.0,1.5,11,1.124040892922228,1.1115223527325737,2.235563245654802,-5.77860447176434e-10
base,down,0.5,1.5,0,0.5080957063818673,0.507968569848401,1.0160642762302683,4.6063345591035634e-10
base,down,0.5,1.5,1,0.4790201268062609,0.4980118115617589,0.9770319383680197,1.4152828749028786e-10
base,down,0.5,1.5,2,0.43962406004925697,0.437579945470103,0.87720400551936,-5.444567683044154e-10
base,down,0.5,1.5,3,0.5473736628850847,0.5501404415284756,1.0975141044135603,4.306794988173539e-10
base,down,0.5,1.5,4,0.5549401153825241,0.5482055701747239,1.103145685557248,5.653571010379036e-10
base,down,0.5,1.5,5,0.5490383715299779,0.5519001225394308,1.1009384940694087,3.3162783376333494e-10
base,down,0.5,1.5,6,0.4416680394291865,0.4409059616355222,0.8825740010647087,-5.239494860969267e-10
base,down,0.5,1.5,7,0.5366561390074804,0.5345473574951762,1.0712034965026567,7.750104132438863e-10
base,down,0.5,1.5,8,0.5592629420347728,0.5581671276587966,1.1174300696935693,5.119756898572883e-10
base,down,0.5,1.5,9,0.5574201680316853,0.5582412135424383,1.1156613815741236,6.565474037768267e-10
base,down,0.5,1.5,10,0.49719569984331,0.4786292719092083,0.9758249717525183,9.929518112634744e-11
base,down,0.5,1.5,11,0.4690992810348857,0.4713076187759506,0.9404068998108364,-1.625850433336817e-10
base,down,2.0,1.5,0,0.1570735324624979,0.15707352541334538,0.3141470578758433,9.172935381047377e-11
base,down,2.0,1.5,1,0.21855177862984462,0.21855221555893806,0.43710399418878265,1.2739480099167751e-10
base,down,2.0,1.5,2,0.18126157147959718,0.1519342497332782,0.3331958212128754,2.52929813686928e-10
base,down,2.0,1.5,3,0.16559328599974116,0.16830845965252458,0.3339017456522657,2.769601093963929e-10
base,down,2.0,1.5,4,0.15734079098336892,0.15736969165450035,0.31471048263786927,1.065689337905213e-10
base,down,2.0,1.5,5,0.1907806076221837,0.1909862256195568,0.38176683324174054,2.599308471763618e-10
base,down,2.0,1.5,6,0.1578526543936472,0.15415816891716902,0.3120108233108162,6.824586039250466e-11
base,down,2.0,1.5,7,0.16314926402953048,0.15819180936090235,0.32134107339043283,1.628205531840087e-10
base,down,2.0,1.5,8,0.15954325665341926,0.1590394580222656,0.3185827146756849,1.863450682378088e-10
base,down,2.0,1.5,9,0.21225766873434637,0.19189061886813888,0.4041482876024852,2.333308159122835e-10
base,down,2.0,1.5,10,0.1628360621271591,0.1572927215252399,0.320128783652399,1.5919062279056358e-10
base,down,2.0,1.5,11,0.1563629182360559,0.15610092196375874,0.31246384019981466,4.1023303696357744e-11
base,fresh,0.0,2.0,0,1.730846129229979,1.7303109519388105,3.4611570811687895,8.354186102053796e-09
base,fresh,0.0,2.0,1,1.7303112138894097,1.7307444634534845,3.461055677342894,8.363617667061003e-09
base,fresh,0.0,2.0,2,1.7337093705510649,1.7303416243220198,3.4640509948730847,1.7624931332786448e-09
base,fresh,0.0,2.0,3,1.7309948656695806,1.7306275927404828,3.4616224584100634,7.443162962581169e-09
base,fresh,0.0,2.0,4,1.7309342620757553,1.7317039745442566,3.4626382366200117,7.53798341389309e-09
base,fresh,0.0,2.0,5,1.7310259728903832,1.7313111112548227,3.462337084145206,7.246490352017202e-09
base,fresh,0.0,2.0,6,1.7303194481622026,1.7333287690539145,3.463648217216117,2.7763124112077657e-09
base,fresh,0.0,2.0,7,1.734907605837451,1.7346826641126034,3.4695902699500545,7.389644748453477e-09
base,fresh,0.0,2.0,8,1.7304156849505312,1.7310408759242366,3.461456560874768,7.984764615351995e-09
base,fresh,0.0,2.0,9,1.7303337527173728,1.7303649360773203,3.460698688794693,7.87642859584167e-09
base,fresh,0.0,2.0,10,1.7305037977423885,1.7306925796601467,3.461196377402535,7.303328395520003e-09
base,fresh,0.0,2.0,11,1.7313380497508506,1.7303740088989066,3.4617120586497574,6.1041999135669396e-09
base,fresh,0.5,2.0,0,0.8313401284619784,0.8258382229788684,1.6571783514408467,1.2215951052461983e-09
base,fresh,0.5,2.0,1,0.8493921140433812,0.8493996377284816,1.698791751771863,1.3914744235030154e-09
base,fresh,0.5,2.0,2,0.7538578160265129,0.7527708154584819,1.5066286314849948,-1.0435070936504826e-09
base,fresh,0.5,2.0,3,0.8690029622041565,0.869382251220457,1.7383852134246136,6.357234741042987e-10
base,fresh,0.5,2.0,4,0.8670838699867783,0.866690418013278,1.7337742880000562,8.45041291434042e-10
base,fresh,0.5,2.0,5,0.8695209555619806,0.8687866283096823,1.7383075838716628,5.21425561226987e-10
base,fresh,0.5,2.0,6,0.8081714606825855,0.8024876437930658,1.6106591044756513,5.20600113425578e-10
base,fresh,0.5,2.0,7,0.8581863284979295,0.8629294192301356,1.721115747728065,9.564802917826845e-10
base,fresh,0.5,2.0,8,0.8577606469428268,0.863042168207302,1.7208028151501287,1.0419202173126664e-09
base,fresh,0.5,2.0,9,0.8548535341814769,0.8574156455797205,1.7122691797611975,1.070400340624766e-09
base,fresh,0.5,2.0,10,0.8319885839349442,0.8214980089931975,1.6534865929281417,1.2062106061201728e-09
base,fresh,0.5,2.0,11,0.8206887501792315,0.8306150763024158,1.6513038264816473,1.1718337217580095e-09
base,fresh,2.0,2.0,0,0.28223607096425307,0.2526287067958624,0.5348647777601154,-2.685664937841451e-11
base,fresh,2.0,2.0,1,0.3352580495868374,0.3405402950256212,0.6757983446124587,1.7641167820569362e-10
base,fresh,2.0,2.0,2,0.2835913748301328,0.25521142734034563,0.5388028021704785,-4.658525025703439e-14
base,fresh,2.0,2.0,3,0.3456154495234152,0.345615379425799,0.6912308289492142,3.606544281991072e-11
base,fresh,2.0,2.0,4,0.3438376595205812,0.3438378388851516,0.6876754984057328,1.1164089533377487e-10
base,fresh,2.0,2.0,5,0.3457814603053225,0.3457824068472125,0.691563867152535,2.8931418772190484e-11
base,fresh,2.0,2.0,6,0.3244367788207698,0.31747792457279883,0.6419147033935686,2.2374011438897622e-10
base,fresh,2.0,2.0,7,0.2807088230090591,0.25320344457400784,0.533912267583067,-5.2031482031206684e-11
base,fresh,2.0,2.0,8,0.34442046960656486,0.3444273324669236,0.6888478020734885,9.110385097658097e-11
base,fresh,2.0,2.0,9,0.3295134276314421,0.3300074905608538,0.6595209181922959,1.8735445774151297e-10
base,fresh,2.0,2.0,10,0.3126758858386092,0.30851664906385706,0.6211925349024663,2.2038404043706217e-10
base,fresh,2.0,2.0,11,0.3237685466129353,0.3259905551271598,0.6497591017400951,2.0293781581792367e-10
base,up,0.0,2.0,0,1.730431825525609,1.730431825525609,3.460863651051218,7.325897095104595e-09
base,up,0.0,2.0,1,1.730431825525609,1.730431825525609,3.460863651051218,7.325897095104595e-09
base,up,0.0,2.0,2,1.730431825525609,1.730431825525609,3.460863651051218,7.325897095104595e-09
base,up,0.0,2.0,3,1.730431825525609,1.730431825525609,3.460863651051218,7.325897095104595e-09
base,up,0.0,2.0,4,1.730431825525609,1.730431825525609,3.460863651051218,7.325897095104595e-09
base,up,0.0,2.0,5,1.730431825525609,1.730431825525609,3.460863651051218,7.325897095104595e-09
base,up,0.0,2.0,6,1.730431825525609,1.730431825525609,3.460863651051218,7.325897095104595e-09
base,up,0.0,2.0,7,1.730431825525609,1.730431825525609,3.460863651051218,7.325897095104595e-09
base,up,0.0,2.0,8,1.730431825525609,1.730431825525609,3.460863651051218,7.325897095104595e-09
base,up,0.0,2.0,9,1.730431825525609,1.730431825525609,3.460863651051218,7.325897095104595e-09
base,up,0.0,2.0,10,1.730431825525609,1.730431825525609,3.460863651051218,7.325897095104595e-09
base,up,0.0,2.0,11,1.730431825525609,1.730431825525609,3.460863651051218,7.325897095104595e-09
base,up,0.5,2.0,0,0.8671250121165065,0.8671250121165065,1.734250024233013,4.45100300640066e-10
base,up,0.5,2.0,1,0.867125012116465,0.867125012116465,1.73425002423293,4.4511169611660705e-10
base,up,0.5,2.0,2,0.8671250121165065,0.8671250121165065,1.734250024233013,4.45100300640066e-10
base,up,0.5,2.0,3,0.8671250121165065,0.8671250121165065,1.734250024233013,4.45100300640066e-10
base,up,0.5,2.0,4,0.8671250121165065,0.8671250121165065,1.734250024233013,4.45100300640066e-10
base,up,0.5,2.0,5,0.8671250121165065,0.8671250121165065,1.734250024233013,4.45100300640066e-10
base,up,0.5,2.0,6,0.8671250121165065,0.8671250121165065,1.734250024233013,4.45100300640066e-10
base,up,0.5,2.0,7,0.8671250121165065,0.8671250121165065,1.734250024233013,4.45100300640066e-10
base,up,0.5,2.0,8,0.8671250121165065,0.8671250121165065,1.734250024233013,4.45100300640066e-10
base,up,0.5,2.0,9,0.8671250121165065,0.8671250121165065,1.734250024233013,4.45100300640066e-10
base,up,0.5,2.0,10,0.8671250121165065,0.8671250121165065,1.734250024233013,4.45100300640066e-10
base,up,0.5,2.0,11,0.8671250121165065,0.8671250121165065,1.734250024233013,4.45100300640066e-10
base,up,2.0,2.0,0,0.3460766197799752,0.3460766197799752,0.6921532395599505,1.174165073028074e-11
base,up,2.0,2.0,1,0.3460766197799745,0.3460766197799745,0.692153239559949,1.1743502682389077e-11
base,up,2.0,2.0,2,0.3460766197799752,0.3460766197799752,0.6921532395599505,1.174165073028074e-11
base,up,2.0,2.0,3,0.3460766197799752,0.3460766197799752,0.6921532395599505,1.174165073028074e-11
base,up,2.0,2.0,4,0.3460766197799752,0.3460766197799752,0.6921532395599505,1.174165073028074e-11
base,up,2.0,2.0,5,0.3460766197799752,0.3460766197799752,0.6921532395599505,1.174165073028074e-11
base,up,2.0,2.0,6,0.3460766197799752,0.3460766197799752,0.6921532395599505,1.174165073028074e-11
base,up,2.0,2.0,7,0.3460766197799752,0.3460766197799752,0.6921532395599505,1.174165073028074e-11
base,up,2.0,2.0,8,0.3460766197799752,0.3460766197799752,0.6921532395599505,1.174165073028074e-11
base,up,2.0,2.0,9,0.3460766197799752,0.3460766197799752,0.6921532395599505,1.174165073028074e-11
base,up,2.0,2.0,10,0.3460766197799752,0.3460766197799752,0.6921532395599505,1.174165073028074e-11
base,up,2.0,2.0,11,0.3460766197799752,0.3460766197799752,0.6921532395599505,1.174165073028074e-11
base,down,0.0,2.0,0,1.730846129229979,1.7303109519388105,3.4611570811687895,8.354186102053796e-09
base,down,0.0,2.0,1,1.7303112138894097,1.7307444634534845,3.461055677342894,8.363617667061003e-09
base,down,0.0,2.0,2,1.7337093705510649,1.7303416243220198,3.4640509948730847,1.7624931332786448e-09
base,down,0.0,2.0,3,1.7309948656695806,1.7306275927404828,3.4616224584100634,7.443162962581169e-09
base,down,0.0,2.0,4,1.7309342620757553,1.7317039745442566,3.4626382366200117,7.53798341389309e-09
base,down,0.0,2.0,5,1.7310259728903832,1.7313111112548227,3.462337084145206,7.246490352017202e-09
base,down,0.0,2.0,6,1.7303194481622026,1.7333287690539145,3.463648217216117,2.7763124112077657e-09
base,down,0.0,2.0,7,1.734907605837451,1.7346826641126034,3.4695902699500545,7.389644748453477e-09
base,down,0.0,2.0,8,1.7304156849505312,1.7310408759242366,3.461456560874768,7.984764615351995e-09
base,down,0.0,2.0,9,1.7303337527173728,1.7303649360773203,3.460698688794693,7.87642859584167e-09
base,down,0.0,2.0,10,1.7305037977423885,1.7306925796601467,3.461196377402535,7.303328395520003e-09
base,down,0.0,2.0,11,1.7313380497508506,1.7303740088989066,3.4617120586497574,6.1041999135669396e-09
base,down,0.5,2.0,0,0.8313401284619784,0.8258382229788684,1.6571783514408467,1.2215951052461983e-09
base,down,0.5,2.0,1,0.8493921140433812,0.8493996377284816,1.698791751771863,1.3914744235030154e-09
base,down,0.5,2.0,2,0.7538578160265129,0.7527708154584819,1.5066286314849948,-1.0435070936504826e-09
base,down,0.5,2.0,3,0.8690029622041565,0.869382251220457,1.7383852134246136,6.357234741042987e-10
base,down,0.5,2.0,4,0.8670838699867783,0.866690418013278,1.7337742880000562,8.45041291434042e-10
base,down,0.5,2.0,5,0.8695209555619806,0.8687866283096823,1.7383075838716628,5.21425561226987e-10
base,down,0.5,2.0,6,0.8081714606825855,0.8024876437930658,1.6106591044756513,5.20600113425578e-10
base,down,0.5,2.0,7,0.8581863284979295,0.8629294192301356,1.721115747728065,9.564802917826845e-10
base,down,0.5,2.0,8,0.8577606469428268,0.863042168207302,1.7208028151501287,1.0419202173126664e-09
base,down,0.5,2.0,9,0.8548535341814769,0.8574156455797205,1.7122691797611975,1.070400340624766e-09
base,down,0.5,2.0,10,0.8319885839349442,0.8214980089931975,1.6534865929281417,1.2062106061201728e-09
base,down,0.5,2.0,11,0.8206887501792315,0.8306150763024158,1.6513038264816473,1.1718337217580095e-09
base,down,2.0,2.0,0,0.28223607096425307,0.2526287067958624,0.5348647777601154,-2.685664937841451e-11
base,down,2.0,2.0,1,0.3352580495868374,0.3405402950256212,0.6757983446124587,1.7641167820569362e-10
base,down,2.0,2.0,2,0.2835913748301328,0.25521142734034563,0.5388028021704785,-4.658525025703439e-14
base,down,2.0,2.0,3,0.3456154495234152,0.345615379425799,0.6912308289492142,3.606544281991072e-11
base,down,2.0,2.0,4,0.3438376595205812,0.3438378388851516,0.6876754984057328,1.1164089533377487e-10
base,down,2.0,2.0,5,0.3457814603053225,0.3457824068472125,0.691563867152535,2.8931418772190484e-11
base,down,2.0,2.0,6,0.3244367788207698,0.31747792457279883,0.6419147033935686,2.2374011438897622e-10
base,down,2.0,2.0,7,0.2807088230090591,0.25320344457400784,0.533912267583067,-5.2031482031206684e-11
base,down,2.0,2.0,8,0.34442046960656486,0.3444273324669236,0.6888478020734885,9.110385097658097e-11
base,down,2.0,2.0,9,0.3295134276314421,0.3300074905608538,0.6595209181922959,1.8735445774151297e-10
base,down,2.0,2.0,10,0.3126758858386092,0.30851664906385706,0.6211925349024663,2.2038404043706217e-10
base,down,2.0,2.0,11,0.3237685466129353,0.3259905551271598,0.6497591017400951,2.0293781581792367e-10
half_step,fresh,0.0,0.0,0,-8.761300431096913e-46,3.836652119498269e-45,2.9605220763885777e-45,2.8278194923846907e-10
half_step,fresh,0.0,0.0,1,3.988025550143182e-45,2.8606568914821625e-46,4.2740912392913986e-45,-1.065576178646093e-10
half_step,fresh,0.0,0.0,2,-3.4429708427598405e-46,1.1062279178999447e-45,7.619308336239607e-46,2.3969236640507366e-10
half_step,fresh,0.0,0.0,3,1.8672596586377993e-46,3.6180711001287846e-46,5.485330758766584e-46,-4.1473364265596823e-10
half_step,fresh,0.0,0.0,4,2.0598767322306057e-46,5.243676028390583e-47,2.584244335069664e-46,-5.273939753407564e-10
half_step,fresh,0.0,0.0,5,1.776539189212961e-46,1.1234247573099574e-46,2.8999639465229186e-46,-8.026035885610139e-10
half_step,fresh,0.0,0.0,6,1.057869287985145e-44,-8.216439772410325e-47,1.0496528482127347e-44,-1.3905000278777485e-10
half_step,fresh,0.0,0.0,7,-2.170544148940031e-46,-1.7504257109889084e-46,-3.92096985992894e-46,-5.622408801433801e-10
half_step,fresh,0.0,0.0,8,6.790483663188973e-46,1.7348333465064716e-46,8.525317009695444e-46,-2.8374565158625747e-10
half_step,fresh,0.0,0.0,9,-2.335638188774943e-44,9.02797105773798e-46,-2.2453584781975634e-44,8.32888914766178e-11
half_step,fresh,0.0,0.0,10,-1.56183575599952e-45,3.1605523330281652e-46,-1.2457805226967033e-45,2.9175003677663765e-10
half_step,fresh,0.0,0.0,11,1.0739023613913505e-46,-3.770736672486458e-45,-3.663346436347323e-45,-9.259240475398509e-11
half_step,fresh,0.5,0.0,0,1.3493444825340138e-24,1.3493444825340138e-24,2.6986889650680276e-24,1.0213864958704978e-10
half_step,fresh,0.5,0.0,1,0.0,0.0,0.0,1.707397604311046e-11
half_step,fresh,0.5,0.0,2,9.841816522240722e-25,9.841816522240722e-25,1.9683633044481444e-24,6.732500553141647e-11
half_step,fresh,0.5,0.0,3,1.4010511774666934e-24,1.4010511774666934e-24,2.802102354933387e-24,-3.99403037904058e-11
half_step,fresh,0.5,0.0,4,6.579552391639893e-25,6.579552391639893e-25,1.3159104783279787e-24,-7.903587541776046e-12
half_step,fresh,0.5,0.0,5,7.493933505201747e-25,7.493933505201747e-25,1.4987867010403494e-24,-4.512261323859895e-11
half_step,fresh,0.5,0.0,6,6.248815127271688e-24,6.248815127271688e-24,1.2497630254543376e-23,-7.40894311541182e-12
half_step,fresh,0.5,0.0,7,-1.015303395055299e-24,-1.015303395055299e-24,-2.030606790110598e-24,-3.504033234108641e-11
half_step,fresh,0.5,0.0,8,2.059294988133696e-24,2.059294988133696e-24,4.118589976267392e-24,-2.2933923383220533e-11
half_step,fresh,0.5,0.0,9,-2.326796364822314e-24,-2.326796364822314e-24,-4.653592729644628e-24,1.3647523928383886e-10
half_step,fresh,0.5,0.0,10,-1.4130039242638174e-24,-1.4130039242638174e-24,-2.8260078485276348e-24,1.2164953447228093e-10
half_step,fresh,0.5,0.0,11,-3.65037555017933e-24,-3.65037555017933e-24,-7.30075110035866e-24,1.4417969080094782e-11
half_step,fresh,2.0,0.0,0,5.730855342360337e-12,5.730855342360337e-12,1.1461710684720674e-11,3.5080382138244005e-11
half_step,fresh,2.0,0.0,1,-2.4407897925016185e-11,-2.4407897925016185e-11,-4.881579585003237e-11,2.1749812711386197e-11
half_step,fresh,2.0,0.0,2,6.940849428586233e-12,6.940849428586233e-12,1.3881698857172467e-11,-3.2650161742683493e-11
half_step,fresh,2.0,0.0,3,1.4812595335052273e-11,1.4812595335052273e-11,2.962519067010455e-11,-2.4380984650646204e-12
half_step,fresh,2.0,0.0,4,6.951881076487474e-12,6.951881076487474e-12,1.3903762152974948e-11,-6.815913130397546e-12
half_step,fresh,2.0,0.0,5,7.992160940087754e-12,7.992160940087754e-12,1.5984321880175508e-11,-1.8857122154438988e-12
half_step,fresh,2.0,0.0,6,2.9218103509056275e-11,2.9218103509056275e-11,5.843620701811255e-11,2.1829378320563417e-12
half_step,fresh,2.0,0.0,7,-1.0841777110113257e-11,-1.0841777110113257e-11,-2.1683554220226514e-11,-7.61570247672722e-13
half_step,fresh,2.0,0.0,8,2.081982735746702e-11,2.081982735746702e-11,4.163965471493404e-11,-1.0286234515669873e-12
half_step,fresh,2.0,0.0,9,-7.891772197941561e-12,-7.891772197941561e-12,-1.5783544395883122e-11,4.5377907069302325e-11
half_step,fresh,2.0,0.0,10,-9.302743863024977e-12,-9.302743863024977e-12,-1.8605487726049954e-11,9.422191694291917e-12
half_step,fresh,2.0,0.0,11,-2.1578475931211438e-11,-2.1578475931211438e-11,-4.3156951862422876e-11,1.0507157124394849e-11
half_step,up,0.0,0.0,0,-8.761300431096913e-46,3.836652119498269e-45,2.9605220763885777e-45,2.8278194923846907e-10
half_step,up,0.0,0.0,1,3.988025550143182e-45,2.8606568914821625e-46,4.2740912392913986e-45,-1.065576178646093e-10
half_step,up,0.0,0.0,2,-3.4429708427598405e-46,1.1062279178999447e-45,7.619308336239607e-46,2.3969236640507366e-10
half_step,up,0.0,0.0,3,1.8672596586377993e-46,3.6180711001287846e-46,5.485330758766584e-46,-4.1473364265596823e-10
half_step,up,0.0,0.0,4,2.0598767322306057e-46,5.243676028390583e-47,2.584244335069664e-46,-5.273939753407564e-10
half_step,up,0.0,0.0,5,1.776539189212961e-46,1.1234247573099574e-46,2.8999639465229186e-46,-8.026035885610139e-10
half_step,up,0.0,0.0,6,1.057869287985145e-44,-8.216439772410325e-47,1.0496528482127347e-44,-1.3905000278777485e-10
half_step,up,0.0,0.0,7,-2.170544148940031e-46,-1.7504257109889084e-46,-3.92096985992894e-46,-5.622408801433801e-10
half_step,up,0.0,0.0,8,6.790483663188973e-46,1.7348333465064716e-46,8.525317009695444e-46,-2.8374565158625747e-10
half_step,up,0.0,0.0,9,-2.335638188774943e-44,9.02797105773798e-46,-2.2453584781975634e-44,8.32888914766178e-11
half_step,up,0.0,0.0,10,-1.56183575599952e-45,3.1605523330281652e-46,-1.2457805226967033e-45,2.9175003677663765e-10
half_step,up,0.0,0.0,11,1.0739023613913505e-46,-3.770736672486458e-45,-3.663346436347323e-45,-9.259240475398509e-11
half_step,up,0.5,0.0,0,1.3493444825340138e-24,1.3493444825340138e-24,2.6986889650680276e-24,1.0213864958704978e-10
half_step,up,0.5,0.0,1,0.0,0.0,0.0,1.707397604311046e-11
half_step,up,0.5,0.0,2,9.841816522240722e-25,9.841816522240722e-25,1.9683633044481444e-24,6.732500553141647e-11
half_step,up,0.5,0.0,3,1.4010511774666934e-24,1.4010511774666934e-24,2.802102354933387e-24,-3.99403037904058e-11
half_step,up,0.5,0.0,4,6.579552391639893e-25,6.579552391639893e-25,1.3159104783279787e-24,-7.903587541776046e-12
half_step,up,0.5,0.0,5,7.493933505201747e-25,7.493933505201747e-25,1.4987867010403494e-24,-4.512261323859895e-11
half_step,up,0.5,0.0,6,6.248815127271688e-24,6.248815127271688e-24,1.2497630254543376e-23,-7.40894311541182e-12
half_step,up,0.5,0.0,7,-1.015303395055299e-24,-1.015303395055299e-24,-2.030606790110598e-24,-3.504033234108641e-11
half_step,up,0.5,0.0,8,2.059294988133696e-24,2.059294988133696e-24,4.118589976267392e-24,-2.2933923383220533e-11
half_step,up,0.5,0.0,9,-2.326796364822314e-24,-2.326796364822314e-24,-4.653592729644628e-24,1.3647523928383886e-10
half_step,up,0.5,0.0,10,-1.4130039242638174e-24,-1.4130039242638174e-24,-2.8260078485276348e-24,1.2164953447228093e-10
half_step,up,0.5,0.0,11,-3.65037555017933e-24,-3.65037555017933e-24,-7.30075110035866e-24,1.4417969080094782e-11
half_step,up,2.0,0.0,0,5.730855342360337e-12,5.730855342360337e-12,1.1461710684720674e-11,3.5080382138244005e-11
half_step,up,2.0,0.0,1,-2.4407897925016185e-11,-2.4407897925016185e-11,-4.881579585003237e-11,2.1749812711386197e-11
half_step,up,2.0,0.0,2,6.940849428586233e-12,6.940849428586233e-12,1.3881698857172467e-11,-3.2650161742683493e-11
half_step,up,2.0,0.0,3,1.4812595335052273e-11,1.4812595335052273e-11,2.962519067010455e-11,-2.4380984650646204e-12
half_step,up,2.0,0.0,4,6.951881076487474e-12,6.951881076487474e-12,1.3903762152974948e-11,-6.815913130397546e-12
half_step,up,2.0,0.0,5,7.992160940087754e-12,7.992160940087754e-12,1.5984321880175508e-11,-1.8857122154438988e-12
half_step,up,2.0,0.0,6,2.9218103509056275e-11,2.9218103509056275e-11,5.843620701811255e-11,2.1829378320563417e-12
half_step,up,2.0,0.0,7,-1.0841777110113257e-11,-1.0841777110113257e-11,-2.1683554220226514e-11,-7.61570247672722e-13
half_step,up,2.0,0.0,8,2.081982735746702e-11,2.081982735746702e-11,4.163965471493404e-11,-1.0286234515669873e-12
half_step,up,2.0,0.0,9,-7.891772197941561e-12,-7.891772197941561e-12,-1.5783544395883122e-11,4.5377907069302325e-11
half_step,up,2.0,0.0,10,-9.302743863024977e-12,-9.302743863024977e-12,-1.8605487726049954e-11,9.422191694291917e-12
half_step,up,2.0,0.0,11,-2.1578475931211438e-11,-2.1578475931211438e-11,-4.3156951862422876e-11,1.0507157124394849e-11
half_step,down,0.0,0.0,0,0.0,0.0,0.0,-9.269885518041541e-10
half_step,down,0.0,0.0,1,0.0,0.0,0.0,-9.270526323915741e-10
half_step,down,0.0,0.0,2,0.0,0.0,0.0,-9.270526323915741e-10
half_step,down,0.0,0.0,3,0.0,0.0,0.0,-9.270526323915741e-10
half_step,down,0.0,0.0,4,0.0,0.0,0.0,-9.270526323915741e-10
half_step,down,0.0,0.0,5,0.0,0.0,0.0,-9.270526323915741e-10
half_step,down,0.0,0.0,6,0.0,0.0,0.0,-9.270526323915741e-10
half_step,down,0.0,0.0,7,0.0,0.0,0.0,-9.270526323915741e-10
half_step,down,0.0,0.0,8,0.0,0.0,0.0,-9.270526323915741e-10
half_step,down,0.0,0.0,9,0.0,0.0,0.0,-9.269885518041541e-10
half_step,down,0.0,0.0,10,0.0,0.0,0.0,-9.269885518041541e-10
half_step,down,0.0,0.0,11,0.0,0.0,0.0,-9.269885518041541e-10
half_step,down,0.5,0.0,0,0.0,0.0,0.0,-5.758954582059202e-11
half_step,down,0.5,0.0,1,0.0,0.0,0.0,-5.758314860456364e-11
half_step,down,0.5,0.0,2,0.0,0.0,0.0,-5.760591835652897e-11
half_step,down,0.5,0.0,3,0.0,0.0,0.0,-5.759023252739734e-11
half_step,down,0.5,0.0,4,0.0,0.0,0.0,-5.7586582138590205e-11
half_step,down,0.5,0.0,5,0.0,0.0,0.0,-5.760711105782238e-11
half_step,down,0.5,0.0,6,0.0,0.0,0.0,-5.758589543178488e-11
half_step,down,0.5,0.0,7,0.0,0.0,0.0,-5.759023252739734e-11
half_step,down,0.5,0.0,8,0.0,0.0,0.0,-5.7586582138590205e-11
half_step,down,0.5,0.0,9,0.0,0.0,0.0,-5.761770079960952e-11
half_step,down,0.5,0.0,10,0.0,0.0,0.0,-5.7596702028352613e-11
half_step,down,0.5,0.0,11,0.0,0.0,0.0,-5.7596702028352613e-11
half_step,down,2.0,0.0,0,-5.508979938895209e-12,-5.508979938895209e-12,-1.1017959877790418e-11,-1.2687811792557577e-12
half_step,down,2.0,0.0,1,-5.508979938895209e-12,-5.508979938895209e-12,-1.1017959877790418e-11,-1.2658536397166806e-12
half_step,down,2.0,0.0,2,-5.5088378303480564e-12,-5.5088378303480564e-12,-1.1017675660696113e-11,-1.2619502536645766e-12
half_step,down,2.0,0.0,3,-5.508979938895209e-12,-5.508979938895209e-12,-1.1017959877790418e-11,-1.2680944724502948e-12
half_step,down,2.0,0.0,4,-5.508979938895209e-12,-5.508979938895209e-12,-1.1017959877790418e-11,-1.2650223630574102e-12
half_step,down,2.0,0.0,5,-5.508979938895209e-12,-5.508979938895209e-12,-1.1017959877790418e-11,-1.262889957714132e-12
half_step,down,2.0,0.0,6,-5.5088378303480564e-12,-5.5088378303480564e-12,-1.1017675660696113e-11,-1.2674439081082519e-12
half_step,down,2.0,0.0,7,-5.508979938895209e-12,-5.508979938895209e-12,-1.1017959877790418e-11,-1.2687811792557577e-12
half_step,down,2.0,0.0,8,-5.508979938895209e-12,-5.508979938895209e-12,-1.1017959877790418e-11,-1.2650223630574102e-12
half_step,down,2.0,0.0,9,-5.508979938895209e-12,-5.508979938895209e-12,-1.1017959877790418e-11,-1.262889957714132e-12
half_step,down,2.0,0.0,10,-5.5088378303480564e-12,-5.5088378303480564e-12,-1.1017675660696113e-11,-1.2674439081082519e-12
half_step,down,2.0,0.0,11,-5.508979938895209e-12,-5.508979938895209e-12,-1.1017959877790418e-11,-1.263793519300292e-12
half_step,fresh,0.0,0.5,0,0.0,0.0,0.0,1.398919827786165e-10
half_step,fresh,0.0,0.5,1,0.0,0.0,0.0,2.141828542792286e-11
half_step,fresh,0.0,0.5,2,0.0,0.0,0.0,1.0561728305415631e-10
half_step,fresh,0.0,0.5,3,0.0,0.0,0.0,-5.385562056974407e-10
half_step,fresh,0.0,0.5,4,0.0,0.0,0.0,-1.133278969090801e-09
half_step,fresh,0.0,0.5,5,0.0,0.0,0.0,-1.213541135089215e-09
half_step,fresh,0.0,0.5,6,0.0,0.0,0.0,9.965519295075289e-11
half_step,fresh,0.0,0.5,7,0.0,0.0,0.0,-8.74758537104148e-11
half_step,fresh,0.0,0.5,8,0.0,0.0,0.0,-3.730624451568413e-10
half_step,fresh,0.0,0.5,9,0.0,0.0,0.0,-1.064413655585939e-10
half_step,fresh,0.0,0.5,10,0.0,0.0,0.0,-1.3145966008863758e-11
half_step,fresh,0.0,0.5,11,0.0,0.0,0.0,-3.0108997792425333e-10
half_step,fresh,0.5,0.5,0,0.0,0.0,0.0,2.7017121864123694e-11
half_step,fresh,0.5,0.5,1,0.0,0.0,0.0,2.9925173942261455e-11
half_step,fresh,0.5,0.5,2,0.0,0.0,0.0,2.2754266162535006e-11
half_step,fresh,0.5,0.5,3,0.0,0.0,0.0,-5.364070062656782e-11
half_step,fresh,0.5,0.5,4,0.0,0.0,0.0,-4.814523253592729e-11
half_step,fresh,0.5,0.5,5,0.0,0.0,0.0,-7.270073080118202e-11
half_step,fresh,0.5,0.5,6,0.0,0.0,0.0,6.963272277231817e-11
half_step,fresh,0.5,0.5,7,0.0,0.0,0.0,-5.058323595868702e-12
half_step,fresh,0.5,0.5,8,0.0,0.0,0.0,-2.8566711706664723e-11
half_step,fresh,0.5,0.5,9,0.0,0.0,0.0,1.6850872899517203e-11
half_step,fresh,0.5,0.5,10,0.0,0.0,0.0,1.0358776136831723e-10
half_step,fresh,0.5,0.5,11,0.0,0.0,0.0,-3.473705800303638e-11
half_step,fresh,2.0,0.5,0,1.2309538333088455e-10,1.2309538333088455e-10,2.461907666617691e-10,2.336475810398688e-11
half_step,fresh,2.0,0.5,1,1.0002118766561097e-09,1.0002118766561097e-09,2.0004237533122193e-09,8.26249678571226e-12
half_step,fresh,2.0,0.5,2,1.414026157275927e-10,1.414026157275927e-10,2.828052314551854e-10,-3.452947376818713e-11
half_step,fresh,2.0,0.5,3,2.1511182279887465e-10,2.1511182279887465e-10,4.302236455977493e-10,-3.876604932639303e-12
half_step,fresh,2.0,0.5,4,1.4437356921082055e-10,1.4437356921082055e-10,2.887471384216411e-10,2.3507840900252537e-12
half_step,fresh,2.0,0.5,5,1.5455116575413541e-10,1.5455116575413541e-10,3.0910233150827083e-10,-1.2456404331552021e-12
half_step,fresh,2.0,0.5,6,2.8941660734638217e-10,2.8941660734638217e-10,5.788332146927643e-10,1.5046185545009583e-11
half_step,fresh,2.0,0.5,7,-7.81813364048034e-11,-7.81813364048034e-11,-1.563626728096068e-10,-2.0616497665164343e-13
half_step,fresh,2.0,0.5,8,2.594750414530722e-10,2.594750414530722e-10,5.189500829061444e-10,-1.3475337667379558e-12
half_step,fresh,2.0,0.5,9,-5.899916555307527e-11,-5.899916555307527e-11,-1.1799833110615054e-10,5.303047647970253e-11
half_step,fresh,2.0,0.5,10,-6.275014285961334e-11,-6.275014285961334e-11,-1.2550028571922668e-10,1.4617162541039122e-11
half_step,fresh,2.0,0.5,11,-4.311022400171893e-10,-4.311022400171893e-10,-8.622044800343786e-10,-8.861059289011783e-12
half_step,up,0.0,0.5,0,0.0,0.0,0.0,-9.692321768723875e-10
half_step,up,0.0,0.5,1,0.0,0.0,0.0,-9.692321768723875e-10
half_step,up,0.0,0.5,2,0.0,0.0,0.0,-9.692321768723875e-10
half_step,up,0.0,0.5,3,0.0,0.0,0.0,-9.692321768723875e-10
half_step,up,0.0,0.5,4,0.0,0.0,0.0,-9.692321768723875e-10
half_step,up,0.0,0.5,5,0.0,0.0,0.0,-9.692321768723875e-10
half_step,up,0.0,0.5,6,0.0,0.0,0.0,-9.692321768723875e-10
half_step,up,0.0,0.5,7,0.0,0.0,0.0,-9.692321768723875e-10
half_step,up,0.0,0.5,8,0.0,0.0,0.0,-9.692321768723875e-10
half_step,up,0.0,0.5,9,0.0,0.0,0.0,-9.692321768723875e-10
half_step,up,0.0,0.5,10,0.0,0.0,0.0,-9.692321768723875e-10
half_step,up,0.0,0.5,11,0.0,0.0,0.0,-9.692321768723875e-10
half_step,up,0.5,0.5,0,0.0,0.0,0.0,-6.006882092073449e-11
half_step,up,0.5,0.5,1,0.0,0.0,0.0,-6.006838706987573e-11
half_step,up,0.5,0.5,2,0.0,0.0,0.0,-6.006882092073449e-11
half_step,up,0.5,0.5,3,0.0,0.0,0.0,-6.006882092073449e-11
half_step,up,0.5,0.5,4,0.0,0.0,0.0,-6.006882092073449e-11
half_step,up,0.5,0.5,5,0.0,0.0,0.0,-6.006882092073449e-11
half_step,up,0.5,0.5,6,0.0,0.0,0.0,-6.006882092073449e-11
half_step,up,0.5,0.5,7,0.0,0.0,0.0,-6.006882092073449e-11
half_step,up,0.5,0.5,8,0.0,0.0,0.0,-6.006882092073449e-11
half_step,up,0.5,0.5,9,0.0,0.0,0.0,-6.006882092073449e-11
half_step,up,0.5,0.5,10,0.0,0.0,0.0,-6.006882092073449e-11
half_step,up,0.5,0.5,11,0.0,0.0,0.0,-6.006882092073449e-11
half_step,up,2.0,0.5,0,6.972388777448657e-11,6.972388777448657e-11,1.3944777554897313e-10,-1.529107358690722e-12
half_step,up,2.0,0.5,1,6.972369792634936e-11,6.972369570590331e-11,1.3944739363225267e-10,-1.529459862515199e-12
half_step,up,2.0,0.5,2,6.972388777448657e-11,6.972388777448657e-11,1.3944777554897313e-10,-1.529107358690722e-12
half_step,up,2.0,0.5,3,6.972388777448657e-11,6.972388777448657e-11,1.3944777554897313e-10,-1.529107358690722e-12
half_step,up,2.0,0.5,4,6.972388777448657e-11,6.972388777448657e-11,1.3944777554897313e-10,-1.529107358690722e-12
half_step,up,2.0,0.5,5,6.972388777448657e-11,6.972388777448657e-11,1.3944777554897313e-10,-1.529107358690722e-12
half_step,up,2.0,0.5,6,6.972388777448657e-11,6.972388777448657e-11,1.3944777554897313e-10,-1.529107358690722e-12
half_step,up,2.0,0.5,7,6.972388777448657e-11,6.972388777448657e-11,1.3944777554897313e-10,-1.529107358690722e-12
half_step,up,2.0,0.5,8,6.972388777448657e-11,6.972388777448657e-11,1.3944777554897313e-10,-1.529107358690722e-12
half_step,up,2.0,0.5,9,6.972388777448657e-11,6.972388777448657e-11,1.3944777554897313e-10,-1.529107358690722e-12
half_step,up,2.0,0.5,10,6.972388777448657e-11,6.972388777448657e-11,1.3944777554897313e-10,-1.529107358690722e-12
half_step,up,2.0,0.5,11,6.972388777448657e-11,6.972388777448657e-11,1.3944777554897313e-10,-1.529107358690722e-12
half_step,down,0.0,0.5,0,0.0,0.0,0.0,-9.375133863914998e-11
half_step,down,0.0,0.5,1,0.0,0.0,0.0,-9.373259379048028e-11
half_step,down,0.0,0.5,2,0.0,0.0,0.0,-9.373259379048028e-11
half_step,down,0.0,0.5,3,0.0,0.0,0.0,-9.373259379048028e-11
half_step,down,0.0,0.5,4,0.0,0.0,0.0,-9.373259379048028e-11
half_step,down,0.0,0.5,5,0.0,0.0,0.0,-9.373259379048028e-11
half_step,down,0.0,0.5,6,0.0,0.0,0.0,-9.373259379048028e-11
half_step,down,0.0,0.5,7,0.0,0.0,0.0,-9.373259379048028e-11
half_step,down,0.0,0.5,8,0.0,0.0,0.0,-9.373259379048028e-11
half_step,down,0.0,0.5,9,0.0,0.0,0.0,-9.375133863914998e-11
half_step,down,0.0,0.5,10,0.0,0.0,0.0,-9.375133863914998e-11
half_step,down,0.0,0.5,11,0.0,0.0,0.0,-9.375133863914998e-11
half_step,down,0.5,0.5,0,0.0,0.0,0.0,-5.769917219466793e-12
half_step,down,0.5,0.5,1,0.0,0.0,0.0,-5.767214411301896e-12
half_step,down,0.5,0.5,2,0.0,0.0,0.0,-5.7798409628792565e-12
half_step,down,0.5,0.5,3,0.0,0.0,0.0,-5.770239942829765e-12
half_step,down,0.5,0.5,4,0.0,0.0,0.0,-5.7685590919809485e-12
half_step,down,0.5,0.5,5,0.0,0.0,0.0,-5.780325047923714e-12
half_step,down,0.5,0.5,6,0.0,0.0,0.0,-5.7684515175266285e-12
half_step,down,0.5,0.5,7,0.0,0.0,0.0,-5.770239942829765e-12
half_step,down,0.5,0.5,8,0.0,0.0,0.0,-5.7685590919809485e-12
half_step,down,0.5,0.5,9,0.0,0.0,0.0,-5.759038752773985e-12
half_step,down,0.5,0.5,10,0.0,0.0,0.0,-5.775134580502564e-12
half_step,down,0.5,0.5,11,0.0,0.0,0.0,-5.775134580502564e-12
half_step,down,2.0,0.5,0,-6.970708454900887e-11,-6.970708454900887e-11,-1.3941416909801773e-10,-2.0190380396511647e-13
half_step,down,2.0,0.5,1,-6.970708454900887e-11,-6.970708454900887e-11,-1.3941416909801773e-10,-2.0039776160453832e-13
half_step,down,2.0,0.5,2,-6.970708454900887e-11,-6.970708454900887e-11,-1.3941416909801773e-10,-2.0245512304353488e-13
half_step,down,2.0,0.5,3,-6.970708454900887e-11,-6.970708454900887e-11,-1.3941416909801773e-10,-2.015541869885536e-13
half_step,down,2.0,0.5,4,-6.970694244046171e-11,-6.970694244046171e-11,-1.3941388488092342e-10,-2.0186346354474258e-13
half_step,down,2.0,0.5,5,-6.970708454900887e-11,-6.970708454900887e-11,-1.3941416909801773e-10,-2.0359810162076673e-13
half_step,down,2.0,0.5,6,-6.970694244046171e-11,-6.970694244046171e-11,-1.3941388488092342e-10,-2.0107010194408018e-13
half_step,down,2.0,0.5,7,-6.970708454900887e-11,-6.970708454900887e-11,-1.3941416909801773e-10,-2.0190380396511647e-13
half_step,down,2.0,0.5,8,-6.970694244046171e-11,-6.970694244046171e-11,-1.3941388488092342e-10,-2.0186346354474258e-13
half_step,down,2.0,0.5,9,-6.970708454900887e-11,-6.970708454900887e-11,-1.3941416909801773e-10,-2.0359810162076673e-13
half_step,down,2.0,0.5,10,-6.970694244046171e-11,-6.970694244046171e-11,-1.3941388488092342e-10,-2.0107010194408018e-13
half_step,down,2.0,0.5,11,-6.970708454900887e-11,-6.970708454900887e-11,-1.3941416909801773e-10,-1.9973886807178555e-13
half_step,fresh,0.0,0.8,0,0.0,0.0,0.0,3.4640851080599906e-11
half_step,fresh,0.0,0.8,1,0.0,0.0,0.0,1.9337808827016912e-10
half_step,fresh,0.0,0.8,2,0.0,0.0,0.0,1.058275076313271e-10
half_step,fresh,0.0,0.8,3,0.0,0.0,0.0,-4.948337578725902e-10
half_step,fresh,0.0,0.8,4,0.0,0.0,0.0,-1.1066961806728945e-09
half_step,fresh,0.0,0.8,5,0.0,0.0,0.0,-1.0960478041287677e-09
half_step,fresh,0.0,0.8,6,0.0,0.0,0.0,1.5544972043445168e-10
half_step,fresh,0.0,0.8,7,0.0,0.0,0.0,-8.270225323135072e-13
half_step,fresh,0.0,0.8,8,0.0,0.0,0.0,-3.354011532510414e-10
half_step,fresh,0.0,0.8,9,0.0,0.0,0.0,2.989720998847725e-11
half_step,fresh,0.0,0.8,10,0.0,0.0,0.0,2.725239239055093e-11
half_step,fresh,0.0,0.8,11,0.0,0.0,0.0,-2.442424079424539e-10
half_step,fresh,0.5,0.8,0,2.331468351712829e-16,2.331468351712829e-16,4.662936703425658e-16,5.175824620391332e-11
half_step,fresh,0.5,0.8,1,7.444045380111675e-16,7.444045380111675e-16,1.488809076022335e-15,6.058523730714148e-11
half_step,fresh,0.5,0.8,2,3.641531520770513e-16,3.641531520770513e-16,7.283063041541026e-16,9.657786206082846e-12
half_step,fresh,0.5,0.8,3,4.674038933671909e-16,4.674038933671909e-16,9.348077867343818e-16,-5.251536570985604e-11
half_step,fresh,0.5,0.8,4,3.652633751016765e-16,3.652633751016765e-16,7.30526750203353e-16,-5.533921416018738e-11
half_step,fresh,0.5,0.8,5,3.808064974464287e-16,3.808064974464287e-16,7.616129948928574e-16,-6.694105381203816e-11
half_step,fresh,0.5,0.8,6,6.111777750561487e-16,6.111777750561487e-16,1.2223555501122973e-15,8.839847771421537e-11
half_step,fresh,0.5,0.8,7,0.0,0.0,0.0,-7.078594217068557e-13
half_step,fresh,0.5,0.8,8,5.284661597215745e-16,5.284661597215745e-16,1.056932319443149e-15,-2.383465515024419e-11
half_step,fresh,0.5,0.8,9,7.682743330406083e-16,7.682743330406083e-16,1.5365486660812166e-15,1.748132917310836e-11
half_step,fresh,0.5,0.8,10,4.6718184876226585e-15,4.6718184876226585e-15,9.343636975245317e-15,5.4192480739054205e-11
half_step,fresh,0.5,0.8,11,6.17284001691587e-16,6.17284001691587e-16,1.234568003383174e-15,-3.008264384053581e-11
half_step,fresh,2.0,0.8,0,2.370589351152752e-08,2.370589351152752e-08,4.741178702305504e-08,1.88893859218572e-11
half_step,fresh,2.0,0.8,1,5.548456925019707e-08,5.548456925019707e-08,1.1096913850039414e-07,8.985282482745273e-12
half_step,fresh,2.0,0.8,2,2.594890752660728e-08,2.594890752660728e-08,5.189781505321456e-08,-3.2565034072889e-11
half_step,fresh,2.0,0.8,3,3.302942968630429e-08,3.302942968630429e-08,6.605885937260858e-08,-4.251418210638936e-12
half_step,fresh,2.0,0.8,4,2.6402902910671598e-08,2.6402902910671598e-08,5.2805805821343196e-08,2.8551614379382273e-12
half_step,fresh,2.0,0.8,5,2.741084948965078e-08,2.741084948965078e-08,5.482169897930156e-08,-1.0780393577543218e-12
half_step,fresh,2.0,0.8,6,3.851498174112233e-08,3.851498174112233e-08,7.702996348224466e-08,1.923355508639406e-11
half_step,fresh,2.0,0.8,7,-1.3050090008626114e-09,-1.3050090008626114e-09,-2.6100180017252227e-09,-7.978971168084301e-13
half_step,fresh,2.0,0.8,8,3.673254178382379e-08,3.673254178382379e-08,7.346508356764759e-08,-1.1079563990334386e-12
half_step,fresh,2.0,0.8,9,-2.223818401647648e-09,-2.223818401647648e-09,-4.447636803295296e-09,4.55285483985839e-11
half_step,fresh,2.0,0.8,10,-4.881332005268746e-11,-4.881332005268746e-11,-9.762664010537492e-11,1.7826553901383746e-11
half_step,fresh,2.0,0.8,11,6.844397546057479e-08,6.844397546057479e-08,1.3688795092114958e-07,1.671097052344043e-12
half_step,up,0.0,0.8,0,0.0,0.0,0.0,-1.9327249843010926e-10
half_step,up,0.0,0.8,1,0.0,0.0,0.0,-1.9327249843010926e-10
half_step,up,0.0,0.8,2,0.0,0.0,0.0,-1.9327249843010926e-10
half_step,up,0.0,0.8,3,0.0,0.0,0.0,-1.9327249843010926e-10
half_step,up,0.0,0.8,4,0.0,0.0,0.0,-1.9327249843010926e-10
half_step,up,0.0,0.8,5,0.0,0.0,0.0,-1.9327249843010926e-10
half_step,up,0.0,0.8,6,0.0,0.0,0.0,-1.9327249843010926e-10
half_step,up,0.0,0.8,7,0.0,0.0,0.0,-1.9327249843010926e-10
half_step,up,0.0,0.8,8,0.0,0.0,0.0,-1.9327249843010926e-10
half_step,up,0.0,0.8,9,0.0,0.0,0.0,-1.9327249843010926e-10
half_step,up,0.0,0.8,10,0.0,0.0,0.0,-1.9327249843010926e-10
half_step,up,0.0,0.8,11,0.0,0.0,0.0,-1.9327249843010926e-10
half_step,up,0.5,0.8,0,1.1657341758564144e-16,1.1657341758564144e-16,2.331468351712829e-16,-1.1997766357122085e-11
half_step,up,0.5,0.8,1,0.0,0.0,0.0,-1.1997893519136839e-11
half_step,up,0.5,0.8,2,1.1657341758564144e-16,1.1657341758564144e-16,2.331468351712829e-16,-1.1997766357122085e-11
half_step,up,0.5,0.8,3,1.1657341758564144e-16,1.1657341758564144e-16,2.331468351712829e-16,-1.1997766357122085e-11
half_step,up,0.5,0.8,4,1.1657341758564144e-16,1.1657341758564144e-16,2.331468351712829e-16,-1.1997766357122085e-11
half_step,up,0.5,0.8,5,1.1657341758564144e-16,1.1657341758564144e-16,2.331468351712829e-16,-1.1997766357122085e-11
half_step,up,0.5,0.8,6,1.1657341758564144e-16,1.1657341758564144e-16,2.331468351712829e-16,-1.1997766357122085e-11
half_step,up,0.5,0.8,7,1.1657341758564144e-16,1.1657341758564144e-16,2.331468351712829e-16,-1.1997766357122085e-11
half_step,up,0.5,0.8,8,1.1657341758564144e-16,1.1657341758564144e-16,2.331468351712829e-16,-1.1997766357122085e-11
half_step,up,0.5,0.8,9,1.1657341758564144e-16,1.1657341758564144e-16,2.331468351712829e-16,-1.1997766357122085e-11
half_step,up,0.5,0.8,10,1.1657341758564144e-16,1.1657341758564144e-16,2.331468351712829e-16,-1.1997766357122085e-11
half_step,up,0.5,0.8,11,1.1657341758564144e-16,1.1657341758564144e-16,2.331468351712829e-16,-1.1997766357122085e-11
half_step,up,2.0,0.8,0,9.878033345178671e-09,9.878033345178671e-09,1.9756066690357342e-08,-3.0530388646497687e-13
half_step,up,2.0,0.8,1,9.878033071508697e-09,9.878033073729142e-09,1.9756066145237837e-08,-3.0531599713304457e-13
half_step,up,2.0,0.8,2,9.878033345178671e-09,9.878033345178671e-09,1.9756066690357342e-08,-3.0530388646497687e-13
half_step,up,2.0,0.8,3,9.878033345178671e-09,9.878033345178671e-09,1.9756066690357342e-08,-3.0530388646497687e-13
half_step,up,2.0,0.8,4,9.878033345178671e-09,9.878033345178671e-09,1.9756066690357342e-08,-3.0530388646497687e-13
half_step,up,2.0,0.8,5,9.878033345178671e-09,9.878033345178671e-09,1.9756066690357342e-08,-3.0530388646497687e-13
half_step,up,2.0,0.8,6,9.878033345178671e-09,9.878033345178671e-09,1.9756066690357342e-08,-3.0530388646497687e-13
half_step,up,2.0,0.8,7,9.878033345178671e-09,9.878033345178671e-09,1.9756066690357342e-08,-3.0530388646497687e-13
half_step,up,2.0,0.8,8,9.878033345178671e-09,9.878033345178671e-09,1.9756066690357342e-08,-3.0530388646497687e-13
half_step,up,2.0,0.8,9,9.878033345178671e-09,9.878033345178671e-09,1.9756066690357342e-08,-3.0530388646497687e-13
half_step,up,2.0,0.8,10,9.878033345178671e-09,9.878033345178671e-09,1.9756066690357342e-08,-3.0530388646497687e-13
half_step,up,2.0,0.8,11,9.878033345178671e-09,9.878033345178671e-09,1.9756066690357342e-08,-3.0530388646497687e-13
half_step,down,0.0,0.8,0,0.0,0.0,0.0,-4.6982127535825536e-12
half_step,down,0.0,0.8,1,0.0,0.0,0.0,-4.696583217326276e-12
half_step,down,0.0,0.8,2,0.0,0.0,0.0,-4.696583217326276e-12
half_step,down,0.0,0.8,3,0.0,0.0,0.0,-4.696583217326276e-12
half_step,down,0.0,0.8,4,0.0,0.0,0.0,-4.696583217326276e-12
half_step,down,0.0,0.8,5,0.0,0.0,0.0,-4.696583217326276e-12
half_step,down,0.0,0.8,6,0.0,0.0,0.0,-4.696583217326276e-12
half_step,down,0.0,0.8,7,0.0,0.0,0.0,-4.696583217326276e-12
half_step,down,0.0,0.8,8,0.0,0.0,0.0,-4.696583217326276e-12
half_step,down,0.0,0.8,9,0.0,0.0,0.0,-4.6982127535825536e-12
half_step,down,0.0,0.8,10,0.0,0.0,0.0,-4.6982127535825536e-12
half_step,down,0.0,0.8,11,0.0,0.0,0.0,-4.6982127535825536e-12
half_step,down,0.5,0.8,0,0.0,0.0,0.0,-2.7855644681600754e-13
half_step,down,0.5,0.8,1,0.0,0.0,0.0,-2.9552205567669256e-13
half_step,down,0.5,0.8,2,0.0,0.0,0.0,-2.9363279898628605e-13
half_step,down,0.5,0.8,3,0.0,0.0,0.0,-2.7865488923779163e-13
half_step,down,0.5,0.8,4,0.0,0.0,0.0,-2.77997210079489e-13
half_step,down,0.5,0.8,5,0.0,0.0,0.0,-2.9397420568311205e-13
half_step,down,0.5,0.8,6,0.0,0.0,0.0,-2.7784640466739404e-13
half_step,down,0.5,0.8,7,0.0,0.0,0.0,-2.7865488923779163e-13
half_step,down,0.5,0.8,8,0.0,0.0,0.0,-2.77997210079489e-13
half_step,down,0.5,0.8,9,0.0,0.0,0.0,-2.9316781563232533e-13
half_step,down,0.5,0.8,10,0.0,0.0,0.0,-2.918629299137837e-13
half_step,down,0.5,0.8,11,0.0,0.0,0.0,-2.918629299137837e-13
half_step,down,2.0,0.8,0,-6.807535584130164e-09,-6.807535584130164e-09,-1.3615071168260328e-08,-1.8951213453336303e-14
half_step,down,2.0,0.8,1,-6.807535584130164e-09,-6.807535584130164e-09,-1.3615071168260328e-08,-1.570470805405697e-14
half_step,down,2.0,0.8,2,-6.807535442021617e-09,-6.807535442021617e-09,-1.3615070884043234e-08,-1.6768724017176184e-14
half_step,down,2.0,0.8,3,-6.807535584130164e-09,-6.807535584130164e-09,-1.3615071168260328e-08,-1.609428870197034e-14
half_step,down,2.0,0.8,4,-6.807535442021617e-09,-6.807535442021617e-09,-1.3615070884043234e-08,-1.58722696230529e-14
half_step,down,2.0,0.8,5,-6.807535584130164e-09,-6.807535584130164e-09,-1.3615071168260328e-08,-1.8236982265495035e-14
half_step,down,2.0,0.8,6,-6.807535442021617e-09,-6.807535442021617e-09,-1.3615070884043234e-08,-1.6282795467090663e-14
half_step,down,2.0,0.8,7,-6.807535584130164e-09,-6.807535584130164e-09,-1.3615071168260328e-08,-1.8951213453336303e-14
half_step,down,2.0,0.8,8,-6.807535442021617e-09,-6.807535442021617e-09,-1.3615070884043234e-08,-1.58722696230529e-14
half_step,down,2.0,0.8,9,-6.807535584130164e-09,-6.807535584130164e-09,-1.3615071168260328e-08,-1.8236982265495035e-14
half_step,down,2.0,0.8,10,-6.807535442021617e-09,-6.807535442021617e-09,-1.3615070884043234e-08,-1.6282795467090663e-14
half_step,down,2.0,0.8,11,-6.807535584130164e-09,-6.807535584130164e-09,-1.3615071168260328e-08,-1.7020066370667757e-14
half_step,fresh,0.0,0.9,0,0.0,0.0,0.0,6.468406927822584e-11
half_step,fresh,0.0,0.9,1,0.0,0.0,0.0,2.6052024835235085e-10
half_step,fresh,0.0,0.9,2,0.0,0.0,0.0,1.0102687552328611e-10
half_step,fresh,0.0,0.9,3,0.0,0.0,0.0,-4.597238871436756e-10
half_step,fresh,0.0,0.9,4,0.0,0.0,0.0,-1.0059027034646121e-09
half_step,fresh,0.0,0.9,5,0.0,0.0,0.0,-9.72015118621514e-10
half_step,fresh,0.0,0.9,6,0.0,0.0,0.0,1.7061467899683933e-10
half_step,fresh,0.0,0.9,7,0.0,0.0,0.0,-8.72447484642807e-12
half_step,fresh,0.0,0.9,8,0.0,0.0,0.0,-3.0742826992750536e-10
half_step,fresh,0.0,0.9,9,0.0,0.0,0.0,8.461262905624849e-11
half_step,fresh,0.0,0.9,10,0.0,0.0,0.0,6.83444914003274e-11
half_step,fresh,0.0,0.9,11,0.0,0.0,0.0,-2.0678683453011763e-10
half_step,fresh,0.5,0.9,0,8.081602054232917e-13,8.081602054232917e-13,1.6163204108465834e-12,6.241170818060766e-11
half_step,fresh,0.5,0.9,1,1.85852000456066e-12,1.85852000456066e-12,3.71704000912132e-12,7.193612469485003e-11
half_step,fresh,0.5,0.9,2,1.1724698989468152e-12,1.1724698989468152e-12,2.3449397978936304e-12,7.0758153992324566e-12
half_step,fresh,0.5,0.9,3,1.3860790293307446e-12,1.3860790293307446e-12,2.7721580586614892e-12,-5.0564960677064603e-11
half_step,fresh,0.5,0.9,4,1.1886180928399882e-12,1.1886180928399882e-12,2.3772361856799764e-12,-5.2207638321686786e-11
half_step,fresh,0.5,0.9,5,1.2187983955413983e-12,1.2187983955413983e-12,2.4375967910827965e-12,-5.967341369993083e-11
half_step,fresh,0.5,0.9,6,1.6302781347121708e-12,1.6302781347121708e-12,3.2605562694243417e-12,9.235870305122327e-11
half_step,fresh,0.5,0.9,7,2.224154194152561e-13,2.224154194152561e-13,4.448308388305122e-13,-1.6653014442569147e-12
half_step,fresh,0.5,0.9,8,1.4982060037027622e-12,1.4982060037027622e-12,2.9964120074055244e-12,-2.098306436857496e-11
half_step,fresh,0.5,0.9,9,2.240474472614551e-12,2.240474472614551e-12,4.480948945229102e-12,2.2201134808459577e-11
half_step,fresh,0.5,0.9,10,3.5550984378573957e-12,3.5550984378573957e-12,7.1101968757147914e-12,4.883852238811682e-11
half_step,fresh,0.5,0.9,11,2.046109948139474e-12,2.046109948139474e-12,4.092219896278948e-12,-2.5201867995910487e-11
half_step,fresh,2.0,0.9,0,5.251234571890251e-07,5.251234571890251e-07,1.0502469143780501e-06,1.7895832570900987e-11
half_step,fresh,2.0,0.9,1,9.246756446057436e-07,9.246756446057436e-07,1.8493512892114872e-06,9.94769167387885e-12
half_step,fresh,2.0,0.9,2,5.602150342776113e-07,5.602150342776113e-07,1.1204300685552226e-06,-3.15348229555984e-11
half_step,fresh,2.0,0.9,3,6.614574448116084e-07,6.614574448116084e-07,1.3229148896232168e-06,-4.299237356363986e-12
half_step,fresh,2.0,0.9,4,5.675924579795489e-07,5.675924579795489e-07,1.1351849159590977e-06,2.6267580249506318e-12
half_step,fresh,2.0,0.9,5,5.822379468534144e-07,5.822379468534144e-07,1.1644758937068288e-06,-9.543057523894321e-13
half_step,fresh,2.0,0.9,6,7.328381718363364e-07,7.328381718363364e-07,1.4656763436726728e-06,2.0236469568886522e-11
half_step,fresh,2.0,0.9,7,1.0715887251877555e-07,1.0715887251877555e-07,2.143177450375511e-07,-8.183048675030981e-13
half_step,fresh,2.0,0.9,8,7.113817989157223e-07,7.113817989157223e-07,1.4227635978314445e-06,-9.614274126132773e-13
half_step,fresh,2.0,0.9,9,5.012245580249264e-08,5.012245580249264e-08,1.0024491160498528e-07,4.0920105222704236e-11
half_step,fresh,2.0,0.9,10,1.2161049985137674e-07,1.2161049985137674e-07,2.432209997027535e-07,1.8331227000106303e-11
half_step,fresh,2.0,0.9,11,1.0214483093617943e-06,1.0214483093617943e-06,2.0428966187235887e-06,1.663381259832353e-12
half_step,up,0.0,0.9,0,0.0,0.0,0.0,-9.705149409184412e-12
half_step,up,0.0,0.9,1,0.0,0.0,0.0,-9.705149409184412e-12
half_step,up,0.0,0.9,2,0.0,0.0,0.0,-9.705149409184412e-12
half_step,up,0.0,0.9,3,0.0,0.0,0.0,-9.705149409184412e-12
half_step,up,0.0,0.9,4,0.0,0.0,0.0,-9.705149409184412e-12
half_step,up,0.0,0.9,5,0.0,0.0,0.0,-9.705149409184412e-12
half_step,up,0.0,0.9,6,0.0,0.0,0.0,-9.705149409184412e-12
half_step,up,0.0,0.9,7,0.0,0.0,0.0,-9.705149409184412e-12
half_step,up,0.0,0.9,8,0.0,0.0,0.0,-9.705149409184412e-12
half_step,up,0.0,0.9,9,0.0,0.0,0.0,-9.705149409184412e-12
half_step,up,0.0,0.9,10,0.0,0.0,0.0,-9.705149409184412e-12
half_step,up,0.0,0.9,11,0.0,0.0,0.0,-9.705149409184412e-12
half_step,up,0.5,0.9,0,2.7564839299998313e-13,2.7564839299998313e-13,5.512967859999663e-13,-6.038479274323765e-13
half_step,up,0.5,0.9,1,2.7554847292776686e-13,2.7554847292776686e-13,5.510969458555337e-13,-6.038827672563198e-13
half_step,up,0.5,0.9,2,2.7564839299998313e-13,2.7564839299998313e-13,5.512967859999663e-13,-6.038479274323765e-13
half_step,up,0.5,0.9,3,2.7564839299998313e-13,2.7564839299998313e-13,5.512967859999663e-13,-6.038479274323765e-13
half_step,up,0.5,0.9,4,2.7564839299998313e-13,2.7564839299998313e-13,5.512967859999663e-13,-6.038479274323765e-13
half_step,up,0.5,0.9,5,2.7564839299998313e-13,2.7564839299998313e-13,5.512967859999663e-13,-6.038479274323765e-13
half_step,up,0.5,0.9,6,2.7564839299998313e-13,2.7564839299998313e-13,5.512967859999663e-13,-6.038479274323765e-13
half_step,up,0.5,0.9,7,2.7564839299998313e-13,2.7564839299998313e-13,5.512967859999663e-13,-6.038479274323765e-13
half_step,up,0.5,0.9,8,2.7564839299998313e-13,2.7564839299998313e-13,5.512967859999663e-13,-6.038479274323765e-13
half_step,up,0.5,0.9,9,2.7564839299998313e-13,2.7564839299998313e-13,5.512967859999663e-13,-6.038479274323765e-13
half_step,up,0.5,0.9,10,2.7564839299998313e-13,2.7564839299998313e-13,5.512967859999663e-13,-6.038479274323765e-13
half_step,up,0.5,0.9,11,2.7564839299998313e-13,2.7564839299998313e-13,5.512967859999663e-13,-6.038479274323765e-13
half_step,up,2.0,0.9,0,1.3172597018051847e-07,1.3172597018051847e-07,2.6345194036103693e-07,-1.542789380381926e-14
half_step,up,2.0,0.9,1,1.3172597018495935e-07,1.317259701827389e-07,2.6345194036769826e-07,-1.5460684226354683e-14
half_step,up,2.0,0.9,2,1.3172597018051847e-07,1.3172597018051847e-07,2.6345194036103693e-07,-1.542789380381926e-14
half_step,up,2.0,0.9,3,1.3172597018051847e-07,1.3172597018051847e-07,2.6345194036103693e-07,-1.542789380381926e-14
half_step,up,2.0,0.9,4,1.3172597018051847e-07,1.3172597018051847e-07,2.6345194036103693e-07,-1.542789380381926e-14
half_step,up,2.0,0.9,5,1.3172597018051847e-07,1.3172597018051847e-07,2.6345194036103693e-07,-1.542789380381926e-14
half_step,up,2.0,0.9,6,1.3172597018051847e-07,1.3172597018051847e-07,2.6345194036103693e-07,-1.542789380381926e-14
half_step,up,2.0,0.9,7,1.3172597018051847e-07,1.3172597018051847e-07,2.6345194036103693e-07,-1.542789380381926e-14
half_step,up,2.0,0.9,8,1.3172597018051847e-07,1.3172597018051847e-07,2.6345194036103693e-07,-1.542789380381926e-14
half_step,up,2.0,0.9,9,1.3172597018051847e-07,1.3172597018051847e-07,2.6345194036103693e-07,-1.542789380381926e-14
half_step,up,2.0,0.9,10,1.3172597018051847e-07,1.3172597018051847e-07,2.6345194036103693e-07,-1.542789380381926e-14
half_step,up,2.0,0.9,11,1.3172597018051847e-07,1.3172597018051847e-07,2.6345194036103693e-07,-1.542789380381926e-14
half_step,down,0.0,0.9,0,0.0,0.0,0.0,-4.812483458420598e-13
half_step,down,0.0,0.9,1,0.0,0.0,0.0,-4.743358459658874e-13
half_step,down,0.0,0.9,2,0.0,0.0,0.0,-4.743358459658874e-13
half_step,down,0.0,0.9,3,0.0,0.0,0.0,-4.743358459658874e-13
half_step,down,0.0,0.9,4,0.0,0.0,0.0,-4.743358459658874e-13
half_step,down,0.0,0.9,5,0.0,0.0,0.0,-4.743358459658874e-13
half_step,down,0.0,0.9,6,0.0,0.0,0.0,-4.743358459658874e-13
half_step,down,0.0,0.9,7,0.0,0.0,0.0,-4.743358459658874e-13
half_step,down,0.0,0.9,8,0.0,0.0,0.0,-4.743358459658874e-13
half_step,down,0.0,0.9,9,0.0,0.0,0.0,-4.812483458420598e-13
half_step,down,0.0,0.9,10,0.0,0.0,0.0,-4.812483458420598e-13
half_step,down,0.0,0.9,11,0.0,0.0,0.0,-4.812483458420598e-13
half_step,down,0.5,0.9,0,-2.120259523508139e-13,-2.120259523508139e-13,-4.240519047016278e-13,7.897927194612958e-15
half_step,down,0.5,0.9,1,-2.120259523508139e-13,-2.120259523508139e-13,-4.240519047016278e-13,7.05062219761576e-15
half_step,down,0.5,0.9,2,-2.12594386539422e-13,-2.12594386539422e-13,-4.25188773078844e-13,7.511416832966944e-15
half_step,down,0.5,0.9,3,-2.120259523508139e-13,-2.120259523508139e-13,-4.240519047016278e-13,7.769090407398314e-15
half_step,down,0.5,0.9,4,-2.120259523508139e-13,-2.120259523508139e-13,-4.240519047016278e-13,6.691388092724474e-15
half_step,down,0.5,0.9,5,-2.12594386539422e-13,-2.12594386539422e-13,-4.25188773078844e-13,7.386642466970811e-15
half_step,down,0.5,0.9,6,-2.120259523508139e-13,-2.120259523508139e-13,-4.240519047016278e-13,6.750583373336608e-15
half_step,down,0.5,0.9,7,-2.120259523508139e-13,-2.120259523508139e-13,-4.240519047016278e-13,7.769090407398314e-15
half_step,down,0.5,0.9,8,-2.120259523508139e-13,-2.120259523508139e-13,-4.240519047016278e-13,6.691388092724474e-15
half_step,down,0.5,0.9,9,-2.12594386539422e-13,-2.12594386539422e-13,-4.25188773078844e-13,6.40353653209897e-15
half_step,down,0.5,0.9,10,-2.12594386539422e-13,-2.12594386539422e-13,-4.25188773078844e-13,7.118522666551239e-15
half_step,down,0.5,0.9,11,-2.12594386539422e-13,-2.12594386539422e-13,-4.25188773078844e-13,7.118522666551239e-15
half_step,down,2.0,0.9,0,-1.2687404776556832e-07,-1.2687404776556832e-07,-2.5374809553113665e-07,-1.1415403593956406e-15
half_step,down,2.0,0.9,1,-1.2687404762345978e-07,-1.2687404762345978e-07,-2.5374809524691956e-07,-7.852079848817534e-16
half_step,down,2.0,0.9,2,-1.2687404762345978e-07,-1.2687404762345978e-07,-2.5374809524691956e-07,-6.314163248716545e-16
half_step,down,2.0,0.9,3,-1.2687404762345978e-07,-1.2687404762345978e-07,-2.5374809524691956e-07,-1.0974340719965963e-15
half_step,down,2.0,0.9,4,-1.2687404762345978e-07,-1.2687404762345978e-07,-2.5374809524691956e-07,-9.981949253484999e-16
half_step,down,2.0,0.9,5,-1.2687404762345978e-07,-1.2687404762345978e-07,-2.5374809524691956e-07,-1.5100599975330216e-15
half_step,down,2.0,0.9,6,-1.2687404762345978e-07,-1.2687404762345978e-07,-2.5374809524691956e-07,-4.857495072771831e-16
half_step,down,2.0,0.9,7,-1.2687404776556832e-07,-1.2687404776556832e-07,-2.5374809553113665e-07,-1.1415403593956406e-15
half_step,down,2.0,0.9,8,-1.2687404762345978e-07,-1.2687404762345978e-07,-2.5374809524691956e-07,-9.981949253484999e-16
half_step,down,2.0,0.9,9,-1.2687404762345978e-07,-1.2687404762345978e-07,-2.5374809524691956e-07,-1.5100599975330216e-15
half_step,down,2.0,0.9,10,-1.2687404762345978e-07,-1.2687404762345978e-07,-2.5374809524691956e-07,-4.857495072771831e-16
half_step,down,2.0,0.9,11,-1.2687404762345978e-07,-1.2687404762345978e-07,-2.5374809524691956e-07,-7.54449652879734e-16
half_step,fresh,0.0,0.95,0,3.9968028886505634e-17,-4.218847493575595e-17,-2.220446049250315e-18,8.40945901786519e-11
half_step,fresh,0.0,0.95,1,4.3298697960381107e-17,1.4432899320127036e-17,5.773159728050814e-17,2.95354972705944e-10
half_step,fresh,0.0,0.95,2,-7.66053886991358e-17,7.66053886991358e-17,0.0,9.607200883835105e-11
half_step,fresh,0.0,0.95,3,-1.1102230246251566e-18,7.771561172376097e-18,6.66133814775094e-18,-4.3827206025808346e-10
half_step,fresh,0.0,0.95,4,5.551115123125783e-18,-5.551115123125783e-18,0.0,-9.41467164082888e-10
half_step,fresh,0.0,0.95,5,2.220446049250313e-18,-2.220446049250313e-18,0.0,-8.989613202260622e-10
half_step,fresh,0.0,0.95,6,3.8857805861880476e-17,-2.55351295663786e-17,1.3322676295501875e-17,1.7746038276453523e-10
half_step,fresh,0.0,0.95,7,-5.551115123125783e-18,5.551115123125783e-18,0.0,-1.436045680950376e-11
half_step,fresh,0.0,0.95,8,1.8873791418627663e-17,1.1102230246251566e-18,1.998401444325282e-17,-2.906456725023949e-10
half_step,fresh,0.0,0.95,9,1.3322676295501878e-17,-1.1102230246251566e-17,2.220446049250312e-18,1.1325377237876204e-10
half_step,fresh,0.0,0.95,10,3.1086244689504386e-17,-3.1086244689504386e-17,0.0,9.211122450555357e-11
half_step,fresh,0.0,0.95,11,-2.6645352591003756e-17,2.6645352591003756e-17,0.0,-1.8539034599183208e-10
half_step,fresh,0.5,0.95,0,3.2099794156081884e-10,3.209980037333082e-10,6.419959452941271e-10,6.665857930853362e-11
half_step,fresh,0.5,0.95,1,6.01601124472495e-10,6.016011200316029e-10,1.2032022445040979e-09,7.769441126923206e-11
half_step,fresh,0.5,0.95,2,4.356725857856958e-10,4.3567259688792605e-10,8.713451826736218e-10,5.967446991123341e-12
half_step,fresh,0.5,0.95,3,4.914727746996306e-10,4.914727746996306e-10,9.829455493992611e-10,-4.9280237238424625e-11
half_step,fresh,0.5,0.95,4,4.416282628483259e-10,4.416282606278799e-10,8.832565234762058e-10,-4.969065461994298e-11
half_step,fresh,0.5,0.95,5,4.494035688029641e-10,4.494035688029641e-10,8.988071376059282e-10,-5.532317050082314e-11
half_step,fresh,0.5,0.95,6,5.485853526998596e-10,5.485853482589675e-10,1.0971707009588273e-09,9.39572531356644e-11
half_step,fresh,0.5,0.95,7,1.648024006151161e-10,1.6480240727645424e-10,3.2960480789157034e-10,-2.006058483231658e-12
half_step,fresh,0.5,0.95,8,5.18749843081423e-10,5.187498408609769e-10,1.0374996839423999e-09,-1.9332417705403637e-11
half_step,fresh,0.5,0.95,9,6.828712839634931e-10,6.828712817430471e-10,1.3657425657065403e-09,2.4839822226291667e-11
half_step,fresh,0.5,0.95,10,8.831086750760164e-10,8.831086639737862e-10,1.7662173390498026e-09,4.8462307816321845e-11
half_step,fresh,0.5,0.95,11,6.40004900187563e-10,6.400049068489011e-10,1.280009807036464e-09,-2.2300984318062997e-11
half_step,fresh,2.0,0.95,0,4.894395272296848e-06,4.894395272296848e-06,9.788790544593695e-06,1.7469061453333255e-11
half_step,fresh,2.0,0.95,1,7.232735392487255e-06,7.232735392487255e-06,1.446547078497451e-05,1.0473409898366327e-11
half_step,fresh,2.0,0.95,2,5.12524640452261e-06,5.12524640452261e-06,1.025049280904522e-05,-3.09494854399265e-11
half_step,fresh,2.0,0.95,3,5.7566302671074875e-06,5.7566302671074875e-06,1.1513260534214975e-05,-4.299644800856752e-12
half_step,fresh,2.0,0.95,4,5.1743610364995975e-06,5.1743610364995975e-06,1.0348722072999195e-05,2.4703631726319776e-12
half_step,fresh,2.0,0.95,5,5.266811018022066e-06,5.266811018022066e-06,1.0533622036044132e-05,-8.818272791801073e-13
half_step,fresh,2.0,0.95,6,6.1775852854817346e-06,6.1775852854817346e-06,1.2355170570963469e-05,2.066112271027803e-11
half_step,fresh,2.0,0.95,7,1.9369340793917723e-06,1.9369340793917723e-06,3.873868158783545e-06,-7.073118283664333e-13
half_step,fresh,2.0,0.95,8,6.056294441720844e-06,6.056294441720844e-06,1.2112588883441688e-05,-8.761128602620807e-13
half_step,fresh,2.0,0.95,9,1.2688729335630366e-06,1.2688729336784999e-06,2.5377458672415364e-06,3.830878684061972e-11
half_step,fresh,2.0,0.95,10,2.007797183943838e-06,2.0077971839616015e-06,4.01559436790544e-06,1.84835259138503e-11
half_step,fresh,2.0,0.95,11,7.680194838601829e-06,7.680194838601829e-06,1.5360389677203657e-05,1.7554270040036828e-12
half_step,up,0.0,0.95,0,0.0,0.0,0.0,-1.0399698706417194e-12
half_step,up,0.0,0.95,1,0.0,0.0,0.0,-1.0399698706417194e-12
half_step,up,0.0,0.95,2,0.0,0.0,0.0,-1.0399698706417194e-12
half_step,up,0.0,0.95,3,0.0,0.0,0.0,-1.0399698706417194e-12
half_step,up,0.0,0.95,4,0.0,0.0,0.0,-1.0399698706417194e-12
half_step,up,0.0,0.95,5,0.0,0.0,0.0,-1.0399698706417194e-12
half_step,up,0.0,0.95,6,0.0,0.0,0.0,-1.0399698706417194e-12
half_step,up,0.0,0.95,7,0.0,0.0,0.0,-1.0399698706417194e-12
half_step,up,0.0,0.95,8,0.0,0.0,0.0,-1.0399698706417194e-12
half_step,up,0.0,0.95,9,0.0,0.0,0.0,-1.0399698706417194e-12
half_step,up,0.0,0.95,10,0.0,0.0,0.0,-1.0399698706417194e-12
half_step,up,0.0,0.95,11,0.0,0.0,0.0,-1.0399698706417194e-12
half_step,up,0.5,0.95,0,9.208315998598948e-11,9.208315998598948e-11,1.8416631997197896e-10,-6.46608441267538e-14
half_step,up,0.5,0.95,1,9.208315887576646e-11,9.208315776554343e-11,1.8416631664130989e-10,-6.466257059511397e-14
half_step,up,0.5,0.95,2,9.208315998598948e-11,9.208315998598948e-11,1.8416631997197896e-10,-6.46608441267538e-14
half_step,up,0.5,0.95,3,9.208315998598948e-11,9.208315998598948e-11,1.8416631997197896e-10,-6.46608441267538e-14
half_step,up,0.5,0.95,4,9.208315998598948e-11,9.208315998598948e-11,1.8416631997197896e-10,-6.46608441267538e-14
half_step,up,0.5,0.95,5,9.208315998598948e-11,9.208315998598948e-11,1.8416631997197896e-10,-6.46608441267538e-14
half_step,up,0.5,0.95,6,9.208315998598948e-11,9.208315998598948e-11,1.8416631997197896e-10,-6.46608441267538e-14
half_step,up,0.5,0.95,7,9.208315998598948e-11,9.208315998598948e-11,1.8416631997197896e-10,-6.46608441267538e-14
half_step,up,0.5,0.95,8,9.208315998598948e-11,9.208315998598948e-11,1.8416631997197896e-10,-6.46608441267538e-14
half_step,up,0.5,0.95,9,9.208315998598948e-11,9.208315998598948e-11,1.8416631997197896e-10,-6.46608441267538e-14
half_step,up,0.5,0.95,10,9.208315998598948e-11,9.208315998598948e-11,1.8416631997197896e-10,-6.46608441267538e-14
half_step,up,0.5,0.95,11,9.208315998598948e-11,9.208315998598948e-11,1.8416631997197896e-10,-6.46608441267538e-14
half_step,up,2.0,0.95,0,1.0778886551454647e-06,1.0778886551454647e-06,2.1557773102909294e-06,-1.605040091831839e-15
half_step,up,2.0,0.95,1,1.0778886551454647e-06,1.0778886551454647e-06,2.1557773102909294e-06,-1.8582554523216354e-15
half_step,up,2.0,0.95,2,1.0778886551454647e-06,1.0778886551454647e-06,2.1557773102909294e-06,-1.605040091831839e-15
half_step,up,2.0,0.95,3,1.0778886551454647e-06,1.0778886551454647e-06,2.1557773102909294e-06,-1.605040091831839e-15
half_step,up,2.0,0.95,4,1.0778886551454647e-06,1.0778886551454647e-06,2.1557773102909294e-06,-1.605040091831839e-15
half_step,up,2.0,0.95,5,1.0778886551454647e-06,1.0778886551454647e-06,2.1557773102909294e-06,-1.605040091831839e-15
half_step,up,2.0,0.95,6,1.0778886551454647e-06,1.0778886551454647e-06,2.1557773102909294e-06,-1.605040091831839e-15
half_step,up,2.0,0.95,7,1.0778886551454647e-06,1.0778886551454647e-06,2.1557773102909294e-06,-1.605040091831839e-15
half_step,up,2.0,0.95,8,1.0778886551454647e-06,1.0778886551454647e-06,2.1557773102909294e-06,-1.605040091831839e-15
half_step,up,2.0,0.95,9,1.0778886551454647e-06,1.0778886551454647e-06,2.1557773102909294e-06,-1.605040091831839e-15
half_step,up,2.0,0.95,10,1.0778886551454647e-06,1.0778886551454647e-06,2.1557773102909294e-06,-1.605040091831839e-15
half_step,up,2.0,0.95,11,1.0778886551454647e-06,1.0778886551454647e-06,2.1557773102909294e-06,-1.605040091831839e-15
half_step,down,0.0,0.95,0,0.0,0.0,0.0,-4.139222103018786e-14
half_step,down,0.0,0.95,1,0.0,0.0,0.0,-5.2304311373231616e-14
half_step,down,0.0,0.95,2,0.0,0.0,0.0,-5.2304311373231616e-14
half_step,down,0.0,0.95,3,0.0,0.0,0.0,-5.2304311373231616e-14
half_step,down,0.0,0.95,4,0.0,0.0,0.0,-5.2304311373231616e-14
half_step,down,0.0,0.95,5,0.0,0.0,0.0,-5.2304311373231616e-14
half_step,down,0.0,0.95,6,0.0,0.0,0.0,-5.2304311373231616e-14
half_step,down,0.0,0.95,7,0.0,0.0,0.0,-5.2304311373231616e-14
half_step,down,0.0,0.95,8,0.0,0.0,0.0,-5.2304311373231616e-14
half_step,down,0.0,0.95,9,0.0,0.0,0.0,-4.139222103018786e-14
half_step,down,0.0,0.95,10,0.0,0.0,0.0,-4.139222103018786e-14
half_step,down,0.0,0.95,11,0.0,0.0,0.0,-4.139222103018786e-14
half_step,down,0.5,0.95,0,-1.183627773571061e-10,-1.183627773571061e-10,-2.367255547142122e-10,-1.2410711940758274e-14
half_step,down,0.5,0.95,1,-1.183627773571061e-10,-1.183627773571061e-10,-2.367255547142122e-10,-1.2051950108363887e-14
half_step,down,0.5,0.95,2,-1.183627773571061e-10,-1.183627773571061e-10,-2.367255547142122e-10,-1.341088739862314e-14
half_step,down,0.5,0.95,3,-1.183627773571061e-10,-1.183627773571061e-10,-2.367255547142122e-10,-1.2376387805379438e-14
half_step,down,0.5,0.95,4,-1.183627773571061e-10,-1.183627773571061e-10,-2.367255547142122e-10,-1.2198499242894373e-14
half_step,down,0.5,0.95,5,-1.183627773571061e-10,-1.183627773571061e-10,-2.367255547142122e-10,-1.3534454285986932e-14
half_step,down,0.5,0.95,6,-1.183627773571061e-10,-1.183627773571061e-10,-2.367255547142122e-10,-1.2041205161636595e-14
half_step,down,0.5,0.95,7,-1.183627773571061e-10,-1.183627773571061e-10,-2.367255547142122e-10,-1.2376387805379438e-14
half_step,down,0.5,0.95,8,-1.183627773571061e-10,-1.183627773571061e-10,-2.367255547142122e-10,-1.2198499242894373e-14
half_step,down,0.5,0.95,9,-1.183627773571061e-10,-1.183627773571061e-10,-2.367255547142122e-10,-1.4142140717563437e-14
half_step,down,0.5,0.95,10,-1.183627773571061e-10,-1.183627773571061e-10,-2.367255547142122e-10,-1.2764698241273858e-14
half_step,down,0.5,0.95,11,-1.183627773571061e-10,-1.183627773571061e-10,-2.367255547142122e-10,-1.2764698241273858e-14
half_step,down,2.0,0.95,0,-1.3853121301110605e-06,-1.3853121301110605e-06,-2.770624260222121e-06,1.3675017484390417e-14
half_step,down,2.0,0.95,1,-1.3853121301110605e-06,-1.3853121301110605e-06,-2.770624260222121e-06,1.0747918449761198e-14
half_step,down,2.0,0.95,2,-1.3853121301110605e-06,-1.3853121301110605e-06,-2.770624260222121e-06,1.1370826136623143e-14
half_step,down,2.0,0.95,3,-1.3853121301110605e-06,-1.3853121301110605e-06,-2.770624260222121e-06,9.386893508624974e-15
half_step,down,2.0,0.95,4,-1.3853121301110605e-06,-1.3853121301110605e-06,-2.770624260222121e-06,1.041870561859917e-14
half_step,down,2.0,0.95,5,-1.3853121301110605e-06,-1.3853121301110605e-06,-2.770624260222121e-06,1.1414402812392362e-14
half_step,down,2.0,0.95,6,-1.3853121301110605e-06,-1.3853121301110605e-06,-2.770624260222121e-06,1.114249629454278e-14
half_step,down,2.0,0.95,7,-1.3853121301110605e-06,-1.3853121301110605e-06,-2.770624260222121e-06,1.1596171274927918e-14
half_step,down,2.0,0.95,8,-1.3853121301110605e-06,-1.3853121301110605e-06,-2.770624260222121e-06,1.041870561859917e-14
half_step,down,2.0,0.95,9,-1.3853121301110605e-06,-1.3853121301110605e-06,-2.770624260222121e-06,1.0341103319324514e-14
half_step,down,2.0,0.95,10,-1.3853121301110605e-06,-1.3853121301110605e-06,-2.770624260222121e-06,1.211282350588059e-14
half_step,down,2.0,0.95,11,-1.3853121301110605e-06,-1.3853121301110605e-06,-2.770624260222121e-06,1.0234549393009806e-14
half_step,fresh,0.0,0.98,0,7.537721558037446e-12,5.3516857612123655e-12,1.2889407319249812e-11,9.676025906377772e-11
half_step,fresh,0.0,0.98,1,5.358649080022815e-12,4.416556009800843e-12,9.775205089823658e-12,3.165096735446439e-10
half_step,fresh,0.0,0.98,2,-2.0138890555188027e-12,5.0105075644069074e-12,2.9966185088881047e-12,9.229926108892657e-11
half_step,fresh,0.0,0.98,3,4.241558215767327e-12,4.521387708678049e-12,8.762945924445376e-12,-4.0703340711697037e-10
half_step,fresh,0.0,0.98,4,4.27960999971333e-12,3.896114542101259e-12,8.175724541814589e-12,-8.90334417568132e-10
half_step,fresh,0.0,0.98,5,4.222848737356344e-12,4.070419556967409e-12,8.293268294323752e-12,-8.444042381197987e-10
half_step,fresh,0.0,0.98,6,5.471327835238071e-12,3.3002245380941984e-12,8.77155237333227e-12,1.81255535303008e-10
half_step,fresh,0.0,0.98,7,2.027137346871655e-12,2.5551261106926403e-12,4.582263457564295e-12,-1.6504284191205883e-11
half_step,fresh,0.0,0.98,8,4.80833928229174e-12,4.214054660778288e-12,9.022393943070028e-12,-2.7966362332489744e-10
half_step,fresh,0.0,0.98,9,5.583551399013232e-12,4.929774366502215e-12,1.0513325765515446e-11,1.3076765081923475e-10
half_step,fresh,0.0,0.98,10,6.304250455002602e-12,4.4602144200212025e-12,1.0764464875023804e-11,1.072187985652284e-10
half_step,fresh,0.0,0.98,11,4.057059133089069e-12,5.799698499231454e-12,9.856757632320523e-12,-1.717737750385564e-10
half_step,fresh,0.5,0.98,0,6.87708151791977e-08,6.877202170296748e-08,1.375428368821652e-07,6.869721424422209e-11
half_step,fresh,0.5,0.98,1,1.042892083924496e-07,1.0428916554006129e-07,2.0857837393251089e-07,8.114730024650987e-11
half_step,fresh,0.5,0.98,2,8.511889087792213e-08,8.511904181274233e-08,1.7023793269066446e-07,5.340941766845141e-12
half_step,fresh,0.5,0.98,3,9.194139679147284e-08,9.194140786705773e-08,1.8388280465853057e-07,-4.64494110396586e-11
half_step,fresh,0.5,0.98,4,8.598267897785838e-08,8.59826617694015e-08,1.7196534074725989e-07,-4.744480984736297e-11
half_step,fresh,0.5,0.98,5,8.69284287097205e-08,8.692842203728013e-08,1.7385685074700064e-07,-5.2040515645050475e-11
half_step,fresh,0.5,0.98,6,9.838907626402715e-08,9.838900562941787e-08,1.9677808189344503e-07,9.477676897462144e-11
half_step,fresh,0.5,0.98,7,4.8435392386858564e-08,4.843552893540881e-08,9.687092132226737e-08,-2.0731484217231957e-12
half_step,fresh,0.5,0.98,8,9.510223051401034e-08,9.510220733921493e-08,1.9020443785322528e-07,-1.8272787635547704e-11
half_step,fresh,0.5,0.98,9,1.127825303504082e-07,1.1278248454482665e-07,2.2556501489523483e-07,2.6481120025147608e-11
half_step,fresh,0.5,0.98,10,1.3024050522503216e-07,1.30240378757307e-07,2.6048088398233914e-07,4.875377205010428e-11
half_step,fresh,0.5,0.98,11,1.0822128225118633e-07,1.0822135346533201e-07,2.1644263571651833e-07,-2.042866430344142e-11
half_step,fresh,2.0,0.98,0,3.3001240567982484e-05,3.300124056805353e-05,6.600248113603602e-05,1.721776457567848e-11
half_step,fresh,2.0,0.98,1,4.2268913579980305e-05,4.2268913579973644e-05,8.453782715995396e-05,1.0796203072382867e-11
half_step,fresh,2.0,0.98,2,3.3995959732252555e-05,3.399595973227032e-05,6.799191946452288e-05,-3.057871362194683e-11
half_step,fresh,2.0,0.98,3,3.66101048406553e-05,3.66101048406553e-05,7.32202096813106e-05,-4.132938885345251e-12
half_step,fresh,2.0,0.98,4,3.4208268300728316e-05,3.42082683007261e-05,6.841653660145442e-05,2.334754399984993e-12
half_step,fresh,2.0,0.98,5,3.459527954068564e-05,3.459527954068564e-05,6.919055908137128e-05,-8.342417698307708e-13
half_step,fresh,2.0,0.98,6,3.828118961669902e-05,3.828118961669458e-05,7.656237923339359e-05,2.087883396096405e-11
half_step,fresh,2.0,0.98,7,1.9172975248029634e-05,1.9172975250638658e-05,3.834595049866829e-05,-6.244322370325472e-13
half_step,fresh,2.0,0.98,8,3.781302216259164e-05,3.7813022162589416e-05,7.562604432518106e-05,-8.355779888208611e-13
half_step,fresh,2.0,0.98,9,1.4777805386722021e-05,1.4777806065559008e-05,2.955561145228103e-05,3.662758958096025e-11
half_step,fresh,2.0,0.98,10,1.9394827885043097e-05,1.939482794881653e-05,3.878965583385963e-05,1.851916820044668e-11
half_step,fresh,2.0,0.98,11,4.379190280427992e-05,4.3791902804288794e-05,8.758380560856871e-05,1.825232984626815e-12
half_step,up,0.0,0.98,0,1.0371570269285256e-12,1.0371570269285256e-12,2.0743140538570513e-12,-1.3946968299001643e-13
half_step,up,0.0,0.98,1,1.0371570269285256e-12,1.0371570269285256e-12,2.0743140538570513e-12,-1.3946968299001643e-13
half_step,up,0.0,0.98,2,1.0371570269285256e-12,1.0371570269285256e-12,2.0743140538570513e-12,-1.3946968299001643e-13
half_step,up,0.0,0.98,3,1.0371570269285256e-12,1.0371570269285256e-12,2.0743140538570513e-12,-1.3946968299001643e-13
half_step,up,0.0,0.98,4,1.0371570269285256e-12,1.0371570269285256e-12,2.0743140538570513e-12,-1.3946968299001643e-13
half_step,up,0.0,0.98,5,1.0371570269285256e-12,1.0371570269285256e-12,2.0743140538570513e-12,-1.3946968299001643e-13
half_step,up,0.0,0.98,6,1.0371570269285256e-12,1.0371570269285256e-12,2.0743140538570513e-12,-1.3946968299001643e-13
half_step,up,0.0,0.98,7,1.0371570269285256e-12,1.0371570269285256e-12,2.0743140538570513e-12,-1.3946968299001643e-13
half_step,up,0.0,0.98,8,1.0371570269285256e-12,1.0371570269285256e-12,2.0743140538570513e-12,-1.3946968299001643e-13
half_step,up,0.0,0.98,9,1.0371570269285256e-12,1.0371570269285256e-12,2.0743140538570513e-12,-1.3946968299001643e-13
half_step,up,0.0,0.98,10,1.0371570269285256e-12,1.0371570269285256e-12,2.0743140538570513e-12,-1.3946968299001643e-13
half_step,up,0.0,0.98,11,1.0371570269285256e-12,1.0371570269285256e-12,2.0743140538570513e-12,-1.3946968299001643e-13
half_step,up,0.5,0.98,0,2.1730658762431076e-08,2.1730658762431076e-08,4.346131752486215e-08,-8.628307912344716e-15
half_step,up,0.5,0.98,1,2.1730658765761745e-08,2.1730658762431076e-08,4.3461317528192825e-08,-8.657724624353864e-15
half_step,up,0.5,0.98,2,2.1730658762431076e-08,2.1730658762431076e-08,4.346131752486215e-08,-8.628307912344716e-15
half_step,up,0.5,0.98,3,2.1730658762431076e-08,2.1730658762431076e-08,4.346131752486215e-08,-8.628307912344716e-15
half_step,up,0.5,0.98,4,2.1730658762431076e-08,2.1730658762431076e-08,4.346131752486215e-08,-8.628307912344716e-15
half_step,up,0.5,0.98,5,2.1730658762431076e-08,2.1730658762431076e-08,4.346131752486215e-08,-8.628307912344716e-15
half_step,up,0.5,0.98,6,2.1730658762431076e-08,2.1730658762431076e-08,4.346131752486215e-08,-8.628307912344716e-15
half_step,up,0.5,0.98,7,2.1730658762431076e-08,2.1730658762431076e-08,4.346131752486215e-08,-8.628307912344716e-15
half_step,up,0.5,0.98,8,2.1730658762431076e-08,2.1730658762431076e-08,4.346131752486215e-08,-8.628307912344716e-15
half_step,up,0.5,0.98,9,2.1730658762431076e-08,2.1730658762431076e-08,4.346131752486215e-08,-8.628307912344716e-15
half_step,up,0.5,0.98,10,2.1730658762431076e-08,2.1730658762431076e-08,4.346131752486215e-08,-8.628307912344716e-15
half_step,up,0.5,0.98,11,2.1730658762431076e-08,2.1730658762431076e-08,4.346131752486215e-08,-8.628307912344716e-15
half_step,up,2.0,0.98,0,8.539760304361321e-06,8.539760304361321e-06,1.7079520608722643e-05,-2.935733108829361e-16
half_step,up,2.0,0.98,1,8.539760304362431e-06,8.539760304361321e-06,1.707952060872375e-05,-2.635622740416644e-16
half_step,up,2.0,0.98,2,8.539760304361321e-06,8.539760304361321e-06,1.7079520608722643e-05,-2.935733108829361e-16
half_step,up,2.0,0.98,3,8.539760304361321e-06,8.539760304361321e-06,1.7079520608722643e-05,-2.935733108829361e-16
half_step,up,2.0,0.98,4,8.539760304361321e-06,8.539760304361321e-06,1.7079520608722643e-05,-2.935733108829361e-16
half_step,up,2.0,0.98,5,8.539760304361321e-06,8.539760304361321e-06,1.7079520608722643e-05,-2.935733108829361e-16
half_step,up,2.0,0.98,6,8.539760304361321e-06,8.539760304361321e-06,1.7079520608722643e-05,-2.935733108829361e-16
half_step,up,2.0,0.98,7,8.539760304361321e-06,8.539760304361321e-06,1.7079520608722643e-05,-2.935733108829361e-16
half_step,up,2.0,0.98,8,8.539760304361321e-06,8.539760304361321e-06,1.7079520608722643e-05,-2.935733108829361e-16
half_step,up,2.0,0.98,9,8.539760304361321e-06,8.539760304361321e-06,1.7079520608722643e-05,-2.935733108829361e-16
half_step,up,2.0,0.98,10,8.539760304361321e-06,8.539760304361321e-06,1.7079520608722643e-05,-2.935733108829361e-16
half_step,up,2.0,0.98,11,8.539760304361321e-06,8.539760304361321e-06,1.7079520608722643e-05,-2.935733108829361e-16
half_step,down,0.0,0.98,0,-6.684786058031022e-13,-6.684786058031022e-13,-1.3369572116062045e-12,-4.157960964649513e-15
half_step,down,0.0,0.98,1,-6.696154741803184e-13,-6.696154741803184e-13,-1.3392309483606368e-12,-5.0639857377963696e-15
half_step,down,0.0,0.98,2,-6.696154741803184e-13,-6.696154741803184e-13,-1.3392309483606368e-12,-5.0639857377963696e-15
half_step,down,0.0,0.98,3,-6.696154741803184e-13,-6.696154741803184e-13,-1.3392309483606368e-12,-5.0639857377963696e-15
half_step,down,0.0,0.98,4,-6.696154741803184e-13,-6.696154741803184e-13,-1.3392309483606368e-12,-5.0639857377963696e-15
half_step,down,0.0,0.98,5,-6.696154741803184e-13,-6.696154741803184e-13,-1.3392309483606368e-12,-5.0639857377963696e-15
half_step,down,0.0,0.98,6,-6.696154741803184e-13,-6.696154741803184e-13,-1.3392309483606368e-12,-5.0639857377963696e-15
half_step,down,0.0,0.98,7,-6.696154741803184e-13,-6.696154741803184e-13,-1.3392309483606368e-12,-5.0639857377963696e-15
half_step,down,0.0,0.98,8,-6.696154741803184e-13,-6.696154741803184e-13,-1.3392309483606368e-12,-5.0639857377963696e-15
half_step,down,0.0,0.98,9,-6.684786058031022e-13,-6.684786058031022e-13,-1.3369572116062045e-12,-4.157960964649513e-15
half_step,down,0.0,0.98,10,-6.684786058031022e-13,-6.684786058031022e-13,-1.3369572116062045e-12,-4.157960964649513e-15
half_step,down,0.0,0.98,11,-6.684786058031022e-13,-6.684786058031022e-13,-1.3369572116062045e-12,-4.157960964649513e-15
half_step,down,0.5,0.98,0,-1.641333142288204e-08,-1.641333142288204e-08,-3.282666284576408e-08,-6.832375681692209e-15
half_step,down,0.5,0.98,1,-1.641333142288204e-08,-1.641333142288204e-08,-3.282666284576408e-08,-6.620239307138253e-15
half_step,down,0.5,0.98,2,-1.641333142288204e-08,-1.641333142288204e-08,-3.282666284576408e-08,-7.195032056448343e-15
half_step,down,0.5,0.98,3,-1.641333142288204e-08,-1.641333142288204e-08,-3.282666284576408e-08,-6.817147634888128e-15
half_step,down,0.5,0.98,4,-1.641333142288204e-08,-1.641333142288204e-08,-3.282666284576408e-08,-6.717593178614053e-15
half_step,down,0.5,0.98,5,-1.641333142288204e-08,-1.641333142288204e-08,-3.282666284576408e-08,-7.211756500915252e-15
half_step,down,0.5,0.98,6,-1.641333142288204e-08,-1.641333142288204e-08,-3.282666284576408e-08,-6.6853766171672695e-15
half_step,down,0.5,0.98,7,-1.641333142288204e-08,-1.641333142288204e-08,-3.282666284576408e-08,-6.817147634888128e-15
half_step,down,0.5,0.98,8,-1.641333142288204e-08,-1.641333142288204e-08,-3.282666284576408e-08,-6.717593178614053e-15
half_step,down,0.5,0.98,9,-1.641333142288204e-08,-1.641333142288204e-08,-3.282666284576408e-08,-7.497480431123607e-15
half_step,down,0.5,0.98,10,-1.641333142288204e-08,-1.641333142288204e-08,-3.282666284576408e-08,-6.999708149753232e-15
half_step,down,0.5,0.98,11,-1.641333142288204e-08,-1.641333142288204e-08,-3.282666284576408e-08,-6.999708149753232e-15
half_step,down,2.0,0.98,0,-6.404319995851893e-06,-6.404319995851893e-06,-1.2808639991703786e-05,1.5013673688123469e-15
half_step,down,2.0,0.98,1,-6.4043223933651915e-06,-6.4043223933651915e-06,-1.2808644786730383e-05,-2.2110773299106577e-15
half_step,down,2.0,0.98,2,-6.4043317134121484e-06,-6.4043317134121484e-06,-1.2808663426824297e-05,1.4127302059315282e-16
half_step,down,2.0,0.98,3,-6.404315135029037e-06,-6.404315135029037e-06,-1.2808630270058075e-05,3.286689596602558e-16
half_step,down,2.0,0.98,4,-6.404323153645919e-06,-6.404323153645919e-06,-1.2808646307291838e-05,-6.084863569654314e-16
half_step,down,2.0,0.98,5,-6.40432162171578e-06,-6.40432162171578e-06,-1.280864324343156e-05,-9.809895430935832e-16
half_step,down,2.0,0.98,6,-6.404321861026574e-06,-6.404321861026574e-06,-1.2808643722053148e-05,-3.797384532330394e-15
half_step,down,2.0,0.98,7,-6.404321422195381e-06,-6.404321422195381e-06,-1.2808642844390761e-05,2.3369468372417352e-15
half_step,down,2.0,0.98,8,-6.4043229600940775e-06,-6.4043229600940775e-06,-1.2808645920188155e-05,9.86182724912807e-16
half_step,down,2.0,0.98,9,-6.404322393223083e-06,-6.404322393223083e-06,-1.2808644786446166e-05,-1.9907617822703213e-15
half_step,down,2.0,0.98,10,-6.404320644151085e-06,-6.404320644151085e-06,-1.280864128830217e-05,4.8783656162166835e-15
half_step,down,2.0,0.98,11,-6.4043226308285735e-06,-6.4043226308285735e-06,-1.2808645261657147e-05,-5.3461068064825175e-15
half_step,fresh,0.0,0.99,0,1.5031051603386913e-09,1.1849347747450166e-09,2.6880399350837078e-09,1.0113893098324076e-10
half_step,fresh,0.0,0.99,1,1.1859703186178906e-09,1.0349222823169414e-09,2.2208926009348317e-09,3.2357600204739516e-10
half_step,fresh,0.0,0.99,2,-3.0984152799007346e-10,1.1312125214324453e-09,8.213709934423719e-10,9.092383207182622e-11
half_step,fresh,0.0,0.99,3,1.0058362931442133e-09,1.0521878690550323e-09,2.0580241621992456e-09,-3.9437676123364386e-10
half_step,fresh,0.0,0.99,4,1.0121875149149418e-09,9.474276285725835e-10,1.9596151434875256e-09,-8.668034890129964e-10
half_step,fresh,0.0,0.99,5,1.0027052077532516e-09,9.770651487883697e-10,1.979770356541621e-09,-8.204472925670875e-10
half_step,fresh,0.0,0.99,6,1.203433893648409e-09,8.434642995158725e-10,2.0468981931642814e-09,1.8245127043041516e-10
half_step,fresh,0.0,0.99,7,6.066679791860708e-10,7.074160646158845e-10,1.3140840438019552e-09,-1.668922376427278e-11
half_step,fresh,0.0,0.99,8,1.0988508603038128e-09,1.001234103403803e-09,2.1000849637076156e-09,-2.7583491964711675e-10
half_step,fresh,0.0,0.99,9,1.220755563302589e-09,1.1183906911682585e-09,2.3391462544708473e-09,1.366507693341424e-10
half_step,fresh,0.0,0.99,10,1.3288328526428472e-09,1.0421781615477243e-09,2.3710110141905717e-09,1.1237279177771913e-10
half_step,fresh,0.0,0.99,11,9.748660279029764e-10,1.253684409618927e-09,2.2285504375219034e-09,-1.671048153260211e-10
half_step,fresh,0.5,0.99,0,9.656301342153562e-07,9.657516745797957e-07,1.931381808795152e-06,6.927964900042636e-11
half_step,fresh,0.5,0.99,1,1.303443896200074e-06,1.3034405610545806e-06,2.6068844572546548e-06,8.229424541316637e-11
half_step,fresh,0.5,0.99,2,1.1291604665453203e-06,1.129173719306431e-06,2.2583341858517516e-06,5.1343349365532195e-12
half_step,fresh,0.5,0.99,3,1.1927434088598864e-06,1.1927443374171176e-06,2.385487746277004e-06,-4.52412176208167e-11
half_step,fresh,0.5,0.99,4,1.1376744444202558e-06,1.1376729470247149e-06,2.2753473914449707e-06,-4.6335725126186505e-11
half_step,fresh,0.5,0.99,5,1.146488897530995e-06,1.1464883204614916e-06,2.292977217992487e-06,-5.058564096899475e-11
half_step,fresh,0.5,0.99,6,1.2508419064616305e-06,1.2508361992313866e-06,2.501678105693017e-06,9.501948098781337e-11
half_step,fresh,0.5,0.99,7,7.655133716588658e-07,7.655285154983815e-07,1.5310418871572473e-06,-2.0385700609290777e-12
half_step,fresh,0.5,0.99,8,1.221516205511808e-06,1.2215142996852003e-06,2.443030505197008e-06,-1.7907158279921067e-11
half_step,fresh,0.5,0.99,9,1.3771416318819619e-06,1.3771382433946933e-06,2.7542798752766553e-06,2.7035406089605586e-11
half_step,fresh,0.5,0.99,10,1.5190049805191563e-06,1.518996418132801e-06,3.038001398651957e-06,4.8925352731326456e-11
half_step,fresh,0.5,0.99,11,1.3373918527714856e-06,1.3373972812757985e-06,2.674789134047284e-06,-1.9784092206195905e-11
half_step,fresh,2.0,0.99,0,8.037729376481729e-05,8.037729376612512e-05,0.0001607545875309424,1.7137066969960834e-11
half_step,fresh,2.0,0.99,1,9.639222585141161e-05,9.639222585132945e-05,0.00019278445170274106,1.0903512928240437e-11
half_step,fresh,2.0,0.99,2,8.215457176242613e-05,8.21545717627259e-05,0.000164309143525152,-3.044228791886352e-11
half_step,fresh,2.0,0.99,3,8.674990365122204e-05,8.674990365123536e-05,0.0001734998073024574,-4.044737920512422e-12
half_step,fresh,2.0,0.99,4,8.253383719499019e-05,8.253383719495688e-05,0.00016506767438994707,2.272696202373389e-12
half_step,fresh,2.0,0.99,5,8.321760881313311e-05,8.321760881312201e-05,0.0001664352176262551,-8.120738713651482e-13
half_step,fresh,2.0,0.99,6,8.96371242183136e-05,8.963712421823366e-05,0.00017927424843654726,2.0952327596803282e-11
half_step,fresh,2.0,0.99,7,5.4597967316538656e-05,5.459796739150979e-05,0.00010919593470804846,-5.863557579808157e-13
half_step,fresh,2.0,0.99,8,8.883653363960797e-05,8.883653363958132e-05,0.0001776730672791893,-8.155761201792735e-13
half_step,fresh,2.0,0.99,9,4.5202309867143905e-05,4.520233518233385e-05,9.040464504947776e-05,3.607322407252965e-11
half_step,fresh,2.0,0.99,10,5.4933201167691735e-05,5.493320302384253e-05,0.00010986640419153427,1.8527153137291306e-11
half_step,fresh,2.0,0.99,11,9.887822334423424e-05,9.887822334435192e-05,0.00019775644668858618,1.8555138260386273e-12
half_step,up,0.0,0.99,0,1.8217121811048286e-10,1.8217121811048286e-10,3.6434243622096573e-10,-4.8529367976247e-15
half_step,up,0.0,0.99,1,1.8217121811048286e-10,1.8217121811048286e-10,3.6434243622096573e-10,-4.8529367976247e-15
half_step,up,0.0,0.99,2,1.8217121811048286e-10,1.8217121811048286e-10,3.6434243622096573e-10,-4.8529367976247e-15
half_step,up,0.0,0.99,3,1.8217121811048286e-10,1.8217121811048286e-10,3.6434243622096573e-10,-4.8529367976247e-15
half_step,up,0.0,0.99,4,1.8217121811048286e-10,1.8217121811048286e-10,3.6434243622096573e-10,-4.8529367976247e-15
half_step,up,0.0,0.99,5,1.8217121811048286e-10,1.8217121811048286e-10,3.6434243622096573e-10,-4.8529367976247e-15
half_step,up,0.0,0.99,6,1.8217121811048286e-10,1.8217121811048286e-10,3.6434243622096573e-10,-4.8529367976247e-15
half_step,up,0.0,0.99,7,1.8217121811048286e-10,1.8217121811048286e-10,3.6434243622096573e-10,-4.8529367976247e-15
half_step,up,0.0,0.99,8,1.8217121811048286e-10,1.8217121811048286e-10,3.6434243622096573e-10,-4.8529367976247e-15
half_step,up,0.0,0.99,9,1.8217121811048286e-10,1.8217121811048286e-10,3.6434243622096573e-10,-4.8529367976247e-15
half_step,up,0.0,0.99,10,1.8217121811048286e-10,1.8217121811048286e-10,3.6434243622096573e-10,-4.8529367976247e-15
half_step,up,0.0,0.99,11,1.8217121811048286e-10,1.8217121811048286e-10,3.6434243622096573e-10,-4.8529367976247e-15
half_step,up,0.5,0.99,0,2.1075737457021405e-07,2.1075737457021405e-07,4.215147491404281e-07,-3.0182449152133415e-16
half_step,up,0.5,0.99,1,2.1075737457021405e-07,2.1075737457021405e-07,4.215147491404281e-07,-3.006812169322383e-16
half_step,up,0.5,0.99,2,2.1075737457021405e-07,2.1075737457021405e-07,4.215147491404281e-07,-3.0182449152133415e-16
half_step,up,0.5,0.99,3,2.1075737457021405e-07,2.1075737457021405e-07,4.215147491404281e-07,-3.0182449152133415e-16
half_step,up,0.5,0.99,4,2.1075737457021405e-07,2.1075737457021405e-07,4.215147491404281e-07,-3.0182449152133415e-16
half_step,up,0.5,0.99,5,2.1075737457021405e-07,2.1075737457021405e-07,4.215147491404281e-07,-3.0182449152133415e-16
half_step,up,0.5,0.99,6,2.1075737457021405e-07,2.1075737457021405e-07,4.215147491404281e-07,-3.0182449152133415e-16
half_step,up,0.5,0.99,7,2.1075737457021405e-07,2.1075737457021405e-07,4.215147491404281e-07,-3.0182449152133415e-16
half_step,up,0.5,0.99,8,2.1075737457021405e-07,2.1075737457021405e-07,4.215147491404281e-07,-3.0182449152133415e-16
half_step,up,0.5,0.99,9,2.1075737457021405e-07,2.1075737457021405e-07,4.215147491404281e-07,-3.0182449152133415e-16
half_step,up,0.5,0.99,10,2.1075737457021405e-07,2.1075737457021405e-07,4.215147491404281e-07,-3.0182449152133415e-16
half_step,up,0.5,0.99,11,2.1075737457021405e-07,2.1075737457021405e-07,4.215147491404281e-07,-3.0182449152133415e-16
half_step,up,2.0,0.99,0,1.4607794665564278e-05,1.4607794665564278e-05,2.9215589331128556e-05,1.9963954524983888e-17
half_step,up,2.0,0.99,1,1.4607794665564278e-05,1.4607794665565387e-05,2.9215589331129664e-05,5.100922301537729e-17
half_step,up,2.0,0.99,2,1.4607794665564278e-05,1.4607794665564278e-05,2.9215589331128556e-05,1.9963954524983888e-17
half_step,up,2.0,0.99,3,1.4607794665564278e-05,1.4607794665564278e-05,2.9215589331128556e-05,1.9963954524983888e-17
half_step,up,2.0,0.99,4,1.4607794665564278e-05,1.4607794665564278e-05,2.9215589331128556e-05,1.9963954524983888e-17
half_step,up,2.0,0.99,5,1.4607794665564278e-05,1.4607794665564278e-05,2.9215589331128556e-05,1.9963954524983888e-17
half_step,up,2.0,0.99,6,1.4607794665564278e-05,1.4607794665564278e-05,2.9215589331128556e-05,1.9963954524983888e-17
half_step,up,2.0,0.99,7,1.4607794665564278e-05,1.4607794665564278e-05,2.9215589331128556e-05,1.9963954524983888e-17
half_step,up,2.0,0.99,8,1.4607794665564278e-05,1.4607794665564278e-05,2.9215589331128556e-05,1.9963954524983888e-17
half_step,up,2.0,0.99,9,1.4607794665564278e-05,1.4607794665564278e-05,2.9215589331128556e-05,1.9963954524983888e-17
half_step,up,2.0,0.99,10,1.4607794665564278e-05,1.4607794665564278e-05,2.9215589331128556e-05,1.9963954524983888e-17
half_step,up,2.0,0.99,11,1.4607794665564278e-05,1.4607794665564278e-05,2.9215589331128556e-05,1.9963954524983888e-17
half_step,down,0.0,0.99,0,-1.8137029655918012e-10,-1.8137029655918012e-10,-3.6274059311836025e-10,-2.7233979981021494e-15
half_step,down,0.0,0.99,1,-1.8137029655918012e-10,-1.8137029655918012e-10,-3.6274059311836025e-10,-3.660696872479244e-15
half_step,down,0.0,0.99,2,-1.8137029655918012e-10,-1.8137029655918012e-10,-3.6274059311836025e-10,-3.660696872479244e-15
half_step,down,0.0,0.99,3,-1.8137029655918012e-10,-1.8137029655918012e-10,-3.6274059311836025e-10,-3.660696872479244e-15
half_step,down,0.0,0.99,4,-1.8137029655918012e-10,-1.8137029655918012e-10,-3.6274059311836025e-10,-3.660696872479244e-15
half_step,down,0.0,0.99,5,-1.8137029655918012e-10,-1.8137029655918012e-10,-3.6274059311836025e-10,-3.660696872479244e-15
half_step,down,0.0,0.99,6,-1.8137029655918012e-10,-1.8137029655918012e-10,-3.6274059311836025e-10,-3.660696872479244e-15
half_step,down,0.0,0.99,7,-1.8137029655918012e-10,-1.8137029655918012e-10,-3.6274059311836025e-10,-3.660696872479244e-15
half_step,down,0.0,0.99,8,-1.8137029655918012e-10,-1.8137029655918012e-10,-3.6274059311836025e-10,-3.660696872479244e-15
half_step,down,0.0,0.99,9,-1.8137029655918012e-10,-1.8137029655918012e-10,-3.6274059311836025e-10,-2.7233979981021494e-15
half_step,down,0.0,0.99,10,-1.8137029655918012e-10,-1.8137029655918012e-10,-3.6274059311836025e-10,-2.7233979981021494e-15
half_step,down,0.0,0.99,11,-1.8137029655918012e-10,-1.8137029655918012e-10,-3.6274059311836025e-10,-2.7233979981021494e-15
half_step,down,0.5,0.99,0,-2.0994761712245236e-07,-2.0994761712245236e-07,-4.198952342449047e-07,2.330308294020075e-15
half_step,down,0.5,0.99,1,-2.0994758244796686e-07,-2.0994758244796686e-07,-4.198951648959337e-07,6.679399654387837e-16
half_step,down,0.5,0.99,2,-2.0994763929138572e-07,-2.0994763929138572e-07,-4.1989527858277144e-07,-1.6877101533200694e-15
half_step,down,0.5,0.99,3,-2.0994771375626443e-07,-2.0994771375626443e-07,-4.1989542751252887e-07,2.9798176629456536e-15
half_step,down,0.5,0.99,4,-2.099476245120968e-07,-2.099476245120968e-07,-4.198952490241936e-07,3.1361040715269135e-15
half_step,down,0.5,0.99,5,-2.0994762735426776e-07,-2.0994762735426776e-07,-4.1989525470853553e-07,2.7237698886247923e-15
half_step,down,0.5,0.99,6,-2.0994763701764897e-07,-2.0994763701764897e-07,-4.1989527403529793e-07,5.7242986261048855e-15
half_step,down,0.5,0.99,7,-2.0994790020267828e-07,-2.0994790020267828e-07,-4.1989580040535657e-07,-9.10278926735807e-15
half_step,down,0.5,0.99,8,-2.099476455441618e-07,-2.099476455441618e-07,-4.198952910883236e-07,-7.495411072726995e-15
half_step,down,0.5,0.99,9,-2.0994760348003182e-07,-2.0994760348003182e-07,-4.1989520696006364e-07,7.618583252891904e-15
half_step,down,0.5,0.99,10,-2.0994761939618912e-07,-2.0994761939618912e-07,-4.1989523879237823e-07,-2.113913708133513e-15
half_step,down,0.5,0.99,11,-2.0994765236537206e-07,-2.0994765236537206e-07,-4.198953047307441e-07,3.4376927707356538e-15
half_step,down,2.0,0.99,0,-1.4352303381883757e-05,-1.4352303381883757e-05,-2.8704606763767514e-05,-2.4887786399745025e-15
half_step,down,2.0,0.99,1,-1.4378306363340699e-05,-1.4378306363340699e-05,-2.8756612726681398e-05,-3.637019620758974e-15
half_step,down,2.0,0.99,2,-1.4479402695855014e-05,-1.4479402695855014e-05,-2.895880539171003e-05,-2.6733452789341935e-16
half_step,down,2.0,0.99,3,-1.4299569568265724e-05,-1.4299569568265724e-05,-2.8599139136531447e-05,2.3125607956946304e-15
half_step,down,2.0,0.99,4,-1.4386568330451156e-05,-1.4386568330451156e-05,-2.877313666090231e-05,6.632055663590656e-16
half_step,down,2.0,0.99,5,-1.436994744835829e-05,-1.436994744835829e-05,-2.873989489671658e-05,1.1799617420541453e-15
half_step,down,2.0,0.99,6,-1.4372532528170722e-05,-1.4372532528170722e-05,-2.8745065056341445e-05,1.949959287553479e-15
half_step,down,2.0,0.99,7,-1.4367776245762797e-05,-1.4367776245762797e-05,-2.8735552491525594e-05,1.5680104298578384e-16
half_step,down,2.0,0.99,8,-1.4384439059682564e-05,-1.4384439059682564e-05,-2.8768878119365128e-05,-2.2179863108122055e-15
half_step,down,2.0,0.99,9,-1.4378306038338452e-05,-1.4378306038338452e-05,-2.8756612076676903e-05,2.579451822855242e-15
half_step,down,2.0,0.99,10,-1.4359338587723869e-05,-1.4359338587723869e-05,-2.8718677175447737e-05,-1.8144101350527805e-15
half_step,down,2.0,0.99,11,-1.4380884721703068e-05,-1.4380884721703068e-05,-2.8761769443406137e-05,1.0171862352511179e-15
half_step,fresh,0.0,0.995,0,5.890953355347506e-08,4.9863440640951495e-08,1.0877297419442656e-07,1.0335341574502082e-10
half_step,fresh,0.0,0.995,1,4.9894147232665274e-08,4.5319421592138197e-08,9.521356882480347e-08,3.2710925128200405e-10
half_step,fresh,0.0,0.995,2,-5.88609820106889e-09,4.825773055050497e-08,4.237163234943608e-08,9.021655811714338e-11
half_step,fresh,0.0,0.995,3,4.441625290119155e-08,4.5852085052144887e-08,9.026833795333643e-08,-3.866216835441031e-10
half_step,fresh,0.0,0.995,4,4.461409707889885e-08,4.258012583191473e-08,8.719422291081358e-08,-8.510586902995688e-10
half_step,fresh,0.0,0.995,5,4.431858774411879e-08,4.351558154702673e-08,8.783416929114552e-08,-8.048747823401056e-10
half_step,fresh,0.0,0.995,6,5.041089639057361e-08,3.923579192655069e-08,8.96466883171243e-08,1.8303187873601794e-10
half_step,fresh,0.0,0.995,7,3.123281188011084e-08,3.4705589350148e-08,6.593840123025884e-08,-1.651654410663132e-11
half_step,fresh,0.0,0.995,8,4.727895030254281e-08,4.427267118800593e-08,9.155162149054874e-08,-2.738830161936473e-10
half_step,fresh,0.0,0.995,9,5.0921032350714766e-08,4.7870993662435523e-08,9.879202601315028e-08,1.3959983405649893e-10
half_step,fresh,0.0,0.995,10,5.405035373051703e-08,4.554359973596434e-08,9.959395346648137e-08,1.1497604206045668e-10
half_step,fresh,0.0,0.995,11,4.344645262888136e-08,5.188418101376158e-08,9.533063364264293e-08,-1.647434403695896e-10
half_step,fresh,0.5,0.995,0,5.75811504303636e-06,5.760320880504599e-06,1.1518435923540958e-05,6.955111418984217e-11
half_step,fresh,0.5,0.995,1,7.1426963965992575e-06,7.142645827770133e-06,1.428534222436939e-05,8.286716045572487e-11
half_step,fresh,0.5,0.995,2,6.4498279242253266e-06,6.450046198848147e-06,1.2899874123073474e-05,5.0379341569109326e-12
half_step,fresh,0.5,0.995,3,6.706664818406649e-06,6.706679631974799e-06,1.3413344450381448e-05,-4.4470696763376996e-11
half_step,fresh,0.5,0.995,4,6.48530339180442e-06,6.485278875306699e-06,1.297058226711112e-05,-4.555930366290987e-11
half_step,fresh,0.5,0.995,5,6.520936813569911e-06,6.5209274048583235e-06,1.3041864218428234e-05,-4.9637004662721777e-11
half_step,fresh,0.5,0.995,6,6.9364743329447535e-06,6.936385591941319e-06,1.3872859924886072e-05,9.513402587794515e-11
half_step,fresh,0.5,0.995,7,4.910068569859982e-06,4.910365390012883e-06,9.820433959872866e-06,-1.9916085400537386e-12
half_step,fresh,0.5,0.995,8,6.8211552880792505e-06,6.821125287468366e-06,1.3642280575547617e-05,-1.7720607615551464e-11
half_step,fresh,0.5,0.995,9,7.426715075120605e-06,7.426665400929178e-06,1.4853380476049783e-05,2.7315985230395212e-11
half_step,fresh,0.5,0.995,10,7.953262067466049e-06,7.953143468173441e-06,1.590640553563949e-05,4.9027836330670454e-11
half_step,fresh,0.5,0.995,11,7.273303360089134e-06,7.2733845187222816e-06,1.4546687878811416e-05,-1.9455164553144044e-11
half_step,fresh,2.0,0.995,0,0.00014261705701630102,0.00014261705702270478,0.00028523411403900576,1.7095752445518387e-11
half_step,fresh,2.0,0.995,1,0.00016399134247359947,0.00016399134247326196,0.00032798268494686143,1.0960561746942396e-11
half_step,fresh,2.0,0.995,2,0.00014503306850788934,0.00014503306850932373,0.00029006613701721307,-3.037620516642411e-11
half_step,fresh,2.0,0.995,3,0.0001512237191354715,0.00015122371913553367,0.00030244743827100517,-3.9931322567629665e-12
half_step,fresh,2.0,0.995,4,0.0001455484057488432,0.00014554840574868556,0.00029109681149752875,2.234326111621851e-12
half_step,fresh,2.0,0.995,5,0.00014647227953934583,0.00014647227953929032,0.00029294455907863615,-7.982764683140731e-13
half_step,fresh,2.0,0.995,6,0.00015507602289326904,0.000155076022892916,0.000310152045786185,2.0984439618548073e-11
half_step,fresh,2.0,0.995,7,0.00010664330749018291,0.0001066433079733653,0.0002132866154635482,-5.599355293803101e-13
half_step,fresh,2.0,0.995,8,0.00015401360474535554,0.0001540136047452334,0.00030802720949058894,-8.037047993430366e-13
half_step,fresh,2.0,0.995,9,9.248891039936202e-05,9.248910299532343e-05,0.00018497801339468546,3.577817452890236e-11
half_step,fresh,2.0,0.995,10,0.00010705250414854151,0.00010705251619677503,0.00021410502034531655,1.8525221440142258e-11
half_step,fresh,2.0,0.995,11,0.0001672095968852516,0.00016720959688574678,0.00033441919377099835,1.8699826234132026e-12
half_step,up,0.0,0.995,0,7.90558655983098e-09,7.90558655983098e-09,1.581117311966196e-08,-4.58605293469167e-16
half_step,up,0.0,0.995,1,7.90558655983098e-09,7.90558655983098e-09,1.581117311966196e-08,-4.58605293469167e-16
half_step,up,0.0,0.995,2,7.90558655983098e-09,7.90558655983098e-09,1.581117311966196e-08,-4.58605293469167e-16
half_step,up,0.0,0.995,3,7.90558655983098e-09,7.90558655983098e-09,1.581117311966196e-08,-4.58605293469167e-16
half_step,up,0.0,0.995,4,7.90558655983098e-09,7.90558655983098e-09,1.581117311966196e-08,-4.58605293469167e-16
half_step,up,0.0,0.995,5,7.90558655983098e-09,7.90558655983098e-09,1.581117311966196e-08,-4.58605293469167e-16
half_step,up,0.0,0.995,6,7.90558655983098e-09,7.90558655983098e-09,1.581117311966196e-08,-4.58605293469167e-16
half_step,up,0.0,0.995,7,7.90558655983098e-09,7.90558655983098e-09,1.581117311966196e-08,-4.58605293469167e-16
half_step,up,0.0,0.995,8,7.90558655983098e-09,7.90558655983098e-09,1.581117311966196e-08,-4.58605293469167e-16
half_step,up,0.0,0.995,9,7.90558655983098e-09,7.90558655983098e-09,1.581117311966196e-08,-4.58605293469167e-16
half_step,up,0.0,0.995,10,7.90558655983098e-09,7.90558655983098e-09,1.581117311966196e-08,-4.58605293469167e-16
half_step,up,0.0,0.995,11,7.90558655983098e-09,7.90558655983098e-09,1.581117311966196e-08,-4.58605293469167e-16
half_step,up,0.5,0.995,0,1.1672715022736924e-06,1.1672715022736924e-06,2.334543004547385e-06,-3.445239243308647e-17
half_step,up,0.5,0.995,1,1.1672715022692514e-06,1.1672715022725822e-06,2.3345430045418334e-06,-5.687785246380591e-17
half_step,up,0.5,0.995,2,1.1672715022736924e-06,1.1672715022736924e-06,2.334543004547385e-06,-3.445239243308647e-17
half_step,up,0.5,0.995,3,1.1672715022736924e-06,1.1672715022736924e-06,2.334543004547385e-06,-3.445239243308647e-17
half_step,up,0.5,0.995,4,1.1672715022736924e-06,1.1672715022736924e-06,2.334543004547385e-06,-3.445239243308647e-17
half_step,up,0.5,0.995,5,1.1672715022736924e-06,1.1672715022736924e-06,2.334543004547385e-06,-3.445239243308647e-17
half_step,up,0.5,0.995,6,1.1672715022736924e-06,1.1672715022736924e-06,2.334543004547385e-06,-3.445239243308647e-17
half_step,up,0.5,0.995,7,1.1672715022736924e-06,1.1672715022736924e-06,2.334543004547385e-06,-3.445239243308647e-17
half_step,up,0.5,0.995,8,1.1672715022736924e-06,1.1672715022736924e-06,2.334543004547385e-06,-3.445239243308647e-17
half_step,up,0.5,0.995,9,1.1672715022736924e-06,1.1672715022736924e-06,2.334543004547385e-06,-3.445239243308647e-17
half_step,up,0.5,0.995,10,1.1672715022736924e-06,1.1672715022736924e-06,2.334543004547385e-06,-3.445239243308647e-17
half_step,up,0.5,0.995,11,1.1672715022736924e-06,1.1672715022736924e-06,2.334543004547385e-06,-3.445239243308647e-17
half_step,up,2.0,0.995,0,2.346185325901473e-05,2.346185325901473e-05,4.692370651802946e-05,3.7300108649522795e-17
half_step,up,2.0,0.995,1,2.346185325901473e-05,2.346185325901473e-05,4.692370651802946e-05,1.5380768444999738e-17
half_step,up,2.0,0.995,2,2.346185325901473e-05,2.346185325901473e-05,4.692370651802946e-05,3.7300108649522795e-17
half_step,up,2.0,0.995,3,2.346185325901473e-05,2.346185325901473e-05,4.692370651802946e-05,3.7300108649522795e-17
half_step,up,2.0,0.995,4,2.346185325901473e-05,2.346185325901473e-05,4.692370651802946e-05,3.7300108649522795e-17
half_step,up,2.0,0.995,5,2.346185325901473e-05,2.346185325901473e-05,4.692370651802946e-05,3.7300108649522795e-17
half_step,up,2.0,0.995,6,2.346185325901473e-05,2.346185325901473e-05,4.692370651802946e-05,3.7300108649522795e-17
half_step,up,2.0,0.995,7,2.346185325901473e-05,2.346185325901473e-05,4.692370651802946e-05,3.7300108649522795e-17
half_step,up,2.0,0.995,8,2.346185325901473e-05,2.346185325901473e-05,4.692370651802946e-05,3.7300108649522795e-17
half_step,up,2.0,0.995,9,2.346185325901473e-05,2.346185325901473e-05,4.692370651802946e-05,3.7300108649522795e-17
half_step,up,2.0,0.995,10,2.346185325901473e-05,2.346185325901473e-05,4.692370651802946e-05,3.7300108649522795e-17
half_step,up,2.0,0.995,11,2.346185325901473e-05,2.346185325901473e-05,4.692370651802946e-05,3.7300108649522795e-17
half_step,down,0.0,0.995,0,-3.9792771531210745e-08,-4.020066626253538e-08,-7.999343779374612e-08,7.223552131386302e-15
half_step,down,0.0,0.995,1,-4.019923949272197e-08,-4.041502393192786e-08,-8.061426342464984e-08,-3.681487306105959e-15
half_step,down,0.0,0.995,2,-4.338483108767832e-08,-4.0275659785038444e-08,-8.366049087271676e-08,1.502403172017217e-14
half_step,down,0.0,0.995,3,-4.0458417061017826e-08,-4.038955012219958e-08,-8.08479671832174e-08,6.328813132544591e-15
half_step,down,0.0,0.995,4,-4.044888669341162e-08,-4.05474713716103e-08,-8.099635806502192e-08,1.3231775615405914e-14
half_step,down,0.0,0.995,5,-4.046312710670463e-08,-4.050196253047034e-08,-8.096508963717497e-08,1.6989624503253318e-15
half_step,down,0.0,0.995,6,-4.017527430733026e-08,-4.071259240845393e-08,-8.088786671578418e-08,-9.736331133369458e-16
half_step,down,0.0,0.995,7,-4.112373403586389e-08,-4.09424740155373e-08,-8.206620805140119e-08,-1.0733078665272361e-14
half_step,down,0.0,0.995,8,-4.0321774577023463e-08,-4.0465340589435075e-08,-8.078711516645853e-08,1.4836503276667395e-14
half_step,down,0.0,0.995,9,-4.015170475213381e-08,-4.0293847405337146e-08,-8.044555215747096e-08,7.525981650998729e-16
half_step,down,0.0,0.995,10,-4.0008843598116074e-08,-4.040428962071019e-08,-8.041313321882626e-08,6.559312688426882e-15
half_step,down,0.0,0.995,11,-4.050531401844637e-08,-4.010741690763098e-08,-8.061273092607736e-08,1.2506780506843244e-14
half_step,down,0.5,0.995,0,-4.903010369048389e-06,-4.903010421344334e-06,-9.806020790392723e-06,2.2711779455949012e-15
half_step,down,0.5,0.995,1,-4.3203084499054964e-06,-4.320308306660081e-06,-8.640616756565577e-06,-7.855096909336385e-15
half_step,down,0.5,0.995,2,-5.272286487070233e-06,-5.2722863904364205e-06,-1.0544572877506652e-05,-3.2162736163359034e-15
half_step,down,0.5,0.995,3,-6.6012435843276765e-06,-6.600572163506513e-06,-1.3201815747834189e-05,2.6147376527378995e-16
half_step,down,0.5,0.995,4,-5.096944229308065e-06,-5.096944278193405e-06,-1.0193888507501469e-05,-3.5310891925930766e-15
half_step,down,0.5,0.995,5,-5.135510236300434e-06,-5.135510263585274e-06,-1.0271020499885708e-05,-2.8914805290598964e-15
half_step,down,0.5,0.995,6,-5.243821785256842e-06,-5.243821696581108e-06,-1.048764348183795e-05,-1.9104277370773683e-15
half_step,down,0.5,0.995,7,-1.0124692163913096e-05,-1.0043162787383152e-05,-2.0167854951296247e-05,1.1291972724436948e-15
half_step,down,0.5,0.995,8,-5.358925423593064e-06,-5.358925610039478e-06,-1.0717851033632541e-05,-8.592589900209372e-15
half_step,down,0.5,0.995,9,-4.643049294372759e-06,-4.643049213655104e-06,-9.286098508027861e-06,1.0613287169654843e-14
half_step,down,0.5,0.995,10,-4.993820077743294e-06,-4.993820023173612e-06,-9.987640100916906e-06,-7.0675502284026515e-15
half_step,down,0.5,0.995,11,-5.513848980172042e-06,-5.513854738410373e-06,-1.1027703718582414e-05,-6.798535282929473e-15
half_step,down,2.0,0.995,0,-5.698787555985518e-05,-5.698787555985518e-05,-0.00011397575111971037,-1.9622038719263796e-17
half_step,down,2.0,0.995,1,-7.215111116110507e-05,-7.215111116110507e-05,-0.00014430222232221014,1.7155598162453913e-15
half_step,down,2.0,0.995,2,-0.00012658843023089617,-0.00012658843023231726,-0.0002531768604632134,-3.32632455923136e-15
half_step,down,2.0,0.995,3,-2.4605112959790175e-05,-2.4605112959790175e-05,-4.921022591958035e-05,5.871584156703285e-16
half_step,down,2.0,0.995,4,-7.686371524670221e-05,-7.686371524670221e-05,-0.00015372743049340442,5.673635057243077e-16
half_step,down,2.0,0.995,5,-6.733213826947803e-05,-6.733213826947803e-05,-0.00013466427653895606,2.2949076753811686e-15
half_step,down,2.0,0.995,6,-6.882799089510173e-05,-6.882799089510173e-05,-0.00013765598179020345,3.599753332150458e-15
half_step,down,2.0,0.995,7,-6.607192093767367e-05,-6.607192093767367e-05,-0.00013214384187534733,1.2389601211880461e-15
half_step,down,2.0,0.995,8,-7.565394109292356e-05,-7.565394109292356e-05,-0.00015130788218584713,-5.895685496846855e-16
half_step,down,2.0,0.995,9,-7.215092682031355e-05,-7.215092682031355e-05,-0.0001443018536406271,1.7036617189847248e-15
half_step,down,2.0,0.995,10,-6.114080776342234e-05,-6.114080776342234e-05,-0.00012228161552684468,-2.6324736776095784e-15
half_step,down,2.0,0.995,11,-7.362714972373396e-05,-7.362714972373396e-05,-0.00014725429944746792,1.486230039449722e-15
half_step,fresh,0.0,1.0,0,6.892453065580283e-05,6.740170511213562e-05,0.00013632623576793847,1.0558093454839033e-10
half_step,fresh,0.0,1.0,1,6.740725903879419e-05,6.65475472624344e-05,0.00013395480630122857,3.3061505627484806e-10
half_step,fresh,0.0,1.0,2,4.8769300816596805e-05,6.710729471115395e-05,0.00011587659552775076,8.948025867064889e-11
half_step,fresh,0.0,1.0,3,6.63697802324259e-05,6.665110399962537e-05,0.00013302088423205126,-3.7263193257037054e-10
half_step,fresh,0.0,1.0,4,6.640895809660874e-05,6.599968867092132e-05,0.00013240864676753006,-8.181941250298589e-10
half_step,fresh,0.0,1.0,5,6.635039076508309e-05,6.61897191966776e-05,0.00013254010996176067,-7.737447641870958e-10
half_step,fresh,0.0,1.0,6,6.750030525670692e-05,6.529401314253169e-05,0.0001327943183992386,1.835909464654246e-10
half_step,fresh,0.0,1.0,7,6.341859240657999e-05,6.4267143868032e-05,0.000127685736274612,-1.5365801276049018e-11
half_step,fresh,0.0,1.0,8,6.692391968028288e-05,6.634126362446424e-05,0.00013326518330474712,-2.681743916896874e-10
half_step,fresh,0.0,1.0,9,6.759138850348734e-05,6.703519959261106e-05,0.0001346265880960984,1.4253505404362463e-10
half_step,fresh,0.0,1.0,10,6.813388314062863e-05,6.659124564624141e-05,0.00013472512878687004,1.175718031043019e-10
half_step,fresh,0.0,1.0,11,6.617578235062593e-05,6.776129726694168e-05,0.00013393707961756763,-1.6236577136254688e-10
half_step,fresh,0.5,1.0,0,0.00012743863985961723,0.0001275302844704773,0.0002549689243300945,6.979326547133011e-11
half_step,fresh,0.5,1.0,1,0.00013496531890910823,0.00013496372143805723,0.00026992904034716547,8.341723061216191e-11
half_step,fresh,0.5,1.0,2,0.00013136840547233518,0.00013137621613084182,0.000262744621603177,4.92366494271185e-12
half_step,fresh,0.5,1.0,3,0.00013273193112702474,0.00013273243623254882,0.00026546436735957357,-4.3082271395749313e-11
half_step,fresh,0.5,1.0,4,0.00013156596235116113,0.00013156509245498382,0.00026313105480614497,-4.399506909856351e-11
half_step,fresh,0.5,1.0,5,0.0001317550738334339,0.00013175474214342287,0.00026350981597685676,-4.7857620462371654e-11
half_step,fresh,0.5,1.0,6,0.00013391785614507045,0.00013391494682190807,0.0002678328029669785,9.523164796067162e-11
half_step,fresh,0.5,1.0,7,0.0001225737624071177,0.00012258790848191593,0.0002451616708890336,-1.8448611822794723e-12
half_step,fresh,0.5,1.0,8,0.0001333270537183351,0.00013332605132240216,0.0002666531050407372,-1.7335743898724866e-11
half_step,fresh,0.5,1.0,9,0.00013637581120117925,0.00013637431731445827,0.0002727501285156375,2.7586544490344318e-11
half_step,fresh,0.5,1.0,10,0.00013887433150997275,0.00013887104371096415,0.0002777453752209369,4.911616341973345e-11
half_step,fresh,0.5,1.0,11,0.0001356125293650523,0.00013561503963886335,0.0002712275690039157,-1.9137030249231137e-11
half_step,fresh,2.0,1.0,0,0.0003185303149204277,0.0003185303149554508,0.0006370606298758785,1.7054549313323648e-11
half_step,fresh,2.0,1.0,1,0.0003450339639855127,0.00034503396398398055,0.0006900679279694933,1.1013773208619645e-11
half_step,fresh,2.0,1.0,2,0.00032157446302926053,0.00032157446303692996,0.0006431489260661905,-3.029619442090867e-11
half_step,fresh,2.0,1.0,3,0.0003293123620566729,0.000329312362056986,0.0006586247241136589,-3.904469180669586e-12
half_step,fresh,2.0,1.0,4,0.0003222236982540683,0.00032222369825322895,0.0006444473965072973,2.1692872112814502e-12
half_step,fresh,2.0,1.0,5,0.0003233813010306763,0.00032338130103038766,0.0006467626020610639,-7.728213100026639e-13
half_step,fresh,2.0,1.0,6,0.00033408701457143916,0.0003340870145697095,0.0006681740291411486,2.1010374624841035e-11
half_step,fresh,2.0,1.0,7,0.0002722246551646157,0.0002722246588182309,0.0005444493139828466,-5.183614427910225e-13
half_step,fresh,2.0,1.0,8,0.00033277693342103064,0.0003327769334204267,0.0006655538668414573,-7.91579699512981e-13
half_step,fresh,2.0,1.0,9,0.0002526863991638029,0.0002526881812649606,0.0005053745804287635,3.5480507741401187e-11
half_step,fresh,2.0,1.0,10,0.0002726673884644137,0.00027266748028303533,0.000545334868747449,1.8525997945852812e-11
half_step,fresh,2.0,1.0,11,0.0003489159447202561,0.00034891594472243883,0.0006978318894426949,1.8886451761188156e-12
half_step,up,0.0,1.0,0,5.2096437415612985e-05,5.2096437415612985e-05,0.00010419287483122597,-1.5050862808114003e-16
half_step,up,0.0,1.0,1,5.2096437415612985e-05,5.2096437415612985e-05,0.00010419287483122597,-1.5050862808114003e-16
half_step,up,0.0,1.0,2,5.2096437415612985e-05,5.2096437415612985e-05,0.00010419287483122597,-1.5050862808114003e-16
half_step,up,0.0,1.0,3,5.2096437415612985e-05,5.2096437415612985e-05,0.00010419287483122597,-1.5050862808114003e-16
half_step,up,0.0,1.0,4,5.2096437415612985e-05,5.2096437415612985e-05,0.00010419287483122597,-1.5050862808114003e-16
half_step,up,0.0,1.0,5,5.2096437415612985e-05,5.2096437415612985e-05,0.00010419287483122597,-1.5050862808114003e-16
half_step,up,0.0,1.0,6,5.2096437415612985e-05,5.2096437415612985e-05,0.00010419287483122597,-1.5050862808114003e-16
half_step,up,0.0,1.0,7,5.2096437415612985e-05,5.2096437415612985e-05,0.00010419287483122597,-1.5050862808114003e-16
half_step,up,0.0,1.0,8,5.2096437415612985e-05,5.2096437415612985e-05,0.00010419287483122597,-1.5050862808114003e-16
half_step,up,0.0,1.0,9,5.2096437415612985e-05,5.2096437415612985e-05,0.00010419287483122597,-1.5050862808114003e-16
half_step,up,0.0,1.0,10,5.2096437415612985e-05,5.2096437415612985e-05,0.00010419287483122597,-1.5050862808114003e-16
half_step,up,0.0,1.0,11,5.2096437415612985e-05,5.2096437415612985e-05,0.00010419287483122597,-1.5050862808114003e-16
half_step,up,0.5,1.0,0,8.406698181185335e-05,8.406698181185335e-05,0.0001681339636237067,1.8990140703655676e-17
half_step,up,0.5,1.0,1,8.406698181185667e-05,8.406698181185335e-05,0.00016813396362371,1.886994993970845e-17
half_step,up,0.5,1.0,2,8.406698181185335e-05,8.406698181185335e-05,0.0001681339636237067,1.8990140703655676e-17
half_step,up,0.5,1.0,3,8.406698181185335e-05,8.406698181185335e-05,0.0001681339636237067,1.8990140703655676e-17
half_step,up,0.5,1.0,4,8.406698181185335e-05,8.406698181185335e-05,0.0001681339636237067,1.8990140703655676e-17
half_step,up,0.5,1.0,5,8.406698181185335e-05,8.406698181185335e-05,0.0001681339636237067,1.8990140703655676e-17
half_step,up,0.5,1.0,6,8.406698181185335e-05,8.406698181185335e-05,0.0001681339636237067,1.8990140703655676e-17
half_step,up,0.5,1.0,7,8.406698181185335e-05,8.406698181185335e-05,0.0001681339636237067,1.8990140703655676e-17
half_step,up,0.5,1.0,8,8.406698181185335e-05,8.406698181185335e-05,0.0001681339636237067,1.8990140703655676e-17
half_step,up,0.5,1.0,9,8.406698181185335e-05,8.406698181185335e-05,0.0001681339636237067,1.8990140703655676e-17
half_step,up,0.5,1.0,10,8.406698181185335e-05,8.406698181185335e-05,0.0001681339636237067,1.8990140703655676e-17
half_step,up,0.5,1.0,11,8.406698181185335e-05,8.406698181185335e-05,0.0001681339636237067,1.8990140703655676e-17
half_step,up,2.0,1.0,0,0.0001251523038149427,0.0001251523038149427,0.0002503046076298854,-6.161077582606325e-17
half_step,up,2.0,1.0,1,0.0001251523038149438,0.0001251523038149438,0.0002503046076298876,-6.073538591243173e-17
half_step,up,2.0,1.0,2,0.0001251523038149427,0.0001251523038149427,0.0002503046076298854,-6.161077582606325e-17
half_step,up,2.0,1.0,3,0.0001251523038149427,0.0001251523038149427,0.0002503046076298854,-6.161077582606325e-17
half_step,up,2.0,1.0,4,0.0001251523038149427,0.0001251523038149427,0.0002503046076298854,-6.161077582606325e-17
half_step,up,2.0,1.0,5,0.0001251523038149427,0.0001251523038149427,0.0002503046076298854,-6.161077582606325e-17
half_step,up,2.0,1.0,6,0.0001251523038149427,0.0001251523038149427,0.0002503046076298854,-6.161077582606325e-17
half_step,up,2.0,1.0,7,0.0001251523038149427,0.0001251523038149427,0.0002503046076298854,-6.161077582606325e-17
half_step,up,2.0,1.0,8,0.0001251523038149427,0.0001251523038149427,0.0002503046076298854,-6.161077582606325e-17
half_step,up,2.0,1.0,9,0.0001251523038149427,0.0001251523038149427,0.0002503046076298854,-6.161077582606325e-17
half_step,up,2.0,1.0,10,0.0001251523038149427,0.0001251523038149427,0.0002503046076298854,-6.161077582606325e-17
half_step,up,2.0,1.0,11,0.0001251523038149427,0.0001251523038149427,0.0002503046076298854,-6.161077582606325e-17
half_step,down,0.0,1.0,0,8.960200332012391e-05,6.56235377050507e-05,0.0001552255410251746,-2.493891296101107e-10
half_step,down,0.0,1.0,1,6.569307645804657e-05,5.606435485788097e-05,0.00012175743131592753,-5.520611607679534e-10
half_step,down,0.0,1.0,2,5.600170393336157e-06,6.208337776115513e-05,6.768354815449129e-05,-3.392769325645743e-13
half_step,down,0.0,1.0,3,5.432516218093042e-05,5.7113764538598846e-05,0.00011143892671952927,1.841433313472051e-14
half_step,down,0.0,1.0,4,5.470189143011339e-05,5.093873255987091e-05,0.0001056406239899843,1.0376235509181257e-14
half_step,down,0.0,1.0,5,5.4140059301062135e-05,5.263958279783765e-05,0.00010677964209889978,-5.515301541650686e-16
half_step,down,0.0,1.0,6,6.687394792947998e-05,4.524746701804361e-05,0.0001121214149475236,-2.3941175994074723e-10
half_step,down,0.0,1.0,7,3.376965292773093e-05,3.841208997073409e-05,7.218174289846501e-05,1.123064833542958e-15
half_step,down,0.0,1.0,8,6.001472510661188e-05,5.405323061268064e-05,0.00011406795571929251,-2.7014750685616115e-14
half_step,down,0.0,1.0,9,6.805977075373448e-05,6.125815570840132e-05,0.0001293179264621358,-7.1143696076436e-11
half_step,down,0.0,1.0,10,7.579641450774943e-05,5.650383499187228e-05,0.00013230024949962172,-1.425816280576818e-10
half_step,down,0.0,1.0,11,5.2512168884959465e-05,7.035442605570097e-05,0.00012286659494066044,-1.428132679607827e-10
half_step,down,0.5,1.0,0,0.00029547334429025796,0.00029540716518567934,0.0005908805094759374,3.132315948658519e-11
half_step,down,0.5,1.0,1,-0.0006216762703047607,0.030562144659930936,0.029940468389626176,3.51406847654448e-11
half_step,down,0.5,1.0,2,9.54884887011076e-05,9.549753561657325e-05,0.00019098602431768085,1.1829321821597646e-14
half_step,down,0.5,1.0,3,1.3345600450520578e-07,3.428346110467828e-07,4.7629061555198855e-07,1.7025467770619366e-18
half_step,down,0.5,1.0,4,0.00015719901013937942,0.00015718600886373225,0.00031438501900311167,1.0063608431858318e-11
half_step,down,0.5,1.0,5,0.00014034960858737123,0.00014034397911075303,0.00028069358769812426,3.51424397069692e-11
half_step,down,0.5,1.0,6,0.00010328672321008981,0.00010329639651388334,0.00020658311972397315,-2.4373382959066763e-15
half_step,down,0.5,1.0,7,7.234549329780293e-05,2.8034521670292633e-05,0.00010038001496809557,5.488281906896177e-16
half_step,down,0.5,1.0,8,7.543469057509355e-05,7.542338931216364e-05,0.0001508580798872572,4.798344175389262e-15
half_step,down,0.5,1.0,9,0.001085875034534638,0.0010917851832925863,0.0021776602178272242,3.489301478653968e-11
half_step,down,0.5,1.0,10,0.00021639820905477335,0.00021642863178215067,0.00043282684083692405,1.8709234246069197e-11
half_step,down,0.5,1.0,11,4.972966506386456e-05,4.955505492659995e-05,9.928471999046451e-05,1.5750350571598459e-15
half_step,down,2.0,1.0,0,0.0005592970018233245,0.0005592970022755139,0.0011185940040988386,2.086512158072147e-11
half_step,down,2.0,1.0,1,0.00014273818136928184,0.00014273818136928184,0.0002854763627385637,1.9013445637380105e-15
half_step,down,2.0,1.0,2,1.908187731345379e-06,1.9081877782411995e-06,3.816375509586578e-06,-7.940009468911386e-18
half_step,down,2.0,1.0,3,-0.0010767172384070988,0.03033920790543007,0.029262490667022974,2.733505094763447e-11
half_step,down,2.0,1.0,4,9.661043461449026e-05,9.661043461505869e-05,0.00019322086922954893,-2.450656380065343e-15
half_step,down,2.0,1.0,5,0.0002135582284870452,0.00021355822848676098,0.0004271164569738062,7.726182956000139e-15
half_step,down,2.0,1.0,6,0.00018821669573441114,0.00018821669573412691,0.00037643339146853805,4.205619136675808e-15
half_step,down,2.0,1.0,7,0.00023786944021182422,0.00023786944021210842,0.0004757388804239326,-6.122735997865543e-16
half_step,down,2.0,1.0,8,0.00010682999322852993,0.00010682999322881415,0.00021365998645734408,3.5005795686965606e-15
half_step,down,2.0,1.0,9,0.00014274035869092926,0.00014274035869121348,0.00028548071738214274,-4.3462123194865e-15
half_step,down,2.0,1.0,10,0.0003698833438606641,0.0003698833438717486,0.0007397666877324127,2.7012252199259522e-11
half_step,down,2.0,1.0,11,0.00012633932427760897,0.00012633932427732474,0.0002526786485549337,-6.768996707586736e-16
half_step,fresh,0.0,1.005,0,0.09463453738217222,0.09467588727279186,0.18931042465496406,-1.6180835567550803e-11
half_step,fresh,0.0,1.005,1,0.09467570805988994,0.09470647050865445,0.1893821785685444,-4.409064893831475e-11
half_step,fresh,0.0,1.005,2,0.12219245589777167,0.09468573289796486,0.21687818879573653,-1.365190715661344e-10
half_step,fresh,0.0,1.005,3,0.09471366283895781,0.09470242093246557,0.18941608377142338,-1.7704165758138688e-10
half_step,fresh,0.0,1.005,4,0.0947120510119285,0.09472967274014586,0.18944172375207435,-2.1185801525686567e-10
half_step,fresh,0.0,1.005,5,0.09471446623506076,0.09472127148415516,0.1894357377192159,-2.0868148662118184e-10
half_step,fresh,0.0,1.005,6,0.09467274037419482,0.09476456717533996,0.18943730754953478,-4.547720133602661e-11
half_step,fresh,0.0,1.005,7,0.09489502179688675,0.09482794186157456,0.1897229636584613,-1.0031264550010596e-10
half_step,fresh,0.0,1.005,8,0.0946922228894873,0.09471484572701666,0.18940706861650397,-1.575620067998726e-10
half_step,fresh,0.0,1.005,9,0.09466989772851192,0.09468825066789652,0.18935814839640844,-9.50193805798083e-11
half_step,fresh,0.0,1.005,10,0.09465417087111026,0.09470474934518255,0.1893589202162928,-1.935390376826963e-11
half_step,fresh,0.0,1.005,11,0.09472187444184878,0.09466475519053684,0.18938662963238562,-6.038436436575213e-11
half_step,fresh,0.5,1.005,0,0.030608739318929025,0.030659030957921267,0.06126777027685029,3.363665868321135e-11
half_step,fresh,0.5,1.005,1,0.06198724486711093,0.06198690524877968,0.12397415011589061,3.374541743212895e-11
half_step,fresh,0.5,1.005,2,0.030682922903429253,0.030685542542634555,0.06136846544606381,6.050648277891113e-12
half_step,fresh,0.5,1.005,3,0.061972622086270225,0.061972762051763254,0.12394538413803348,-1.249763030866776e-11
half_step,fresh,0.5,1.005,4,0.061955238861547836,0.061954962638641774,0.12391020150018961,-4.99602561647149e-12
half_step,fresh,0.5,1.005,5,0.06196086516154423,0.0619607620462899,0.12392162720783413,-1.4230630972457391e-11
half_step,fresh,0.5,1.005,6,0.06192950065588589,0.06192882323651741,0.12385832389240331,4.345455099468223e-11
half_step,fresh,0.5,1.005,7,0.030476799721557136,0.030490992418365233,0.06096779213992237,-1.2384241191322904e-11
half_step,fresh,0.5,1.005,8,0.061976483680782506,0.06197622493403012,0.12395270861481263,2.570161232816693e-13
half_step,fresh,0.5,1.005,9,0.06200305504641034,0.06200278486884529,0.12400583991525563,1.7869880252347667e-11
half_step,fresh,0.5,1.005,10,0.0619686897160386,0.061968272819039945,0.12393696253507855,3.558225424009206e-11
half_step,fresh,0.5,1.005,11,0.06197062755259908,0.06197111456791478,0.12394174212051386,1.6422299815154598e-11
half_step,fresh,2.0,1.005,0,0.004810535473747201,0.004693039779375242,0.009503575253122443,1.62994344637432e-11
half_step,fresh,2.0,1.005,1,0.0032648154866555313,0.003264870931739788,0.00652968641839532,1.051075356456552e-11
half_step,fresh,2.0,1.005,2,0.004503022744733481,0.004489284471083387,0.00899230721581687,-2.565932393218114e-11
half_step,fresh,2.0,1.005,3,0.003972662903017745,0.003972531550914347,0.007945194453932092,-3.1276959647647553e-12
half_step,fresh,2.0,1.005,4,0.004444972912118705,0.004446292488679209,0.008891265400797915,1.565571757970058e-12
half_step,fresh,2.0,1.005,5,0.0043590023925453945,0.004359363690207183,0.008718366082752577,-6.105586181041643e-13
half_step,fresh,2.0,1.005,6,0.003717265815827495,0.0037175906550801475,0.007434856470907643,1.7536589297914846e-11
half_step,fresh,2.0,1.005,7,0.028598869260617256,-0.002816699889264341,0.025782169371352914,2.6125948142902706e-11
half_step,fresh,2.0,1.005,8,0.003782968644347069,0.003783109369798203,0.007566078014145272,-6.520556648948009e-13
half_step,fresh,2.0,1.005,9,0.030214703680948522,-0.0012012014546239369,0.029013502226324584,2.9383178876237404e-11
half_step,fresh,2.0,1.005,10,0.02925535445110597,-0.0021605486551298904,0.02709480579597608,2.560454870550329e-11
half_step,fresh,2.0,1.005,11,0.0031383841786248,0.003138337195770058,0.006276721374394858,1.6865127664546041e-12
half_step,up,0.0,1.005,0,0.09587019406058155,0.09587019406058155,0.1917403881211631,-1.4966804415638803e-10
half_step,up,0.0,1.005,1,0.09587019406058155,0.09587019406058155,0.1917403881211631,-1.4966804415638803e-10
half_step,up,0.0,1.005,2,0.09587019406058155,0.09587019406058155,0.1917403881211631,-1.4966804415638803e-10
half_step,up,0.0,1.005,3,0.09587019406058155,0.09587019406058155,0.1917403881211631,-1.4966804415638803e-10
half_step,up,0.0,1.005,4,0.09587019406058155,0.09587019406058155,0.1917403881211631,-1.4966804415638803e-10
half_step,up,0.0,1.005,5,0.09587019406058155,0.09587019406058155,0.1917403881211631,-1.4966804415638803e-10
half_step,up,0.0,1.005,6,0.09587019406058155,0.09587019406058155,0.1917403881211631,-1.4966804415638803e-10
half_step,up,0.0,1.005,7,0.09587019406058155,0.09587019406058155,0.1917403881211631,-1.4966804415638803e-10
half_step,up,0.0,1.005,8,0.09587019406058155,0.09587019406058155,0.1917403881211631,-1.4966804415638803e-10
half_step,up,0.0,1.005,9,0.09587019406058155,0.09587019406058155,0.1917403881211631,-1.4966804415638803e-10
half_step,up,0.0,1.005,10,0.09587019406058155,0.09587019406058155,0.1917403881211631,-1.4966804415638803e-10
half_step,up,0.0,1.005,11,0.09587019406058155,0.09587019406058155,0.1917403881211631,-1.4966804415638803e-10
half_step,up,0.5,1.005,0,0.03288600824329823,0.03288600824329823,0.06577201648659646,-9.083549052738027e-12
half_step,up,0.5,1.005,1,0.03288600824329807,0.03288600824329807,0.06577201648659614,-9.083277687357893e-12
half_step,up,0.5,1.005,2,0.03288600824329823,0.03288600824329823,0.06577201648659646,-9.083549052738027e-12
half_step,up,0.5,1.005,3,0.03288600824329823,0.03288600824329823,0.06577201648659646,-9.083549052738027e-12
half_step,up,0.5,1.005,4,0.03288600824329823,0.03288600824329823,0.06577201648659646,-9.083549052738027e-12
half_step,up,0.5,1.005,5,0.03288600824329823,0.03288600824329823,0.06577201648659646,-9.083549052738027e-12
half_step,up,0.5,1.005,6,0.03288600824329823,0.03288600824329823,0.06577201648659646,-9.083549052738027e-12
half_step,up,0.5,1.005,7,0.03288600824329823,0.03288600824329823,0.06577201648659646,-9.083549052738027e-12
half_step,up,0.5,1.005,8,0.03288600824329823,0.03288600824329823,0.06577201648659646,-9.083549052738027e-12
half_step,up,0.5,1.005,9,0.03288600824329823,0.03288600824329823,0.06577201648659646,-9.083549052738027e-12
half_step,up,0.5,1.005,10,0.03288600824329823,0.03288600824329823,0.06577201648659646,-9.083549052738027e-12
half_step,up,0.5,1.005,11,0.03288600824329823,0.03288600824329823,0.06577201648659646,-9.083549052738027e-12
half_step,up,2.0,1.005,0,0.030744258138151574,0.030744258138151574,0.06148851627630315,-2.327834686876217e-13
half_step,up,2.0,1.005,1,0.030744258138151567,0.030744258138151567,0.06148851627630313,-2.3251286889838883e-13
half_step,up,2.0,1.005,2,0.030744258138151574,0.030744258138151574,0.06148851627630315,-2.327834686876217e-13
half_step,up,2.0,1.005,3,0.030744258138151574,0.030744258138151574,0.06148851627630315,-2.327834686876217e-13
half_step,up,2.0,1.005,4,0.030744258138151574,0.030744258138151574,0.06148851627630315,-2.327834686876217e-13
half_step,up,2.0,1.005,5,0.030744258138151574,0.030744258138151574,0.06148851627630315,-2.327834686876217e-13
half_step,up,2.0,1.005,6,0.030744258138151574,0.030744258138151574,0.06148851627630315,-2.327834686876217e-13
half_step,up,2.0,1.005,7,0.030744258138151574,0.030744258138151574,0.06148851627630315,-2.327834686876217e-13
half_step,up,2.0,1.005,8,0.030744258138151574,0.030744258138151574,0.06148851627630315,-2.327834686876217e-13
half_step,up,2.0,1.005,9,0.030744258138151574,0.030744258138151574,0.06148851627630315,-2.327834686876217e-13
half_step,up,2.0,1.005,10,0.030744258138151574,0.030744258138151574,0.06148851627630315,-2.327834686876217e-13
half_step,up,2.0,1.005,11,0.030744258138151574,0.030744258138151574,0.06148851627630315,-2.327834686876217e-13
half_step,down,0.0,1.005,0,0.09464438056615904,0.11780172050980468,0.21244610107596373,-1.3880109674660636e-10
half_step,down,0.0,1.005,1,0.11746232885220592,0.10675069807973045,0.22421302693193637,-1.3752390454224278e-10
half_step,down,0.0,1.005,2,0.09459246561796135,0.12236399630525284,0.2169564619232142,-1.567409149778853e-10
half_step,down,0.0,1.005,3,0.09835988149191735,0.11608363812940752,0.21444351962132485,-8.935151582982021e-11
half_step,down,0.0,1.005,4,0.09920623036905227,0.0957762121301289,0.19498244249918117,-1.1060472525104725e-10
half_step,down,0.0,1.005,5,0.0980327691584921,0.09650228591892301,0.19453505507741511,-6.161858051701484e-11
half_step,down,0.0,1.005,6,0.10690663155844732,0.09501337898833526,0.20192001054678257,-1.4754362611692097e-10
half_step,down,0.0,1.005,7,0.09471138820204146,0.0947791034036311,0.18949049160567255,-4.698080980126244e-11
half_step,down,0.0,1.005,8,0.12204387258149836,0.09789505146519786,0.21993892404669624,-1.4919845723956866e-10
half_step,down,0.0,1.005,9,0.09935650302810814,0.12237702074052435,0.22173352376863248,-1.581578086709951e-10
half_step,down,0.0,1.005,10,0.09501822226895115,0.11113202926259533,0.20615025153154648,-1.5526345049489945e-10
half_step,down,0.0,1.005,11,0.0964253267779634,0.09621198446628682,0.1926373112442502,-1.5495923167936114e-10
half_step,down,0.5,1.005,0,0.0030201393310829872,0.034205337672114526,0.03722547700319751,5.763412092441165e-12
half_step,down,0.5,1.005,1,0.029646307208396366,0.029450133834786812,0.05909644104318318,-1.2668627456598377e-11
half_step,down,0.5,1.005,2,0.03066765503916031,0.030663990165396626,0.06133164520455693,-6.547634054083896e-12
half_step,down,0.5,1.005,3,0.030600527484476173,0.030615956718158373,0.06121648420263455,2.3298950368621735e-11
half_step,down,0.5,1.005,4,0.0017349575125155071,0.033074871571826064,0.03480982908434157,1.9337883111331186e-12
half_step,down,0.5,1.005,5,0.0034206745223519875,0.032429772052261684,0.03585044657461367,3.1365291374252226e-11
half_step,down,0.5,1.005,6,0.030489436429939475,0.03047878607814994,0.06096822250808941,-1.0451721521728825e-11
half_step,down,0.5,1.005,7,0.030445978914335682,0.030474710088544726,0.060920689002880404,-6.683330159968293e-12
half_step,down,0.5,1.005,8,0.030845927284983646,0.030846385228408053,0.0616923125133917,3.3860989660994575e-12
half_step,down,0.5,1.005,9,0.029641639054455028,0.02756715667126173,0.05720879572571676,-6.653134439822058e-13
half_step,down,0.5,1.005,10,0.03312065057401696,0.0017291063255424888,0.03484975689955945,-5.445330381493457e-12
half_step,down,0.5,1.005,11,0.030857539664755792,0.03085540225812963,0.06171294192288542,4.073115343036958e-12
half_step,down,2.0,1.005,0,0.0016758238908687417,0.001675831500332663,0.003351655391201405,1.4987989193966684e-11
half_step,down,2.0,1.005,1,-0.0006631207666174532,0.03075280574997862,0.030089684983361165,2.6627230827139896e-11
half_step,down,2.0,1.005,2,0.0305172428704968,-0.0008986832246354481,0.029618559645861353,5.1443320175305535e-12
half_step,down,2.0,1.005,3,0.004714763499564896,0.004639956398191742,0.009354719897756637,6.483559360491171e-13
half_step,down,2.0,1.005,4,-0.0005761517276435768,0.030839774807054,0.030263623079410423,9.02126526425089e-12
half_step,down,2.0,1.005,5,0.030249056022430665,-0.0011668696699719304,0.029082186352458735,2.608490075261521e-11
half_step,down,2.0,1.005,6,0.03051128066416908,-0.000904645558519519,0.02960663510564956,2.686933533067838e-11
half_step,down,2.0,1.005,7,-0.0015847990408053647,0.029831125315941166,0.0282463262751358,2.5976134939158803e-11
half_step,down,2.0,1.005,8,-0.0005851537486930169,0.030830772784785836,0.03024561903609282,1.6287287244205647e-11
half_step,down,2.0,1.005,9,-0.0006618973082790091,0.03075402920410923,0.030092131895830224,2.692098936833672e-11
half_step,down,2.0,1.005,10,0.0026042328477895184,0.0026729416235851036,0.005277174471374622,2.5962500697627077e-11
half_step,down,2.0,1.005,11,0.030790551238471693,-0.0006253752956125424,0.03016517594285915,1.5197233074350592e-11
half_step,fresh,0.0,1.01,0,0.12718438419538536,0.1271307108891734,0.25431509508455874,-2.3345708987733742e-11
half_step,fresh,0.0,1.01,1,0.12713075756923364,0.12713717488063764,0.2542679324498713,-6.106790150818665e-11
half_step,fresh,0.0,1.01,2,0.1549154004006737,0.12712984774337646,0.2820452481440502,-1.4470439291407343e-10
half_step,fresh,0.0,1.01,3,0.12714206130105532,0.12713490837047542,0.25427696967153074,-1.677603876005082e-10
half_step,fresh,0.0,1.01,4,0.1271408750229631,0.127156407224038,0.2542972822470011,-1.9132169926154008e-10
half_step,fresh,0.0,1.01,5,0.12714267150005348,0.12714832322908592,0.2542909947291394,-1.8893689662595493e-10
half_step,fresh,0.0,1.01,6,0.1271317053038764,0.1272006078561121,0.2543323131599885,-5.410850711078359e-11
half_step,fresh,0.0,1.01,7,0.12745553707569648,0.1273112244700951,0.2547667615457916,-1.0231982084570589e-10
half_step,fresh,0.0,1.01,8,0.12713093172535658,0.12714296404980716,0.25427389577516374,-1.509200653815548e-10
half_step,fresh,0.0,1.01,9,0.12713293462321304,0.12713012366348717,0.2542630582867002,-1.0779508158765364e-10
half_step,fresh,0.0,1.01,10,0.12714635575237135,0.12713616692987528,0.2542825226822466,-2.5496456553969925e-11
half_step,fresh,0.0,1.01,11,0.12714886406494166,0.12713601944392366,0.25428488350886536,-5.430932283086072e-11
half_step,fresh,0.5,1.01,0,0.032496723528502705,0.03249334871516327,0.06499007224366597,2.976594116491245e-11
half_step,fresh,0.5,1.01,1,0.06438423859446392,0.06436934475799237,0.1287535833524563,2.938588960152476e-11
half_step,fresh,0.5,1.01,2,0.032587332359732255,0.03252485308265313,0.06511218544238538,5.366492972524669e-12
half_step,fresh,0.5,1.01,3,0.0641656130568558,0.06416845205164334,0.12833406510849915,-1.0219460548867789e-11
half_step,fresh,0.5,1.01,4,0.06409728928331926,0.0640931089335175,0.12819039821683675,-2.5741994378977638e-12
half_step,fresh,0.5,1.01,5,0.06410179698540076,0.06410021085392358,0.12820200783932434,-1.2099260313651968e-11
half_step,fresh,0.5,1.01,6,0.06447605799193556,0.06443537664710003,0.1289114346390356,3.968813525679286e-11
half_step,fresh,0.5,1.01,7,0.03238228595838212,0.03237513375700741,0.06475741971538954,-1.293155888385697e-11
half_step,fresh,0.5,1.01,8,0.06422174445856665,0.06421528406171055,0.12843702852027722,1.7931494901792923e-12
half_step,fresh,0.5,1.01,9,0.06451424611908352,0.0644967552342019,0.12901100135328541,1.6970503082230952e-11
half_step,fresh,0.5,1.01,10,0.06530631646610552,0.06515787307692184,0.13046418954302735,3.41735870397787e-11
half_step,fresh,0.5,1.01,11,0.064519155161827,0.06455472962943241,0.12907388479125942,1.957888243282307e-11
half_step,fresh,2.0,1.01,0,0.03129722811309997,-0.00011869841697792149,0.03117852969612205,7.724655529621174e-12
half_step,fresh,2.0,1.01,1,0.031153111489056976,0.03115311148915948,0.06230622297821646,7.66534442080435e-12
half_step,fresh,2.0,1.01,2,0.03131107609965731,-0.00010485036997694764,0.031206225729680362,-4.071121994267067e-12
half_step,fresh,2.0,1.01,3,0.03117685141106385,0.031176851411045477,0.06235370282210933,-8.508027000068143e-13
half_step,fresh,2.0,1.01,4,0.031168859718086937,0.03116885971814132,0.06233771943622826,3.941387979962803e-12
half_step,fresh,2.0,1.01,5,0.031179513183097793,0.031179513183114686,0.062359026366212475,2.8223080795774604e-13
half_step,fresh,2.0,1.01,6,0.031122342804733125,0.03112234280489315,0.062244685609626274,1.4632200833244395e-11
half_step,fresh,2.0,1.01,7,0.031334828594350245,-8.109753309436752e-05,0.031253731061255875,2.199395555806458e-11
half_step,fresh,2.0,1.01,8,0.031172658397857135,0.03117265839789352,0.06234531679575066,1.0848007980372002e-12
half_step,fresh,2.0,1.01,9,0.031457877496546674,4.231056925693477e-05,0.03150018806580361,2.9082692035498922e-11
half_step,fresh,2.0,1.01,10,0.03138085289069176,-3.506319135537894e-05,0.03134578969933638,2.5380605199776135e-11
half_step,fresh,2.0,1.01,11,0.031129379838815394,0.03112937983864015,0.06225875967745555,6.342098669070338e-12
half_step,up,0.0,1.01,0,0.15434096702497213,0.15434096702497213,0.30868193404994426,-1.479636852033044e-10
half_step,up,0.0,1.01,1,0.15434096702497213,0.15434096702497213,0.30868193404994426,-1.479636852033044e-10
half_step,up,0.0,1.01,2,0.15434096702497213,0.15434096702497213,0.30868193404994426,-1.479636852033044e-10
half_step,up,0.0,1.01,3,0.15434096702497213,0.15434096702497213,0.30868193404994426,-1.479636852033044e-10
half_step,up,0.0,1.01,4,0.15434096702497213,0.15434096702497213,0.30868193404994426,-1.479636852033044e-10
half_step,up,0.0,1.01,5,0.15434096702497213,0.15434096702497213,0.30868193404994426,-1.479636852033044e-10
half_step,up,0.0,1.01,6,0.15434096702497213,0.15434096702497213,0.30868193404994426,-1.479636852033044e-10
half_step,up,0.0,1.01,7,0.15434096702497213,0.15434096702497213,0.30868193404994426,-1.479636852033044e-10
half_step,up,0.0,1.01,8,0.15434096702497213,0.15434096702497213,0.30868193404994426,-1.479636852033044e-10
half_step,up,0.0,1.01,9,0.15434096702497213,0.15434096702497213,0.30868193404994426,-1.479636852033044e-10
half_step,up,0.0,1.01,10,0.15434096702497213,0.15434096702497213,0.30868193404994426,-1.479636852033044e-10
half_step,up,0.0,1.01,11,0.15434096702497213,0.15434096702497213,0.30868193404994426,-1.479636852033044e-10
half_step,up,0.5,1.01,0,0.09001529343103787,0.09001529343103787,0.18003058686207574,-9.199186298555953e-12
half_step,up,0.5,1.01,1,0.09001529343103737,0.09001529343103741,0.1800305868620748,-9.199602190638926e-12
half_step,up,0.5,1.01,2,0.09001529343103787,0.09001529343103787,0.18003058686207574,-9.199186298555953e-12
half_step,up,0.5,1.01,3,0.09001529343103787,0.09001529343103787,0.18003058686207574,-9.199186298555953e-12
half_step,up,0.5,1.01,4,0.09001529343103787,0.09001529343103787,0.18003058686207574,-9.199186298555953e-12
half_step,up,0.5,1.01,5,0.09001529343103787,0.09001529343103787,0.18003058686207574,-9.199186298555953e-12
half_step,up,0.5,1.01,6,0.09001529343103787,0.09001529343103787,0.18003058686207574,-9.199186298555953e-12
half_step,up,0.5,1.01,7,0.09001529343103787,0.09001529343103787,0.18003058686207574,-9.199186298555953e-12
half_step,up,0.5,1.01,8,0.09001529343103787,0.09001529343103787,0.18003058686207574,-9.199186298555953e-12
half_step,up,0.5,1.01,9,0.09001529343103787,0.09001529343103787,0.18003058686207574,-9.199186298555953e-12
half_step,up,0.5,1.01,10,0.09001529343103787,0.09001529343103787,0.18003058686207574,-9.199186298555953e-12
half_step,up,0.5,1.01,11,0.09001529343103787,0.09001529343103787,0.18003058686207574,-9.199186298555953e-12
half_step,up,2.0,1.01,0,0.030669545506893874,0.030669545506893874,0.06133909101378775,-2.2187178633142873e-13
half_step,up,2.0,1.01,1,0.030669545506893714,0.030669545506893714,0.06133909101378743,-2.2154492748297335e-13
half_step,up,2.0,1.01,2,0.030669545506893874,0.030669545506893874,0.06133909101378775,-2.2187178633142873e-13
half_step,up,2.0,1.01,3,0.030669545506893874,0.030669545506893874,0.06133909101378775,-2.2187178633142873e-13
half_step,up,2.0,1.01,4,0.030669545506893874,0.030669545506893874,0.06133909101378775,-2.2187178633142873e-13
half_step,up,2.0,1.01,5,0.030669545506893874,0.030669545506893874,0.06133909101378775,-2.2187178633142873e-13
half_step,up,2.0,1.01,6,0.030669545506893874,0.030669545506893874,0.06133909101378775,-2.2187178633142873e-13
half_step,up,2.0,1.01,7,0.030669545506893874,0.030669545506893874,0.06133909101378775,-2.2187178633142873e-13
half_step,up,2.0,1.01,8,0.030669545506893874,0.030669545506893874,0.06133909101378775,-2.2187178633142873e-13
half_step,up,2.0,1.01,9,0.030669545506893874,0.030669545506893874,0.06133909101378775,-2.2187178633142873e-13
half_step,up,2.0,1.01,10,0.030669545506893874,0.030669545506893874,0.06133909101378775,-2.2187178633142873e-13
half_step,up,2.0,1.01,11,0.030669545506893874,0.030669545506893874,0.06133909101378775,-2.2187178633142873e-13
half_step,down,0.0,1.01,0,0.13036740996645563,0.15569277392970093,0.28606018389615656,-1.5855622537857723e-10
half_step,down,0.0,1.01,1,0.15569508383628772,0.15415231074079658,0.3098473945770843,-1.5234569095530053e-10
half_step,down,0.0,1.01,2,0.12750449513782428,0.15545582272527667,0.28296031786310094,-1.5856054558971455e-10
half_step,down,0.0,1.01,3,0.1532866988650187,0.15451973294486038,0.3078064318098791,-5.2261054140567535e-11
half_step,down,0.0,1.01,4,0.15350917560584207,0.14957951119984614,0.30308868680568823,-4.411080065092453e-11
half_step,down,0.0,1.01,5,0.15316858892536403,0.15193211865767808,0.3051007075830421,-1.3852949199106195e-10
half_step,down,0.0,1.01,6,0.155721834995245,0.1343845890789453,0.2901064240741903,-1.5807192392330002e-10
half_step,down,0.0,1.01,7,0.1287080552877387,0.12957655916299018,0.2582846144507289,-1.2061397104371746e-10
half_step,down,0.0,1.01,8,0.15518186228928812,0.15311102651142733,0.3082928888007155,-1.133938156237447e-10
half_step,down,0.0,1.01,9,0.15572521049697002,0.15536119567458967,0.3110864061715597,-1.4636815624445914e-10
half_step,down,0.0,1.01,10,0.1549683334625695,0.15431731820592062,0.3092856516684901,-1.587345969629575e-10
half_step,down,0.0,1.01,11,0.15179826280898395,0.15566170530244564,0.3074599681114296,-1.5818535436832436e-10
half_step,down,0.5,1.01,0,0.029464669866208625,0.06082644784641161,0.09029111771262024,-7.649120619322116e-12
half_step,down,0.5,1.01,1,0.06092635289346731,0.029554575452475546,0.09048092834594286,-1.111287819618717e-11
half_step,down,0.5,1.01,2,0.03237021332274878,0.032367240325637,0.06473745364838579,-6.140287019732675e-12
half_step,down,0.5,1.01,3,0.03162378629414377,0.048825896271021636,0.08044968256516541,-2.5629838895444966e-11
half_step,down,0.5,1.01,4,0.03416267675228539,0.03566085529688678,0.06982353204917216,-1.20649827536071e-11
half_step,down,0.5,1.01,5,0.030535308852867614,0.06172760366315458,0.0922629125160222,3.123851452494509e-11
half_step,down,0.5,1.01,6,0.03250600348778107,0.032500435979416126,0.0650064394671972,1.9807719258830367e-11
half_step,down,0.5,1.01,7,0.0288437963235333,0.059104809366750714,0.08794860569028401,-8.240032331016717e-12
half_step,down,0.5,1.01,8,0.03234491304697656,0.03234069312713757,0.06468560617411412,-1.066843037562083e-11
half_step,down,0.5,1.01,9,0.061009723653774016,0.029641818003243545,0.09065154165701755,-8.311289137089497e-12
half_step,down,0.5,1.01,10,0.05937697535855761,0.02880206260022476,0.08817903795878237,-1.0801703803498283e-11
half_step,down,0.5,1.01,11,0.03271650515239116,0.03270795722250568,0.06542446237489685,2.264026553462798e-11
half_step,down,2.0,1.01,0,-0.0003808595429404704,0.031032608981885517,0.030651749438945046,2.387444068896888e-11
half_step,down,2.0,1.01,1,0.031268249710429075,-0.0001476752571542761,0.031120574453274798,2.2065512962756602e-11
half_step,down,2.0,1.01,2,-0.0001003292798093014,0.03131559717960087,0.03121526789979157,1.7091327435602645e-11
half_step,down,2.0,1.01,3,-0.00013020521495263893,0.0312857210273944,0.03115551581244176,1.6911661392040706e-11
half_step,down,2.0,1.01,4,0.03128473497342867,-0.0001311915526466123,0.03115354342078206,6.628106807149545e-13
half_step,down,2.0,1.01,5,-0.00014197110210830032,0.031211595196109842,0.031069624094001543,2.7415354510246927e-11
half_step,down,2.0,1.01,6,-0.00015114922432644563,0.03126321059828627,0.03111206137395982,2.8090412838788482e-11
half_step,down,2.0,1.01,7,0.03054120062772171,0.00025762278101638004,0.030798823408738088,2.744222472463677e-11
half_step,down,2.0,1.01,8,0.031278212792178406,-0.00013771372754831646,0.031140499064630088,-9.494953587332046e-14
half_step,down,2.0,1.01,9,0.03127046057817111,-0.0001454639749950104,0.031124996603176098,2.304249622874595e-11
half_step,down,2.0,1.01,10,0.002284141950911476,0.02682935087315002,0.029113492824061494,2.4188650182653407e-11
half_step,down,2.0,1.01,11,-0.0001512105597450386,0.03126471594408571,0.031113505384340674,6.713401618011001e-13
half_step,fresh,0.0,1.02,0,0.1909758505613721,0.19035362820256163,0.38132947876393375,-2.6896473318044533e-11
half_step,fresh,0.0,1.02,1,0.19035519455795583,0.19015622869903598,0.38051142325699183,-7.034302029907065e-11
half_step,fresh,0.0,1.02,2,0.1980605537607744,0.19027619898718953,0.3883367527479639,-1.6746529051064227e-10
half_step,fresh,0.0,1.02,3,0.19012472255094756,0.19017597075156167,0.38030069330250926,-1.5874452025172878e-10
half_step,fresh,0.0,1.02,4,0.1901314142757262,0.19006813885979676,0.38019955313552295,-1.744291719603622e-10
half_step,fresh,0.0,1.02,5,0.19012146231352234,0.1900957293880854,0.3802171917016077,-1.7278495563823017e-10
half_step,fresh,0.0,1.02,6,0.19038204917327226,0.189990046935001,0.38037209610827327,-6.005543031316908e-11
half_step,fresh,0.0,1.02,7,0.18993281211633872,0.18993477859913244,0.37986759071547116,-1.0487891989611418e-10
half_step,fresh,0.0,1.02,8,0.19023319446111528,0.19011993936311605,0.3803531338242313,-1.4344793727855953e-10
half_step,fresh,0.0,1.02,9,0.19040948753347262,0.1902588352644177,0.3806683227978903,-1.1426710188997176e-10
half_step,fresh,0.0,1.02,10,0.19059908793555305,0.19016443158743726,0.3807635195229903,-2.8049688589101108e-11
half_step,fresh,0.0,1.02,11,0.19009360303208317,0.19046386714493957,0.38055747017702274,-4.8243138945081685e-11
half_step,fresh,0.5,1.02,0,0.06133799749594645,0.061325873101239256,0.1226638705971857,2.530798799839682e-11
half_step,fresh,0.5,1.02,1,0.09503939268023771,0.09504246643338092,0.19008185911361863,2.7295409157695022e-11
half_step,fresh,0.5,1.02,2,0.06110224855563514,0.0611474238652672,0.12224967242090234,4.633157560564682e-12
half_step,fresh,0.5,1.02,3,0.09528187831901264,0.09527966493815518,0.19056154325716781,-8.617392007111375e-12
half_step,fresh,0.5,1.02,4,0.09529107987997457,0.09529534994100296,0.1905864298209775,-9.736763376656674e-13
half_step,fresh,0.5,1.02,5,0.09534371999034369,0.09534553325786499,0.19068925324820868,-1.0589695759537584e-11
half_step,fresh,0.5,1.02,6,0.09463145151626767,0.09463273753699297,0.18926418905326065,3.745085683899908e-11
half_step,fresh,0.5,1.02,7,0.06086654571538083,0.06083323233107699,0.12169977804645782,-1.350512945505311e-11
half_step,fresh,0.5,1.02,8,0.09519341968840223,0.09519680577518008,0.1903902254635823,2.9554371624467557e-12
half_step,fresh,0.5,1.02,9,0.09503218340601877,0.09503466942655203,0.1900668528325708,1.6738409075856728e-11
half_step,fresh,0.5,1.02,10,0.09459844665772969,0.09459911715926872,0.18919756381699843,3.328490424300187e-11
half_step,fresh,0.5,1.02,11,0.09480266531366227,0.0948006609729133,0.18960332628657556,2.1539030418013238e-11
half_step,fresh,2.0,1.02,0,0.026707570565856344,0.026627166601912892,0.053334737167769236,4.780585134359676e-12
half_step,fresh,2.0,1.02,1,0.03382934062413674,0.033829399260250276,0.06765873988438702,7.575440790851052e-12
half_step,fresh,2.0,1.02,2,0.027265912665628528,0.02726149631085852,0.05452740897648704,3.820057265675811e-12
half_step,fresh,2.0,1.02,3,0.03481266867502122,0.03481238485862579,0.06962505353364701,-7.821134538810684e-13
half_step,fresh,2.0,1.02,4,0.03500725082294734,0.03500875020293609,0.07001600102588343,3.5663561654190295e-12
half_step,fresh,2.0,1.02,5,0.035238455156069014,0.03523925853540496,0.07047771369147397,2.4140111998921274e-13
half_step,fresh,2.0,1.02,6,0.03369622523956282,0.03369629214975904,0.06739251738932187,1.390374572887184e-11
half_step,fresh,2.0,1.02,7,0.029012309833834862,0.029009329702090893,0.058021639535925755,2.487723980977927e-11
half_step,fresh,2.0,1.02,8,0.03455028182038264,0.034550543241512216,0.06910082506189485,1.0251268606129513e-12
half_step,fresh,2.0,1.02,9,0.029521522459124448,0.030144232086622234,0.059665754545746685,2.6836517277150164e-11
half_step,fresh,2.0,1.02,10,0.029477917990659023,0.02947456868697581,0.058952486677634836,2.6271544135380046e-11
half_step,fresh,2.0,1.02,11,0.03348513325102065,0.03348510930620386,0.0669702425572245,6.0963300604661505e-12
half_step,up,0.0,1.02,0,0.18993262397127147,0.18993262397127147,0.37986524794254295,-1.4244418022901897e-10
half_step,up,0.0,1.02,1,0.18993262397127147,0.18993262397127147,0.37986524794254295,-1.4244418022901897e-10
half_step,up,0.0,1.02,2,0.18993262397127147,0.18993262397127147,0.37986524794254295,-1.4244418022901897e-10
half_step,up,0.0,1.02,3,0.18993262397127147,0.18993262397127147,0.37986524794254295,-1.4244418022901897e-10
half_step,up,0.0,1.02,4,0.18993262397127147,0.18993262397127147,0.37986524794254295,-1.4244418022901897e-10
half_step,up,0.0,1.02,5,0.18993262397127147,0.18993262397127147,0.37986524794254295,-1.4244418022901897e-10
half_step,up,0.0,1.02,6,0.18993262397127147,0.18993262397127147,0.37986524794254295,-1.4244418022901897e-10
half_step,up,0.0,1.02,7,0.18993262397127147,0.18993262397127147,0.37986524794254295,-1.4244418022901897e-10
half_step,up,0.0,1.02,8,0.18993262397127147,0.18993262397127147,0.37986524794254295,-1.4244418022901897e-10
half_step,up,0.0,1.02,9,0.18993262397127147,0.18993262397127147,0.37986524794254295,-1.4244418022901897e-10
half_step,up,0.0,1.02,10,0.18993262397127147,0.18993262397127147,0.37986524794254295,-1.4244418022901897e-10
half_step,up,0.0,1.02,11,0.18993262397127147,0.18993262397127147,0.37986524794254295,-1.4244418022901897e-10
half_step,up,0.5,1.02,0,0.11732437423034472,0.11732437423034472,0.23464874846068945,-7.324330522704315e-12
half_step,up,0.5,1.02,1,0.11732437423030412,0.11732437423030419,0.2346487484606083,-7.317377431622272e-12
half_step,up,0.5,1.02,2,0.11732437423034472,0.11732437423034472,0.23464874846068945,-7.324330522704315e-12
half_step,up,0.5,1.02,3,0.11732437423034472,0.11732437423034472,0.23464874846068945,-7.324330522704315e-12
half_step,up,0.5,1.02,4,0.11732437423034472,0.11732437423034472,0.23464874846068945,-7.324330522704315e-12
half_step,up,0.5,1.02,5,0.11732437423034472,0.11732437423034472,0.23464874846068945,-7.324330522704315e-12
half_step,up,0.5,1.02,6,0.11732437423034472,0.11732437423034472,0.23464874846068945,-7.324330522704315e-12
half_step,up,0.5,1.02,7,0.11732437423034472,0.11732437423034472,0.23464874846068945,-7.324330522704315e-12
half_step,up,0.5,1.02,8,0.11732437423034472,0.11732437423034472,0.23464874846068945,-7.324330522704315e-12
half_step,up,0.5,1.02,9,0.11732437423034472,0.11732437423034472,0.23464874846068945,-7.324330522704315e-12
half_step,up,0.5,1.02,10,0.11732437423034472,0.11732437423034472,0.23464874846068945,-7.324330522704315e-12
half_step,up,0.5,1.02,11,0.11732437423034472,0.11732437423034472,0.23464874846068945,-7.324330522704315e-12
half_step,up,2.0,1.02,0,0.03235112371672415,0.03235112371672415,0.0647022474334483,-2.2711213217484583e-13
half_step,up,2.0,1.02,1,0.03235112371672415,0.03235112371672415,0.0647022474334483,-2.2806381426118134e-13
half_step,up,2.0,1.02,2,0.03235112371672415,0.03235112371672415,0.0647022474334483,-2.2711213217484583e-13
half_step,up,2.0,1.02,3,0.03235112371672415,0.03235112371672415,0.0647022474334483,-2.2711213217484583e-13
half_step,up,2.0,1.02,4,0.03235112371672415,0.03235112371672415,0.0647022474334483,-2.2711213217484583e-13
half_step,up,2.0,1.02,5,0.03235112371672415,0.03235112371672415,0.0647022474334483,-2.2711213217484583e-13
half_step,up,2.0,1.02,6,0.03235112371672415,0.03235112371672415,0.0647022474334483,-2.2711213217484583e-13
half_step,up,2.0,1.02,7,0.03235112371672415,0.03235112371672415,0.0647022474334483,-2.2711213217484583e-13
half_step,up,2.0,1.02,8,0.03235112371672415,0.03235112371672415,0.0647022474334483,-2.2711213217484583e-13
half_step,up,2.0,1.02,9,0.03235112371672415,0.03235112371672415,0.0647022474334483,-2.2711213217484583e-13
half_step,up,2.0,1.02,10,0.03235112371672415,0.03235112371672415,0.0647022474334483,-2.2711213217484583e-13
half_step,up,2.0,1.02,11,0.03235112371672415,0.03235112371672415,0.0647022474334483,-2.2711213217484583e-13
half_step,down,0.0,1.02,0,0.2170488359160288,0.19103920100226446,0.40808803691829326,-1.6129229621654314e-10
half_step,down,0.0,1.02,1,0.19105594210745835,0.19005759135724587,0.3811135334647042,-1.367188211583103e-10
half_step,down,0.0,1.02,2,0.19051304994819473,0.19045396795868783,0.3809670179068826,-1.5275914179871328e-10
half_step,down,0.0,1.02,3,0.1900063990886531,0.19009829112677493,0.38010469021542803,-1.3911996958081638e-10
half_step,down,0.0,1.02,4,0.19001598099871558,0.18994928661708513,0.37996526761580074,-1.0107135491364385e-10
half_step,down,0.0,1.02,5,0.19000196675087636,0.18997208645601404,0.37997405320689037,-1.5165720918408642e-10
half_step,down,0.0,1.02,6,0.191388223150866,0.18993109285821674,0.38131931600908275,-1.570492104209082e-10
half_step,down,0.0,1.02,7,0.19003053013289786,0.18997708673820285,0.38000761687110074,-1.3568980194736146e-10
half_step,down,0.0,1.02,8,0.1902644366640709,0.18999994815026297,0.3802643848143339,-3.825959855110196e-11
half_step,down,0.0,1.02,9,0.1918421933560353,0.19036911084694566,0.382211304202981,-6.971334004373761e-11
half_step,down,0.0,1.02,10,0.20780377548888396,0.19007362665076813,0.39787740213965206,-1.7623031320949708e-10
half_step,down,0.0,1.02,11,0.18997000265501243,0.19334661141411857,0.383316614069131,-1.5750148366232427e-10
half_step,down,0.5,1.02,0,0.03351284734579394,0.06465718532269989,0.09817003266849383,-4.0709725430096e-12
half_step,down,0.5,1.02,1,0.0943515995178592,0.09435168792120578,0.18870328743906498,3.2570530198262894e-11
half_step,down,0.5,1.02,2,0.06039168382089798,0.059440403120022724,0.1198320869409207,-9.350380473207935e-12
half_step,down,0.5,1.02,3,0.05907742909291528,0.05975176042573707,0.11882918951865235,1.5662708670906626e-12
half_step,down,0.5,1.02,4,0.03325922424875955,0.0645772875812935,0.09783651183005304,3.9222806344984625e-12
half_step,down,0.5,1.02,5,0.060735692085018514,0.06171220608727537,0.12244789817229389,2.0685001648195787e-11
half_step,down,0.5,1.02,6,0.06657873572482714,0.039362935484298305,0.10594167120912545,9.11202816059538e-13
half_step,down,0.5,1.02,7,0.059237805365771695,0.05980669543162889,0.11904450079740059,1.014615378611074e-11
half_step,down,0.5,1.02,8,0.06101356784684242,0.06103633014398554,0.12204989799082797,4.183373589958134e-12
half_step,down,0.5,1.02,9,0.0644956246326376,0.03633224557330664,0.10082787020594423,5.849657984295876e-12
half_step,down,0.5,1.02,10,0.06065089380113761,0.060351049866278005,0.12100194366741562,2.380446477122617e-11
half_step,down,0.5,1.02,11,0.06120571446220481,0.0614320170539969,0.12263773151620172,1.6517551340379135e-11
half_step,down,2.0,1.02,0,0.03448924065434653,0.0030762620182255775,0.03756550267257211,9.090574286930047e-12
half_step,down,2.0,1.02,1,0.032754848710329014,0.001338954520255271,0.03409380323058429,1.3816620633612642e-11
half_step,down,2.0,1.02,2,0.02862412666029158,0.028626819547620384,0.05725094620791196,1.562222112438064e-11
half_step,down,2.0,1.02,3,0.028324398563160713,0.0283219553008108,0.056646353863971516,5.3434488784303616e-12
half_step,down,2.0,1.02,4,0.03369873213026182,0.0022830947948403947,0.03598182692510221,3.675229861722958e-12
half_step,down,2.0,1.02,5,0.0014832942291573658,0.03289919821861844,0.0343824924477758,2.6728595111365356e-11
half_step,down,2.0,1.02,6,0.001313165095780562,0.032729070073278875,0.03404223516905944,2.553904543240946e-11
half_step,down,2.0,1.02,7,0.03303116640499994,0.0016152562482473342,0.03464642265324727,2.6403544582304165e-11
half_step,down,2.0,1.02,8,0.033377024337511045,0.0019612956612610334,0.03533831999877208,-1.3103456796599326e-12
half_step,down,2.0,1.02,9,0.03274932888820828,0.0013334380472947772,0.03408276693550306,1.515076729917979e-11
half_step,down,2.0,1.02,10,0.033561848036781895,0.002145977196378794,0.03570782523316069,1.864238885561675e-11
half_step,down,2.0,1.02,11,0.0016069970372969066,0.033022899887171636,0.034629896924468544,-1.3271868707474796e-12
half_step,fresh,0.0,1.05,0,0.3314377430131961,0.3198908421675831,0.6513285851807793,-2.3492700814499167e-11
half_step,fresh,0.0,1.05,1,0.31991577019944895,0.31737636300089617,0.6372921332003452,-6.785699728101386e-11
half_step,fresh,0.0,1.05,2,0.3152682345279645,0.3187614982629478,0.6340297327909123,-1.6906458831363268e-10
half_step,fresh,0.0,1.05,3,0.31707499883523016,0.31757724495619255,0.6346522437914227,-1.4154464319264665e-10
half_step,fresh,0.0,1.05,4,0.31713712289874185,0.31658604952310954,0.6337231724218514,-1.5031390995532216e-10
half_step,fresh,0.0,1.05,5,0.3170450852504041,0.31681674812905475,0.6338618333794588,-1.4999556156017107e-10
half_step,fresh,0.0,1.05,6,0.3203561691980979,0.3159914265852476,0.6363475957833455,-6.37108550499331e-11
half_step,fresh,0.0,1.05,7,0.31534937754494013,0.3155412508562128,0.630890628401153,-1.0548689613777816e-10
half_step,fresh,0.0,1.05,8,0.318217650481023,0.31703119002224356,0.6352488405032666,-1.2642424125483858e-10
half_step,fresh,0.0,1.05,9,0.3208313495565436,0.31853507338097975,0.6393664229375233,-1.0964692392787256e-10
half_step,fresh,0.0,1.05,10,0.3246705814445714,0.3174586569502092,0.6421292383947805,-2.3500202148767373e-11
half_step,fresh,0.0,1.05,11,0.31679847138084793,0.32184491170868923,0.6386433830895372,-3.682280820273501e-11
half_step,fresh,0.5,1.05,0,0.09586920374956277,0.09553767378752946,0.19140687753709223,2.148708815629376e-11
half_step,fresh,0.5,1.05,1,0.15730770966428329,0.1573080105795176,0.3146157202438009,2.517341472183391e-11
half_step,fresh,0.5,1.05,2,0.09278368740858417,0.09324944201729782,0.186033129425882,1.9379342785422645e-12
half_step,fresh,0.5,1.05,3,0.15757243492968936,0.1575715586187226,0.31514399354841194,-6.049247868065481e-12
half_step,fresh,0.5,1.05,4,0.15751834320382307,0.15751982023361133,0.3150381634374344,1.842732904850136e-12
half_step,fresh,0.5,1.05,5,0.15760572742338808,0.15760649342418864,0.3152122208475767,-8.306092201333547e-12
half_step,fresh,0.5,1.05,6,0.1562474102619863,0.1562598140702022,0.31250722433218847,3.445683705066672e-11
half_step,fresh,0.5,1.05,7,0.08199972546260835,0.09470090135931855,0.1767006268219269,-1.1103459057876486e-11
half_step,fresh,0.5,1.05,8,0.157473726348432,0.1574747333940285,0.31494845974246055,5.427709656396223e-12
half_step,fresh,0.5,1.05,9,0.15736260243783867,0.15736283308022384,0.31472543551806254,1.705198323476332e-11
half_step,fresh,0.5,1.05,10,0.1561263509365464,0.15615234985041884,0.31227870078696524,3.192638409998716e-11
half_step,fresh,0.5,1.05,11,0.15685468418648418,0.15685364843628205,0.3137083326227662,2.4974313771492543e-11
half_step,fresh,2.0,1.05,0,0.03377629717459696,0.033766460849190584,0.06754275802378754,2.9917243801698677e-12
half_step,fresh,2.0,1.05,1,0.06372518088804431,0.06568263220027218,0.1294078130883165,6.6425439796521695e-12
half_step,fresh,2.0,1.05,2,0.033883248535016924,0.03377468049306589,0.06765792902808282,6.9266359171479046e-12
half_step,fresh,2.0,1.05,3,0.06651685226747382,0.06752159368799837,0.1340384459554722,1.1868143013388506e-13
half_step,fresh,2.0,1.05,4,0.06573948966475564,0.06438371331028139,0.13012320297503704,4.745398469958451e-12
half_step,fresh,2.0,1.05,5,0.06620348328150963,0.0658993672907463,0.13210285057225593,6.194976785429352e-13
half_step,fresh,2.0,1.05,6,0.06511691502582698,0.05180846503156344,0.11692538005739042,1.3098749222705745e-11
half_step,fresh,2.0,1.05,7,0.033023095307362214,0.03302309138803116,0.06604618669539337,2.3047256303499278e-11
half_step,fresh,2.0,1.05,8,0.06915344160675702,0.0656584412364142,0.13481188284317122,1.94115147564902e-12
half_step,fresh,2.0,1.05,9,0.03152502491519085,0.06028217976570084,0.0918072046808917,2.4231325890770887e-11
half_step,fresh,2.0,1.05,10,0.03361312718432142,0.033613130774569636,0.06722625795889106,2.5995747913247768e-11
half_step,fresh,2.0,1.05,11,0.05680979765378119,0.06381297420459127,0.12062277185837246,6.564936363248384e-12
half_step,up,0.0,1.05,0,0.3190496364406597,0.3190496364406597,0.6380992728813194,-1.385482456411692e-10
half_step,up,0.0,1.05,1,0.3190496364406597,0.3190496364406597,0.6380992728813194,-1.385482456411692e-10
half_step,up,0.0,1.05,2,0.3190496364406597,0.3190496364406597,0.6380992728813194,-1.385482456411692e-10
half_step,up,0.0,1.05,3,0.3190496364406597,0.3190496364406597,0.6380992728813194,-1.385482456411692e-10
half_step,up,0.0,1.05,4,0.3190496364406597,0.3190496364406597,0.6380992728813194,-1.385482456411692e-10
half_step,up,0.0,1.05,5,0.3190496364406597,0.3190496364406597,0.6380992728813194,-1.385482456411692e-10
half_step,up,0.0,1.05,6,0.3190496364406597,0.3190496364406597,0.6380992728813194,-1.385482456411692e-10
half_step,up,0.0,1.05,7,0.3190496364406597,0.3190496364406597,0.6380992728813194,-1.385482456411692e-10
half_step,up,0.0,1.05,8,0.3190496364406597,0.3190496364406597,0.6380992728813194,-1.385482456411692e-10
half_step,up,0.0,1.05,9,0.3190496364406597,0.3190496364406597,0.6380992728813194,-1.385482456411692e-10
half_step,up,0.0,1.05,10,0.3190496364406597,0.3190496364406597,0.6380992728813194,-1.385482456411692e-10
half_step,up,0.0,1.05,11,0.3190496364406597,0.3190496364406597,0.6380992728813194,-1.385482456411692e-10
half_step,up,0.5,1.05,0,0.1576927022538502,0.1576927022538502,0.3153854045077004,-9.155936497548863e-12
half_step,up,0.5,1.05,1,0.1576927022538502,0.1576927022538502,0.3153854045077004,-9.159411629100626e-12
half_step,up,0.5,1.05,2,0.1576927022538502,0.1576927022538502,0.3153854045077004,-9.155936497548863e-12
half_step,up,0.5,1.05,3,0.1576927022538502,0.1576927022538502,0.3153854045077004,-9.155936497548863e-12
half_step,up,0.5,1.05,4,0.1576927022538502,0.1576927022538502,0.3153854045077004,-9.155936497548863e-12
half_step,up,0.5,1.05,5,0.1576927022538502,0.1576927022538502,0.3153854045077004,-9.155936497548863e-12
half_step,up,0.5,1.05,6,0.1576927022538502,0.1576927022538502,0.3153854045077004,-9.155936497548863e-12
half_step,up,0.5,1.05,7,0.1576927022538502,0.1576927022538502,0.3153854045077004,-9.155936497548863e-12
half_step,up,0.5,1.05,8,0.1576927022538502,0.1576927022538502,0.3153854045077004,-9.155936497548863e-12
half_step,up,0.5,1.05,9,0.1576927022538502,0.1576927022538502,0.3153854045077004,-9.155936497548863e-12
half_step,up,0.5,1.05,10,0.1576927022538502,0.1576927022538502,0.3153854045077004,-9.155936497548863e-12
half_step,up,0.5,1.05,11,0.1576927022538502,0.1576927022538502,0.3153854045077004,-9.155936497548863e-12
half_step,up,2.0,1.05,0,0.06305026262556307,0.06305026262556307,0.12610052525112614,-2.116497661661816e-13
half_step,up,2.0,1.05,1,0.06305026262556362,0.06305026262556361,0.12610052525112725,-2.0714470019186004e-13
half_step,up,2.0,1.05,2,0.06305026262556307,0.06305026262556307,0.12610052525112614,-2.116497661661816e-13
half_step,up,2.0,1.05,3,0.06305026262556307,0.06305026262556307,0.12610052525112614,-2.116497661661816e-13
half_step,up,2.0,1.05,4,0.06305026262556307,0.06305026262556307,0.12610052525112614,-2.116497661661816e-13
half_step,up,2.0,1.05,5,0.06305026262556307,0.06305026262556307,0.12610052525112614,-2.116497661661816e-13
half_step,up,2.0,1.05,6,0.06305026262556307,0.06305026262556307,0.12610052525112614,-2.116497661661816e-13
half_step,up,2.0,1.05,7,0.06305026262556307,0.06305026262556307,0.12610052525112614,-2.116497661661816e-13
half_step,up,2.0,1.05,8,0.06305026262556307,0.06305026262556307,0.12610052525112614,-2.116497661661816e-13
half_step,up,2.0,1.05,9,0.06305026262556307,0.06305026262556307,0.12610052525112614,-2.116497661661816e-13
half_step,up,2.0,1.05,10,0.06305026262556307,0.06305026262556307,0.12610052525112614,-2.116497661661816e-13
half_step,up,2.0,1.05,11,0.06305026262556307,0.06305026262556307,0.12610052525112614,-2.116497661661816e-13
half_step,down,0.0,1.05,0,0.31512422626622083,0.31680816687164454,0.6319323931378653,-1.666471611458743e-10
half_step,down,0.0,1.05,1,0.3167791211545045,0.33387959542528733,0.6506587165797919,-1.1058998449149081e-10
half_step,down,0.0,1.05,2,0.31672272252008726,0.31960709423493655,0.6363298167550238,-1.8874577039853768e-10
half_step,down,0.0,1.05,3,0.33560751885111245,0.3319719340958034,0.6675794529469159,-9.022937534797821e-11
half_step,down,0.0,1.05,4,0.33535148011084176,0.3360805207215071,0.6714320008323489,-8.093234833620762e-11
half_step,down,0.0,1.05,5,0.3357139654567402,0.3361894354051731,0.6719034008619134,-1.2949535723512265e-10
half_step,down,0.0,1.05,6,0.31636520428618836,0.3319003546988608,0.6482655589850492,-1.7012583785161807e-10
half_step,down,0.0,1.05,7,0.32061636391117077,0.32363464556571786,0.6442510094768886,-1.2118109547392254e-10
half_step,down,0.0,1.05,8,0.32374903676820965,0.3357597895590663,0.6595088263272759,-3.7845763452341444e-11
half_step,down,0.0,1.05,9,0.31606467507868385,0.32092803362835526,0.6369927087070391,-7.999466858915751e-11
half_step,down,0.0,1.05,10,0.31529027695343415,0.3331755936354773,0.6484658705889115,-1.5949133816697416e-10
half_step,down,0.0,1.05,11,0.33620261245809163,0.3156855974514019,0.6518882099094936,-1.6757303708562238e-10
half_step,down,0.5,1.05,0,0.09467331685573072,0.09466465037001853,0.18933796722574925,1.4462413409531292e-11
half_step,down,0.5,1.05,1,0.1316866596030036,0.153423766387275,0.2851104259902786,2.9199669797442496e-11
half_step,down,0.5,1.05,2,0.07442732237487064,0.09770527396093144,0.17213259633580208,-1.531895393069793e-11
half_step,down,0.5,1.05,3,0.09313828068064084,0.0932341025753857,0.18637238325602654,-1.5658366012984035e-11
half_step,down,0.5,1.05,4,0.09364628146769632,0.093630918588849,0.18727720005654533,-2.8275691493183755e-12
half_step,down,0.5,1.05,5,0.12258011743447128,0.12294761140349465,0.24552772883796592,2.950624550466068e-11
half_step,down,0.5,1.05,6,0.0922850463288745,0.0928720693425555,0.18515711567143,-1.0556139001847035e-11
half_step,down,0.5,1.05,7,0.0932363502989682,0.09340668634769543,0.18664303664666365,-9.104156250684889e-12
half_step,down,0.5,1.05,8,0.09572354881693115,0.09606382964272654,0.1917873784596577,1.691921330076746e-11
half_step,down,0.5,1.05,9,0.0933400190812398,0.09332753183081594,0.18666755091205572,-1.4803886815134253e-11
half_step,down,0.5,1.05,10,0.09391039999998896,0.11899543305950573,0.21290583305949468,2.5334606832568083e-11
half_step,down,0.5,1.05,11,0.09410687368550157,0.09278839892962537,0.18689527261512695,4.01932850127281e-12
half_step,down,2.0,1.05,0,0.034101195717872915,0.0340997731509448,0.06820096886881771,2.1907149466220265e-11
half_step,down,2.0,1.05,1,0.03266786711372987,0.03266786902568271,0.06533573613941257,1.63265105793741e-12
half_step,down,2.0,1.05,2,0.05752263831200622,0.026464459287571174,0.0839870975995774,1.3923832387745063e-11
half_step,down,2.0,1.05,3,0.039087461336490034,0.035602889424425826,0.07469035076091586,3.935467177219586e-12
half_step,down,2.0,1.05,4,0.03334567962149748,0.03334569268924355,0.06669137231074103,2.563434888859499e-11
half_step,down,2.0,1.05,5,0.03292910007906272,0.032929510780346616,0.06585861085940933,2.421396550375446e-12
half_step,down,2.0,1.05,6,0.032770024327788576,0.03277010296884612,0.06554012729663469,-2.9531244345109985e-13
half_step,down,2.0,1.05,7,0.0329994527414216,0.032998888366853836,0.06599834110827543,1.4699055621510928e-12
half_step,down,2.0,1.05,8,0.03297183772078171,0.03297185328099971,0.06594369100178142,1.596508465318866e-11
half_step,down,2.0,1.05,9,0.0326608528109189,0.03266085454133915,0.06532170735225805,5.806500843358433e-13
half_step,down,2.0,1.05,10,0.03322720277152257,0.0332269250312072,0.06645412780272977,8.40955405702368e-14
half_step,down,2.0,1.05,11,0.03308418187971867,0.033084179308366546,0.06616836118808522,2.4921236905343674e-11
half_step,fresh,0.0,1.1,0,0.4461156526355664,0.4455410051830023,0.8916566578185687,-9.77407605587118e-12
half_step,fresh,0.0,1.1,1,0.44553778036277836,0.44678702184713937,0.8923248022099177,-4.985970610392202e-11
half_step,fresh,0.0,1.1,2,0.467912359811647,0.44578759522854017,0.9136999550401872,-1.8878298900040292e-10
half_step,fresh,0.0,1.1,3,0.4473081306861099,0.4465359745437862,0.8938441052298961,-1.1883621703149992e-10
half_step,fresh,0.0,1.1,4,0.4471826123121902,0.44885635016504466,0.8960389624772349,-1.2884440638280248e-10
half_step,fresh,0.0,1.1,5,0.4473726457937444,0.4479732725033622,0.8953459182971066,-1.2849785260006186e-10
half_step,fresh,0.0,1.1,6,0.4454908876091996,0.45413219744191724,0.8996230850511169,-6.279547944148554e-11
half_step,fresh,0.0,1.1,7,0.46526045865215127,0.4623798002325583,0.9276402588847096,-8.464226269655175e-11
half_step,fresh,0.0,1.1,8,0.4460268905553592,0.4474035771942345,0.8934304677495937,-1.0246769951975226e-10
half_step,fresh,0.0,1.1,9,0.4454574962576121,0.44587297851150853,0.8913304747691206,-8.983706996333126e-11
half_step,fresh,0.0,1.1,10,0.4454838840764211,0.44667673984657214,0.8921606239229932,-1.0476028880787282e-11
half_step,fresh,0.0,1.1,11,0.44803131296338733,0.4454260343942924,0.8934573473576797,-2.4646994098290373e-11
half_step,fresh,0.5,1.1,0,0.1392536801899241,0.1605484634146449,0.299802143604569,1.6978843599716933e-11
half_step,fresh,0.5,1.1,1,0.22186099679045784,0.2219475374844256,0.4438085342748834,2.6317528321647043e-11
half_step,fresh,0.5,1.1,2,0.15679106471699916,0.12612919145325496,0.2829202561702541,-3.1370789078409213e-12
half_step,fresh,0.5,1.1,3,0.22762609800488215,0.22658932297928053,0.4542154209841627,-5.508546764108999e-12
half_step,fresh,0.5,1.1,4,0.22580158492162816,0.2273582896649031,0.4531598745865313,2.611584880947271e-12
half_step,fresh,0.5,1.1,5,0.22888094955243551,0.23024879695589892,0.45912974650833444,-7.87590931756579e-12
half_step,fresh,0.5,1.1,6,0.2186758151254679,0.2187256335048599,0.4374014486303278,3.296582414950245e-11
half_step,fresh,0.5,1.1,7,0.15678373490471245,0.12646378856312024,0.28324752346783266,-2.728809859597867e-12
half_step,fresh,0.5,1.1,8,0.22397741028014856,0.22448437390425346,0.448461784184402,7.83299406276467e-12
half_step,fresh,0.5,1.1,9,0.2221045549611301,0.22219241475423868,0.4442969697153688,1.878397469498378e-11
half_step,fresh,0.5,1.1,10,0.21884601072478682,0.2189105357284069,0.43775654645319373,3.149066517512985e-11
half_step,fresh,0.5,1.1,11,0.2201277400952436,0.22012739022490396,0.44025513032014757,2.7710196588557947e-11
half_step,fresh,2.0,1.1,0,0.056392811675575805,0.05721678721487716,0.11360959889045297,1.379459391512176e-12
half_step,fresh,2.0,1.1,1,0.0930646854486956,0.09306471871458787,0.18612940416328347,6.523789701236971e-12
half_step,fresh,2.0,1.1,2,0.058416838910137645,0.05880478709171559,0.11722162600185324,9.55630977038989e-12
half_step,fresh,2.0,1.1,3,0.09362195056229773,0.09362194980653339,0.18724390036883112,2.526146423458689e-13
half_step,fresh,2.0,1.1,4,0.09337687758992157,0.09337688135402548,0.18675375894394705,4.4895458693228705e-12
half_step,fresh,2.0,1.1,5,0.09363591713598424,0.0936359176355814,0.18727183477156564,6.350174591949048e-13
half_step,fresh,2.0,1.1,6,0.09124272500203202,0.09124535431960101,0.18248807932163302,1.261453438016759e-11
half_step,fresh,2.0,1.1,7,0.05885074054375682,0.058845654303037426,0.11769639484679426,2.112141783463064e-11
half_step,fresh,2.0,1.1,8,0.0935411678319611,0.09354117006408291,0.187082337896044,1.9880195693271303e-12
half_step,fresh,2.0,1.1,9,0.09048198377652074,0.0616617610459665,0.15214374482248724,2.1364139298284188e-11
half_step,fresh,2.0,1.1,10,0.059396321595437625,0.05928979632319327,0.1186861179186309,2.492214702148791e-11
half_step,fresh,2.0,1.1,11,0.09195213702075535,0.09195127839658883,0.18390341541734417,8.206794125679419e-12
half_step,up,0.0,1.1,0,0.4454264613693957,0.4454264613693957,0.8908529227387914,-1.0417714987097761e-10
half_step,up,0.0,1.1,1,0.4454264613693957,0.4454264613693957,0.8908529227387914,-1.0417714987097761e-10
half_step,up,0.0,1.1,2,0.4454264613693957,0.4454264613693957,0.8908529227387914,-1.0417714987097761e-10
half_step,up,0.0,1.1,3,0.4454264613693957,0.4454264613693957,0.8908529227387914,-1.0417714987097761e-10
half_step,up,0.0,1.1,4,0.4454264613693957,0.4454264613693957,0.8908529227387914,-1.0417714987097761e-10
half_step,up,0.0,1.1,5,0.4454264613693957,0.4454264613693957,0.8908529227387914,-1.0417714987097761e-10
half_step,up,0.0,1.1,6,0.4454264613693957,0.4454264613693957,0.8908529227387914,-1.0417714987097761e-10
half_step,up,0.0,1.1,7,0.4454264613693957,0.4454264613693957,0.8908529227387914,-1.0417714987097761e-10
half_step,up,0.0,1.1,8,0.4454264613693957,0.4454264613693957,0.8908529227387914,-1.0417714987097761e-10
half_step,up,0.0,1.1,9,0.4454264613693957,0.4454264613693957,0.8908529227387914,-1.0417714987097761e-10
half_step,up,0.0,1.1,10,0.4454264613693957,0.4454264613693957,0.8908529227387914,-1.0417714987097761e-10
half_step,up,0.0,1.1,11,0.4454264613693957,0.4454264613693957,0.8908529227387914,-1.0417714987097761e-10
half_step,up,0.5,1.1,0,0.22212718952685492,0.22212718952685492,0.44425437905370985,-6.8482756865776366e-12
half_step,up,0.5,1.1,1,0.22212718952685478,0.22212718952685478,0.44425437905370957,-6.851536548410552e-12
half_step,up,0.5,1.1,2,0.22212718952685492,0.22212718952685492,0.44425437905370985,-6.8482756865776366e-12
half_step,up,0.5,1.1,3,0.22212718952685492,0.22212718952685492,0.44425437905370985,-6.8482756865776366e-12
half_step,up,0.5,1.1,4,0.22212718952685492,0.22212718952685492,0.44425437905370985,-6.8482756865776366e-12
half_step,up,0.5,1.1,5,0.22212718952685492,0.22212718952685492,0.44425437905370985,-6.8482756865776366e-12
half_step,up,0.5,1.1,6,0.22212718952685492,0.22212718952685492,0.44425437905370985,-6.8482756865776366e-12
half_step,up,0.5,1.1,7,0.22212718952685492,0.22212718952685492,0.44425437905370985,-6.8482756865776366e-12
half_step,up,0.5,1.1,8,0.22212718952685492,0.22212718952685492,0.44425437905370985,-6.8482756865776366e-12
half_step,up,0.5,1.1,9,0.22212718952685492,0.22212718952685492,0.44425437905370985,-6.8482756865776366e-12
half_step,up,0.5,1.1,10,0.22212718952685492,0.22212718952685492,0.44425437905370985,-6.8482756865776366e-12
half_step,up,0.5,1.1,11,0.22212718952685492,0.22212718952685492,0.44425437905370985,-6.8482756865776366e-12
half_step,up,2.0,1.1,0,0.08414172718631142,0.08414172718631142,0.16828345437262285,-1.8833263856685614e-13
half_step,up,2.0,1.1,1,0.08414172718630318,0.08414172718630325,0.16828345437260644,-1.9291480008419585e-13
half_step,up,2.0,1.1,2,0.08414172718631142,0.08414172718631142,0.16828345437262285,-1.8833263856685614e-13
half_step,up,2.0,1.1,3,0.08414172718631142,0.08414172718631142,0.16828345437262285,-1.8833263856685614e-13
half_step,up,2.0,1.1,4,0.08414172718631142,0.08414172718631142,0.16828345437262285,-1.8833263856685614e-13
half_step,up,2.0,1.1,5,0.08414172718631142,0.08414172718631142,0.16828345437262285,-1.8833263856685614e-13
half_step,up,2.0,1.1,6,0.08414172718631142,0.08414172718631142,0.16828345437262285,-1.8833263856685614e-13
half_step,up,2.0,1.1,7,0.08414172718631142,0.08414172718631142,0.16828345437262285,-1.8833263856685614e-13
half_step,up,2.0,1.1,8,0.08414172718631142,0.08414172718631142,0.16828345437262285,-1.8833263856685614e-13
half_step,up,2.0,1.1,9,0.08414172718631142,0.08414172718631142,0.16828345437262285,-1.8833263856685614e-13
half_step,up,2.0,1.1,10,0.08414172718631142,0.08414172718631142,0.16828345437262285,-1.8833263856685614e-13
half_step,up,2.0,1.1,11,0.08414172718631142,0.08414172718631142,0.16828345437262285,-1.8833263856685614e-13
half_step,down,0.0,1.1,0,0.4677815915427573,0.4588771535138176,0.9266587450565749,-1.182883690104968e-10
half_step,down,0.0,1.1,1,0.45899428719788715,0.4466200882177134,0.9056143754156005,-3.122545646427053e-11
half_step,down,0.0,1.1,2,0.461384242403268,0.45241835320331913,0.9138025956065872,-1.8403698322682188e-10
half_step,down,0.0,1.1,3,0.44601856949108765,0.44714130752670256,0.8931598770177902,-1.0290166385349697e-10
half_step,down,0.0,1.1,4,0.4461255398090088,0.44547956447462866,0.8916051042836375,-8.8237115719471e-11
half_step,down,0.0,1.1,5,0.4459701514862195,0.4456663146391975,0.891636466125417,-1.1031455721408819e-10
half_step,down,0.0,1.1,6,0.4608050963102346,0.4456888638158853,0.9064939601261199,-1.6022064863415045e-10
half_step,down,0.0,1.1,7,0.448881420598874,0.4471772611672657,0.8960586817661397,-1.2861836761682828e-10
half_step,down,0.0,1.1,8,0.4495240002223841,0.44594834075453266,0.8954723409769167,-3.0588339118100523e-11
half_step,down,0.0,1.1,9,0.46226938311796745,0.4511294390779574,0.9133988221959248,-2.2597883791797837e-11
half_step,down,0.0,1.1,10,0.4664573270125379,0.44682152342500103,0.9132788504375389,-1.4512882977470048e-10
half_step,down,0.0,1.1,11,0.4456470366272754,0.4642485457228952,0.9098955823501707,-1.435931197773192e-10
half_step,down,0.5,1.1,0,0.12572532208006065,0.15627724631680848,0.2820025683968691,-3.2239262359188655e-12
half_step,down,0.5,1.1,1,0.1944351408745689,0.20952623672142692,0.4039613775959958,3.0592766135824855e-11
half_step,down,0.5,1.1,2,0.12511970933274824,0.15513404344605702,0.28025375277880527,-1.1526367931987864e-11
half_step,down,0.5,1.1,3,0.18964750149521536,0.1896613660634074,0.37930886755862275,2.6495687218915602e-11
half_step,down,0.5,1.1,4,0.12470401540533714,0.15263929466831827,0.2773433100736554,-1.827722816652652e-11
half_step,down,0.5,1.1,5,0.22142345918259196,0.2214204753633504,0.4428439345459424,1.9884150009623366e-11
half_step,down,0.5,1.1,6,0.13109611319204817,0.13551474098022198,0.26661085417227015,-2.1035980420911803e-11
half_step,down,0.5,1.1,7,0.21931107299259112,0.21931840984812084,0.43862948284071196,2.8608286698124214e-11
half_step,down,0.5,1.1,8,0.1260264086391743,0.15657521209858202,0.2826016207377563,-4.826930446682246e-12
half_step,down,0.5,1.1,9,0.15824303387412555,0.1289049987995827,0.28714803267370825,7.436715564398027e-12
half_step,down,0.5,1.1,10,0.12764256999753543,0.15792420690895115,0.2855667769064866,3.981485702371766e-12
half_step,down,0.5,1.1,11,0.15977493752046512,0.15934246770630212,0.31911740522676724,1.8940160369308236e-11
half_step,down,2.0,1.1,0,0.06791066474308494,0.03660130446850232,0.10451196921158726,2.4849791567184226e-11
half_step,down,2.0,1.1,1,0.058070107132231215,0.058084985294477746,0.11615509242670896,6.263140312681977e-12
half_step,down,2.0,1.1,2,0.06554079051773513,0.03412879228270029,0.09966958280043542,-9.995712373044056e-13
half_step,down,2.0,1.1,3,0.06630695506448049,0.03489932867128246,0.10120628373576296,1.8903500735185706e-11
half_step,down,2.0,1.1,4,0.059421128419071746,0.05950067155246188,0.11892179997153363,2.0349178726167235e-11
half_step,down,2.0,1.1,5,0.05816448245588262,0.05817772683952469,0.11634220929540731,1.1092150193937493e-11
half_step,down,2.0,1.1,6,0.05864459236274712,0.05864634598224427,0.11729093834499138,7.959551564775119e-13
half_step,down,2.0,1.1,7,0.05778574687973247,0.05774756986821103,0.11553331674794351,7.466523785274184e-12
half_step,down,2.0,1.1,8,0.05372324285189549,0.05798404248245461,0.11170728533435009,-1.3422138904229657e-12
half_step,down,2.0,1.1,9,0.05827845512224229,0.05828651071586819,0.11656496583811049,8.695977688345519e-12
half_step,down,2.0,1.1,10,0.05835801985558149,0.0547124022167462,0.11307042207232769,5.664056142344926e-12
half_step,down,2.0,1.1,11,0.059389235805830796,0.05937931616882494,0.11876855197465574,1.8975857175280387e-11
half_step,fresh,0.0,1.2,0,0.6609131026812861,0.6608415238939237,1.3217546265752098,2.6299635093266438e-11
half_step,fresh,0.0,1.2,1,0.6608411084031858,0.6610064908864886,1.3218475992896743,-1.3474608768354513e-12
half_step,fresh,0.0,1.2,2,0.6676831275206868,0.6608741669643433,1.3285572944850301,-2.1049369834369796e-10
half_step,fresh,0.0,1.2,3,0.6610726513202656,0.6609738407749203,1.3220464920951858,-6.537867240830394e-11
half_step,fresh,0.0,1.2,4,0.6610569153946468,0.661257390151371,1.3223143055460178,-6.68518297090717e-11
half_step,fresh,0.0,1.2,5,0.6610806907567663,0.6611540159061527,1.3222347066629192,-7.127075563206736e-11
half_step,fresh,0.0,1.2,6,0.6608351539095813,0.6618346849337917,1.3226698388433729,-5.775846463794107e-11
half_step,fresh,0.0,1.2,7,0.6653624292800664,0.6633953685272752,1.3287577978073415,-6.371075095941348e-11
half_step,fresh,0.0,1.2,8,0.660906276385136,0.6610845336174568,1.3219908100025928,-4.641127850285891e-11
half_step,fresh,0.0,1.2,9,0.660831084369232,0.6608856212155692,1.3217167055848011,-4.164153888216394e-11
half_step,fresh,0.0,1.2,10,0.660837312587074,0.6609922089857075,1.3218295215727816,2.4757871482009978e-11
half_step,fresh,0.0,1.2,11,0.6611609629695541,0.6608277737187324,1.3219887366882865,1.1299372495170594e-11
half_step,fresh,0.5,1.2,0,0.27146225176495353,0.25239942893906964,0.5238616807040232,1.5868364982163348e-11
half_step,fresh,0.5,1.2,1,0.3202831276378626,0.3193614346867592,0.6396445623246219,3.101114344683097e-11
half_step,fresh,0.5,1.2,2,0.23496482418531536,0.21731649724204494,0.4522813214273603,-1.2594046912009396e-11
half_step,fresh,0.5,1.2,3,0.321170835946879,0.32100411500460846,0.6421749509514875,3.835235309266324e-13
half_step,fresh,0.5,1.2,4,0.32026607257745465,0.3204642695251777,0.6407303421026324,9.146394068559416e-12
half_step,fresh,0.5,1.2,5,0.3219049594397802,0.322170044574423,0.6440750040142031,-2.9714367249657405e-12
half_step,fresh,0.5,1.2,6,0.31109374988044614,0.30057614715768893,0.6116698970381351,3.1621587204477524e-11
half_step,fresh,0.5,1.2,7,0.27906342762243425,0.2538196049985442,0.5328830326209785,1.3486873454412897e-11
half_step,fresh,0.5,1.2,8,0.3198205174892156,0.31977329966840634,0.6395938171576219,1.374725152072675e-11
half_step,fresh,0.5,1.2,9,0.32098949380883085,0.32009517517075564,0.6410846689795865,2.303522716921418e-11
half_step,fresh,0.5,1.2,10,0.31225028823094697,0.30848929221067306,0.62073958044162,3.240147483449166e-11
half_step,fresh,0.5,1.2,11,0.3158758617205388,0.32351343370919566,0.6393892954297344,3.216074062761205e-11
half_step,fresh,2.0,1.2,0,0.09634228288766396,0.06497007493087663,0.16131235781854059,2.6710353537499936e-14
half_step,fresh,2.0,1.2,1,0.13810461471794222,0.1295648618876062,0.2676694766055484,6.726242659477276e-12
half_step,fresh,2.0,1.2,2,0.09225108756106913,0.07455550107509118,0.16680658863616032,1.4829966038478046e-11
half_step,fresh,2.0,1.2,3,0.1303388092814503,0.13037835446243906,0.26071716374388937,5.472615696685945e-13
half_step,fresh,2.0,1.2,4,0.12957225422158156,0.12948882677881948,0.25906108100040104,4.7451014064689895e-12
half_step,fresh,2.0,1.2,5,0.12966855064461996,0.12965626685002923,0.2593248174946492,7.608164917443258e-13
half_step,fresh,2.0,1.2,6,0.12483217305142805,0.12293704818111685,0.2477692212325449,1.3439992991378537e-11
half_step,fresh,2.0,1.2,7,0.08747706199218021,0.08903715548664577,0.17651421747882598,1.5282956553247944e-11
half_step,fresh,2.0,1.2,8,0.13104559260034962,0.13084258112057645,0.2618881737209261,2.4055546889357386e-12
half_step,fresh,2.0,1.2,9,0.12177983571169868,0.12177504642497315,0.2435548821366718,1.7072536410226233e-11
half_step,fresh,2.0,1.2,10,0.09516406839006279,0.09516317727138275,0.19032724566144554,2.277995593741818e-11
half_step,fresh,2.0,1.2,11,0.12717178105560273,0.12850489834147028,0.255676679397073,7.75460547853091e-12
half_step,up,0.0,1.2,0,0.6610795562390525,0.6610795562390525,1.322159112478105,-6.329311114341601e-11
half_step,up,0.0,1.2,1,0.6610795562390525,0.6610795562390525,1.322159112478105,-6.329311114341601e-11
half_step,up,0.0,1.2,2,0.6610795562390525,0.6610795562390525,1.322159112478105,-6.329311114341601e-11
half_step,up,0.0,1.2,3,0.6610795562390525,0.6610795562390525,1.322159112478105,-6.329311114341601e-11
half_step,up,0.0,1.2,4,0.6610795562390525,0.6610795562390525,1.322159112478105,-6.329311114341601e-11
half_step,up,0.0,1.2,5,0.6610795562390525,0.6610795562390525,1.322159112478105,-6.329311114341601e-11
half_step,up,0.0,1.2,6,0.6610795562390525,0.6610795562390525,1.322159112478105,-6.329311114341601e-11
half_step,up,0.0,1.2,7,0.6610795562390525,0.6610795562390525,1.322159112478105,-6.329311114341601e-11
half_step,up,0.0,1.2,8,0.6610795562390525,0.6610795562390525,1.322159112478105,-6.329311114341601e-11
half_step,up,0.0,1.2,9,0.6610795562390525,0.6610795562390525,1.322159112478105,-6.329311114341601e-11
half_step,up,0.0,1.2,10,0.6610795562390525,0.6610795562390525,1.322159112478105,-6.329311114341601e-11
half_step,up,0.0,1.2,11,0.6610795562390525,0.6610795562390525,1.322159112478105,-6.329311114341601e-11
half_step,up,0.5,1.2,0,0.3392941895790993,0.3392941895790993,0.6785883791581986,-3.9439055259878166e-12
half_step,up,0.5,1.2,1,0.3392941895791074,0.3392941895791074,0.6785883791582148,-3.9403181792081554e-12
half_step,up,0.5,1.2,2,0.3392941895790993,0.3392941895790993,0.6785883791581986,-3.9439055259878166e-12
half_step,up,0.5,1.2,3,0.3392941895790993,0.3392941895790993,0.6785883791581986,-3.9439055259878166e-12
half_step,up,0.5,1.2,4,0.3392941895790993,0.3392941895790993,0.6785883791581986,-3.9439055259878166e-12
half_step,up,0.5,1.2,5,0.3392941895790993,0.3392941895790993,0.6785883791581986,-3.9439055259878166e-12
half_step,up,0.5,1.2,6,0.3392941895790993,0.3392941895790993,0.6785883791581986,-3.9439055259878166e-12
half_step,up,0.5,1.2,7,0.3392941895790993,0.3392941895790993,0.6785883791581986,-3.9439055259878166e-12
half_step,up,0.5,1.2,8,0.3392941895790993,0.3392941895790993,0.6785883791581986,-3.9439055259878166e-12
half_step,up,0.5,1.2,9,0.3392941895790993,0.3392941895790993,0.6785883791581986,-3.9439055259878166e-12
half_step,up,0.5,1.2,10,0.3392941895790993,0.3392941895790993,0.6785883791581986,-3.9439055259878166e-12
half_step,up,0.5,1.2,11,0.3392941895790993,0.3392941895790993,0.6785883791581986,-3.9439055259878166e-12
half_step,up,2.0,1.2,0,0.13188262970068976,0.13188262970068976,0.2637652594013795,-9.265972079773375e-14
half_step,up,2.0,1.2,1,0.1318826297006946,0.1318826297006946,0.2637652594013892,-9.061003971219724e-14
half_step,up,2.0,1.2,2,0.13188262970068976,0.13188262970068976,0.2637652594013795,-9.265972079773375e-14
half_step,up,2.0,1.2,3,0.13188262970068976,0.13188262970068976,0.2637652594013795,-9.265972079773375e-14
half_step,up,2.0,1.2,4,0.13188262970068976,0.13188262970068976,0.2637652594013795,-9.265972079773375e-14
half_step,up,2.0,1.2,5,0.13188262970068976,0.13188262970068976,0.2637652594013795,-9.265972079773375e-14
half_step,up,2.0,1.2,6,0.13188262970068976,0.13188262970068976,0.2637652594013795,-9.265972079773375e-14
half_step,up,2.0,1.2,7,0.13188262970068976,0.13188262970068976,0.2637652594013795,-9.265972079773375e-14
half_step,up,2.0,1.2,8,0.13188262970068976,0.13188262970068976,0.2637652594013795,-9.265972079773375e-14
half_step,up,2.0,1.2,9,0.13188262970068976,0.13188262970068976,0.2637652594013795,-9.265972079773375e-14
half_step,up,2.0,1.2,10,0.13188262970068976,0.13188262970068976,0.2637652594013795,-9.265972079773375e-14
half_step,up,2.0,1.2,11,0.13188262970068976,0.13188262970068976,0.2637652594013795,-9.265972079773375e-14
half_step,down,0.0,1.2,0,0.660888518783944,0.6609037253650786,1.3217922441490226,1.6975795219392666e-11
half_step,down,0.0,1.2,1,0.6609022566607404,0.6614668582863669,1.3223691149471073,1.6399661942134653e-11
half_step,down,0.0,1.2,2,0.6637490577761735,0.6610120791778269,1.3247611369540004,-2.1405421331961535e-10
half_step,down,0.0,1.2,3,0.6617180033942764,0.6613489428393763,1.3230669462336526,-6.508670977562831e-11
half_step,down,0.0,1.2,4,0.6616568088319201,0.6624987887251979,1.324155597557118,-5.008071862021839e-11
half_step,down,0.0,1.2,5,0.6617496125335112,0.6620483204398062,1.3237979329733174,-6.619922826229107e-11
half_step,down,0.0,1.2,6,0.6608802949315037,0.6653374165432688,1.3262177114747726,-1.5649528639547583e-10
half_step,down,0.0,1.2,7,0.6704344352417644,0.6700022659422876,1.3404367011840521,-4.8724521681500555e-11
half_step,down,0.0,1.2,8,0.661117336356349,0.6617648036395724,1.3228821399959214,-1.7015664108737988e-11
half_step,down,0.0,1.2,9,0.6608632344984028,0.6610494139089996,1.3219126484074024,-1.6154635122772037e-11
half_step,down,0.0,1.2,10,0.6608281460616865,0.6614147860105549,1.3222429320722413,-4.8381400914446996e-11
half_step,down,0.0,1.2,11,0.6620775609797925,0.6608414243860972,1.3229189853658898,-6.856132126340555e-11
half_step,down,0.5,1.2,0,0.2236949946291824,0.21932202444722948,0.4430170190764119,-1.985845908416749e-11
half_step,down,0.5,1.2,1,0.28669475890976626,0.3075336169801625,0.5942283758899287,2.162430631238309e-11
half_step,down,0.5,1.2,2,0.22567719091079452,0.25250906348536234,0.47818625439615686,4.030721373921169e-12
half_step,down,0.5,1.2,3,0.3238920372710112,0.33381642274937745,0.6577084600203886,2.943020092512551e-11
half_step,down,0.5,1.2,4,0.28035089641542327,0.2594154451436586,0.5397663415590819,1.526634359700896e-11
half_step,down,0.5,1.2,5,0.3204433480637533,0.3203434557152997,0.640786803779053,9.271059776377263e-12
half_step,down,0.5,1.2,6,0.22199282163141987,0.22164386960853136,0.4436366912399512,-1.2915333628168006e-11
half_step,down,0.5,1.2,7,0.31712041596356355,0.3290736029469133,0.6461940189104769,3.684397939984379e-11
half_step,down,0.5,1.2,8,0.2767115600066009,0.27619108678801324,0.5529026467946141,1.5031838267732977e-11
half_step,down,0.5,1.2,9,0.31712482830026034,0.31699194179076073,0.6341167700910211,3.2337694740704516e-11
half_step,down,0.5,1.2,10,0.2183956560132026,0.2190987960302948,0.4374944520434974,-2.2565851768416282e-11
half_step,down,0.5,1.2,11,0.2491240134425101,0.2208558936792383,0.4699799071217484,-1.5222434966716467e-12
half_step,down,2.0,1.2,0,0.0661581871914295,0.09752280226420694,0.16368098945563644,1.3758824937717762e-11
half_step,down,2.0,1.2,1,0.09222131449717566,0.07543981067955613,0.1676611251767318,-1.871193751798972e-12
half_step,down,2.0,1.2,2,0.0947648105353828,0.09476482252141366,0.18952963305679646,2.2795683158888785e-11
half_step,down,2.0,1.2,3,0.06459269496783321,0.09599983625961726,0.16059253122745049,-9.940898455680785e-13
half_step,down,2.0,1.2,4,0.09049603541986699,0.09061943038589164,0.18111546580575863,2.4121698783118137e-11
half_step,down,2.0,1.2,5,0.09898368037008666,0.06825503591789797,0.16723871628798465,1.4506938222552768e-11
half_step,down,2.0,1.2,6,0.09545669516656005,0.07570577551797271,0.17116247068453277,1.4835854020077003e-11
half_step,down,2.0,1.2,7,0.06815085086783924,0.09853065895489337,0.1666815098227326,1.1180538570262627e-11
half_step,down,2.0,1.2,8,0.0921480156261616,0.09214843073110515,0.18429644635726675,2.391410809674895e-11
half_step,down,2.0,1.2,9,0.09046378513438029,0.07884871003537952,0.16931249516975982,-3.5297848162725647e-13
half_step,down,2.0,1.2,10,0.06746536950362952,0.096563486903747,0.16402885640737652,-6.44087045107263e-13
half_step,down,2.0,1.2,11,0.08870487043156715,0.08827589514231506,0.1769807655738822,2.3005805488780092e-11
half_step,fresh,0.0,1.5,0,1.1219353686067841,1.1244178189947691,2.246353187601553,1.7946889477491642e-10
half_step,fresh,0.0,1.5,1,1.1244152546055985,1.1236394858612113,2.24805474046681,1.6882362085024493e-10
half_step,fresh,0.0,1.5,2,1.1107749683595265,1.1244340673367714,2.2352090356962977,-1.8088797376634626e-10
half_step,fresh,0.0,1.5,3,1.1231002770441973,1.1238842353472671,2.2469845123914647,1.0649578420436531e-10
half_step,fresh,0.0,1.5,4,1.1232324569993122,1.121474659818494,2.244707116817806,1.1012563595266569e-10
half_step,fresh,0.0,1.5,5,1.1230320183652622,1.1223935270418657,2.245425545407128,9.878555444127598e-11
half_step,fresh,0.0,1.5,6,1.1243612455905143,1.1171582543364753,2.24151949992699,-1.611551835252992e-11
half_step,fresh,0.0,1.5,7,1.1112008677377674,1.1126723436724115,2.223873211410179,1.0779654366942245e-10
half_step,fresh,0.0,1.5,8,1.1243078368330373,1.1229992332790117,2.2473070701120488,1.3297302823772602e-10
half_step,fresh,0.0,1.5,9,1.1242893171794228,1.1243982058773634,2.248687523056786,1.3087357816174332e-10
half_step,fresh,0.0,1.5,10,1.123551615622172,1.1237487824538999,2.2473003980760717,1.5671125480571484e-10
half_step,fresh,0.0,1.5,11,1.1223320390688127,1.1241101053619704,2.246442144430783,1.2345004634164238e-10
half_step,fresh,0.5,1.5,0,0.5027435156269604,0.5034132934895359,1.0061568091164963,2.0077441543598573e-11
half_step,fresh,0.5,1.5,1,0.5517681653695407,0.5556609700578975,1.1074291354274381,5.031282382281454e-11
half_step,fresh,0.5,1.5,2,0.4369348624053187,0.43555545670824797,0.8724903191135667,-3.795491541850113e-11
half_step,fresh,0.5,1.5,3,0.5575109241743703,0.5590467436985503,1.1165576678729208,1.3409999725589443e-11
half_step,fresh,0.5,1.5,4,0.5581021814234702,0.5550332127347575,1.1131353941582276,2.379112130114081e-11
half_step,fresh,0.5,1.5,5,0.5575716007076202,0.5560686631510326,1.113640263858653,8.836852290370405e-12
half_step,fresh,0.5,1.5,6,0.512172566554276,0.5071599312817514,1.0193324978360274,3.084862983260823e-11
half_step,fresh,0.5,1.5,7,0.5436586272817702,0.5499631874332558,1.0936218147150258,5.2947312157272814e-11
half_step,fresh,0.5,1.5,8,0.5591694206018503,0.5579452545714806,1.117114675173331,3.12849794107424e-11
half_step,fresh,0.5,1.5,9,0.5587157948434709,0.5588415076632348,1.1175573025067056,3.81013066466869e-11
half_step,fresh,0.5,1.5,10,0.5147441695917532,0.5277362116584386,1.0424803812501917,4.491491706881705e-11
half_step,fresh,0.5,1.5,11,0.5316621929187555,0.5302522553360053,1.0619144482547607,4.6648359244470456e-11
half_step,fresh,2.0,1.5,0,0.15367034348648498,0.15560484294552215,0.30927518643200713,-1.4361070697000139e-12
half_step,fresh,2.0,1.5,1,0.21910721761069155,0.21910970390379006,0.4382169215144816,7.965495597141154e-12
half_step,fresh,2.0,1.5,2,0.16001566465496103,0.1572133415698921,0.31722900622485317,5.220097845653353e-12
half_step,fresh,2.0,1.5,3,0.22158612208824358,0.22158347358396877,0.44316959567221237,1.1513608835724424e-12
half_step,fresh,2.0,1.5,4,0.22023453555549521,0.2202352211705184,0.44046975672601363,5.439119612175489e-12
half_step,fresh,2.0,1.5,5,0.22181153636672601,0.22181717640819287,0.4436287127749189,1.0874805332854199e-12
half_step,fresh,2.0,1.5,6,0.19777759350932406,0.20963955301176895,0.407417146521093,1.2217289639595144e-11
half_step,fresh,2.0,1.5,7,0.15307210253871253,0.1562432684470167,0.30931537098572925,1.0378086006133686e-12
half_step,fresh,2.0,1.5,8,0.22091095721288723,0.22091200514065165,0.4418229623535389,3.5195331577397544e-12
half_step,fresh,2.0,1.5,9,0.2018539902151678,0.20671276138979472,0.40856675160496253,1.1337975574837606e-11
half_step,fresh,2.0,1.5,10,0.18865426897091914,0.1838965230411145,0.37255079201203367,1.6663694315631058e-11
half_step,fresh,2.0,1.5,11,0.21503070371402408,0.20703305903852987,0.422063762752554,1.0084411455654133e-11
half_step,up,0.0,1.5,0,1.1103440608485005,1.1103440608485005,2.220688121697001,9.761785434992835e-11
half_step,up,0.0,1.5,1,1.1103440608485005,1.1103440608485005,2.220688121697001,9.761785434992835e-11
half_step,up,0.0,1.5,2,1.1103440608485005,1.1103440608485005,2.220688121697001,9.761785434992835e-11
half_step,up,0.0,1.5,3,1.1103440608485005,1.1103440608485005,2.220688121697001,9.761785434992835e-11
half_step,up,0.0,1.5,4,1.1103440608485005,1.1103440608485005,2.220688121697001,9.761785434992835e-11
half_step,up,0.0,1.5,5,1.1103440608485005,1.1103440608485005,2.220688121697001,9.761785434992835e-11
half_step,up,0.0,1.5,6,1.1103440608485005,1.1103440608485005,2.220688121697001,9.761785434992835e-11
half_step,up,0.0,1.5,7,1.1103440608485005,1.1103440608485005,2.220688121697001,9.761785434992835e-11
half_step,up,0.0,1.5,8,1.1103440608485005,1.1103440608485005,2.220688121697001,9.761785434992835e-11
half_step,up,0.0,1.5,9,1.1103440608485005,1.1103440608485005,2.220688121697001,9.761785434992835e-11
half_step,up,0.0,1.5,10,1.1103440608485005,1.1103440608485005,2.220688121697001,9.761785434992835e-11
half_step,up,0.0,1.5,11,1.1103440608485005,1.1103440608485005,2.220688121697001,9.761785434992835e-11
half_step,up,0.5,1.5,0,0.5599116982087676,0.5599116982087676,1.1198233964175353,7.212347815780576e-12
half_step,up,0.5,1.5,1,0.5599116982087676,0.5599116982087676,1.1198233964175353,7.214366855900714e-12
half_step,up,0.5,1.5,2,0.5599116982087676,0.5599116982087676,1.1198233964175353,7.212347815780576e-12
half_step,up,0.5,1.5,3,0.5599116982087676,0.5599116982087676,1.1198233964175353,7.212347815780576e-12
half_step,up,0.5,1.5,4,0.5599116982087676,0.5599116982087676,1.1198233964175353,7.212347815780576e-12
half_step,up,0.5,1.5,5,0.5599116982087676,0.5599116982087676,1.1198233964175353,7.212347815780576e-12
half_step,up,0.5,1.5,6,0.5599116982087676,0.5599116982087676,1.1198233964175353,7.212347815780576e-12
half_step,up,0.5,1.5,7,0.5599116982087676,0.5599116982087676,1.1198233964175353,7.212347815780576e-12
half_step,up,0.5,1.5,8,0.5599116982087676,0.5599116982087676,1.1198233964175353,7.212347815780576e-12
half_step,up,0.5,1.5,9,0.5599116982087676,0.5599116982087676,1.1198233964175353,7.212347815780576e-12
half_step,up,0.5,1.5,10,0.5599116982087676,0.5599116982087676,1.1198233964175353,7.212347815780576e-12
half_step,up,0.5,1.5,11,0.5599116982087676,0.5599116982087676,1.1198233964175353,7.212347815780576e-12
half_step,up,2.0,1.5,0,0.2277338652768438,0.2277338652768438,0.4554677305536876,1.6531674729776652e-13
half_step,up,2.0,1.5,1,0.2277338652768337,0.2277338652768337,0.4554677305536674,1.6524621967521e-13
half_step,up,2.0,1.5,2,0.2277338652768438,0.2277338652768438,0.4554677305536876,1.6531674729776652e-13
half_step,up,2.0,1.5,3,0.2277338652768438,0.2277338652768438,0.4554677305536876,1.6531674729776652e-13
half_step,up,2.0,1.5,4,0.2277338652768438,0.2277338652768438,0.4554677305536876,1.6531674729776652e-13
half_step,up,2.0,1.5,5,0.2277338652768438,0.2277338652768438,0.4554677305536876,1.6531674729776652e-13
half_step,up,2.0,1.5,6,0.2277338652768438,0.2277338652768438,0.4554677305536876,1.6531674729776652e-13
half_step,up,2.0,1.5,7,0.2277338652768438,0.2277338652768438,0.4554677305536876,1.6531674729776652e-13
half_step,up,2.0,1.5,8,0.2277338652768438,0.2277338652768438,0.4554677305536876,1.6531674729776652e-13
half_step,up,2.0,1.5,9,0.2277338652768438,0.2277338652768438,0.4554677305536876,1.6531674729776652e-13
half_step,up,2.0,1.5,10,0.2277338652768438,0.2277338652768438,0.4554677305536876,1.6531674729776652e-13
half_step,up,2.0,1.5,11,0.2277338652768438,0.2277338652768438,0.4554677305536876,1.6531674729776652e-13
half_step,down,0.0,1.5,0,1.1105487802377667,1.1142279557093349,2.224776735947102,1.5177706901589515e-10
half_step,down,0.0,1.5,1,1.1141708779459805,1.1227933454309573,2.236964223376938,1.7193936893378755e-10
half_step,down,0.0,1.5,2,1.1197980320559981,1.1176979929588486,2.237496025014847,-1.9361631165413822e-10
half_step,down,0.0,1.5,3,1.1235422250578022,1.1221858303894436,2.2457280554472456,1.1999301450065247e-10
half_step,down,0.0,1.5,4,1.1234048552114502,1.1242949202023107,2.2476997754137606,1.2681924361411733e-10
half_step,down,0.0,1.5,5,1.1236051128667321,1.1240137675902002,2.2476188804569324,1.0970496084829304e-10
half_step,down,0.0,1.5,6,1.1132850927577278,1.1243679751982227,2.2376530679559505,-1.2848901674087467e-10
half_step,down,0.0,1.5,7,1.1230471086463154,1.123665919895306,2.2467130285416212,1.034384028316955e-10
half_step,down,0.0,1.5,8,1.119835021888262,1.1236335990472224,2.2434686209354844,1.6259967367945125e-10
half_step,down,0.0,1.5,9,1.1125518032768986,1.1185742275923616,2.23112603086926,1.4878510779738302e-10
half_step,down,0.0,1.5,10,1.1104312366160565,1.1225542393519101,2.2329854759679666,6.471223731301564e-12
half_step,down,0.0,1.5,11,1.1240409323891816,1.1115224712997718,2.2355634036889533,-3.515533215089209e-11
half_step,down,0.5,1.5,0,0.5080956874695164,0.5079685292256221,1.0160642166951384,2.892780019045095e-11
half_step,down,0.5,1.5,1,0.4790201429206198,0.49801187306838046,0.9770320159890002,8.996512379579941e-12
half_step,down,0.5,1.5,2,0.43962405995960807,0.437579945044094,0.877204005003702,-3.397585984422997e-11
half_step,down,0.5,1.5,3,0.5473736603807834,0.5501404359035359,1.0975140962843193,2.6954982538904248e-11
half_step,down,0.5,1.5,4,0.5549401110111236,0.5482055624444788,1.1031456734556024,3.538840208897265e-11
half_step,down,0.5,1.5,5,0.5490383738520356,0.5519001302263521,1.1009385040783877,2.07355202351994e-11
half_step,down,0.5,1.5,6,0.4416680201387132,0.4409059431162669,0.88257396325498,-3.270468498452493e-11
half_step,down,0.5,1.5,7,0.5366561047191332,0.5345473496522228,1.071203454371356,4.85594251161208e-11
half_step,down,0.5,1.5,8,0.5592629410964455,0.558167124135538,1.1174300652319835,3.2052495866271147e-11
half_step,down,0.5,1.5,9,0.5574201840256834,0.5582412209773789,1.1156614050030624,4.1102644735386254e-11
half_step,down,0.5,1.5,10,0.49719570616866177,0.47862918674891264,0.9758248929175743,6.3119981668058934e-12
half_step,down,0.5,1.5,11,0.46909905423361636,0.4713076156450313,0.9404066698786477,-1.0098800712447222e-11
half_step,down,2.0,1.5,0,0.15707353247101666,0.15707352542187508,0.31414705789289177,5.7199062302765955e-12
half_step,down,2.0,1.5,1,0.21855177842451604,0.21855221535385616,0.43710399377837217,7.969697455010264e-12
half_step,down,2.0,1.5,2,0.18126157142294722,0.15193424968631333,0.33319582110926055,1.5821232647854367e-11
half_step,down,2.0,1.5,3,0.1655932862765247,0.16830845926912325,0.33390174554564794,1.7319363109854373e-11
half_step,down,2.0,1.5,4,0.15734079090818726,0.15736969156770356,0.31471048247589084,6.689474844595685e-12
half_step,down,2.0,1.5,5,0.19078060842365474,0.19098622666156528,0.38176683508522,1.6246890483037525e-11
half_step,down,2.0,1.5,6,0.1578526547410989,0.15415816776829458,0.3120108225093935,4.281784594494228e-12
half_step,down,2.0,1.5,7,0.163149263866608,0.15819180938128624,0.32134107324789424,1.0173203676681043e-11
half_step,down,2.0,1.5,8,0.1595432563361406,0.15903945790064639,0.31858271423678697,1.167815110703407e-11
half_step,down,2.0,1.5,9,0.212257666576986,0.19189062215758595,0.404148288734572,1.4596717635796634e-11
half_step,down,2.0,1.5,10,0.16283606080432478,0.1572927235485926,0.32012878435291736,9.957856159223576e-12
half_step,down,2.0,1.5,11,0.15636291848921757,0.15610092213440155,0.3124638406236191,2.579446863260538e-12
half_step,fresh,0.0,2.0,0,1.7308461606347685,1.7303109857180277,3.461157146352796,5.238548968501575e-10
half_step,fresh,0.0,2.0,1,1.730311249711449,1.730744514938591,3.46105576465004,5.246241325218492e-10
half_step,fresh,0.0,2.0,2,1.733709403348034,1.730341649499523,3.464051052847557,1.1139602667846989e-10
half_step,fresh,0.0,2.0,3,1.7309949302314402,1.7306276470764337,3.4616225773078737,4.674818113752924e-10
half_step,fresh,0.0,2.0,4,1.730934326230419,1.7317040581752212,3.4626383844056403,4.730319225074723e-10
half_step,fresh,0.0,2.0,5,1.7310260403822908,1.7313111862207373,3.462337226603028,4.552027400513722e-10
half_step,fresh,0.0,2.0,6,1.7303194720754964,1.7333288458600447,3.463648317935541,1.7478449283844006e-10
half_step,fresh,0.0,2.0,7,1.7349077100871386,1.7346827869584789,3.4695904970456173,4.6341663135958975e-10
half_step,fresh,0.0,2.0,8,1.7304157300009118,1.7310409387743284,3.46145666877524,5.008564715931615e-10
half_step,fresh,0.0,2.0,9,1.730333788849355,1.7303649774361352,3.46069876628549,4.940875125496437e-10
half_step,fresh,0.0,2.0,10,1.7305038259899836,1.7306926239155485,3.461196449905532,4.5870629114400503e-10
half_step,fresh,0.0,2.0,11,1.7313381061740045,1.7303740362669964,3.4617121424410007,3.835128597322194e-10
half_step,fresh,0.5,2.0,0,0.8313401414444924,0.8258382214296691,1.6571783628741614,7.652910999066747e-11
half_step,fresh,0.5,2.0,1,0.849392117037593,0.8493996410150977,1.6987917580526908,8.711461611532052e-11
half_step,fresh,0.5,2.0,2,0.7538578160489564,0.7527708155928746,1.506628631641831,-6.517869990347622e-11
half_step,fresh,0.5,2.0,3,0.8690029636430586,0.869382253361332,1.7383852170043905,3.9796952284775575e-11
half_step,fresh,0.5,2.0,4,0.8670838739510589,0.8666904199059815,1.7337742938570404,5.2879933069560716e-11
half_step,fresh,0.5,2.0,5,0.8695209564577937,0.8687866288984657,1.7383075853562593,3.264453039313525e-11
half_step,fresh,0.5,2.0,6,0.8081714661032706,0.8024876426803993,1.61065910878367,3.265716172298629e-11
half_step,fresh,0.5,2.0,7,0.8581863291438121,0.8629294195892183,1.7211157487330304,5.983117573435744e-11
half_step,fresh,0.5,2.0,8,0.8577606551989941,0.8630421763041949,1.720802831503189,6.518575729654708e-11
half_step,fresh,0.5,2.0,9,0.8548535382033888,0.8574156538301912,1.7122691920335802,6.697348476308224e-11
half_step,fresh,0.5,2.0,10,0.8319885911408019,0.8214980103120709,1.6534866014528729,7.560061510190705e-11
half_step,fresh,0.5,2.0,11,0.820688752829538,0.8306150791740268,1.6513038320035647,7.341852989830286e-11
half_step,fresh,2.0,2.0,0,0.2822360709809644,0.25262870681009736,0.5348647777910618,-1.6786941921479761e-12
half_step,fresh,2.0,2.0,1,0.3352580504000109,0.3405402950413308,0.6757983454413417,1.1030112434400577e-11
half_step,fresh,2.0,2.0,2,0.283591374836869,0.2552114273747232,0.5388028022115923,8.844192247386109e-15
half_step,fresh,2.0,2.0,3,0.34561544955256607,0.3456153794549003,0.6912308290074664,2.2535200053764404e-12
half_step,fresh,2.0,2.0,4,0.3438376596052662,0.34383783896890796,0.6876754985741742,6.979670551625273e-12
half_step,fresh,2.0,2.0,5,0.34578146032996343,0.34578240687197903,0.6915638672019424,1.8098082670445288e-12
half_step,fresh,2.0,2.0,6,0.3244367787253695,0.317477924777831,0.6419147035032005,1.3985553358520733e-11
half_step,fresh,2.0,2.0,7,0.28070882300774025,0.2532034446109583,0.5339122676186985,-3.2379702209466437e-12
half_step,fresh,2.0,2.0,8,0.344420469676746,0.344427332536142,0.688847802212888,5.695238752953185e-12
half_step,fresh,2.0,2.0,9,0.3295134276430518,0.33000749111880606,0.6595209187618578,1.1720511528717563e-11
half_step,fresh,2.0,2.0,10,0.31267588600799306,0.30851664909451265,0.6211925351025057,1.3792234695482183e-11
half_step,fresh,2.0,2.0,11,0.32376854677914396,0.3259905551118223,0.6497591018909663,1.2697003898666704e-11
half_step,up,0.0,2.0,0,1.7304318533911691,1.7304318533911691,3.4608637067823382,4.601092905670079e-10
half_step,up,0.0,2.0,1,1.7304318533911691,1.7304318533911691,3.4608637067823382,4.601092905670079e-10
half_step,up,0.0,2.0,2,1.7304318533911691,1.7304318533911691,3.4608637067823382,4.601092905670079e-10
half_step,up,0.0,2.0,3,1.7304318533911691,1.7304318533911691,3.4608637067823382,4.601092905670079e-10
half_step,up,0.0,2.0,4,1.7304318533911691,1.7304318533911691,3.4608637067823382,4.601092905670079e-10
half_step,up,0.0,2.0,5,1.7304318533911691,1.7304318533911691,3.4608637067823382,4.601092905670079e-10
half_step,up,0.0,2.0,6,1.7304318533911691,1.7304318533911691,3.4608637067823382,4.601092905670079e-10
half_step,up,0.0,2.0,7,1.7304318533911691,1.7304318533911691,3.4608637067823382,4.601092905670079e-10
half_step,up,0.0,2.0,8,1.7304318533911691,1.7304318533911691,3.4608637067823382,4.601092905670079e-10
half_step,up,0.0,2.0,9,1.7304318533911691,1.7304318533911691,3.4608637067823382,4.601092905670079e-10
half_step,up,0.0,2.0,10,1.7304318533911691,1.7304318533911691,3.4608637067823382,4.601092905670079e-10
half_step,up,0.0,2.0,11,1.7304318533911691,1.7304318533911691,3.4608637067823382,4.601092905670079e-10
half_step,up,0.5,2.0,0,0.8671250098113847,0.8671250098113847,1.7342500196227695,2.787015798681216e-11
half_step,up,0.5,2.0,1,0.8671250098113876,0.8671250098113876,1.7342500196227753,2.7870815418149963e-11
half_step,up,0.5,2.0,2,0.8671250098113847,0.8671250098113847,1.7342500196227695,2.787015798681216e-11
half_step,up,0.5,2.0,3,0.8671250098113847,0.8671250098113847,1.7342500196227695,2.787015798681216e-11
half_step,up,0.5,2.0,4,0.8671250098113847,0.8671250098113847,1.7342500196227695,2.787015798681216e-11
half_step,up,0.5,2.0,5,0.8671250098113847,0.8671250098113847,1.7342500196227695,2.787015798681216e-11
half_step,up,0.5,2.0,6,0.8671250098113847,0.8671250098113847,1.7342500196227695,2.787015798681216e-11
half_step,up,0.5,2.0,7,0.8671250098113847,0.8671250098113847,1.7342500196227695,2.787015798681216e-11
half_step,up,0.5,2.0,8,0.8671250098113847,0.8671250098113847,1.7342500196227695,2.787015798681216e-11
half_step,up,0.5,2.0,9,0.8671250098113847,0.8671250098113847,1.7342500196227695,2.787015798681216e-11
half_step,up,0.5,2.0,10,0.8671250098113847,0.8671250098113847,1.7342500196227695,2.787015798681216e-11
half_step,up,0.5,2.0,11,0.8671250098113847,0.8671250098113847,1.7342500196227695,2.787015798681216e-11
half_step,up,2.0,2.0,0,0.3460766197933354,0.3460766197933354,0.6921532395866709,7.425642046417656e-13
half_step,up,2.0,2.0,1,0.3460766197933323,0.3460766197933323,0.6921532395866646,7.416039331781467e-13
half_step,up,2.0,2.0,2,0.3460766197933354,0.3460766197933354,0.6921532395866709,7.425642046417656e-13
half_step,up,2.0,2.0,3,0.3460766197933354,0.3460766197933354,0.6921532395866709,7.425642046417656e-13
half_step,up,2.0,2.0,4,0.3460766197933354,0.3460766197933354,0.6921532395866709,7.425642046417656e-13
half_step,up,2.0,2.0,5,0.3460766197933354,0.3460766197933354,0.6921532395866709,7.425642046417656e-13
half_step,up,2.0,2.0,6,0.3460766197933354,0.3460766197933354,0.6921532395866709,7.425642046417656e-13
half_step,up,2.0,2.0,7,0.3460766197933354,0.3460766197933354,0.6921532395866709,7.425642046417656e-13
half_step,up,2.0,2.0,8,0.3460766197933354,0.3460766197933354,0.6921532395866709,7.425642046417656e-13
half_step,up,2.0,2.0,9,0.3460766197933354,0.3460766197933354,0.6921532395866709,7.425642046417656e-13
half_step,up,2.0,2.0,10,0.3460766197933354,0.3460766197933354,0.6921532395866709,7.425642046417656e-13
half_step,up,2.0,2.0,11,0.3460766197933354,0.3460766197933354,0.6921532395866709,7.425642046417656e-13
half_step,down,0.0,2.0,0,1.7308461606347685,1.7303109857180277,3.461157146352796,5.238548968501575e-10
half_step,down,0.0,2.0,1,1.730311249711449,1.730744514938591,3.46105576465004,5.246241325218492e-10
half_step,down,0.0,2.0,2,1.733709403348034,1.730341649499523,3.464051052847557,1.1139602667846989e-10
half_step,down,0.0,2.0,3,1.7309949302314402,1.7306276470764337,3.4616225773078737,4.674818113752924e-10
half_step,down,0.0,2.0,4,1.730934326230419,1.7317040581752212,3.4626383844056403,4.730319225074723e-10
half_step,down,0.0,2.0,5,1.7310260403822908,1.7313111862207373,3.462337226603028,4.552027400513722e-10
half_step,down,0.0,2.0,6,1.7303194720754964,1.7333288458600447,3.463648317935541,1.7478449283844006e-10
half_step,down,0.0,2.0,7,1.7349077100871386,1.7346827869584789,3.4695904970456173,4.6341663135958975e-10
half_step,down,0.0,2.0,8,1.7304157300009118,1.7310409387743284,3.46145666877524,5.008564715931615e-10
half_step,down,0.0,2.0,9,1.730333788849355,1.7303649774361352,3.46069876628549,4.940875125496437e-10
half_step,down,0.0,2.0,10,1.7305038259899836,1.7306926239155485,3.461196449905532,4.5870629114400503e-10
half_step,down,0.0,2.0,11,1.7313381061740045,1.7303740362669964,3.4617121424410007,3.835128597322194e-10
half_step,down,0.5,2.0,0,0.8313401414444924,0.8258382214296691,1.6571783628741614,7.652910999066747e-11
half_step,down,0.5,2.0,1,0.849392117037593,0.8493996410150977,1.6987917580526908,8.711461611532052e-11
half_step,down,0.5,2.0,2,0.7538578160489564,0.7527708155928746,1.506628631641831,-6.517869990347622e-11
half_step,down,0.5,2.0,3,0.8690029636430586,0.869382253361332,1.7383852170043905,3.9796952284775575e-11
half_step,down,0.5,2.0,4,0.8670838739510589,0.8666904199059815,1.7337742938570404,5.2879933069560716e-11
half_step,down,0.5,2.0,5,0.8695209564577937,0.8687866288984657,1.7383075853562593,3.264453039313525e-11
half_step,down,0.5,2.0,6,0.8081714661032706,0.8024876426803993,1.61065910878367,3.265716172298629e-11
half_step,down,0.5,2.0,7,0.8581863291438121,0.8629294195892183,1.7211157487330304,5.983117573435744e-11
half_step,down,0.5,2.0,8,0.8577606551989941,0.8630421763041949,1.720802831503189,6.518575729654708e-11
half_step,down,0.5,2.0,9,0.8548535382033888,0.8574156538301912,1.7122691920335802,6.697348476308224e-11
half_step,down,0.5,2.0,10,0.8319885911408019,0.8214980103120709,1.6534866014528729,7.560061510190705e-11
half_step,down,0.5,2.0,11,0.820688752829538,0.8306150791740268,1.6513038320035647,7.341852989830286e-11
half_step,down,2.0,2.0,0,0.2822360709809644,0.25262870681009736,0.5348647777910618,-1.6786941921479761e-12
half_step,down,2.0,2.0,1,0.3352580504000109,0.3405402950413308,0.6757983454413417,1.1030112434400577e-11
half_step,down,2.0,2.0,2,0.283591374836869,0.2552114273747232,0.5388028022115923,8.844192247386109e-15
half_step,down,2.0,2.0,3,0.34561544955256607,0.3456153794549003,0.6912308290074664,2.2535200053764404e-12
half_step,down,2.0,2.0,4,0.3438376596052662,0.34383783896890796,0.6876754985741742,6.979670551625273e-12
half_step,down,2.0,2.0,5,0.34578146032996343,0.34578240687197903,0.6915638672019424,1.8098082670445288e-12
half_step,down,2.0,2.0,6,0.3244367787253695,0.317477924777831,0.6419147035032005,1.3985553358520733e-11
half_step,down,2.0,2.0,7,0.28070882300774025,0.2532034446109583,0.5339122676186985,-3.2379702209466437e-12
half_step,down,2.0,2.0,8,0.344420469676746,0.344427332536142,0.688847802212888,5.695238752953185e-12
half_step,down,2.0,2.0,9,0.3295134276430518,0.33000749111880606,0.6595209187618578,1.1720511528717563e-11
half_step,down,2.0,2.0,10,0.31267588600799306,0.30851664909451265,0.6211925351025057,1.3792234695482183e-11
half_step,down,2.0,2.0,11,0.32376854677914396,0.3259905551118223,0.6497591018909663,1.2697003898666704e-11
double_settle,fresh,0.0,0.0,0,-3.259213332278165e-89,1.427269430835407e-88,1.1013480976075906e-88,4.508827239116057e-09
double_settle,fresh,0.0,0.0,1,1.4835842726621227e-88,1.064268679359359e-89,1.5900111405980585e-88,-1.7536220447728484e-09
double_settle,fresh,0.0,0.0,2,-1.28079655204316e-89,4.1152666907239646e-89,2.8344701386808045e-89,3.795987932889515e-09
double_settle,fresh,0.0,0.0,3,6.946454873067299e-90,1.3459606608089091e-89,2.040606148115639e-89,-6.828369751728051e-09
double_settle,fresh,0.0,0.0,4,7.662948513721514e-90,1.9507378349646492e-90,9.613686348686163e-90,-8.634902336862322e-09
double_settle,fresh,0.0,0.0,5,6.60891751546019e-90,4.179282175495271e-90,1.0788199690955461e-89,-1.310069638817307e-08
double_settle,fresh,0.0,0.0,6,3.9353747361475166e-88,-3.054562380271031e-90,3.9048291123448064e-88,-2.2202667668964e-09
double_settle,fresh,0.0,0.0,7,-8.074665842031621e-90,-6.511793303264728e-90,-1.4586459145296348e-89,-9.238255063750171e-09
double_settle,fresh,0.0,0.0,8,2.526128173002509e-89,6.4538778970722715e-90,3.1715159627097365e-89,-4.634274663700655e-09
double_settle,fresh,0.0,0.0,9,-8.688792376649898e-88,3.358044683849723e-89,-8.352987908264926e-88,1.3096078830689675e-09
double_settle,fresh,0.0,0.0,10,-5.8101718474167314e-89,1.1757253778434856e-89,-4.634446469573246e-89,4.624934142914177e-09
double_settle,fresh,0.0,0.0,11,3.99429155745146e-90,-1.4027498620043923e-88,-1.3628069464298776e-88,-1.493990847205613e-09
double_settle,fresh,0.5,0.0,0,2.6025487923892067e-46,2.6025487923892067e-46,5.2050975847784134e-46,1.6321095466865623e-09
double_settle,fresh,0.5,0.0,1,0.0,0.0,0.0,2.6956337437722387e-10
double_settle,fresh,0.5,0.0,2,1.8982408180598415e-46,1.8982408180598415e-46,3.796481636119683e-46,1.0651937257609032e-09
double_settle,fresh,0.5,0.0,3,2.702278112689997e-46,2.702278112689997e-46,5.404556225379994e-46,-6.456926745571102e-10
double_settle,fresh,0.5,0.0,4,1.2690314757109574e-46,1.2690314757109574e-46,2.538062951421915e-46,-1.3564724741908505e-10
double_settle,fresh,0.5,0.0,5,1.445392775780134e-46,1.445392775780134e-46,2.890785551560268e-46,-7.305488572825844e-10
double_settle,fresh,0.5,0.0,6,1.205240523743181e-45,1.205240523743181e-45,2.410481047486362e-45,-1.1549067966941197e-10
double_settle,fresh,0.5,0.0,7,-1.958266898072259e-46,-1.958266898072259e-46,-3.916533796144518e-46,-5.683296751764385e-10
double_settle,fresh,0.5,0.0,8,3.971866175536265e-46,3.971866175536265e-46,7.94373235107253e-46,-3.708009345665231e-10
double_settle,fresh,0.5,0.0,9,-4.487809556653864e-46,-4.487809556653864e-46,-8.975619113307728e-46,2.1812129955477184e-09
double_settle,fresh,0.5,0.0,10,-2.725331975441183e-46,-2.725331975441183e-46,-5.450663950882366e-46,1.9342960486777975e-09
double_settle,fresh,0.5,0.0,11,-7.04066360121321e-46,-7.04066360121321e-46,-1.408132720242642e-45,2.2928489913781483e-10
double_settle,fresh,2.0,0.0,0,1.1812173289029526e-20,1.1812173289029526e-20,2.362434657805905e-20,5.609263977933132e-10
double_settle,fresh,2.0,0.0,1,0.0,0.0,0.0,3.472671869699766e-10
double_settle,fresh,2.0,0.0,2,1.4306156986933606e-20,1.4306156986933606e-20,2.861231397386721e-20,-5.268436187414834e-10
double_settle,fresh,2.0,0.0,3,3.053103463168404e-20,3.053103463168404e-20,6.106206926336808e-20,-3.9175396219846395e-11
double_settle,fresh,2.0,0.0,4,1.4328894911151418e-20,1.4328894911151418e-20,2.8657789822302837e-20,-1.098792848577942e-10
double_settle,fresh,2.0,0.0,5,1.6473071526422728e-20,1.6473071526422728e-20,3.2946143052845457e-20,-3.036082186606589e-11
double_settle,fresh,2.0,0.0,6,6.022300016531798e-20,6.022300016531798e-20,1.2044600033063595e-19,3.479997869761171e-11
double_settle,fresh,2.0,0.0,7,-2.234656823655772e-20,-2.234656823655772e-20,-4.469313647311544e-20,-1.2307164764463706e-11
double_settle,fresh,2.0,0.0,8,4.2912862726391047e-20,4.2912862726391047e-20,8.582572545278209e-20,-1.662486294948441e-11
double_settle,fresh,2.0,0.0,9,-1.626615490824134e-20,-1.626615490824134e-20,-3.253230981648268e-20,7.255618786858608e-10
double_settle,fresh,2.0,0.0,10,-1.9174384274155033e-20,-1.9174384274155033e-20,-3.8348768548310067e-20,1.466117520335984e-10
double_settle,fresh,2.0,0.0,11,-4.4476554018805045e-20,-4.4476554018805045e-20,-8.895310803761009e-20,1.670866216279831e-10
double_settle,up,0.0,0.0,0,-3.259213332278165e-89,1.427269430835407e-88,1.1013480976075906e-88,4.508827239116057e-09
double_settle,up,0.0,0.0,1,1.4835842726621227e-88,1.064268679359359e-89,1.5900111405980585e-88,-1.7536220447728484e-09
double_settle,up,0.0,0.0,2,-1.28079655204316e-89,4.1152666907239646e-89,2.8344701386808045e-89,3.795987932889515e-09
double_settle,up,0.0,0.0,3,6.946454873067299e-90,1.3459606608089091e-89,2.040606148115639e-89,-6.828369751728051e-09
double_settle,up,0.0,0.0,4,7.662948513721514e-90,1.9507378349646492e-90,9.613686348686163e-90,-8.634902336862322e-09
double_settle,up,0.0,0.0,5,6.60891751546019e-90,4.179282175495271e-90,1.0788199690955461e-89,-1.310069638817307e-08
double_settle,up,0.0,0.0,6,3.9353747361475166e-88,-3.054562380271031e-90,3.9048291123448064e-88,-2.2202667668964e-09
double_settle,up,0.0,0.0,7,-8.074665842031621e-90,-6.511793303264728e-90,-1.4586459145296348e-89,-9.238255063750171e-09
double_settle,up,0.0,0.0,8,2.526128173002509e-89,6.4538778970722715e-90,3.1715159627097365e-89,-4.634274663700655e-09
double_settle,up,0.0,0.0,9,-8.688792376649898e-88,3.358044683849723e-89,-8.352987908264926e-88,1.3096078830689675e-09
double_settle,up,0.0,0.0,10,-5.8101718474167314e-89,1.1757253778434856e-89,-4.634446469573246e-89,4.624934142914177e-09
double_settle,up,0.0,0.0,11,3.99429155745146e-90,-1.4027498620043923e-88,-1.3628069464298776e-88,-1.493990847205613e-09
double_settle,up,0.5,0.0,0,2.6025487923892067e-46,2.6025487923892067e-46,5.2050975847784134e-46,1.6321095466865623e-09
double_settle,up,0.5,0.0,1,0.0,0.0,0.0,2.6956337437722387e-10
double_settle,up,0.5,0.0,2,1.8982408180598415e-46,1.8982408180598415e-46,3.796481636119683e-46,1.0651937257609032e-09
double_settle,up,0.5,0.0,3,2.702278112689997e-46,2.702278112689997e-46,5.404556225379994e-46,-6.456926745571102e-10
double_settle,up,0.5,0.0,4,1.2690314757109574e-46,1.2690314757109574e-46,2.538062951421915e-46,-1.3564724741908505e-10
double_settle,up,0.5,0.0,5,1.445392775780134e-46,1.445392775780134e-46,2.890785551560268e-46,-7.305488572825844e-10
double_settle,up,0.5,0.0,6,1.205240523743181e-45,1.205240523743181e-45,2.410481047486362e-45,-1.1549067966941197e-10
double_settle,up,0.5,0.0,7,-1.958266898072259e-46,-1.958266898072259e-46,-3.916533796144518e-46,-5.683296751764385e-10
double_settle,up,0.5,0.0,8,3.971866175536265e-46,3.971866175536265e-46,7.94373235107253e-46,-3.708009345665231e-10
double_settle,up,0.5,0.0,9,-4.487809556653864e-46,-4.487809556653864e-46,-8.975619113307728e-46,2.1812129955477184e-09
double_settle,up,0.5,0.0,10,-2.725331975441183e-46,-2.725331975441183e-46,-5.450663950882366e-46,1.9342960486777975e-09
double_settle,up,0.5,0.0,11,-7.04066360121321e-46,-7.04066360121321e-46,-1.408132720242642e-45,2.2928489913781483e-10
double_settle,up,2.0,0.0,0,1.1812173289029526e-20,1.1812173289029526e-20,2.362434657805905e-20,5.609263977933132e-10
double_settle,up,2.0,0.0,1,0.0,0.0,0.0,3.472671869699766e-10
double_settle,up,2.0,0.0,2,1.4306156986933606e-20,1.4306156986933606e-20,2.861231397386721e-20,-5.268436187414834e-10
double_settle,up,2.0,0.0,3,3.053103463168404e-20,3.053103463168404e-20,6.106206926336808e-20,-3.9175396219846395e-11
double_settle,up,2.0,0.0,4,1.4328894911151418e-20,1.4328894911151418e-20,2.8657789822302837e-20,-1.098792848577942e-10
double_settle,up,2.0,0.0,5,1.6473071526422728e-20,1.6473071526422728e-20,3.2946143052845457e-20,-3.036082186606589e-11
double_settle,up,2.0,0.0,6,6.022300016531798e-20,6.022300016531798e-20,1.2044600033063595e-19,3.479997869761171e-11
double_settle,up,2.0,0.0,7,-2.234656823655772e-20,-2.234656823655772e-20,-4.469313647311544e-20,-1.2307164764463706e-11
double_settle,up,2.0,0.0,8,4.2912862726391047e-20,4.2912862726391047e-20,8.582572545278209e-20,-1.662486294948441e-11
double_settle,up,2.0,0.0,9,-1.626615490824134e-20,-1.626615490824134e-20,-3.253230981648268e-20,7.255618786858608e-10
double_settle,up,2.0,0.0,10,-1.9174384274155033e-20,-1.9174384274155033e-20,-3.8348768548310067e-20,1.466117520335984e-10
double_settle,up,2.0,0.0,11,-4.4476554018805045e-20,-4.4476554018805045e-20,-8.895310803761009e-20,1.670866216279831e-10
double_settle,down,0.0,0.0,0,0.0,0.0,0.0,-1.5090569401792094e-08
double_settle,down,0.0,0.0,1,0.0,0.0,0.0,-1.5090536620580757e-08
double_settle,down,0.0,0.0,2,0.0,0.0,0.0,-1.5090569401792094e-08
double_settle,down,0.0,0.0,3,0.0,0.0,0.0,-1.5090536620580757e-08
double_settle,down,0.0,0.0,4,0.0,0.0,0.0,-1.5090536620580757e-08
double_settle,down,0.0,0.0,5,0.0,0.0,0.0,-1.5090536620580757e-08
double_settle,down,0.0,0.0,6,0.0,0.0,0.0,-1.5090569401792094e-08
double_settle,down,0.0,0.0,7,0.0,0.0,0.0,-1.5090524223716595e-08
double_settle,down,0.0,0.0,8,0.0,0.0,0.0,-1.5090536620580757e-08
double_settle,down,0.0,0.0,9,0.0,0.0,0.0,-1.5090569401792094e-08
double_settle,down,0.0,0.0,10,0.0,0.0,0.0,-1.5090569401792094e-08
double_settle,down,0.0,0.0,11,0.0,0.0,0.0,-1.5090569401792094e-08
double_settle,down,0.5,0.0,0,0.0,0.0,0.0,-9.271831428300025e-10
double_settle,down,0.5,0.0,1,0.0,0.0,0.0,-9.272206948495485e-10
double_settle,down,0.5,0.0,2,0.0,0.0,0.0,-9.271793117288913e-10
double_settle,down,0.5,0.0,3,0.0,0.0,0.0,-9.272206948495485e-10
double_settle,down,0.5,0.0,4,0.0,0.0,0.0,-9.271813718493218e-10
double_settle,down,0.5,0.0,5,0.0,0.0,0.0,-9.272034548945489e-10
double_settle,down,0.5,0.0,6,0.0,0.0,0.0,-9.272230441096634e-10
double_settle,down,0.5,0.0,7,0.0,0.0,0.0,-9.271836849669518e-10
double_settle,down,0.5,0.0,8,0.0,0.0,0.0,-9.271782274550136e-10
double_settle,down,0.5,0.0,9,0.0,0.0,0.0,-9.271536144375001e-10
double_settle,down,0.5,0.0,10,0.0,0.0,0.0,-9.271809381397624e-10
double_settle,down,0.5,0.0,11,0.0,0.0,0.0,-9.271702038281589e-10
double_settle,down,2.0,0.0,0,0.0,0.0,0.0,-2.3437700837158665e-11
double_settle,down,2.0,0.0,1,0.0,0.0,0.0,-2.3501564570014937e-11
double_settle,down,2.0,0.0,2,0.0,0.0,0.0,-2.3501636854940924e-11
double_settle,down,2.0,0.0,3,0.0,0.0,0.0,-2.350048029611168e-11
double_settle,down,2.0,0.0,4,0.0,0.0,0.0,-2.350048029611168e-11
double_settle,down,2.0,0.0,5,0.0,0.0,0.0,-2.349169767749449e-11
double_settle,down,2.0,0.0,6,0.0,0.0,0.0,-2.3496902192230016e-11
double_settle,down,2.0,0.0,7,0.0,0.0,0.0,-2.3501636854940924e-11
double_settle,down,2.0,0.0,8,0.0,0.0,0.0,-2.350048029611168e-11
double_settle,down,2.0,0.0,9,0.0,0.0,0.0,-2.3541682704438217e-11
double_settle,down,2.0,0.0,10,0.0,0.0,0.0,-2.3503624690430255e-11
double_settle,down,2.0,0.0,11,0.0,0.0,0.0,-2.352592459037636e-11
double_settle,fresh,0.0,0.5,0,0.0,0.0,0.0,2.176248115230886e-09
double_settle,fresh,0.0,0.5,1,0.0,0.0,0.0,2.0884119459557684e-10
double_settle,fresh,0.0,0.5,2,0.0,0.0,0.0,1.6767976102667072e-09
double_settle,fresh,0.0,0.5,3,0.0,0.0,0.0,-9.059165668009897e-09
double_settle,fresh,0.0,0.5,4,0.0,0.0,0.0,-1.86297402607452e-08
double_settle,fresh,0.0,0.5,5,0.0,0.0,0.0,-1.99636720724635e-08
double_settle,fresh,0.0,0.5,6,0.0,0.0,0.0,1.6549478621862027e-09
double_settle,fresh,0.0,0.5,7,0.0,0.0,0.0,-1.4208767194161724e-09
double_settle,fresh,0.0,0.5,8,0.0,0.0,0.0,-6.193481472565057e-09
double_settle,fresh,0.0,0.5,9,0.0,0.0,0.0,-1.7919879401719302e-09
double_settle,fresh,0.0,0.5,10,0.0,0.0,0.0,-2.988427043021316e-10
double_settle,fresh,0.0,0.5,11,0.0,0.0,0.0,-4.842101357935886e-09
double_settle,fresh,0.5,0.5,0,0.0,0.0,0.0,4.338210993171537e-10
double_settle,fresh,0.5,0.5,1,0.0,0.0,0.0,4.715939391212175e-10
double_settle,fresh,0.5,0.5,2,0.0,0.0,0.0,3.7068916653385067e-10
double_settle,fresh,0.5,0.5,3,0.0,0.0,0.0,-8.730861607585623e-10
double_settle,fresh,0.5,0.5,4,0.0,0.0,0.0,-7.905586020169556e-10
double_settle,fresh,0.5,0.5,5,0.0,0.0,0.0,-1.1810974716903534e-09
double_settle,fresh,0.5,0.5,6,0.0,0.0,0.0,1.1306419358452758e-09
double_settle,fresh,0.5,0.5,7,0.0,0.0,0.0,-8.162889464038046e-11
double_settle,fresh,0.5,0.5,8,0.0,0.0,0.0,-4.646859816346654e-10
double_settle,fresh,0.5,0.5,9,0.0,0.0,0.0,2.6513168757100096e-10
double_settle,fresh,0.5,0.5,10,0.0,0.0,0.0,1.6071339472926408e-09
double_settle,fresh,0.5,0.5,11,0.0,0.0,0.0,-5.533124695181053e-10
double_settle,fresh,2.0,0.5,0,0.0,0.0,0.0,3.7565068531925676e-10
double_settle,fresh,2.0,0.5,1,0.0,0.0,0.0,1.3159885566375173e-10
double_settle,fresh,2.0,0.5,2,0.0,0.0,0.0,-5.529852894267235e-10
double_settle,fresh,2.0,0.5,3,0.0,0.0,0.0,-6.231063417705839e-11
double_settle,fresh,2.0,0.5,4,0.0,0.0,0.0,3.687745668109169e-11
double_settle,fresh,2.0,0.5,5,0.0,0.0,0.0,-2.0219731363951213e-11
double_settle,fresh,2.0,0.5,6,0.0,0.0,0.0,2.417007328685204e-10
double_settle,fresh,2.0,0.5,7,0.0,0.0,0.0,-3.3216237675335724e-12
double_settle,fresh,2.0,0.5,8,0.0,0.0,0.0,-2.1829737230551713e-11
double_settle,fresh,2.0,0.5,9,0.0,0.0,0.0,8.446291784166821e-10
double_settle,fresh,2.0,0.5,10,0.0,0.0,0.0,2.2512308223277907e-10
double_settle,fresh,2.0,0.5,11,0.0,0.0,0.0,-1.4508478717853578e-10
double_settle,up,0.0,0.5,0,0.0,0.0,0.0,-1.577054093251975e-08
double_settle,up,0.0,0.5,1,0.0,0.0,0.0,-1.577054093251975e-08
double_settle,up,0.0,0.5,2,0.0,0.0,0.0,-1.577054093251975e-08
double_settle,up,0.0,0.5,3,0.0,0.0,0.0,-1.577054093251975e-08
double_settle,up,0.0,0.5,4,0.0,0.0,0.0,-1.577054093251975e-08
double_settle,up,0.0,0.5,5,0.0,0.0,0.0,-1.577054093251975e-08
double_settle,up,0.0,0.5,6,0.0,0.0,0.0,-1.577054093251975e-08
double_settle,up,0.0,0.5,7,0.0,0.0,0.0,-1.577054093251975e-08
double_settle,up,0.0,0.5,8,0.0,0.0,0.0,-1.577054093251975e-08
double_settle,up,0.0,0.5,9,0.0,0.0,0.0,-1.577054093251975e-08
double_settle,up,0.0,0.5,10,0.0,0.0,0.0,-1.577054093251975e-08
double_settle,up,0.0,0.5,11,0.0,0.0,0.0,-1.577054093251975e-08
double_settle,up,0.5,0.5,0,0.0,0.0,0.0,-9.692321768723875e-10
double_settle,up,0.5,0.5,1,0.0,0.0,0.0,-9.692328818800506e-10
double_settle,up,0.5,0.5,2,0.0,0.0,0.0,-9.692321768723875e-10
double_settle,up,0.5,0.5,3,0.0,0.0,0.0,-9.692321768723875e-10
double_settle,up,0.5,0.5,4,0.0,0.0,0.0,-9.692321768723875e-10
double_settle,up,0.5,0.5,5,0.0,0.0,0.0,-9.692321768723875e-10
double_settle,up,0.5,0.5,6,0.0,0.0,0.0,-9.692321768723875e-10
double_settle,up,0.5,0.5,7,0.0,0.0,0.0,-9.692321768723875e-10
double_settle,up,0.5,0.5,8,0.0,0.0,0.0,-9.692321768723875e-10
double_settle,up,0.5,0.5,9,0.0,0.0,0.0,-9.692321768723875e-10
double_settle,up,0.5,0.5,10,0.0,0.0,0.0,-9.692321768723875e-10
double_settle,up,0.5,0.5,11,0.0,0.0,0.0,-9.692321768723875e-10
double_settle,up,2.0,0.5,0,0.0,0.0,0.0,-2.4562439364752664e-11
double_settle,up,2.0,0.5,1,0.0,0.0,0.0,-2.4562846099935566e-11
double_settle,up,2.0,0.5,2,0.0,0.0,0.0,-2.4562439364752664e-11
double_settle,up,2.0,0.5,3,0.0,0.0,0.0,-2.4562439364752664e-11
double_settle,up,2.0,0.5,4,0.0,0.0,0.0,-2.4562439364752664e-11
double_settle,up,2.0,0.5,5,0.0,0.0,0.0,-2.4562439364752664e-11
double_settle,up,2.0,0.5,6,0.0,0.0,0.0,-2.4562439364752664e-11
double_settle,up,2.0,0.5,7,0.0,0.0,0.0,-2.4562439364752664e-11
double_settle,up,2.0,0.5,8,0.0,0.0,0.0,-2.4562439364752664e-11
double_settle,up,2.0,0.5,9,0.0,0.0,0.0,-2.4562439364752664e-11
double_settle,up,2.0,0.5,10,0.0,0.0,0.0,-2.4562439364752664e-11
double_settle,up,2.0,0.5,11,0.0,0.0,0.0,-2.4562439364752664e-11
double_settle,down,0.0,0.5,0,0.0,0.0,0.0,-1.5217921727610783e-09
double_settle,down,0.0,0.5,1,0.0,0.0,0.0,-1.5217647278285929e-09
double_settle,down,0.0,0.5,2,0.0,0.0,0.0,-1.5217921727610783e-09
double_settle,down,0.0,0.5,3,0.0,0.0,0.0,-1.5217647278285929e-09
double_settle,down,0.0,0.5,4,0.0,0.0,0.0,-1.5217647278285929e-09
double_settle,down,0.0,0.5,5,0.0,0.0,0.0,-1.5217647278285929e-09
double_settle,down,0.0,0.5,6,0.0,0.0,0.0,-1.5217921727610783e-09
double_settle,down,0.0,0.5,7,0.0,0.0,0.0,-1.521762199828943e-09
double_settle,down,0.0,0.5,8,0.0,0.0,0.0,-1.5217647278285929e-09
double_settle,down,0.0,0.5,9,0.0,0.0,0.0,-1.5217921727610783e-09
double_settle,down,0.0,0.5,10,0.0,0.0,0.0,-1.5217921727610783e-09
double_settle,down,0.0,0.5,11,0.0,0.0,0.0,-1.5217921727610783e-09
double_settle,down,0.5,0.5,0,0.0,0.0,0.0,-9.377121301988472e-11
double_settle,down,0.5,0.5,1,0.0,0.0,0.0,-9.378090816758348e-11
double_settle,down,0.5,0.5,2,0.0,0.0,0.0,-9.380043293103618e-11
double_settle,down,0.5,0.5,3,0.0,0.0,0.0,-9.378090816758348e-11
double_settle,down,0.5,0.5,4,0.0,0.0,0.0,-9.379711156976023e-11
double_settle,down,0.5,0.5,5,0.0,0.0,0.0,-9.377305523240397e-11
double_settle,down,0.5,0.5,6,0.0,0.0,0.0,-9.378174186960416e-11
double_settle,down,0.5,0.5,7,0.0,0.0,0.0,-9.377149540282721e-11
double_settle,down,0.5,0.5,8,0.0,0.0,0.0,-9.37957534422749e-11
double_settle,down,0.5,0.5,9,0.0,0.0,0.0,-9.378483463516486e-11
double_settle,down,0.5,0.5,10,0.0,0.0,0.0,-9.379696365488562e-11
double_settle,down,0.5,0.5,11,0.0,0.0,0.0,-9.379225727251064e-11
double_settle,down,2.0,0.5,0,0.0,0.0,0.0,-2.3552082094230543e-12
double_settle,down,2.0,0.5,1,0.0,0.0,0.0,-2.331689744340952e-12
double_settle,down,2.0,0.5,2,0.0,0.0,0.0,-2.347193912570938e-12
double_settle,down,2.0,0.5,3,0.0,0.0,0.0,-2.333303361155854e-12
double_settle,down,2.0,0.5,4,0.0,0.0,0.0,-2.333303361155854e-12
double_settle,down,2.0,0.5,5,0.0,0.0,0.0,-2.3342042972108245e-12
double_settle,down,2.0,0.5,6,0.0,0.0,0.0,-2.34867306131794e-12
double_settle,down,2.0,0.5,7,0.0,0.0,0.0,-2.347193912570938e-12
double_settle,down,2.0,0.5,8,0.0,0.0,0.0,-2.333303361155854e-12
double_settle,down,2.0,0.5,9,0.0,0.0,0.0,-2.3498563803153804e-12
double_settle,down,2.0,0.5,10,0.0,0.0,0.0,-2.347852806103684e-12
double_settle,down,2.0,0.5,11,0.0,0.0,0.0,-2.349547103759176e-12
double_settle,fresh,0.0,0.8,0,0.0,0.0,0.0,5.20103435652953e-10
double_settle,fresh,0.0,0.8,1,0.0,0.0,0.0,2.9002679296214197e-09
double_settle,fresh,0.0,0.8,2,0.0,0.0,0.0,1.6198755686217797e-09
double_settle,fresh,0.0,0.8,3,0.0,0.0,0.0,-8.519964958858721e-09
double_settle,fresh,0.0,0.8,4,0.0,0.0,0.0,-1.828762494248501e-08
double_settle,fresh,0.0,0.8,5,0.0,0.0,0.0,-1.8165947672551692e-08
double_settle,fresh,0.0,0.8,6,0.0,0.0,0.0,2.548290146441343e-09
double_settle,fresh,0.0,0.8,7,0.0,0.0,0.0,-1.329640860776295e-11
double_settle,fresh,0.0,0.8,8,0.0,0.0,0.0,-5.6794988733390144e-09
double_settle,fresh,0.0,0.8,9,0.0,0.0,0.0,3.438021423332527e-10
double_settle,fresh,0.0,0.8,10,0.0,0.0,0.0,2.9850766521320655e-10
double_settle,fresh,0.0,0.8,11,0.0,0.0,0.0,-3.949735189629801e-09
double_settle,fresh,0.5,0.8,0,0.0,0.0,0.0,8.109097529990171e-10
double_settle,fresh,0.5,0.8,1,0.0,0.0,0.0,9.591505398263567e-10
double_settle,fresh,0.5,0.8,2,0.0,0.0,0.0,1.6209208482614224e-10
double_settle,fresh,0.5,0.8,3,0.0,0.0,0.0,-8.603646950849336e-10
double_settle,fresh,0.5,0.8,4,0.0,0.0,0.0,-9.089016192589345e-10
double_settle,fresh,0.5,0.8,5,0.0,0.0,0.0,-1.0916595456856695e-09
double_settle,fresh,0.5,0.8,6,0.0,0.0,0.0,1.4354611348097291e-09
double_settle,fresh,0.5,0.8,7,0.0,0.0,0.0,-1.1332579593990067e-11
double_settle,fresh,0.5,0.8,8,0.0,0.0,0.0,-3.913714793311907e-10
double_settle,fresh,0.5,0.8,9,0.0,0.0,0.0,2.736244633242103e-10
double_settle,fresh,0.5,0.8,10,0.0,0.0,0.0,8.556234101251916e-10
double_settle,fresh,0.5,0.8,11,0.0,0.0,0.0,-4.780961900231029e-10
double_settle,fresh,2.0,0.8,0,1.4560741501412623e-13,1.4560741501412623e-13,2.9121483002825246e-13,3.0405840496033515e-10
double_settle,fresh,2.0,0.8,1,3.4086067302041554e-13,3.4086067302041554e-13,6.817213460408311e-13,1.431339459419203e-10
double_settle,fresh,2.0,0.8,2,1.5939249919938448e-13,1.5939249919938448e-13,3.1878499839876896e-13,-5.202023550995905e-10
double_settle,fresh,2.0,0.8,3,2.028910373041981e-13,2.028910373041981e-13,4.057820746083962e-13,-6.84374089658873e-11
double_settle,fresh,2.0,0.8,4,1.6217638343363207e-13,1.6217638343363207e-13,3.2435276686726413e-13,4.4991903617960325e-11
double_settle,fresh,2.0,0.8,5,1.6837309324557736e-13,1.6837309324557736e-13,3.367461864911547e-13,-1.7580808929915857e-11
double_settle,fresh,2.0,0.8,6,2.3659574299728093e-13,2.3659574299728093e-13,4.731914859945619e-13,3.0899999144655037e-10
double_settle,fresh,2.0,0.8,7,-7.971956428320937e-15,-7.971956428320937e-15,-1.5943912856641875e-14,-1.276794496043866e-11
double_settle,fresh,2.0,0.8,8,2.2564616841691532e-13,2.2564616841691532e-13,4.5129233683383064e-13,-1.805562771410179e-11
double_settle,fresh,2.0,0.8,9,-1.3617440508539858e-14,-1.3617440508539858e-14,-2.7234881017079715e-14,7.233289284154076e-10
double_settle,fresh,2.0,0.8,10,-2.5424107263916085e-16,-2.5424107263916085e-16,-5.084821452783217e-16,2.732506266550282e-10
double_settle,fresh,2.0,0.8,11,4.2016612411543974e-13,4.2016612411543974e-13,8.403322482308795e-13,2.6637126995829737e-11
double_settle,up,0.0,0.8,0,0.0,0.0,0.0,-3.1342117277380685e-09
double_settle,up,0.0,0.8,1,0.0,0.0,0.0,-3.1342117277380685e-09
double_settle,up,0.0,0.8,2,0.0,0.0,0.0,-3.1342117277380685e-09
double_settle,up,0.0,0.8,3,0.0,0.0,0.0,-3.1342117277380685e-09
double_settle,up,0.0,0.8,4,0.0,0.0,0.0,-3.1342117277380685e-09
double_settle,up,0.0,0.8,5,0.0,0.0,0.0,-3.1342117277380685e-09
double_settle,up,0.0,0.8,6,0.0,0.0,0.0,-3.1342117277380685e-09
double_settle,up,0.0,0.8,7,0.0,0.0,0.0,-3.1342117277380685e-09
double_settle,up,0.0,0.8,8,0.0,0.0,0.0,-3.1342117277380685e-09
double_settle,up,0.0,0.8,9,0.0,0.0,0.0,-3.1342117277380685e-09
double_settle,up,0.0,0.8,10,0.0,0.0,0.0,-3.1342117277380685e-09
double_settle,up,0.0,0.8,11,0.0,0.0,0.0,-3.1342117277380685e-09
double_settle,up,0.5,0.8,0,0.0,0.0,0.0,-1.9327249843010926e-10
double_settle,up,0.5,0.8,1,0.0,0.0,0.0,-1.932721956634086e-10
double_settle,up,0.5,0.8,2,0.0,0.0,0.0,-1.9327249843010926e-10
double_settle,up,0.5,0.8,3,0.0,0.0,0.0,-1.9327249843010926e-10
double_settle,up,0.5,0.8,4,0.0,0.0,0.0,-1.9327249843010926e-10
double_settle,up,0.5,0.8,5,0.0,0.0,0.0,-1.9327249843010926e-10
double_settle,up,0.5,0.8,6,0.0,0.0,0.0,-1.9327249843010926e-10
double_settle,up,0.5,0.8,7,0.0,0.0,0.0,-1.9327249843010926e-10
double_settle,up,0.5,0.8,8,0.0,0.0,0.0,-1.9327249843010926e-10
double_settle,up,0.5,0.8,9,0.0,0.0,0.0,-1.9327249843010926e-10
double_settle,up,0.5,0.8,10,0.0,0.0,0.0,-1.9327249843010926e-10
double_settle,up,0.5,0.8,11,0.0,0.0,0.0,-1.9327249843010926e-10
double_settle,up,2.0,0.8,0,6.064593272014918e-14,6.064593272014918e-14,1.2129186544029835e-13,-4.90752729869179e-12
double_settle,up,2.0,0.8,1,6.051159573416953e-14,6.051381618021878e-14,1.210254119143883e-13,-4.907890618733655e-12
double_settle,up,2.0,0.8,2,6.064593272014918e-14,6.064593272014918e-14,1.2129186544029835e-13,-4.90752729869179e-12
double_settle,up,2.0,0.8,3,6.064593272014918e-14,6.064593272014918e-14,1.2129186544029835e-13,-4.90752729869179e-12
double_settle,up,2.0,0.8,4,6.064593272014918e-14,6.064593272014918e-14,1.2129186544029835e-13,-4.90752729869179e-12
double_settle,up,2.0,0.8,5,6.064593272014918e-14,6.064593272014918e-14,1.2129186544029835e-13,-4.90752729869179e-12
double_settle,up,2.0,0.8,6,6.064593272014918e-14,6.064593272014918e-14,1.2129186544029835e-13,-4.90752729869179e-12
double_settle,up,2.0,0.8,7,6.064593272014918e-14,6.064593272014918e-14,1.2129186544029835e-13,-4.90752729869179e-12
double_settle,up,2.0,0.8,8,6.064593272014918e-14,6.064593272014918e-14,1.2129186544029835e-13,-4.90752729869179e-12
double_settle,up,2.0,0.8,9,6.064593272014918e-14,6.064593272014918e-14,1.2129186544029835e-13,-4.90752729869179e-12
double_settle,up,2.0,0.8,10,6.064593272014918e-14,6.064593272014918e-14,1.2129186544029835e-13,-4.90752729869179e-12
double_settle,up,2.0,0.8,11,6.064593272014918e-14,6.064593272014918e-14,1.2129186544029835e-13,-4.90752729869179e-12
double_settle,down,0.0,0.8,0,0.0,0.0,0.0,-7.728427584531193e-11
double_settle,down,0.0,0.8,1,0.0,0.0,0.0,-7.729753624893995e-11
double_settle,down,0.0,0.8,2,0.0,0.0,0.0,-7.728427584531193e-11
double_settle,down,0.0,0.8,3,0.0,0.0,0.0,-7.729753624893995e-11
double_settle,down,0.0,0.8,4,0.0,0.0,0.0,-7.729753624893995e-11
double_settle,down,0.0,0.8,5,0.0,0.0,0.0,-7.729753624893995e-11
double_settle,down,0.0,0.8,6,0.0,0.0,0.0,-7.728427584531193e-11
double_settle,down,0.0,0.8,7,0.0,0.0,0.0,-7.729662513290908e-11
double_settle,down,0.0,0.8,8,0.0,0.0,0.0,-7.729753624893995e-11
double_settle,down,0.0,0.8,9,0.0,0.0,0.0,-7.728427584531193e-11
double_settle,down,0.0,0.8,10,0.0,0.0,0.0,-7.728427584531193e-11
double_settle,down,0.0,0.8,11,0.0,0.0,0.0,-7.728427584531193e-11
double_settle,down,0.5,0.8,0,0.0,0.0,0.0,-4.737424255267051e-12
double_settle,down,0.5,0.8,1,0.0,0.0,0.0,-4.739870654173277e-12
double_settle,down,0.5,0.8,2,0.0,0.0,0.0,-4.736766576108758e-12
double_settle,down,0.5,0.8,3,0.0,0.0,0.0,-4.739870654173277e-12
double_settle,down,0.5,0.8,4,0.0,0.0,0.0,-4.735021841271628e-12
double_settle,down,0.5,0.8,5,0.0,0.0,0.0,-4.736682795324245e-12
double_settle,down,0.5,0.8,6,0.0,0.0,0.0,-4.740289558095755e-12
double_settle,down,0.5,0.8,7,0.0,0.0,0.0,-4.7376860702186036e-12
double_settle,down,0.5,0.8,8,0.0,0.0,0.0,-4.740182737596638e-12
double_settle,down,0.5,0.8,9,0.0,0.0,0.0,-4.741604916412343e-12
double_settle,down,0.5,0.8,10,0.0,0.0,0.0,-4.734931776928296e-12
double_settle,down,0.5,0.8,11,0.0,0.0,0.0,-4.744327791908457e-12
double_settle,down,2.0,0.8,0,-3.041122909053229e-14,-3.0553337637684307e-14,-6.09645667282166e-14,-1.2296715192690116e-13
double_settle,down,2.0,0.8,1,-2.1316282072803006e-14,-2.1316282072803006e-14,-4.263256414560601e-14,-1.2044325579360494e-13
double_settle,down,2.0,0.8,2,-2.1600499167107046e-14,-2.1600499167107046e-14,-4.320099833421409e-14,-1.1959916438979353e-13
double_settle,down,2.0,0.8,3,-2.1316282072803006e-14,-2.1316282072803006e-14,-4.263256414560601e-14,-1.2111140754997247e-13
double_settle,down,2.0,0.8,4,-2.1316282072803006e-14,-2.1316282072803006e-14,-4.263256414560601e-14,-1.2111140754997247e-13
double_settle,down,2.0,0.8,5,-2.1316282072803006e-14,-2.1316282072803006e-14,-4.263256414560601e-14,-1.2103600484392438e-13
double_settle,down,2.0,0.8,6,-2.1600499167107046e-14,-2.1600499167107046e-14,-4.320099833421409e-14,-1.2258176031788922e-13
double_settle,down,2.0,0.8,7,-2.1600499167107046e-14,-2.1600499167107046e-14,-4.320099833421409e-14,-1.1959916438979353e-13
double_settle,down,2.0,0.8,8,-2.1316282072803006e-14,-2.1316282072803006e-14,-4.263256414560601e-14,-1.2111140754997247e-13
double_settle,down,2.0,0.8,9,-2.1600499167107046e-14,-2.1600499167107046e-14,-4.320099833421409e-14,-1.1911533035932023e-13
double_settle,down,2.0,0.8,10,-2.1600499167107046e-14,-2.1600499167107046e-14,-4.320099833421409e-14,-1.199782724396446e-13
double_settle,down,2.0,0.8,11,-2.1600499167107046e-14,-2.1600499167107046e-14,-4.320099833421409e-14,-1.2039298732290665e-13
double_settle,fresh,0.0,0.9,0,0.0,0.0,0.0,9.93319237765188e-10
double_settle,fresh,0.0,0.9,1,0.0,0.0,0.0,3.953698527016686e-09
double_settle,fresh,0.0,0.9,2,0.0,0.0,0.0,1.5153373151041904e-09
double_settle,fresh,0.0,0.9,3,0.0,0.0,0.0,-8.010807985950378e-09
double_settle,fresh,0.0,0.9,4,0.0,0.0,0.0,-1.6662131715123377e-08
double_settle,fresh,0.0,0.9,5,0.0,0.0,0.0,-1.6165744304128227e-08
double_settle,fresh,0.0,0.9,6,0.0,0.0,0.0,2.787324579409831e-09
double_settle,fresh,0.0,0.9,7,0.0,0.0,0.0,-1.405775410336549e-10
double_settle,fresh,0.0,0.9,8,0.0,0.0,0.0,-5.26229911888159e-09
double_settle,fresh,0.0,0.9,9,0.0,0.0,0.0,1.2036170427575142e-09
double_settle,fresh,0.0,0.9,10,0.0,0.0,0.0,9.37558438275422e-10
double_settle,fresh,0.0,0.9,11,0.0,0.0,0.0,-3.3572607995531553e-09
double_settle,fresh,0.5,0.9,0,0.0,0.0,0.0,9.738889272760889e-10
double_settle,fresh,0.5,0.9,1,0.0,0.0,0.0,1.1396974128076435e-09
double_settle,fresh,0.5,0.9,2,0.0,0.0,0.0,1.1970863553485665e-10
double_settle,fresh,0.5,0.9,3,0.0,0.0,0.0,-8.30925417399951e-10
double_settle,fresh,0.5,0.9,4,0.0,0.0,0.0,-8.582781661906296e-10
double_settle,fresh,0.5,0.9,5,0.0,0.0,0.0,-9.74865505810309e-10
double_settle,fresh,0.5,0.9,6,0.0,0.0,0.0,1.5000547609723414e-09
double_settle,fresh,0.5,0.9,7,0.0,0.0,0.0,-2.6676393185840268e-11
double_settle,fresh,0.5,0.9,8,0.0,0.0,0.0,-3.4656968696619334e-10
double_settle,fresh,0.5,0.9,9,0.0,0.0,0.0,3.48535498770264e-10
double_settle,fresh,0.5,0.9,10,0.0,0.0,0.0,7.689263955026898e-10
double_settle,fresh,0.5,0.9,11,0.0,0.0,0.0,-3.9983290203206363e-10
double_settle,fresh,2.0,0.9,0,8.5925531134734e-11,8.5925531134734e-11,1.71851062269468e-10,2.8786294042219825e-10
double_settle,fresh,2.0,0.9,1,1.512915392964942e-10,1.512915392964942e-10,3.025830785929884e-10,1.5849184679150626e-10
double_settle,fresh,2.0,0.9,2,9.166687631179115e-11,9.166687631179115e-11,1.833337526235823e-10,-5.03397867699563e-10
double_settle,fresh,2.0,0.9,3,1.0823073548493767e-10,1.0823073548493767e-10,2.1646147096987535e-10,-6.918486952606491e-11
double_settle,fresh,2.0,0.9,4,9.287389080014919e-11,9.287389080014919e-11,1.8574778160029837e-10,4.1377370517304374e-11
double_settle,fresh,2.0,0.9,5,9.527001187947803e-11,9.527001187947803e-11,1.9054002375895606e-10,-1.5630300624183625e-11
double_settle,fresh,2.0,0.9,6,1.1990862525124156e-10,1.1990862525124156e-10,2.398172505024831e-10,3.2509852091017843e-10
double_settle,fresh,2.0,0.9,7,1.753573064533498e-11,1.753573064533498e-11,3.507146129066996e-11,-1.3090515508315012e-11
double_settle,fresh,2.0,0.9,8,1.163984009178165e-10,1.163984009178165e-10,2.32796801835633e-10,-1.5766935373079248e-11
double_settle,fresh,2.0,0.9,9,8.202186707606529e-12,8.202186707606529e-12,1.6404373415213057e-11,6.493560743179104e-10
double_settle,fresh,2.0,0.9,10,1.9900590064736433e-11,1.9900590064736433e-11,3.9801180129472866e-11,2.804643227630806e-10
double_settle,fresh,2.0,0.9,11,1.6712139228047817e-10,1.6712139228047817e-10,3.3424278456095634e-10,2.6543308571331422e-11
double_settle,up,0.0,0.9,0,0.0,0.0,0.0,-1.5672260531437346e-10
double_settle,up,0.0,0.9,1,0.0,0.0,0.0,-1.5672260531437346e-10
double_settle,up,0.0,0.9,2,0.0,0.0,0.0,-1.5672260531437346e-10
double_settle,up,0.0,0.9,3,0.0,0.0,0.0,-1.5672260531437346e-10
double_settle,up,0.0,0.9,4,0.0,0.0,0.0,-1.5672260531437346e-10
double_settle,up,0.0,0.9,5,0.0,0.0,0.0,-1.5672260531437346e-10
double_settle,up,0.0,0.9,6,0.0,0.0,0.0,-1.5672260531437346e-10
double_settle,up,0.0,0.9,7,0.0,0.0,0.0,-1.5672260531437346e-10
double_settle,up,0.0,0.9,8,0.0,0.0,0.0,-1.5672260531437346e-10
double_settle,up,0.0,0.9,9,0.0,0.0,0.0,-1.5672260531437346e-10
double_settle,up,0.0,0.9,10,0.0,0.0,0.0,-1.5672260531437346e-10
double_settle,up,0.0,0.9,11,0.0,0.0,0.0,-1.5672260531437346e-10
double_settle,up,0.5,0.9,0,0.0,0.0,0.0,-9.705149409184412e-12
double_settle,up,0.5,0.9,1,0.0,0.0,0.0,-9.705319509501309e-12
double_settle,up,0.5,0.9,2,0.0,0.0,0.0,-9.705149409184412e-12
double_settle,up,0.5,0.9,3,0.0,0.0,0.0,-9.705149409184412e-12
double_settle,up,0.5,0.9,4,0.0,0.0,0.0,-9.705149409184412e-12
double_settle,up,0.5,0.9,5,0.0,0.0,0.0,-9.705149409184412e-12
double_settle,up,0.5,0.9,6,0.0,0.0,0.0,-9.705149409184412e-12
double_settle,up,0.5,0.9,7,0.0,0.0,0.0,-9.705149409184412e-12
double_settle,up,0.5,0.9,8,0.0,0.0,0.0,-9.705149409184412e-12
double_settle,up,0.5,0.9,9,0.0,0.0,0.0,-9.705149409184412e-12
double_settle,up,0.5,0.9,10,0.0,0.0,0.0,-9.705149409184412e-12
double_settle,up,0.5,0.9,11,0.0,0.0,0.0,-9.705149409184412e-12
double_settle,up,2.0,0.9,0,2.155586931174014e-11,2.155586931174014e-11,4.311173862348028e-11,-2.470348457902877e-13
double_settle,up,2.0,0.9,1,2.1555748297430456e-11,2.1555748297430456e-11,4.311149659486091e-11,-2.4686884427619156e-13
double_settle,up,2.0,0.9,2,2.155586931174014e-11,2.155586931174014e-11,4.311173862348028e-11,-2.470348457902877e-13
double_settle,up,2.0,0.9,3,2.155586931174014e-11,2.155586931174014e-11,4.311173862348028e-11,-2.470348457902877e-13
double_settle,up,2.0,0.9,4,2.155586931174014e-11,2.155586931174014e-11,4.311173862348028e-11,-2.470348457902877e-13
double_settle,up,2.0,0.9,5,2.155586931174014e-11,2.155586931174014e-11,4.311173862348028e-11,-2.470348457902877e-13
double_settle,up,2.0,0.9,6,2.155586931174014e-11,2.155586931174014e-11,4.311173862348028e-11,-2.470348457902877e-13
double_settle,up,2.0,0.9,7,2.155586931174014e-11,2.155586931174014e-11,4.311173862348028e-11,-2.470348457902877e-13
double_settle,up,2.0,0.9,8,2.155586931174014e-11,2.155586931174014e-11,4.311173862348028e-11,-2.470348457902877e-13
double_settle,up,2.0,0.9,9,2.155586931174014e-11,2.155586931174014e-11,4.311173862348028e-11,-2.470348457902877e-13
double_settle,up,2.0,0.9,10,2.155586931174014e-11,2.155586931174014e-11,4.311173862348028e-11,-2.470348457902877e-13
double_settle,up,2.0,0.9,11,2.155586931174014e-11,2.155586931174014e-11,4.311173862348028e-11,-2.470348457902877e-13
double_settle,down,0.0,0.9,0,0.0,0.0,0.0,-7.910210795667737e-12
double_settle,down,0.0,0.9,1,0.0,0.0,0.0,-7.91605081634663e-12
double_settle,down,0.0,0.9,2,0.0,0.0,0.0,-7.910210795667737e-12
double_settle,down,0.0,0.9,3,0.0,0.0,0.0,-7.91605081634663e-12
double_settle,down,0.0,0.9,4,0.0,0.0,0.0,-7.91605081634663e-12
double_settle,down,0.0,0.9,5,0.0,0.0,0.0,-7.91605081634663e-12
double_settle,down,0.0,0.9,6,0.0,0.0,0.0,-7.910210795667737e-12
double_settle,down,0.0,0.9,7,0.0,0.0,0.0,-7.914576157444358e-12
double_settle,down,0.0,0.9,8,0.0,0.0,0.0,-7.91605081634663e-12
double_settle,down,0.0,0.9,9,0.0,0.0,0.0,-7.910210795667737e-12
double_settle,down,0.0,0.9,10,0.0,0.0,0.0,-7.910210795667737e-12
double_settle,down,0.0,0.9,11,0.0,0.0,0.0,-7.910210795667737e-12
double_settle,down,0.5,0.9,0,0.0,0.0,0.0,-5.020798615074726e-13
double_settle,down,0.5,0.9,1,0.0,0.0,0.0,-5.03372872146875e-13
double_settle,down,0.5,0.9,2,0.0,0.0,0.0,-5.017467429675562e-13
double_settle,down,0.5,0.9,3,0.0,0.0,0.0,-5.03372872146875e-13
double_settle,down,0.5,0.9,4,0.0,0.0,0.0,-5.007427445806997e-13
double_settle,down,0.5,0.9,5,0.0,0.0,0.0,-5.026793588101449e-13
double_settle,down,0.5,0.9,6,0.0,0.0,0.0,-5.037425524777583e-13
double_settle,down,0.5,0.9,7,0.0,0.0,0.0,-5.022116000241297e-13
double_settle,down,0.5,0.9,8,0.0,0.0,0.0,-5.01734555703902e-13
double_settle,down,0.5,0.9,9,0.0,0.0,0.0,-5.036346081425231e-13
double_settle,down,0.5,0.9,10,0.0,0.0,0.0,-5.006841296459757e-13
double_settle,down,0.5,0.9,11,0.0,0.0,0.0,-5.008657779091697e-13
double_settle,down,2.0,0.9,0,-2.0746995232912014e-11,-2.0746995232912014e-11,-4.149399046582403e-11,-8.611172291468532e-15
double_settle,down,2.0,0.9,1,-2.073136329272529e-11,-2.073136329272529e-11,-4.146272658545058e-11,8.955897749121143e-15
double_settle,down,2.0,0.9,2,-2.073136329272529e-11,-2.073136329272529e-11,-4.146272658545058e-11,4.090858167026623e-15
double_settle,down,2.0,0.9,3,-2.073136329272529e-11,-2.073136329272529e-11,-4.146272658545058e-11,6.329832604306898e-15
double_settle,down,2.0,0.9,4,-2.073136329272529e-11,-2.073136329272529e-11,-4.146272658545058e-11,6.329832604306898e-15
double_settle,down,2.0,0.9,5,-2.073136329272529e-11,-2.073136329272529e-11,-4.146272658545058e-11,8.369748401880825e-15
double_settle,down,2.0,0.9,6,-2.0731079075630986e-11,-2.0731079075630986e-11,-4.146215815126197e-11,7.619361168235548e-15
double_settle,down,2.0,0.9,7,-2.073136329272529e-11,-2.073136329272529e-11,-4.146272658545058e-11,4.090858167026623e-15
double_settle,down,2.0,0.9,8,-2.073136329272529e-11,-2.073136329272529e-11,-4.146272658545058e-11,6.329832604306898e-15
double_settle,down,2.0,0.9,9,-2.073136329272529e-11,-2.073136329272529e-11,-4.146272658545058e-11,6.59214894584416e-15
double_settle,down,2.0,0.9,10,-2.073136329272529e-11,-2.073136329272529e-11,-4.146272658545058e-11,3.917915092296314e-15
double_settle,down,2.0,0.9,11,-2.073136329272529e-11,-2.073136329272529e-11,-4.146272658545058e-11,6.665272527777099e-15
double_settle,fresh,0.0,0.95,0,0.0,0.0,0.0,1.3004401985295657e-09
double_settle,fresh,0.0,0.95,1,0.0,0.0,0.0,4.500466829853752e-09
double_settle,fresh,0.0,0.95,2,0.0,0.0,0.0,1.4209520051848175e-09
double_settle,fresh,0.0,0.95,3,0.0,0.0,0.0,-7.693103031246707e-09
double_settle,fresh,0.0,0.95,4,0.0,0.0,0.0,-1.5616319500811474e-08
double_settle,fresh,0.0,0.95,5,0.0,0.0,0.0,-1.4980492709393975e-08
double_settle,fresh,0.0,0.95,6,0.0,0.0,0.0,2.8941951234566595e-09
double_settle,fresh,0.0,0.95,7,0.0,0.0,0.0,-2.3149379024167327e-10
double_settle,fresh,0.0,0.95,8,0.0,0.0,0.0,-5.008932700323928e-09
double_settle,fresh,0.0,0.95,9,0.0,0.0,0.0,1.6540099538518066e-09
double_settle,fresh,0.0,0.95,10,0.0,0.0,0.0,1.3082616389182856e-09
double_settle,fresh,0.0,0.95,11,0.0,0.0,0.0,-3.0186328957192126e-09
double_settle,fresh,0.5,0.95,0,0.0,0.0,0.0,1.0381252900949774e-09
double_settle,fresh,0.5,0.95,1,3.219646771412954e-17,3.219646771412954e-17,6.439293542825907e-17,1.2312788355686447e-09
double_settle,fresh,0.5,0.95,2,0.0,0.0,0.0,1.011534316011399e-10
double_settle,fresh,0.5,0.95,3,3.3306690738754695e-18,3.3306690738754695e-18,6.661338147750939e-18,-8.112231388669224e-10
double_settle,fresh,0.5,0.95,4,0.0,0.0,0.0,-8.174190323477696e-10
double_settle,fresh,0.5,0.95,5,0.0,0.0,0.0,-9.047451474436049e-10
double_settle,fresh,0.5,0.95,6,1.8873791418627663e-17,1.8873791418627663e-17,3.7747582837255325e-17,1.5262044240501046e-09
double_settle,fresh,0.5,0.95,7,0.0,0.0,0.0,-3.215333927984488e-11
double_settle,fresh,0.5,0.95,8,1.1102230246251566e-17,1.1102230246251566e-17,2.2204460492503132e-17,-3.206221345981072e-10
double_settle,fresh,0.5,0.95,9,0.0,0.0,0.0,3.9046217833082666e-10
double_settle,fresh,0.5,0.95,10,0.0,0.0,0.0,7.623548788772458e-10
double_settle,fresh,0.5,0.95,11,0.0,0.0,0.0,-3.5340132374459853e-10
double_settle,fresh,2.0,0.95,0,9.481693896695731e-09,9.481693896695731e-09,1.8963387793391463e-08,2.8087052584106794e-10
double_settle,fresh,2.0,0.95,1,1.4001730200829954e-08,1.4001730200829954e-08,2.8003460401659907e-08,1.6692570237887214e-10
double_settle,fresh,2.0,0.95,2,9.928216668786405e-09,9.928216668786405e-09,1.985643333757281e-08,-4.93869252922842e-10
double_settle,fresh,2.0,0.95,3,1.1149148924083362e-08,1.1149148924083362e-08,2.2298297848166725e-08,-6.92724606341893e-11
double_settle,fresh,2.0,0.95,4,1.0023208354414947e-08,1.0023208354414947e-08,2.0046416708829893e-08,3.885211459313184e-11
double_settle,fresh,2.0,0.95,5,1.0202006471837777e-08,1.0202006471837777e-08,2.0404012943675554e-08,-1.4481410356755986e-11
double_settle,fresh,2.0,0.95,6,1.1962906918405736e-08,1.1962906918405736e-08,2.3925813836811472e-08,3.3196178693303186e-10
double_settle,fresh,2.0,0.95,7,3.755703646968201e-09,3.755703646968201e-09,7.511407293936402e-09,-1.1320908171621149e-11
double_settle,fresh,2.0,0.95,8,1.172845803476541e-08,1.172845803476541e-08,2.345691606953082e-08,-1.4444055412158817e-11
double_settle,fresh,2.0,0.95,9,2.4608359650013513e-09,2.4608359650013513e-09,4.9216719300027025e-09,6.073597767754107e-10
double_settle,fresh,2.0,0.95,10,3.893023075018931e-09,3.893023075018931e-09,7.786046150037862e-09,2.825242688490168e-10
double_settle,fresh,2.0,0.95,11,1.486594429334076e-08,1.486594429334076e-08,2.973188858668152e-08,2.7997839484896513e-11
double_settle,up,0.0,0.95,0,0.0,0.0,0.0,-1.6751386174082085e-11
double_settle,up,0.0,0.95,1,0.0,0.0,0.0,-1.6751386174082085e-11
double_settle,up,0.0,0.95,2,0.0,0.0,0.0,-1.6751386174082085e-11
double_settle,up,0.0,0.95,3,0.0,0.0,0.0,-1.6751386174082085e-11
double_settle,up,0.0,0.95,4,0.0,0.0,0.0,-1.6751386174082085e-11
double_settle,up,0.0,0.95,5,0.0,0.0,0.0,-1.6751386174082085e-11
double_settle,up,0.0,0.95,6,0.0,0.0,0.0,-1.6751386174082085e-11
double_settle,up,0.0,0.95,7,0.0,0.0,0.0,-1.6751386174082085e-11
double_settle,up,0.0,0.95,8,0.0,0.0,0.0,-1.6751386174082085e-11
double_settle,up,0.0,0.95,9,0.0,0.0,0.0,-1.6751386174082085e-11
double_settle,up,0.0,0.95,10,0.0,0.0,0.0,-1.6751386174082085e-11
double_settle,up,0.0,0.95,11,0.0,0.0,0.0,-1.6751386174082085e-11
double_settle,up,0.5,0.95,0,0.0,0.0,0.0,-1.0399698706417194e-12
double_settle,up,0.5,0.95,1,0.0,0.0,0.0,-1.040052165633685e-12
double_settle,up,0.5,0.95,2,0.0,0.0,0.0,-1.0399698706417194e-12
double_settle,up,0.5,0.95,3,0.0,0.0,0.0,-1.0399698706417194e-12
double_settle,up,0.5,0.95,4,0.0,0.0,0.0,-1.0399698706417194e-12
double_settle,up,0.5,0.95,5,0.0,0.0,0.0,-1.0399698706417194e-12
double_settle,up,0.5,0.95,6,0.0,0.0,0.0,-1.0399698706417194e-12
double_settle,up,0.5,0.95,7,0.0,0.0,0.0,-1.0399698706417194e-12
double_settle,up,0.5,0.95,8,0.0,0.0,0.0,-1.0399698706417194e-12
double_settle,up,0.5,0.95,9,0.0,0.0,0.0,-1.0399698706417194e-12
double_settle,up,0.5,0.95,10,0.0,0.0,0.0,-1.0399698706417194e-12
double_settle,up,0.5,0.95,11,0.0,0.0,0.0,-1.0399698706417194e-12
double_settle,up,2.0,0.95,0,2.0905646780366993e-09,2.0905646780366993e-09,4.1811293560733985e-09,-2.653351678847795e-14
double_settle,up,2.0,0.95,1,2.0905646769264765e-09,2.0905646769264765e-09,4.181129353852953e-09,-2.6423022813215166e-14
double_settle,up,2.0,0.95,2,2.0905646780366993e-09,2.0905646780366993e-09,4.1811293560733985e-09,-2.653351678847795e-14
double_settle,up,2.0,0.95,3,2.0905646780366993e-09,2.0905646780366993e-09,4.1811293560733985e-09,-2.653351678847795e-14
double_settle,up,2.0,0.95,4,2.0905646780366993e-09,2.0905646780366993e-09,4.1811293560733985e-09,-2.653351678847795e-14
double_settle,up,2.0,0.95,5,2.0905646780366993e-09,2.0905646780366993e-09,4.1811293560733985e-09,-2.653351678847795e-14
double_settle,up,2.0,0.95,6,2.0905646780366993e-09,2.0905646780366993e-09,4.1811293560733985e-09,-2.653351678847795e-14
double_settle,up,2.0,0.95,7,2.0905646780366993e-09,2.0905646780366993e-09,4.1811293560733985e-09,-2.653351678847795e-14
double_settle,up,2.0,0.95,8,2.0905646780366993e-09,2.0905646780366993e-09,4.1811293560733985e-09,-2.653351678847795e-14
double_settle,up,2.0,0.95,9,2.0905646780366993e-09,2.0905646780366993e-09,4.1811293560733985e-09,-2.653351678847795e-14
double_settle,up,2.0,0.95,10,2.0905646780366993e-09,2.0905646780366993e-09,4.1811293560733985e-09,-2.653351678847795e-14
double_settle,up,2.0,0.95,11,2.0905646780366993e-09,2.0905646780366993e-09,4.1811293560733985e-09,-2.653351678847795e-14
double_settle,down,0.0,0.95,0,0.0,0.0,0.0,-7.838086442164598e-13
double_settle,down,0.0,0.95,1,0.0,0.0,0.0,-7.798058530897695e-13
double_settle,down,0.0,0.95,2,0.0,0.0,0.0,-7.838086442164598e-13
double_settle,down,0.0,0.95,3,0.0,0.0,0.0,-7.798058530897695e-13
double_settle,down,0.0,0.95,4,0.0,0.0,0.0,-7.798058530897695e-13
double_settle,down,0.0,0.95,5,0.0,0.0,0.0,-7.798058530897695e-13
double_settle,down,0.0,0.95,6,0.0,0.0,0.0,-7.838086442164598e-13
double_settle,down,0.0,0.95,7,0.0,0.0,0.0,-7.789689411280037e-13
double_settle,down,0.0,0.95,8,0.0,0.0,0.0,-7.798058530897695e-13
double_settle,down,0.0,0.95,9,0.0,0.0,0.0,-7.838086442164598e-13
double_settle,down,0.0,0.95,10,0.0,0.0,0.0,-7.838086442164598e-13
double_settle,down,0.0,0.95,11,0.0,0.0,0.0,-7.838086442164598e-13
double_settle,down,0.5,0.95,0,0.0,0.0,0.0,-5.017472262663124e-14
double_settle,down,0.5,0.95,1,0.0,0.0,0.0,-5.1299061913342725e-14
double_settle,down,0.5,0.95,2,0.0,0.0,0.0,-5.2420714963403174e-14
double_settle,down,0.5,0.95,3,0.0,0.0,0.0,-5.1299061913342725e-14
double_settle,down,0.5,0.95,4,0.0,0.0,0.0,-5.18903324541084e-14
double_settle,down,0.5,0.95,5,0.0,0.0,0.0,-5.047229795683209e-14
double_settle,down,0.5,0.95,6,0.0,0.0,0.0,-5.1384723016419565e-14
double_settle,down,0.5,0.95,7,0.0,0.0,0.0,-5.014039849125198e-14
double_settle,down,0.5,0.95,8,0.0,0.0,0.0,-5.156111922521015e-14
double_settle,down,0.5,0.95,9,0.0,0.0,0.0,-5.181810253442508e-14
double_settle,down,0.5,0.95,10,0.0,0.0,0.0,-5.1808252999940666e-14
double_settle,down,0.5,0.95,11,0.0,0.0,0.0,-5.358684015407015e-14
double_settle,down,2.0,0.95,0,-2.6887980197898286e-09,-2.6887980197898286e-09,-5.377596039579657e-09,-3.090365997261122e-15
double_settle,down,2.0,0.95,1,-2.68877499820519e-09,-2.68877499820519e-09,-5.37754999641038e-09,-3.861614378308799e-15
double_settle,down,2.0,0.95,2,-2.68877499820519e-09,-2.68877499820519e-09,-5.37754999641038e-09,-3.0727562238895593e-15
double_settle,down,2.0,0.95,3,-2.68877499820519e-09,-2.68877499820519e-09,-5.37754999641038e-09,-3.816843767955861e-15
double_settle,down,2.0,0.95,4,-2.68877499820519e-09,-2.68877499820519e-09,-5.37754999641038e-09,-3.816843767955861e-15
double_settle,down,2.0,0.95,5,-2.68877499820519e-09,-2.68877499820519e-09,-5.37754999641038e-09,-4.2382844467448506e-15
double_settle,down,2.0,0.95,6,-2.688774713988096e-09,-2.688774713988096e-09,-5.377549427976192e-09,-2.6572849598147482e-15
double_settle,down,2.0,0.95,7,-2.68877499820519e-09,-2.68877499820519e-09,-5.37754999641038e-09,-3.0727562238895593e-15
double_settle,down,2.0,0.95,8,-2.68877499820519e-09,-2.68877499820519e-09,-5.37754999641038e-09,-3.816843767955861e-15
double_settle,down,2.0,0.95,9,-2.68877499820519e-09,-2.68877499820519e-09,-5.37754999641038e-09,-3.3634667204479263e-15
double_settle,down,2.0,0.95,10,-2.68877499820519e-09,-2.68877499820519e-09,-5.37754999641038e-09,-3.124690131898959e-15
double_settle,down,2.0,0.95,11,-2.68877499820519e-09,-2.68877499820519e-09,-5.37754999641038e-09,-3.558368110851564e-15
double_settle,fresh,0.0,0.98,0,0.0,0.0,0.0,1.5010997580622923e-09
double_settle,fresh,0.0,0.98,1,0.0,0.0,0.0,4.832622391271204e-09
double_settle,fresh,0.0,0.98,2,0.0,0.0,0.0,1.3512451554175642e-09
double_settle,fresh,0.0,0.98,3,0.0,0.0,0.0,-7.1801345977764255e-09
double_settle,fresh,0.0,0.98,4,0.0,0.0,0.0,-1.4781342673988204e-08
double_settle,fresh,0.0,0.98,5,0.0,0.0,0.0,-1.4089563744236061e-08
double_settle,fresh,0.0,0.98,6,0.0,0.0,0.0,2.95299066389081e-09
double_settle,fresh,0.0,0.98,7,0.0,0.0,0.0,-2.660975169740889e-10
double_settle,fresh,0.0,0.98,8,0.0,0.0,0.0,-4.8422148162132994e-09
double_settle,fresh,0.0,0.98,9,0.0,0.0,0.0,1.929541683383827e-09
double_settle,fresh,0.0,0.98,10,0.0,0.0,0.0,1.5441303464898868e-09
double_settle,fresh,0.0,0.98,11,0.0,0.0,0.0,-2.8030965131926404e-09
double_settle,fresh,0.5,0.98,0,3.2824831741606885e-12,3.2824831741606885e-12,6.564966348321377e-12,1.0685503069513451e-09
double_settle,fresh,0.5,0.98,1,4.977730450050899e-12,4.977730450050899e-12,9.955460900101799e-12,1.286151926780553e-09
double_settle,fresh,0.5,0.98,2,4.06275790787447e-12,4.06275790787447e-12,8.12551581574894e-12,9.051970370938111e-11
double_settle,fresh,0.5,0.98,3,4.3883885414430775e-12,4.3883885414430775e-12,8.776777082886155e-12,-7.655453149599294e-10
double_settle,fresh,0.5,0.98,4,4.1039804887788026e-12,4.1039804887788026e-12,8.207960977557605e-12,-7.8082777124225e-10
double_settle,fresh,0.5,0.98,5,4.149115495621914e-12,4.149115495621914e-12,8.298230991243828e-12,-8.516394370688138e-10
double_settle,fresh,0.5,0.98,6,4.696125710523802e-12,4.696125710523802e-12,9.392251421047604e-12,1.5395847585101514e-09
double_settle,fresh,0.5,0.98,7,2.311830726853259e-12,2.311830726853259e-12,4.623661453706518e-12,-3.323656972763378e-11
double_settle,fresh,0.5,0.98,8,4.5392511971442675e-12,4.5392511971442675e-12,9.078502394288535e-12,-3.039285291427946e-10
double_settle,fresh,0.5,0.98,9,5.382765344563722e-12,5.382765344563722e-12,1.0765530689127445e-11,4.165408230168434e-10
double_settle,fresh,0.5,0.98,10,6.2160099290053946e-12,6.2160099290053946e-12,1.2432019858010789e-11,7.666859738459916e-10
double_settle,fresh,0.5,0.98,11,5.165072813895221e-12,5.165072813895221e-12,1.0330145627790443e-11,-3.2345432249219217e-10
double_settle,fresh,2.0,0.98,0,6.069951767095905e-07,6.069951767095905e-07,1.213990353419181e-06,2.7691069469869685e-10
double_settle,fresh,2.0,0.98,1,7.740435604131068e-07,7.740435604131068e-07,1.5480871208262136e-06,1.7210831312039442e-10
double_settle,fresh,2.0,0.98,2,6.249953556236587e-07,6.249953556236587e-07,1.2499907112473175e-06,-4.876661380604664e-10
double_settle,fresh,2.0,0.98,3,6.722191809704902e-07,6.722191809704902e-07,1.3444383619409805e-06,-6.642967243681153e-11
double_settle,fresh,2.0,0.98,4,6.288350316507873e-07,6.288350316507873e-07,1.2576700633015746e-06,3.680238365040115e-11
double_settle,fresh,2.0,0.98,5,6.358322739208333e-07,6.358322739208333e-07,1.2716645478416666e-06,-1.3619387140237807e-11
double_settle,fresh,2.0,0.98,6,7.023455010424229e-07,7.023455010424229e-07,1.4046910020848459e-06,3.356150458827857e-10
double_settle,fresh,2.0,0.98,7,3.5498627504737536e-07,3.5498627504737536e-07,7.099725500947507e-07,-9.99060529030174e-12
double_settle,fresh,2.0,0.98,8,6.93910194993208e-07,6.93910194993208e-07,1.387820389986416e-06,-1.3592418472958964e-11
double_settle,fresh,2.0,0.98,9,2.7418732271522474e-07,2.7418732271522474e-07,5.483746454304495e-07,5.807349778385576e-10
double_settle,fresh,2.0,0.98,10,3.590557033639197e-07,3.590557033639197e-07,7.181114067278394e-07,2.830997576144179e-10
double_settle,fresh,2.0,0.98,11,8.013550423235927e-07,8.013550423235927e-07,1.6027100846471853e-06,2.924553957062985e-11
double_settle,up,0.0,0.98,0,0.0,0.0,0.0,-2.2428468990061608e-12
double_settle,up,0.0,0.98,1,0.0,0.0,0.0,-2.2428468990061608e-12
double_settle,up,0.0,0.98,2,0.0,0.0,0.0,-2.2428468990061608e-12
double_settle,up,0.0,0.98,3,0.0,0.0,0.0,-2.2428468990061608e-12
double_settle,up,0.0,0.98,4,0.0,0.0,0.0,-2.2428468990061608e-12
double_settle,up,0.0,0.98,5,0.0,0.0,0.0,-2.2428468990061608e-12
double_settle,up,0.0,0.98,6,0.0,0.0,0.0,-2.2428468990061608e-12
double_settle,up,0.0,0.98,7,0.0,0.0,0.0,-2.2428468990061608e-12
double_settle,up,0.0,0.98,8,0.0,0.0,0.0,-2.2428468990061608e-12
double_settle,up,0.0,0.98,9,0.0,0.0,0.0,-2.2428468990061608e-12
double_settle,up,0.0,0.98,10,0.0,0.0,0.0,-2.2428468990061608e-12
double_settle,up,0.0,0.98,11,0.0,0.0,0.0,-2.2428468990061608e-12
double_settle,up,0.5,0.98,0,1.0371570269285256e-12,1.0371570269285256e-12,2.0743140538570513e-12,-1.3946968299001643e-13
double_settle,up,0.5,0.98,1,1.0371570269285256e-12,1.037159247374575e-12,2.0743162743031006e-12,-1.3943580920043002e-13
double_settle,up,0.5,0.98,2,1.0371570269285256e-12,1.0371570269285256e-12,2.0743140538570513e-12,-1.3946968299001643e-13
double_settle,up,0.5,0.98,3,1.0371570269285256e-12,1.0371570269285256e-12,2.0743140538570513e-12,-1.3946968299001643e-13
double_settle,up,0.5,0.98,4,1.0371570269285256e-12,1.0371570269285256e-12,2.0743140538570513e-12,-1.3946968299001643e-13
double_settle,up,0.5,0.98,5,1.0371570269285256e-12,1.0371570269285256e-12,2.0743140538570513e-12,-1.3946968299001643e-13
double_settle,up,0.5,0.98,6,1.0371570269285256e-12,1.0371570269285256e-12,2.0743140538570513e-12,-1.3946968299001643e-13
double_settle,up,0.5,0.98,7,1.0371570269285256e-12,1.0371570269285256e-12,2.0743140538570513e-12,-1.3946968299001643e-13
double_settle,up,0.5,0.98,8,1.0371570269285256e-12,1.0371570269285256e-12,2.0743140538570513e-12,-1.3946968299001643e-13
double_settle,up,0.5,0.98,9,1.0371570269285256e-12,1.0371570269285256e-12,2.0743140538570513e-12,-1.3946968299001643e-13
double_settle,up,0.5,0.98,10,1.0371570269285256e-12,1.0371570269285256e-12,2.0743140538570513e-12,-1.3946968299001643e-13
double_settle,up,0.5,0.98,11,1.0371570269285256e-12,1.0371570269285256e-12,2.0743140538570513e-12,-1.3946968299001643e-13
double_settle,up,2.0,0.98,0,1.589226107923114e-07,1.589226107923114e-07,3.178452215846228e-07,-3.5427825024418857e-15
double_settle,up,2.0,0.98,1,1.5892261079120118e-07,1.589226107923114e-07,3.178452215835126e-07,-3.5653650295060105e-15
double_settle,up,2.0,0.98,2,1.589226107923114e-07,1.589226107923114e-07,3.178452215846228e-07,-3.5427825024418857e-15
double_settle,up,2.0,0.98,3,1.589226107923114e-07,1.589226107923114e-07,3.178452215846228e-07,-3.5427825024418857e-15
double_settle,up,2.0,0.98,4,1.589226107923114e-07,1.589226107923114e-07,3.178452215846228e-07,-3.5427825024418857e-15
double_settle,up,2.0,0.98,5,1.589226107923114e-07,1.589226107923114e-07,3.178452215846228e-07,-3.5427825024418857e-15
double_settle,up,2.0,0.98,6,1.589226107923114e-07,1.589226107923114e-07,3.178452215846228e-07,-3.5427825024418857e-15
double_settle,up,2.0,0.98,7,1.589226107923114e-07,1.589226107923114e-07,3.178452215846228e-07,-3.5427825024418857e-15
double_settle,up,2.0,0.98,8,1.589226107923114e-07,1.589226107923114e-07,3.178452215846228e-07,-3.5427825024418857e-15
double_settle,up,2.0,0.98,9,1.589226107923114e-07,1.589226107923114e-07,3.178452215846228e-07,-3.5427825024418857e-15
double_settle,up,2.0,0.98,10,1.589226107923114e-07,1.589226107923114e-07,3.178452215846228e-07,-3.5427825024418857e-15
double_settle,up,2.0,0.98,11,1.589226107923114e-07,1.589226107923114e-07,3.178452215846228e-07,-3.5427825024418857e-15
double_settle,down,0.0,0.98,0,0.0,0.0,0.0,-2.7167187592474385e-14
double_settle,down,0.0,0.98,1,0.0,0.0,0.0,-2.600228602364e-14
double_settle,down,0.0,0.98,2,0.0,0.0,0.0,-2.7167187592474385e-14
double_settle,down,0.0,0.98,3,0.0,0.0,0.0,-2.600228602364e-14
double_settle,down,0.0,0.98,4,0.0,0.0,0.0,-2.600228602364e-14
double_settle,down,0.0,0.98,5,0.0,0.0,0.0,-2.600228602364e-14
double_settle,down,0.0,0.98,6,0.0,0.0,0.0,-2.7167187592474385e-14
double_settle,down,0.0,0.98,7,0.0,0.0,0.0,-2.5664628292187015e-14
double_settle,down,0.0,0.98,8,0.0,0.0,0.0,-2.600228602364e-14
double_settle,down,0.0,0.98,9,0.0,0.0,0.0,-2.7167187592474385e-14
double_settle,down,0.0,0.98,10,0.0,0.0,0.0,-2.7167187592474385e-14
double_settle,down,0.0,0.98,11,0.0,0.0,0.0,-2.7167187592474385e-14
double_settle,down,0.5,0.98,0,-7.281641956069507e-13,-7.281641956069507e-13,-1.4563283912139014e-12,1.4248346452106557e-15
double_settle,down,0.5,0.98,1,-7.281641956069507e-13,-7.281641956069507e-13,-1.4563283912139014e-12,1.264720095285518e-15
double_settle,down,0.5,0.98,2,-7.281641956069507e-13,-7.281641956069507e-13,-1.4563283912139014e-12,1.4501853820872035e-15
double_settle,down,0.5,0.98,3,-7.281641956069507e-13,-7.281641956069507e-13,-1.4563283912139014e-12,1.264720095285518e-15
double_settle,down,0.5,0.98,4,-7.281641956069507e-13,-7.281641956069507e-13,-1.4563283912139014e-12,1.4883875341858896e-15
double_settle,down,0.5,0.98,5,-7.281641956069507e-13,-7.281641956069507e-13,-1.4563283912139014e-12,1.6723564233247204e-15
double_settle,down,0.5,0.98,6,-7.281641956069507e-13,-7.281641956069507e-13,-1.4563283912139014e-12,1.2862858263089693e-15
double_settle,down,0.5,0.98,7,-7.281641956069507e-13,-7.281641956069507e-13,-1.4563283912139014e-12,1.4383022241763215e-15
double_settle,down,0.5,0.98,8,-7.281641956069507e-13,-7.281641956069507e-13,-1.4563283912139014e-12,1.5122418733995856e-15
double_settle,down,0.5,0.98,9,-7.275957614183426e-13,-7.275957614183426e-13,-1.4551915228366853e-12,1.5601265986108374e-15
double_settle,down,0.5,0.98,10,-7.281641956069507e-13,-7.281641956069507e-13,-1.4563283912139014e-12,1.4738636745170345e-15
double_settle,down,0.5,0.98,11,-7.281641956069507e-13,-7.281641956069507e-13,-1.4563283912139014e-12,1.6882886572644975e-15
double_settle,down,2.0,0.98,0,-1.2002348540818274e-07,-1.2002348540818274e-07,-2.400469708163655e-07,-1.143773730499033e-15
double_settle,down,2.0,0.98,1,-1.2002347745010412e-07,-1.2002347745010412e-07,-2.4004695490020824e-07,4.237437881286068e-16
double_settle,down,2.0,0.98,2,-1.2002347745010412e-07,-1.2002347745010412e-07,-2.4004695490020824e-07,1.840653584789141e-15
double_settle,down,2.0,0.98,3,-1.200234777343212e-07,-1.200234777343212e-07,-2.400469554686424e-07,7.785653943814803e-15
double_settle,down,2.0,0.98,4,-1.200234777343212e-07,-1.200234777343212e-07,-2.400469554686424e-07,-4.550096364870643e-15
double_settle,down,2.0,0.98,5,-1.200234777343212e-07,-1.200234777343212e-07,-2.400469554686424e-07,-7.563571348943945e-15
double_settle,down,2.0,0.98,6,-1.2002347745010412e-07,-1.2002347745010412e-07,-2.4004695490020824e-07,-3.4769172486722972e-15
double_settle,down,2.0,0.98,7,-1.2002347745010412e-07,-1.2002347745010412e-07,-2.4004695490020824e-07,-3.350163810084799e-16
double_settle,down,2.0,0.98,8,-1.200234777343212e-07,-1.200234777343212e-07,-2.400469554686424e-07,-2.463153806815789e-15
double_settle,down,2.0,0.98,9,-1.2002347745010412e-07,-1.2002347745010412e-07,-2.4004695490020824e-07,3.9229309114282665e-15
double_settle,down,2.0,0.98,10,-1.200234785869725e-07,-1.200234785869725e-07,-2.40046957173945e-07,-1.5178724290399728e-15
double_settle,down,2.0,0.98,11,-1.200234777343212e-07,-1.200234777343212e-07,-2.400469554686424e-07,-1.9987432899137243e-15
double_settle,fresh,0.0,0.99,0,8.038014698286134e-16,5.706546346573304e-16,1.3744561044859437e-15,1.5704860911220725e-09
double_settle,fresh,0.0,0.99,1,8.093525849517391e-16,6.961098364399731e-16,1.5054624213917121e-15,4.94358010876718e-09
double_settle,fresh,0.0,0.99,2,-3.042011087472929e-16,7.727152251391089e-16,4.68514116391816e-16,1.3260571331430327e-09
double_settle,fresh,0.0,0.99,3,6.739053759474701e-16,7.09432512735475e-16,1.3833378886829451e-15,-6.9690155540518965e-09
double_settle,fresh,0.0,0.99,4,6.7723604502134545e-16,6.283862319378386e-16,1.305622276959184e-15,-1.4395143353878876e-08
double_settle,fresh,0.0,0.99,5,6.727951529228448e-16,6.52811138479592e-16,1.3256062914024369e-15,-1.3695967199496303e-08
double_settle,fresh,0.0,0.99,6,8.22675261247241e-16,5.540012892879531e-16,1.3766765505351941e-15,2.9714261997021728e-09
double_settle,fresh,0.0,0.99,7,3.785860513971784e-16,4.54081217071689e-16,8.326672684688674e-16,-2.6909419857745427e-10
double_settle,fresh,0.0,0.99,8,7.4495964952348e-16,6.716849298982197e-16,1.4166445794216997e-15,-4.7839407969838565e-09
double_settle,fresh,0.0,0.99,9,6.084022174945858e-16,5.306866057708249e-16,1.1390888232654108e-15,2.0220675239208927e-09
double_settle,fresh,0.0,0.99,10,6.838973831690964e-16,4.707345624410664e-16,1.1546319456101628e-15,1.6246830435508325e-09
double_settle,fresh,0.0,0.99,11,4.3742787170231167e-16,6.439293542825908e-16,1.0813572259849025e-15,-2.729191212387139e-09
double_settle,fresh,0.5,0.99,0,8.342675361650009e-10,8.34267627203289e-10,1.6685351633682899e-09,1.0771174088151698e-09
double_settle,fresh,0.5,0.99,1,1.1257870458081243e-09,1.1257870435876783e-09,2.2515740893958026e-09,1.304331996525278e-09
double_settle,fresh,0.5,0.99,2,9.753841456738854e-10,9.753841545556696e-10,1.950768300229555e-09,8.702529962176634e-11
double_settle,fresh,0.5,0.99,3,1.030256431278076e-09,1.030256431278076e-09,2.060512862556152e-09,-7.459321055820186e-10
double_settle,fresh,0.5,0.99,4,9.827263747208547e-10,9.827263725004087e-10,1.9654527472212635e-09,-7.62695014146713e-10
double_settle,fresh,0.5,0.99,5,9.903346120943013e-10,9.903346120943013e-10,1.9806692241886025e-09,-8.280669343082431e-10
double_settle,fresh,0.5,0.99,6,1.0803933447878223e-09,1.0803933403469301e-09,2.1607866851347522e-09,1.543538293025633e-09
double_settle,fresh,0.5,0.99,7,6.614320358089287e-10,6.61432046911159e-10,1.3228640827200876e-09,-3.2688952843862876e-11
double_settle,fresh,0.5,0.99,8,1.0550870266357038e-09,1.0550870244152578e-09,2.1101740510509615e-09,-2.981632833510596e-10
double_settle,fresh,0.5,0.99,9,1.1893785556438275e-09,1.1893785556438275e-09,2.378757111287655e-09,4.253361384659768e-10
double_settle,fresh,0.5,0.99,10,1.3117674457774342e-09,1.311767439116096e-09,2.6235348848935304e-09,7.692766010157759e-10
double_settle,fresh,0.5,0.99,11,1.1550843104224383e-09,1.1550843170837765e-09,2.310168627506215e-09,-3.131323174138049e-10
double_settle,fresh,2.0,0.99,0,4.541993098517994e-06,4.541993098517994e-06,9.083986197035987e-06,2.755927434306955e-10
double_settle,fresh,2.0,0.99,1,5.392547715333817e-06,5.392547715333817e-06,1.0785095430667635e-05,1.7383120172714583e-10
double_settle,fresh,2.0,0.99,2,4.637229939183918e-06,4.637229939183918e-06,9.274459878367835e-06,-4.854868471538201e-10
double_settle,fresh,2.0,0.99,3,4.88249002159602e-06,4.88249002159602e-06,9.76498004319204e-06,-6.50944680573156e-11
double_settle,fresh,2.0,0.99,4,4.657525608239288e-06,4.657525608239288e-06,9.315051216478576e-06,3.584176657069432e-11
double_settle,fresh,2.0,0.99,5,4.6940918920412856e-06,4.6940918920412856e-06,9.388183784082571e-06,-1.3244698286427913e-11
double_settle,fresh,2.0,0.99,6,5.035863566827947e-06,5.035863566827947e-06,1.0071727133655895e-05,3.367214351805824e-10
double_settle,fresh,2.0,0.99,7,3.1362101053444835e-06,3.1362101053444835e-06,6.272420210688967e-06,-9.374179769874736e-12
double_settle,fresh,2.0,0.99,8,4.993390567392675e-06,4.993390567392675e-06,9.98678113478535e-06,-1.330269115118024e-11
double_settle,fresh,2.0,0.99,9,2.612238044893411e-06,2.612238044906734e-06,5.224476089800145e-06,5.715900322897052e-10
double_settle,fresh,2.0,0.99,10,3.1547887964644695e-06,3.1547887964644695e-06,6.309577592928939e-06,2.8312912395509843e-10
double_settle,fresh,2.0,0.99,11,5.523058810044113e-06,5.523058810044113e-06,1.1046117620088225e-05,2.971431328378511e-11
double_settle,up,0.0,0.99,0,6.661338147750939e-17,6.661338147750939e-17,1.3322676295501878e-16,-7.72459632138537e-14
double_settle,up,0.0,0.99,1,6.661338147750939e-17,6.661338147750939e-17,1.3322676295501878e-16,-7.72459632138537e-14
double_settle,up,0.0,0.99,2,6.661338147750939e-17,6.661338147750939e-17,1.3322676295501878e-16,-7.72459632138537e-14
double_settle,up,0.0,0.99,3,6.661338147750939e-17,6.661338147750939e-17,1.3322676295501878e-16,-7.72459632138537e-14
double_settle,up,0.0,0.99,4,6.661338147750939e-17,6.661338147750939e-17,1.3322676295501878e-16,-7.72459632138537e-14
double_settle,up,0.0,0.99,5,6.661338147750939e-17,6.661338147750939e-17,1.3322676295501878e-16,-7.72459632138537e-14
double_settle,up,0.0,0.99,6,6.661338147750939e-17,6.661338147750939e-17,1.3322676295501878e-16,-7.72459632138537e-14
double_settle,up,0.0,0.99,7,6.661338147750939e-17,6.661338147750939e-17,1.3322676295501878e-16,-7.72459632138537e-14
double_settle,up,0.0,0.99,8,6.661338147750939e-17,6.661338147750939e-17,1.3322676295501878e-16,-7.72459632138537e-14
double_settle,up,0.0,0.99,9,6.661338147750939e-17,6.661338147750939e-17,1.3322676295501878e-16,-7.72459632138537e-14
double_settle,up,0.0,0.99,10,6.661338147750939e-17,6.661338147750939e-17,1.3322676295501878e-16,-7.72459632138537e-14
double_settle,up,0.0,0.99,11,6.661338147750939e-17,6.661338147750939e-17,1.3322676295501878e-16,-7.72459632138537e-14
double_settle,up,0.5,0.99,0,1.8217121811048286e-10,1.8217121811048286e-10,3.6434243622096573e-10,-4.8529367976247e-15
double_settle,up,0.5,0.99,1,1.8217122033092892e-10,1.821712192207059e-10,3.6434243955163483e-10,-4.894622348022904e-15
double_settle,up,0.5,0.99,2,1.8217121811048286e-10,1.8217121811048286e-10,3.6434243622096573e-10,-4.8529367976247e-15
double_settle,up,0.5,0.99,3,1.8217121811048286e-10,1.8217121811048286e-10,3.6434243622096573e-10,-4.8529367976247e-15
double_settle,up,0.5,0.99,4,1.8217121811048286e-10,1.8217121811048286e-10,3.6434243622096573e-10,-4.8529367976247e-15
double_settle,up,0.5,0.99,5,1.8217121811048286e-10,1.8217121811048286e-10,3.6434243622096573e-10,-4.8529367976247e-15
double_settle,up,0.5,0.99,6,1.8217121811048286e-10,1.8217121811048286e-10,3.6434243622096573e-10,-4.8529367976247e-15
double_settle,up,0.5,0.99,7,1.8217121811048286e-10,1.8217121811048286e-10,3.6434243622096573e-10,-4.8529367976247e-15
double_settle,up,0.5,0.99,8,1.8217121811048286e-10,1.8217121811048286e-10,3.6434243622096573e-10,-4.8529367976247e-15
double_settle,up,0.5,0.99,9,1.8217121811048286e-10,1.8217121811048286e-10,3.6434243622096573e-10,-4.8529367976247e-15
double_settle,up,0.5,0.99,10,1.8217121811048286e-10,1.8217121811048286e-10,3.6434243622096573e-10,-4.8529367976247e-15
double_settle,up,0.5,0.99,11,1.8217121811048286e-10,1.8217121811048286e-10,3.6434243622096573e-10,-4.8529367976247e-15
double_settle,up,2.0,0.99,0,8.611709773698184e-07,8.611709773698184e-07,1.7223419547396367e-06,-8.055704193154107e-17
double_settle,up,2.0,0.99,1,8.611709773731491e-07,8.611709773709286e-07,1.7223419547440777e-06,-7.73910446503888e-17
double_settle,up,2.0,0.99,2,8.611709773698184e-07,8.611709773698184e-07,1.7223419547396367e-06,-8.055704193154107e-17
double_settle,up,2.0,0.99,3,8.611709773698184e-07,8.611709773698184e-07,1.7223419547396367e-06,-8.055704193154107e-17
double_settle,up,2.0,0.99,4,8.611709773698184e-07,8.611709773698184e-07,1.7223419547396367e-06,-8.055704193154107e-17
double_settle,up,2.0,0.99,5,8.611709773698184e-07,8.611709773698184e-07,1.7223419547396367e-06,-8.055704193154107e-17
double_settle,up,2.0,0.99,6,8.611709773698184e-07,8.611709773698184e-07,1.7223419547396367e-06,-8.055704193154107e-17
double_settle,up,2.0,0.99,7,8.611709773698184e-07,8.611709773698184e-07,1.7223419547396367e-06,-8.055704193154107e-17
double_settle,up,2.0,0.99,8,8.611709773698184e-07,8.611709773698184e-07,1.7223419547396367e-06,-8.055704193154107e-17
double_settle,up,2.0,0.99,9,8.611709773698184e-07,8.611709773698184e-07,1.7223419547396367e-06,-8.055704193154107e-17
double_settle,up,2.0,0.99,10,8.611709773698184e-07,8.611709773698184e-07,1.7223419547396367e-06,-8.055704193154107e-17
double_settle,up,2.0,0.99,11,8.611709773698184e-07,8.611709773698184e-07,1.7223419547396367e-06,-8.055704193154107e-17
double_settle,down,0.0,0.99,0,0.0,0.0,0.0,-3.913882526110596e-15
double_settle,down,0.0,0.99,1,0.0,0.0,0.0,-3.2348190558785683e-15
double_settle,down,0.0,0.99,2,0.0,0.0,0.0,-3.913882526110596e-15
double_settle,down,0.0,0.99,3,0.0,0.0,0.0,-3.2348190558785683e-15
double_settle,down,0.0,0.99,4,0.0,0.0,0.0,-3.2348190558785683e-15
double_settle,down,0.0,0.99,5,0.0,0.0,0.0,-3.2348190558785683e-15
double_settle,down,0.0,0.99,6,0.0,0.0,0.0,-3.913882526110596e-15
double_settle,down,0.0,0.99,7,0.0,0.0,0.0,-3.0962417978951665e-15
double_settle,down,0.0,0.99,8,0.0,0.0,0.0,-3.2348190558785683e-15
double_settle,down,0.0,0.99,9,0.0,0.0,0.0,-3.913882526110596e-15
double_settle,down,0.0,0.99,10,0.0,0.0,0.0,-3.913882526110596e-15
double_settle,down,0.0,0.99,11,0.0,0.0,0.0,-3.913882526110596e-15
double_settle,down,0.5,0.99,0,-1.814447614378878e-10,-1.814447614378878e-10,-3.628895228757756e-10,6.751237331617557e-15
double_settle,down,0.5,0.99,1,-1.814447614378878e-10,-1.814447614378878e-10,-3.628895228757756e-10,2.8692589940745583e-15
double_settle,down,0.5,0.99,2,-1.814447614378878e-10,-1.814447614378878e-10,-3.628895228757756e-10,1.9102950620981783e-16
double_settle,down,0.5,0.99,3,-1.814447614378878e-10,-1.814447614378878e-10,-3.628895228757756e-10,4.6855635368864714e-15
double_settle,down,0.5,0.99,4,-1.814447614378878e-10,-1.814447614378878e-10,-3.628895228757756e-10,6.298877413040458e-15
double_settle,down,0.5,0.99,5,-1.814447614378878e-10,-1.814447614378878e-10,-3.628895228757756e-10,-2.7462731328879454e-15
double_settle,down,0.5,0.99,6,-1.814447614378878e-10,-1.814447614378878e-10,-3.628895228757756e-10,3.0823258918912393e-15
double_settle,down,0.5,0.99,7,-1.814447614378878e-10,-1.814447614378878e-10,-3.628895228757756e-10,6.183338188066349e-15
double_settle,down,0.5,0.99,8,-1.814447614378878e-10,-1.814447614378878e-10,-3.628895228757756e-10,4.658313500136995e-15
double_settle,down,0.5,0.99,9,-1.814447614378878e-10,-1.814447614378878e-10,-3.628895228757756e-10,-5.1774837134665364e-15
double_settle,down,0.5,0.99,10,-1.814447614378878e-10,-1.814447614378878e-10,-3.628895228757756e-10,-3.848933885399412e-15
double_settle,down,0.5,0.99,11,-1.814447614378878e-10,-1.814447614378878e-10,-3.628895228757756e-10,6.404573114869626e-16
double_settle,down,2.0,0.99,0,-8.616745458311925e-07,-8.61674545689084e-07,-1.7233490915202764e-06,-1.8196165677633833e-15
double_settle,down,2.0,0.99,1,-8.581585643696598e-07,-8.581585643696598e-07,-1.7163171287393196e-06,7.027444200926461e-15
double_settle,down,2.0,0.99,2,-8.579814453923973e-07,-8.579814453923973e-07,-1.7159628907847947e-06,-3.329854831807375e-15
double_settle,down,2.0,0.99,3,-8.578606156106617e-07,-8.578606156106617e-07,-1.7157212312213233e-06,-2.1083778802169176e-15
double_settle,down,2.0,0.99,4,-8.580675424241236e-07,-8.580675424241236e-07,-1.7161350848482471e-06,-1.886413915182708e-15
double_settle,down,2.0,0.99,5,-8.582639532050962e-07,-8.582639532050962e-07,-1.7165279064101924e-06,-2.032035435289426e-15
double_settle,down,2.0,0.99,6,-8.580534441193776e-07,-8.580534441193776e-07,-1.7161068882387553e-06,-1.6939018564252214e-15
double_settle,down,2.0,0.99,7,-8.580081075137969e-07,-8.580081075137969e-07,-1.7160162150275938e-06,-1.555213878649888e-15
double_settle,down,2.0,0.99,8,-8.580555504522636e-07,-8.580555504522636e-07,-1.7161111009045272e-06,-3.050655817846166e-15
double_settle,down,2.0,0.99,9,-8.581106402516525e-07,-8.581106402516525e-07,-1.716221280503305e-06,1.4959526064077248e-15
double_settle,down,2.0,0.99,10,-8.587021810058104e-07,-8.587021810058104e-07,-1.7174043620116209e-06,-2.2101228088718705e-15
double_settle,down,2.0,0.99,11,-8.581313298350324e-07,-8.581313298350324e-07,-1.7162626596700648e-06,8.569581815989917e-16
double_settle,fresh,0.0,0.995,0,2.7075541808585512e-12,2.2917423514456914e-12,4.999296532304243e-12,1.6056126364047972e-09
double_settle,fresh,0.0,0.995,1,2.2934776300331806e-12,2.0831902869389295e-12,4.3766679169721106e-12,4.9989950654861535e-09
double_settle,fresh,0.0,0.995,2,-2.7070568009435194e-13,2.218254468999703e-12,1.947548788905351e-12,1.3131137071545992e-09
double_settle,fresh,0.0,0.995,3,2.0416734969330717e-12,2.1076740353009884e-12,4.14934753223406e-12,-6.838155555797151e-09
double_settle,fresh,0.0,0.995,4,2.050768443950801e-12,1.9572721221550183e-12,4.0080405661058195e-12,-1.4135901833880698e-08
double_settle,fresh,0.0,0.995,5,2.037179314129389e-12,2.000266619006652e-12,4.0374459331360415e-12,-1.343914479134742e-08
double_settle,fresh,0.0,0.995,6,2.317227520975962e-12,1.8035384297121482e-12,4.12076595068811e-12,2.980344583882217e-09
double_settle,fresh,0.0,0.995,7,1.4356571487184056e-12,1.5952938969832075e-12,3.030951045701613e-12,-2.6632156728876637e-10
double_settle,fresh,0.0,0.995,8,2.1732571298116453e-12,2.035067669936552e-12,4.208324799748198e-12,-4.754199210864588e-09
double_settle,fresh,0.0,0.995,9,2.3403368132335346e-12,2.20013784968387e-12,4.540474662917405e-12,2.068413827154387e-09
double_settle,fresh,0.0,0.995,10,2.4841773083039697e-12,2.0931545385849403e-12,4.5773318468889104e-12,1.6652677850035986e-09
double_settle,fresh,0.0,0.995,11,1.9967516529106887e-12,2.3846036256713886e-12,4.381355278582077e-12,-2.691816637087202e-09
double_settle,fresh,0.5,0.995,0,3.88274193185989e-08,3.8827518445971873e-08,7.765493776457077e-08,1.081067897327162e-09
double_settle,fresh,0.5,0.995,1,4.8088968263027e-08,4.808896600261292e-08,9.617793426563992e-08,1.3133760307129635e-09
double_settle,fresh,0.5,0.995,2,4.34546180549944e-08,4.3454627838279693e-08,8.690924589327409e-08,8.528539649764409e-11
double_settle,fresh,0.5,0.995,3,4.517289967198579e-08,4.517290033589916e-08,9.034580000788495e-08,-7.333836240030656e-10
double_settle,fresh,0.5,0.995,4,4.369129272041583e-08,4.3691291621295035e-08,8.738258434171086e-08,-7.500646644107024e-10
double_settle,fresh,0.5,0.995,5,4.392986557300027e-08,4.392986515111552e-08,8.785973072411578e-08,-8.126418418185119e-10
double_settle,fresh,0.5,0.995,6,4.670988936084086e-08,4.6709885390683325e-08,9.341977475152419e-08,1.5453868942561914e-09
double_settle,fresh,0.5,0.995,7,3.313134803617501e-08,3.313136141880335e-08,6.626270945497837e-08,-3.1940500127801743e-11
double_settle,fresh,0.5,0.995,8,4.593873299651996e-08,4.59387316531501e-08,9.187746464967006e-08,-2.9523630407923324e-10
double_settle,fresh,0.5,0.995,9,4.998721405247153e-08,4.998721183424593e-08,9.997442588671746e-08,4.297454600033249e-10
double_settle,fresh,0.5,0.995,10,5.350336924170307e-08,5.350336395704147e-08,1.0700673319874454e-07,7.707605418875986e-10
double_settle,fresh,0.5,0.995,11,4.8962450507339387e-08,4.896245413110734e-08,9.792490463844672e-08,-3.0790313560332465e-10
double_settle,fresh,2.0,0.995,0,1.716883816284098e-05,1.716883816284098e-05,3.433767632568196e-05,2.7493619875507096e-10
double_settle,fresh,2.0,0.995,1,1.941508677057002e-05,1.941508677057002e-05,3.883017354114004e-05,1.747002031833308e-10
double_settle,fresh,2.0,0.995,2,1.7426513027375412e-05,1.7426513027375412e-05,3.4853026054750825e-05,-4.843494211325266e-10
double_settle,fresh,2.0,0.995,3,1.808233034499174e-05,1.808233034499174e-05,3.616466068998348e-05,-6.418052659896692e-11
double_settle,fresh,2.0,0.995,4,1.748134899864917e-05,1.748134899864917e-05,3.496269799729834e-05,3.5201381464365794e-11
double_settle,fresh,2.0,0.995,5,1.7579545684720533e-05,1.7579545684720533e-05,3.5159091369441066e-05,-1.299282401157955e-11
double_settle,fresh,2.0,0.995,6,1.848724301967919e-05,1.848724301967919e-05,3.697448603935838e-05,3.3724941093164123e-10
double_settle,fresh,2.0,0.995,7,1.3212956293653377e-05,1.3212956293662259e-05,2.6425912587315637e-05,-8.955671854874357e-12
double_settle,fresh,2.0,0.995,8,1.8375815547635456e-05,1.8375815547635456e-05,3.675163109527091e-05,-1.3162624550571864e-11
double_settle,fresh,2.0,0.995,9,1.1592541495036856e-05,1.1592541499102494e-05,2.3185082994139348e-05,5.669595120533097e-10
double_settle,fresh,2.0,0.995,10,1.3259249920710703e-05,1.3259249920937188e-05,2.651849984164789e-05,2.831063155678769e-10
double_settle,fresh,2.0,0.995,11,1.9746890606247015e-05,1.9746890606247015e-05,3.949378121249403e-05,2.9958424385787875e-11
double_settle,up,0.0,0.995,0,3.633204848085825e-13,3.633204848085825e-13,7.26640969617165e-13,-7.280364849553944e-15
double_settle,up,0.0,0.995,1,3.633204848085825e-13,3.633204848085825e-13,7.26640969617165e-13,-7.280364849553944e-15
double_settle,up,0.0,0.995,2,3.633204848085825e-13,3.633204848085825e-13,7.26640969617165e-13,-7.280364849553944e-15
double_settle,up,0.0,0.995,3,3.633204848085825e-13,3.633204848085825e-13,7.26640969617165e-13,-7.280364849553944e-15
double_settle,up,0.0,0.995,4,3.633204848085825e-13,3.633204848085825e-13,7.26640969617165e-13,-7.280364849553944e-15
double_settle,up,0.0,0.995,5,3.633204848085825e-13,3.633204848085825e-13,7.26640969617165e-13,-7.280364849553944e-15
double_settle,up,0.0,0.995,6,3.633204848085825e-13,3.633204848085825e-13,7.26640969617165e-13,-7.280364849553944e-15
double_settle,up,0.0,0.995,7,3.633204848085825e-13,3.633204848085825e-13,7.26640969617165e-13,-7.280364849553944e-15
double_settle,up,0.0,0.995,8,3.633204848085825e-13,3.633204848085825e-13,7.26640969617165e-13,-7.280364849553944e-15
double_settle,up,0.0,0.995,9,3.633204848085825e-13,3.633204848085825e-13,7.26640969617165e-13,-7.280364849553944e-15
double_settle,up,0.0,0.995,10,3.633204848085825e-13,3.633204848085825e-13,7.26640969617165e-13,-7.280364849553944e-15
double_settle,up,0.0,0.995,11,3.633204848085825e-13,3.633204848085825e-13,7.26640969617165e-13,-7.280364849553944e-15
double_settle,up,0.5,0.995,0,7.905223358140034e-09,7.905223358140034e-09,1.5810446716280068e-08,-4.705159109266988e-16
double_settle,up,0.5,0.995,1,7.905223355919589e-09,7.905223358140034e-09,1.5810446714059624e-08,-4.459502626552372e-16
double_settle,up,0.5,0.995,2,7.905223358140034e-09,7.905223358140034e-09,1.5810446716280068e-08,-4.705159109266988e-16
double_settle,up,0.5,0.995,3,7.905223358140034e-09,7.905223358140034e-09,1.5810446716280068e-08,-4.705159109266988e-16
double_settle,up,0.5,0.995,4,7.905223358140034e-09,7.905223358140034e-09,1.5810446716280068e-08,-4.705159109266988e-16
double_settle,up,0.5,0.995,5,7.905223358140034e-09,7.905223358140034e-09,1.5810446716280068e-08,-4.705159109266988e-16
double_settle,up,0.5,0.995,6,7.905223358140034e-09,7.905223358140034e-09,1.5810446716280068e-08,-4.705159109266988e-16
double_settle,up,0.5,0.995,7,7.905223358140034e-09,7.905223358140034e-09,1.5810446716280068e-08,-4.705159109266988e-16
double_settle,up,0.5,0.995,8,7.905223358140034e-09,7.905223358140034e-09,1.5810446716280068e-08,-4.705159109266988e-16
double_settle,up,0.5,0.995,9,7.905223358140034e-09,7.905223358140034e-09,1.5810446716280068e-08,-4.705159109266988e-16
double_settle,up,0.5,0.995,10,7.905223358140034e-09,7.905223358140034e-09,1.5810446716280068e-08,-4.705159109266988e-16
double_settle,up,0.5,0.995,11,7.905223358140034e-09,7.905223358140034e-09,1.5810446716280068e-08,-4.705159109266988e-16
double_settle,up,2.0,0.995,0,3.117251464819226e-06,3.117251464819226e-06,6.234502929638452e-06,-3.370924907465037e-17
double_settle,up,2.0,0.995,1,3.117251464819226e-06,3.1172514648214465e-06,6.234502929640672e-06,-5.601923517719676e-17
double_settle,up,2.0,0.995,2,3.117251464819226e-06,3.117251464819226e-06,6.234502929638452e-06,-3.370924907465037e-17
double_settle,up,2.0,0.995,3,3.117251464819226e-06,3.117251464819226e-06,6.234502929638452e-06,-3.370924907465037e-17
double_settle,up,2.0,0.995,4,3.117251464819226e-06,3.117251464819226e-06,6.234502929638452e-06,-3.370924907465037e-17
double_settle,up,2.0,0.995,5,3.117251464819226e-06,3.117251464819226e-06,6.234502929638452e-06,-3.370924907465037e-17
double_settle,up,2.0,0.995,6,3.117251464819226e-06,3.117251464819226e-06,6.234502929638452e-06,-3.370924907465037e-17
double_settle,up,2.0,0.995,7,3.117251464819226e-06,3.117251464819226e-06,6.234502929638452e-06,-3.370924907465037e-17
double_settle,up,2.0,0.995,8,3.117251464819226e-06,3.117251464819226e-06,6.234502929638452e-06,-3.370924907465037e-17
double_settle,up,2.0,0.995,9,3.117251464819226e-06,3.117251464819226e-06,6.234502929638452e-06,-3.370924907465037e-17
double_settle,up,2.0,0.995,10,3.117251464819226e-06,3.117251464819226e-06,6.234502929638452e-06,-3.370924907465037e-17
double_settle,up,2.0,0.995,11,3.117251464819226e-06,3.117251464819226e-06,6.234502929638452e-06,-3.370924907465037e-17
double_settle,down,0.0,0.995,0,-1.8007995095103979e-12,-1.807620719773695e-12,-3.608420229284093e-12,-1.7588181760429417e-15
double_settle,down,0.0,0.995,1,-1.8053469830192626e-12,-1.8167156667914242e-12,-3.6220626498106866e-12,-3.499770540450264e-15
double_settle,down,0.0,0.995,2,-1.795115167624317e-12,-1.8110313249053433e-12,-3.6061464925296603e-12,-5.5038234945292454e-15
double_settle,down,0.0,0.995,3,-1.823536877054721e-12,-1.814441930036992e-12,-3.637978807091713e-12,-1.0299662059801212e-14
double_settle,down,0.0,0.995,4,-1.822400008677505e-12,-1.8565060599939896e-12,-3.678906068671495e-12,9.40681899960276e-15
double_settle,down,0.0,0.995,5,-1.823536877054721e-12,-1.8326318240724505e-12,-3.656168701127171e-12,-8.648587042774897e-15
double_settle,down,0.0,0.995,6,-1.8064838513964788e-12,-1.745092959026806e-12,-3.551576810423285e-12,1.1683859697082037e-15
double_settle,down,0.0,0.995,7,-1.787157088983804e-12,-1.7826096154749393e-12,-3.569766704458743e-12,-7.949720824003859e-15
double_settle,down,0.0,0.995,8,-1.8110313249053433e-12,-1.8246737454319374e-12,-3.6357050703372807e-12,3.2229615446141744e-15
double_settle,down,0.0,0.995,9,-1.8064838513964788e-12,-1.8110313249053433e-12,-3.617515176301822e-12,-1.0010270728468597e-14
double_settle,down,0.0,0.995,10,-1.8042101146420463e-12,-1.8178525351686403e-12,-3.6220626498106866e-12,-2.215334722308035e-15
double_settle,down,0.0,0.995,11,-1.8360424292040987e-12,-1.8042101146420463e-12,-3.640252543846145e-12,4.576154001162952e-15
double_settle,down,0.5,0.995,0,-3.778914049235027e-08,-3.778914049235027e-08,-7.557828098470054e-08,-1.6510342825768309e-15
double_settle,down,0.5,0.995,1,-4.4143762352177875e-08,-4.4143667992102564e-08,-8.828743034428043e-08,2.0367495192459688e-15
double_settle,down,0.5,0.995,2,-3.900762010289327e-08,-3.900762010289327e-08,-7.801524020578655e-08,1.786188031822047e-15
double_settle,down,0.5,0.995,3,-3.9862568428361554e-08,-3.9862568428361554e-08,-7.972513685672311e-08,-1.7663335145857094e-16
double_settle,down,0.5,0.995,4,-3.793242967731203e-08,-3.793242967731203e-08,-7.586485935462406e-08,-2.552754042516578e-15
double_settle,down,0.5,0.995,5,-3.615032824200171e-08,-3.615032824200171e-08,-7.230065648400342e-08,1.6887773554319484e-15
double_settle,down,0.5,0.995,6,-3.717900483479752e-08,-3.717900483479752e-08,-7.435800966959505e-08,-7.48613023956393e-15
double_settle,down,0.5,0.995,7,-3.760199092539551e-08,-3.760199092539551e-08,-7.520398185079102e-08,-5.192881794563968e-15
double_settle,down,0.5,0.995,8,-3.979189898473123e-08,-3.979189898473123e-08,-7.958379796946247e-08,4.754750241755512e-15
double_settle,down,0.5,0.995,9,-4.148925199842779e-08,-4.148925086155941e-08,-8.29785028599872e-08,-1.5342022974655354e-15
double_settle,down,0.5,0.995,10,-4.1934288788070265e-08,-4.193428651433351e-08,-8.386857530240377e-08,4.60672799911165e-15
double_settle,down,0.5,0.995,11,-3.8454607533822126e-08,-3.8454607533822126e-08,-7.690921506764425e-08,1.8956142940763445e-15
double_settle,down,2.0,0.995,0,-4.824411682051277e-05,-4.8244117227937977e-05,-9.648823404845075e-05,3.4627907651106782e-15
double_settle,down,2.0,0.995,1,-1.1832491878465135e-05,-1.1832491878465135e-05,-2.366498375693027e-05,-6.7701686141085276e-15
double_settle,down,2.0,0.995,2,-9.921849842839947e-06,-9.921849842839947e-06,-1.9843699685679895e-05,2.4454139327583643e-15
double_settle,down,2.0,0.995,3,-8.614159336275406e-06,-8.614159336275406e-06,-1.7228318672550813e-05,1.2492549397116082e-16
double_settle,down,2.0,0.995,4,-1.0851577123105471e-05,-1.0851577123105471e-05,-2.1703154246210943e-05,1.9603742465274256e-15
double_settle,down,2.0,0.995,5,-1.2965670568121367e-05,-1.2965670568121367e-05,-2.5931341136242735e-05,1.2170737408246119e-15
double_settle,down,2.0,0.995,6,-1.0699498703843347e-05,-1.0699498703843347e-05,-2.1398997407686693e-05,2.8636488185781805e-15
double_settle,down,2.0,0.995,7,-1.0209982341677915e-05,-1.0209982341677915e-05,-2.041996468335583e-05,2.473580099661601e-15
double_settle,down,2.0,0.995,8,-1.072219080896275e-05,-1.072219080896275e-05,-2.14443816179255e-05,9.134069870553751e-15
double_settle,down,2.0,0.995,9,-1.1316264863694414e-05,-1.1316264863694414e-05,-2.263252972738883e-05,-2.6348021665839615e-16
double_settle,down,2.0,0.995,10,-1.7649297481057145e-05,-1.7649297481057145e-05,-3.529859496211429e-05,7.443682819988508e-15
double_settle,down,2.0,0.995,11,-1.1539216659457452e-05,-1.1539216659457452e-05,-2.3078433318914904e-05,-1.815889038634119e-15
double_settle,fresh,0.0,1.0,0,2.547063909433156e-05,2.5154728471488142e-05,5.06253675658197e-05,1.6409870513184552e-09
double_settle,fresh,0.0,1.0,1,2.5155890395320844e-05,2.4975167831053912e-05,5.0131058226374756e-05,5.054229892547517e-09
double_settle,fresh,0.0,1.0,2,2.079452645182056e-05,2.5093031854442893e-05,4.5887558306263454e-05,1.299900967262376e-09
double_settle,fresh,0.0,1.0,3,2.493758052268813e-05,2.499702934266601e-05,4.993460986535414e-05,-6.592928154412569e-09
double_settle,fresh,0.0,1.0,4,2.4945870811833303e-05,2.4859085613163633e-05,4.980495642499694e-05,-1.3582971913399885e-08
double_settle,fresh,0.0,1.0,5,2.4933476229929142e-05,2.489943128717087e-05,4.983290751710001e-05,-1.2913834467764147e-08
double_settle,fresh,0.0,1.0,6,2.5175345697784345e-05,2.470850037750272e-05,4.9883846075287064e-05,2.9889656540151427e-09
double_settle,fresh,0.0,1.0,7,2.4302357816966546e-05,2.448720279816574e-05,4.878956061513229e-05,-2.472920590788395e-10
double_settle,fresh,0.0,1.0,8,2.5054500817645043e-05,2.493154392025021e-05,4.998604473789525e-05,-4.656768633317588e-09
double_settle,fresh,0.0,1.0,9,2.5194370993890658e-05,2.5077892584706163e-05,5.0272263578596824e-05,2.1147608863192294e-09
double_settle,fresh,0.0,1.0,10,2.530728667952786e-05,2.498439596148261e-05,5.0291682641010474e-05,1.706010980368264e-09
double_settle,fresh,0.0,1.0,11,2.4896475283779916e-05,2.5229809525968427e-05,5.0126284809748344e-05,-2.6541018226517512e-09
double_settle,fresh,0.5,1.0,0,4.8744954872765865e-05,4.875076102449194e-05,9.74957158972578e-05,1.084746632008697e-09
double_settle,fresh,0.5,1.0,1,5.034511543596132e-05,5.034502232401428e-05,0.0001006901377599756,1.3223384670452943e-09
double_settle,fresh,0.5,1.0,2,4.958624230967712e-05,4.958671603110143e-05,9.917295834077855e-05,8.353519793234663e-11
double_settle,fresh,0.5,1.0,3,4.987544314202452e-05,4.987547331759545e-05,9.975091645961997e-05,-7.096771026548544e-10
double_settle,fresh,0.5,1.0,4,4.962770046601506e-05,4.962764781964557e-05,9.925534828566062e-05,-7.23252696887463e-10
double_settle,fresh,0.5,1.0,5,4.966801754960892e-05,4.9667997517890416e-05,9.933601506749933e-05,-7.825041245052415e-10
double_settle,fresh,0.5,1.0,6,5.01253971610649e-05,5.012522561619548e-05,0.00010025062277726037,1.547086514893754e-09
double_settle,fresh,0.5,1.0,7,4.7662487198376625e-05,4.76634350036953e-05,9.532592220207192e-05,-2.9470145079814776e-11
double_settle,fresh,0.5,1.0,8,5.000109933542718e-05,5.0001039843928786e-05,0.00010000213917935597,-2.8856064849638984e-10
double_settle,fresh,0.5,1.0,9,5.0638835536140905e-05,5.0638749798155305e-05,0.00010127758533429621,4.3414420168318294e-10
double_settle,fresh,0.5,1.0,10,5.1153370356704644e-05,5.1153186723569274e-05,0.00010230655708027393,7.723379617121049e-10
double_settle,fresh,0.5,1.0,11,5.048048215860801e-05,5.0480627435831594e-05,0.0001009611095944396,-3.0262789710835036e-10
double_settle,fresh,2.0,1.0,0,0.00012186020813069631,0.00012186020813073628,0.0002437204162614326,2.7426380833421537e-10
double_settle,fresh,2.0,1.0,1,0.00012747791548012533,0.0001274779154801231,0.00025495583096024843,1.7554828759190806e-10
double_settle,fresh,2.0,1.0,2,0.00012252270501340035,0.00012252270501340921,0.00024504541002680954,-4.831780087893291e-10
double_settle,fresh,2.0,1.0,3,0.00012418612699405807,0.00012418612699405807,0.00024837225398811614,-6.258325397769848e-11
double_settle,fresh,2.0,1.0,4,0.00012266340102330963,0.00012266340102330963,0.00024532680204661925,3.4101921643953575e-11
double_settle,fresh,2.0,1.0,5,0.0001229137482771714,0.0001229137482771714,0.0002458274965543428,-1.2582253866962413e-11
double_settle,fresh,2.0,1.0,6,0.00012519810007654563,0.0001251981000765434,0.00025039620015308904,3.3775288598609956e-10
double_settle,fresh,2.0,1.0,7,0.00011117349595083814,0.0001111734959581967,0.00022234699190903484,-8.221245331100258e-12
double_settle,fresh,2.0,1.0,8,0.00012492151341070846,0.00012492151341070846,0.0002498430268214169,-1.290084342392057e-11
double_settle,fresh,2.0,1.0,9,0.00010628638785825317,0.00010628639245096604,0.00021257278030921921,5.622681286194297e-10
double_settle,fresh,2.0,1.0,10,0.00011128147764714824,0.00011128147783106778,0.000222562955478216,2.830312477083396e-10
double_settle,fresh,2.0,1.0,11,0.00012827321053347608,0.00012827321053347608,0.00025654642106695216,3.020793832343771e-11
double_settle,up,0.0,1.0,0,2.1648504398145142e-05,2.1648504398145142e-05,4.3297008796290284e-05,-2.0246783809353345e-15
double_settle,up,0.0,1.0,1,2.1648504398145142e-05,2.1648504398145142e-05,4.3297008796290284e-05,-2.0246783809353345e-15
double_settle,up,0.0,1.0,2,2.1648504398145142e-05,2.1648504398145142e-05,4.3297008796290284e-05,-2.0246783809353345e-15
double_settle,up,0.0,1.0,3,2.1648504398145142e-05,2.1648504398145142e-05,4.3297008796290284e-05,-2.0246783809353345e-15
double_settle,up,0.0,1.0,4,2.1648504398145142e-05,2.1648504398145142e-05,4.3297008796290284e-05,-2.0246783809353345e-15
double_settle,up,0.0,1.0,5,2.1648504398145142e-05,2.1648504398145142e-05,4.3297008796290284e-05,-2.0246783809353345e-15
double_settle,up,0.0,1.0,6,2.1648504398145142e-05,2.1648504398145142e-05,4.3297008796290284e-05,-2.0246783809353345e-15
double_settle,up,0.0,1.0,7,2.1648504398145142e-05,2.1648504398145142e-05,4.3297008796290284e-05,-2.0246783809353345e-15
double_settle,up,0.0,1.0,8,2.1648504398145142e-05,2.1648504398145142e-05,4.3297008796290284e-05,-2.0246783809353345e-15
double_settle,up,0.0,1.0,9,2.1648504398145142e-05,2.1648504398145142e-05,4.3297008796290284e-05,-2.0246783809353345e-15
double_settle,up,0.0,1.0,10,2.1648504398145142e-05,2.1648504398145142e-05,4.3297008796290284e-05,-2.0246783809353345e-15
double_settle,up,0.0,1.0,11,2.1648504398145142e-05,2.1648504398145142e-05,4.3297008796290284e-05,-2.0246783809353345e-15
double_settle,up,0.5,1.0,0,3.7889377386074453e-05,3.7889377386074453e-05,7.577875477214891e-05,-1.0716419142457562e-16
double_settle,up,0.5,1.0,1,3.788937738607778e-05,3.7889377386074453e-05,7.577875477215223e-05,-1.079194286786805e-16
double_settle,up,0.5,1.0,2,3.7889377386074453e-05,3.7889377386074453e-05,7.577875477214891e-05,-1.0716419142457562e-16
double_settle,up,0.5,1.0,3,3.7889377386074453e-05,3.7889377386074453e-05,7.577875477214891e-05,-1.0716419142457562e-16
double_settle,up,0.5,1.0,4,3.7889377386074453e-05,3.7889377386074453e-05,7.577875477214891e-05,-1.0716419142457562e-16
double_settle,up,0.5,1.0,5,3.7889377386074453e-05,3.7889377386074453e-05,7.577875477214891e-05,-1.0716419142457562e-16
double_settle,up,0.5,1.0,6,3.7889377386074453e-05,3.7889377386074453e-05,7.577875477214891e-05,-1.0716419142457562e-16
double_settle,up,0.5,1.0,7,3.7889377386074453e-05,3.7889377386074453e-05,7.577875477214891e-05,-1.0716419142457562e-16
double_settle,up,0.5,1.0,8,3.7889377386074453e-05,3.7889377386074453e-05,7.577875477214891e-05,-1.0716419142457562e-16
double_settle,up,0.5,1.0,9,3.7889377386074453e-05,3.7889377386074453e-05,7.577875477214891e-05,-1.0716419142457562e-16
double_settle,up,0.5,1.0,10,3.7889377386074453e-05,3.7889377386074453e-05,7.577875477214891e-05,-1.0716419142457562e-16
double_settle,up,0.5,1.0,11,3.7889377386074453e-05,3.7889377386074453e-05,7.577875477214891e-05,-1.0716419142457562e-16
double_settle,up,2.0,1.0,0,6.670319464951225e-05,6.670319464951225e-05,0.0001334063892990245,-9.608559755332047e-18
double_settle,up,2.0,1.0,1,6.670319464951114e-05,6.670319464951114e-05,0.00013340638929902228,-7.678635360030313e-18
double_settle,up,2.0,1.0,2,6.670319464951225e-05,6.670319464951225e-05,0.0001334063892990245,-9.608559755332047e-18
double_settle,up,2.0,1.0,3,6.670319464951225e-05,6.670319464951225e-05,0.0001334063892990245,-9.608559755332047e-18
double_settle,up,2.0,1.0,4,6.670319464951225e-05,6.670319464951225e-05,0.0001334063892990245,-9.608559755332047e-18
double_settle,up,2.0,1.0,5,6.670319464951225e-05,6.670319464951225e-05,0.0001334063892990245,-9.608559755332047e-18
double_settle,up,2.0,1.0,6,6.670319464951225e-05,6.670319464951225e-05,0.0001334063892990245,-9.608559755332047e-18
double_settle,up,2.0,1.0,7,6.670319464951225e-05,6.670319464951225e-05,0.0001334063892990245,-9.608559755332047e-18
double_settle,up,2.0,1.0,8,6.670319464951225e-05,6.670319464951225e-05,0.0001334063892990245,-9.608559755332047e-18
double_settle,up,2.0,1.0,9,6.670319464951225e-05,6.670319464951225e-05,0.0001334063892990245,-9.608559755332047e-18
double_settle,up,2.0,1.0,10,6.670319464951225e-05,6.670319464951225e-05,0.0001334063892990245,-9.608559755332047e-18
double_settle,up,2.0,1.0,11,6.670319464951225e-05,6.670319464951225e-05,0.0001334063892990245,-9.608559755332047e-18
double_settle,down,0.0,1.0,0,2.2791336258478624e-05,2.0948609952711196e-05,4.373994621118982e-05,-2.0482008361675704e-14
double_settle,down,0.0,1.0,1,2.0960759742365552e-05,1.75091564176455e-05,3.8469916160011056e-05,-1.257261568126386e-15
double_settle,down,0.0,1.0,2,2.550815540871554e-05,2.018212863276858e-05,4.569028404148412e-05,-2.2372751444186762e-09
double_settle,down,0.0,1.0,3,1.5925308132409556e-05,1.820331912540496e-05,3.412862725781452e-05,-4.848932704410344e-16
double_settle,down,0.0,1.0,4,1.6328356580288527e-05,9.031707675148937e-06,2.5360064255437466e-05,-8.05482184652142e-16
double_settle,down,0.0,1.0,5,1.5711951323282847e-05,1.347915759197349e-05,2.9191108915256336e-05,-2.2300475541907285e-16
double_settle,down,0.0,1.0,6,2.1154094309849824e-05,5.5182821309927025e-05,7.633691561977685e-05,-2.2897120044481275e-09
double_settle,down,0.0,1.0,7,2.8666177993272868e-05,3.107137848928687e-05,5.973755648255974e-05,-2.363747561564264e-09
double_settle,down,0.0,1.0,8,1.9541665158158138e-05,1.5608028259066487e-05,3.5149693417224626e-05,4.0581820349572694e-16
double_settle,down,0.0,1.0,9,2.132658264827114e-05,1.994892325001274e-05,4.127550589828388e-05,-2.1257029879854627e-15
double_settle,down,0.0,1.0,10,2.2103650758253933e-05,1.7818365129187442e-05,3.9922015887441375e-05,-1.5090762938910818e-15
double_settle,down,0.0,1.0,11,1.323525306929696e-05,2.161056562840713e-05,3.484581869770409e-05,4.521371867620223e-16
double_settle,down,0.5,1.0,0,4.587236547479279e-05,4.587764315203913e-05,9.175000862683192e-05,-1.1536186046353096e-12
double_settle,down,0.5,1.0,1,3.288431577175288e-07,1.888106980345583e-06,2.216950138063112e-06,8.247720900628836e-18
double_settle,down,0.5,1.0,2,2.7916099513163316e-05,2.7921885284172276e-05,5.583798479733559e-05,1.8250268887964958e-17
double_settle,down,0.5,1.0,3,1.9277072647128078e-05,1.923114559986061e-05,3.850821824698869e-05,-5.801887550777808e-16
double_settle,down,0.5,1.0,4,4.332782053211304e-05,4.3328991974931344e-05,8.665681250704438e-05,-7.115297163945401e-15
double_settle,down,0.5,1.0,5,8.761548391078122e-05,8.761421148108184e-05,0.00017522969539186307,6.206995718895e-10
double_settle,down,0.5,1.0,6,5.8386060736097534e-05,5.838820861242766e-05,0.00011677426934852519,-1.8604155280170803e-10
double_settle,down,0.5,1.0,7,4.941412446044069e-05,4.9409104013307117e-05,9.882322847374781e-05,2.2326047731323013e-10
double_settle,down,0.5,1.0,8,1.9883678583028086e-05,1.9866230087473013e-05,3.9749908670501095e-05,-3.6166703948435606e-17
double_settle,down,0.5,1.0,9,8.546440991494819e-06,8.624889384236667e-06,1.7171330375731487e-05,-1.897301474668616e-16
double_settle,down,0.5,1.0,10,6.575300820941266e-06,6.6986561887460995e-06,1.3273957009687364e-05,1.4630104248756187e-16
double_settle,down,0.5,1.0,11,3.509199688835451e-05,3.5108697355212824e-05,7.020069424356734e-05,2.8470485903371444e-15
double_settle,down,2.0,1.0,0,0.00011610534785347682,0.00011610584158248117,0.00023221118943595799,1.4133927600276774e-15
double_settle,down,2.0,1.0,1,6.873961831530551e-05,6.873961831473708e-05,0.00013747923663004258,-9.631151638281785e-17
double_settle,down,2.0,1.0,2,0.00019125174575293613,0.00019125174575691518,0.00038250349150985134,4.377854954037653e-11
double_settle,down,2.0,1.0,3,0.0004092110753518341,0.0004092110754137934,0.0008184221507656275,2.149771117546595e-10
double_settle,down,2.0,1.0,4,0.00011620121574253517,0.00011620121574196674,0.00023240243148450193,-1.4040039252337273e-10
double_settle,down,2.0,1.0,5,3.6178771836716805e-05,3.6178771838422106e-05,7.235754367513891e-05,4.158707935748085e-16
double_settle,down,2.0,1.0,6,0.0001259774252142165,0.0001259774252108059,0.0002519548504250224,3.390200190774446e-10
double_settle,down,2.0,1.0,7,0.00016361843179879543,0.00016361843180277448,0.0003272368636015699,1.769336669632597e-10
double_settle,down,2.0,1.0,8,0.00012446741704451368,0.00012446741704394526,0.0002489348340884589,2.0203795678403933e-10
double_settle,down,2.0,1.0,9,9.075681611903974e-05,9.075681611903974e-05,0.00018151363223807947,3.169635276070273e-15
double_settle,down,2.0,1.0,10,3.6590327567864734e-09,3.6590321883522847e-09,7.3180649451387586e-09,3.039192757894247e-20
double_settle,down,2.0,1.0,11,8.054547748912456e-05,8.054547748855612e-05,0.00016109095497768066,-6.984041950535211e-16
double_settle,fresh,0.0,1.005,0,0.09495585971927083,0.09483375068427578,0.1897896104035466,-4.1798757440883477e-10
double_settle,fresh,0.0,1.005,1,0.094834126703151,0.09478091064869634,0.18961503735184734,-1.05178268947029e-09
double_settle,fresh,0.0,1.005,2,0.0945669063549047,0.09481444383733698,0.18938135019224167,-2.2765927029442244e-09
double_settle,fresh,0.0,1.005,3,0.09477106570918004,0.09478681845693987,0.1895578841661199,-2.7913990996564647e-09
double_settle,fresh,0.0,1.005,4,0.0947732038056171,0.09475171572603969,0.1895249195316568,-3.153053095479067e-09
double_settle,fresh,0.0,1.005,5,0.09477001406341885,0.09476146295176405,0.18953147701518291,-3.1193830375073317e-09
double_settle,fresh,0.0,1.005,6,0.09484049327837157,0.09471874333076352,0.1895592366091351,-8.807860189148923e-10
double_settle,fresh,0.0,1.005,7,0.09465161634676583,0.09467871390361576,0.1893303302503816,-1.644510470458445e-09
double_settle,fresh,0.0,1.005,8,0.09480301682686924,0.09476952051227762,0.18957253733914686,-2.503698119405582e-09
double_settle,fresh,0.0,1.005,9,0.09484684994113414,0.09480989805896518,0.18965674800009932,-1.7925028383598928e-09
double_settle,fresh,0.0,1.005,10,0.0948874131003031,0.09478338783538078,0.1896708009356839,-4.672552308866587e-10
double_settle,fresh,0.0,1.005,11,0.094760734769936,0.09485904606257277,0.18961978083250877,-9.142068332907627e-10
double_settle,fresh,0.5,1.005,0,0.030891003099329108,0.030890903847621144,0.06178190694695025,4.744554959163028e-10
double_settle,fresh,0.5,1.005,1,0.06185551180360724,0.06185633333087164,0.12371184513447889,4.6179032177319667e-10
double_settle,fresh,0.5,1.005,2,0.030869350740386273,0.03087004999995251,0.06173940074033878,8.746265758987245e-11
double_settle,fresh,0.5,1.005,3,0.06193685375202444,0.061936673251343416,0.12387352700336786,-1.7000401723350995e-10
double_settle,fresh,0.5,1.005,4,0.06194408501820108,0.0619443830840823,0.12388846810228338,-4.687458271922961e-11
double_settle,fresh,0.5,1.005,5,0.061953062449016744,0.06195317135734368,0.12390623380636043,-1.989750398875845e-10
double_settle,fresh,0.5,1.005,6,0.06162691859910426,0.06163043740607291,0.12325735600517718,6.372369214310743e-10
double_settle,fresh,0.5,1.005,7,0.030844142130223812,0.030843829856935887,0.061687971987159695,-2.0678515276712093e-10
double_settle,fresh,0.5,1.005,8,0.06191407765780752,0.06191447644589496,0.12382855410370248,2.2822671429465077e-11
double_settle,fresh,0.5,1.005,9,0.06183899424217805,0.06183981332504579,0.12367880756722384,2.6564294719221553e-10
double_settle,fresh,0.5,1.005,10,0.06142215100500122,0.061429247078657385,0.12285139808365861,5.435354624035527e-10
double_settle,fresh,0.5,1.005,11,0.0617305111554288,0.061728396772628445,0.12345890792805725,3.09476646060322e-10
double_settle,fresh,2.0,1.005,0,0.030844038040849727,-0.000571888494365742,0.030272149546483985,1.2456621808845041e-10
double_settle,fresh,2.0,1.005,1,0.03073976800257148,0.03073976800259432,0.0614795360051658,1.2189989181055576e-10
double_settle,fresh,2.0,1.005,2,0.030852942093495154,-0.0005629844340118606,0.030289957659483294,-6.6596094873884e-11
double_settle,fresh,2.0,1.005,3,0.030760524728516665,0.03076052472851268,0.061521049457029346,-1.383070964115732e-11
double_settle,fresh,2.0,1.005,4,0.030756358765126165,0.030756358765137593,0.06151271753026376,6.298683113714072e-11
double_settle,fresh,2.0,1.005,5,0.030763601953889566,0.03076360195389315,0.06152720390778271,4.3866242412457305e-12
double_settle,fresh,2.0,1.005,6,0.03072093291551487,0.0307209329155491,0.06144186583106397,2.343896534250282e-10
double_settle,fresh,2.0,1.005,7,0.030863030509814458,-0.0005528959349615814,0.030310134574852876,3.6256651294003563e-10
double_settle,fresh,2.0,1.005,8,0.03075680380651051,0.030756803806518476,0.06151360761302899,1.704211457565828e-11
double_settle,fresh,2.0,1.005,9,0.030917496929686913,-0.0004983114514922249,0.03041918547819469,4.694670462783238e-10
double_settle,fresh,2.0,1.005,10,0.03089001615021477,-0.0005259081025475721,0.030364108047667197,4.062183424796005e-10
double_settle,fresh,2.0,1.005,11,0.030721711761801666,0.03072171176176303,0.061443423523564696,1.013160919800566e-10
double_settle,up,0.0,1.005,0,0.09499712031972997,0.09499712031972997,0.18999424063945994,-2.3985984603931674e-09
double_settle,up,0.0,1.005,1,0.09499712031972997,0.09499712031972997,0.18999424063945994,-2.3985984603931674e-09
double_settle,up,0.0,1.005,2,0.09499712031972997,0.09499712031972997,0.18999424063945994,-2.3985984603931674e-09
double_settle,up,0.0,1.005,3,0.09499712031972997,0.09499712031972997,0.18999424063945994,-2.3985984603931674e-09
double_settle,up,0.0,1.005,4,0.09499712031972997,0.09499712031972997,0.18999424063945994,-2.3985984603931674e-09
double_settle,up,0.0,1.005,5,0.09499712031972997,0.09499712031972997,0.18999424063945994,-2.3985984603931674e-09
double_settle,up,0.0,1.005,6,0.09499712031972997,0.09499712031972997,0.18999424063945994,-2.3985984603931674e-09
double_settle,up,0.0,1.005,7,0.09499712031972997,0.09499712031972997,0.18999424063945994,-2.3985984603931674e-09
double_settle,up,0.0,1.005,8,0.09499712031972997,0.09499712031972997,0.18999424063945994,-2.3985984603931674e-09
double_settle,up,0.0,1.005,9,0.09499712031972997,0.09499712031972997,0.18999424063945994,-2.3985984603931674e-09
double_settle,up,0.0,1.005,10,0.09499712031972997,0.09499712031972997,0.18999424063945994,-2.3985984603931674e-09
double_settle,up,0.0,1.005,11,0.09499712031972997,0.09499712031972997,0.18999424063945994,-2.3985984603931674e-09
double_settle,up,0.5,1.005,0,0.034065932922403154,0.034065932922403154,0.06813186584480631,-1.4839222559336948e-10
double_settle,up,0.5,1.005,1,0.03406593292240303,0.03406593292240303,0.06813186584480606,-1.483921333503763e-10
double_settle,up,0.5,1.005,2,0.034065932922403154,0.034065932922403154,0.06813186584480631,-1.4839222559336948e-10
double_settle,up,0.5,1.005,3,0.034065932922403154,0.034065932922403154,0.06813186584480631,-1.4839222559336948e-10
double_settle,up,0.5,1.005,4,0.034065932922403154,0.034065932922403154,0.06813186584480631,-1.4839222559336948e-10
double_settle,up,0.5,1.005,5,0.034065932922403154,0.034065932922403154,0.06813186584480631,-1.4839222559336948e-10
double_settle,up,0.5,1.005,6,0.034065932922403154,0.034065932922403154,0.06813186584480631,-1.4839222559336948e-10
double_settle,up,0.5,1.005,7,0.034065932922403154,0.034065932922403154,0.06813186584480631,-1.4839222559336948e-10
double_settle,up,0.5,1.005,8,0.034065932922403154,0.034065932922403154,0.06813186584480631,-1.4839222559336948e-10
double_settle,up,0.5,1.005,9,0.034065932922403154,0.034065932922403154,0.06813186584480631,-1.4839222559336948e-10
double_settle,up,0.5,1.005,10,0.034065932922403154,0.034065932922403154,0.06813186584480631,-1.4839222559336948e-10
double_settle,up,0.5,1.005,11,0.034065932922403154,0.034065932922403154,0.06813186584480631,-1.4839222559336948e-10
double_settle,up,2.0,1.005,0,0.0024569647831586394,0.0024569647831586394,0.004913929566317279,-3.6527531887358846e-12
double_settle,up,2.0,1.005,1,0.0024569647831586394,0.0024569647831586394,0.004913929566317279,-3.6530864144094714e-12
double_settle,up,2.0,1.005,2,0.0024569647831586394,0.0024569647831586394,0.004913929566317279,-3.6527531887358846e-12
double_settle,up,2.0,1.005,3,0.0024569647831586394,0.0024569647831586394,0.004913929566317279,-3.6527531887358846e-12
double_settle,up,2.0,1.005,4,0.0024569647831586394,0.0024569647831586394,0.004913929566317279,-3.6527531887358846e-12
double_settle,up,2.0,1.005,5,0.0024569647831586394,0.0024569647831586394,0.004913929566317279,-3.6527531887358846e-12
double_settle,up,2.0,1.005,6,0.0024569647831586394,0.0024569647831586394,0.004913929566317279,-3.6527531887358846e-12
double_settle,up,2.0,1.005,7,0.0024569647831586394,0.0024569647831586394,0.004913929566317279,-3.6527531887358846e-12
double_settle,up,2.0,1.005,8,0.0024569647831586394,0.0024569647831586394,0.004913929566317279,-3.6527531887358846e-12
double_settle,up,2.0,1.005,9,0.0024569647831586394,0.0024569647831586394,0.004913929566317279,-3.6527531887358846e-12
double_settle,up,2.0,1.005,10,0.0024569647831586394,0.0024569647831586394,0.004913929566317279,-3.6527531887358846e-12
double_settle,up,2.0,1.005,11,0.0024569647831586394,0.0024569647831586394,0.004913929566317279,-3.6527531887358846e-12
double_settle,down,0.0,1.005,0,0.11368355799664755,0.09542777062773553,0.20911132862438309,-2.4155698873807742e-09
double_settle,down,0.0,1.005,1,0.09543564450243025,0.09475787611839792,0.19019352062082817,-2.7953438322412817e-09
double_settle,down,0.0,1.005,2,0.09726292531675426,0.09509661735213967,0.19235954266889393,-2.5210400444570063e-09
double_settle,down,0.0,1.005,3,0.09469632159131038,0.09480179169879761,0.189498113290108,-1.2463688256364648e-09
double_settle,down,0.0,1.005,4,0.09470853976336116,0.09461110005441582,0.189319639817777,-2.0500738841929227e-09
double_settle,down,0.0,1.005,5,0.09469053421390072,0.09464861632993461,0.18933915054383532,-8.285742899630449e-10
double_settle,down,0.0,1.005,6,0.09557912997292987,0.09455128138107512,0.190130411354005,-2.5115618606328932e-09
double_settle,down,0.0,1.005,7,0.09468195612922614,0.09459136463173877,0.18927332076096492,-2.1755144353379683e-09
double_settle,down,0.0,1.005,8,0.09495427512742935,0.09468786641886937,0.18964214154629871,-2.2663888164614415e-09
double_settle,down,0.0,1.005,9,0.09574409152513909,0.09503601513230933,0.19078010665744843,-1.9146793640670625e-09
double_settle,down,0.0,1.005,10,0.0977141343795438,0.09477560838039381,0.1924897427599376,-2.446071487408144e-09
double_settle,down,0.0,1.005,11,0.09464544746096863,0.0961370110578855,0.19078245851885411,-2.486792333022154e-09
double_settle,down,0.5,1.005,0,0.03016365717414317,0.029601193338724557,0.05976485051286773,2.316649779812003e-10
double_settle,down,0.5,1.005,1,0.030760694332638536,0.030800853719044313,0.061561548051682846,3.4057668685213804e-10
double_settle,down,0.5,1.005,2,0.030842011622504516,0.030842416194317365,0.06168442781682188,-1.3703010023890105e-10
double_settle,down,0.5,1.005,3,0.030791004587871384,0.030787521777187975,0.06157852636505936,-1.3290875546846422e-10
double_settle,down,0.5,1.005,4,0.030458277573724216,0.030440394677224276,0.06089867225094849,-2.1511490042440583e-10
double_settle,down,0.5,1.005,5,0.031253430775934704,0.03132421532270655,0.06257764609864125,5.607573654196187e-10
double_settle,down,0.5,1.005,6,0.03297331296174491,0.0016019884516384763,0.034575301413383386,2.321837457844089e-10
double_settle,down,0.5,1.005,7,0.005305133131669777,0.03533335997398751,0.040638493105657286,2.000932748426397e-10
double_settle,down,0.5,1.005,8,0.030792536227772872,0.030791170151621826,0.0615837063793947,-1.3982241401759863e-10
double_settle,down,0.5,1.005,9,0.030689202802464025,0.030693223852604205,0.061382426655068226,-1.9675711046368884e-10
double_settle,down,0.5,1.005,10,0.03066872271371153,0.030674652674269963,0.06134337538798149,-2.104088985325661e-10
double_settle,down,0.5,1.005,11,0.030873335456630003,0.03086809751392252,0.061741432970552526,2.4775159733003877e-10
double_settle,down,2.0,1.005,0,0.030268419374144172,-0.001147482492394829,0.029120936881749344,2.676186046889003e-10
double_settle,down,2.0,1.005,1,0.03077965678263041,-0.0006362697012636431,0.030143387081366768,2.5959300893904326e-10
double_settle,down,2.0,1.005,2,0.0015593975583607289,0.001559397560272231,0.00311879511863296,3.994096318883226e-10
double_settle,down,2.0,1.005,3,0.002401452255644472,0.0024014422727441343,0.004802894528388606,3.4978952964935614e-10
double_settle,down,2.0,1.005,4,0.02597636312573485,-0.003471943500228747,0.022504419625506103,1.8811897367558709e-10
double_settle,down,2.0,1.005,5,-0.0005763314780759288,0.03083959505676063,0.0302632635786847,1.0126568191661667e-10
double_settle,down,2.0,1.005,6,0.00391301506957916,0.003910669005173872,0.007823684074753031,3.080741880523363e-10
double_settle,down,2.0,1.005,7,0.0016885278228170363,0.0016885278676407722,0.0033770556904578084,3.894978702217666e-10
double_settle,down,2.0,1.005,8,0.00472667922962529,0.00469901012430256,0.00942568935392785,1.7805051075880645e-10
double_settle,down,2.0,1.005,9,0.030398840471551693,-0.0010170843420286247,0.029381756129523068,1.0267733886936951e-10
double_settle,down,2.0,1.005,10,0.030588138380798,-0.0008277877523221377,0.029760350628475863,1.626803372096192e-10
double_settle,down,2.0,1.005,11,0.030642028825106707,-0.0007738973649227887,0.029868131460183918,2.2994646149067737e-10
double_settle,fresh,0.0,1.01,0,0.132267664069836,0.14448021080278048,0.2767478748726165,-6.004905989180977e-10
double_settle,fresh,0.0,1.01,1,0.14442489886845375,0.15039806595666336,0.2948229648251171,-9.28106842666692e-10
double_settle,fresh,0.0,1.01,2,0.15535449345467897,0.14710426033400328,0.30245875378868226,-2.138692553465063e-09
double_settle,fresh,0.0,1.01,3,0.15108943009852566,0.14992995415695487,0.3010193842554805,-2.441645920641515e-09
double_settle,fresh,0.0,1.01,4,0.15094804567470507,0.15218115327099993,0.303129198945705,-2.8340457454791648e-09
double_settle,fresh,0.0,1.01,5,0.15115729269141373,0.15167064998842517,0.3028279426798389,-2.799588415472028e-09
double_settle,fresh,0.0,1.01,6,0.14347317011829516,0.15346863534599892,0.29694180546429405,-9.447853309558985e-10
double_settle,fresh,0.0,1.01,7,0.15490693570306088,0.154453094931431,0.3093600306344919,-1.6834169217371865e-09
double_settle,fresh,0.0,1.01,8,0.14840891952326418,0.1511887677464473,0.2995976872697115,-2.068426904089988e-09
double_settle,fresh,0.0,1.01,9,0.14250576236989443,0.14764697286637962,0.29015273523627405,-1.4165366934109447e-09
double_settle,fresh,0.0,1.01,10,0.13697880778167712,0.15020695528496886,0.287185763066646,-5.60554346270301e-10
double_settle,fresh,0.0,1.01,11,0.15171138665721856,0.1406672182426471,0.29237860489986567,-6.084781347062118e-10
double_settle,fresh,0.5,1.01,0,0.032917075493355055,0.03266355754408971,0.06558063303744477,4.204093692943041e-10
double_settle,fresh,0.5,1.01,1,0.06356155005075195,0.0635606600982235,0.12712221014897546,4.241685979894946e-10
double_settle,fresh,0.5,1.01,2,0.03248563041202199,0.03248017464858843,0.06496580506061042,9.296179803418772e-11
double_settle,fresh,0.5,1.01,3,0.06352916904445743,0.063529372951459,0.12705854199591643,-1.4685891271013654e-10
double_settle,fresh,0.5,1.01,4,0.06351466060518597,0.06351433160131668,0.12702899220650266,-2.3636313060013003e-11
double_settle,fresh,0.5,1.01,5,0.06351783112163656,0.06351770900089629,0.12703554012253285,-1.7749322675180423e-10
double_settle,fresh,0.5,1.01,6,0.06356993910008518,0.06356721627615206,0.12713715537623724,6.025758488226835e-10
double_settle,fresh,0.5,1.01,7,0.032538480295048584,0.03251999809849278,0.06505847839354137,-2.0854433964790378e-10
double_settle,fresh,0.5,1.01,8,0.06353666086871025,0.06353621554900477,0.12707287641771503,3.844955981618737e-11
double_settle,fresh,0.5,1.01,9,0.06358388606174593,0.06358298394218904,0.12716687000393498,2.5880406714042376e-10
double_settle,fresh,0.5,1.01,10,0.06370259018227195,0.06369752905895414,0.12740011924122607,5.303868460131661e-10
double_settle,fresh,0.5,1.01,11,0.06358320352265832,0.06358518074307218,0.12716838426573052,3.389510988863627e-10
double_settle,fresh,2.0,1.01,0,0.030372803928304045,-0.0010421928065673814,0.029330611121736662,1.2361151661205802e-10
double_settle,fresh,2.0,1.01,1,0.03035990564486281,0.030359904014078665,0.06071980965894147,1.2230637809637787e-10
double_settle,fresh,2.0,1.01,2,0.030509613030731,-0.0009057949974454149,0.029603818033285583,-6.698837295264185e-11
double_settle,fresh,2.0,1.01,3,0.03015439152097879,0.030154393458179926,0.06030878497915872,-1.3337064764582118e-11
double_settle,fresh,2.0,1.01,4,0.02997669755339329,0.02997668458485303,0.05995338213824632,6.09435333205757e-11
double_settle,fresh,2.0,1.01,5,0.03003293369152588,0.030032929878757796,0.06006586357028368,4.290379220466761e-12
double_settle,fresh,2.0,1.01,6,0.030126381440206674,0.030126375360420177,0.06025275680062685,2.3132267924239725e-10
double_settle,fresh,2.0,1.01,7,0.009199047122527917,0.00906622967951603,0.01826527680204395,3.0334263539209696e-10
double_settle,fresh,2.0,1.01,8,0.030209967068762982,0.03020996459877912,0.0604199316675421,1.6811620721675722e-11
double_settle,fresh,2.0,1.01,9,0.0011048854808511387,0.030771447744810124,0.03187633322566126,4.3695315637975543e-10
double_settle,fresh,2.0,1.01,10,0.008673987820440461,0.008689842516557406,0.017363830336997867,3.5719408209778283e-10
double_settle,fresh,2.0,1.01,11,0.030366314963345173,0.030366316554334728,0.0607326315176799,1.00412136055915e-10
double_settle,up,0.0,1.01,0,0.12735080253531897,0.12735080253531897,0.25470160507063794,-2.3831786334986985e-09
double_settle,up,0.0,1.01,1,0.12735080253531897,0.12735080253531897,0.25470160507063794,-2.3831786334986985e-09
double_settle,up,0.0,1.01,2,0.12735080253531897,0.12735080253531897,0.25470160507063794,-2.3831786334986985e-09
double_settle,up,0.0,1.01,3,0.12735080253531897,0.12735080253531897,0.25470160507063794,-2.3831786334986985e-09
double_settle,up,0.0,1.01,4,0.12735080253531897,0.12735080253531897,0.25470160507063794,-2.3831786334986985e-09
double_settle,up,0.0,1.01,5,0.12735080253531897,0.12735080253531897,0.25470160507063794,-2.3831786334986985e-09
double_settle,up,0.0,1.01,6,0.12735080253531897,0.12735080253531897,0.25470160507063794,-2.3831786334986985e-09
double_settle,up,0.0,1.01,7,0.12735080253531897,0.12735080253531897,0.25470160507063794,-2.3831786334986985e-09
double_settle,up,0.0,1.01,8,0.12735080253531897,0.12735080253531897,0.25470160507063794,-2.3831786334986985e-09
double_settle,up,0.0,1.01,9,0.12735080253531897,0.12735080253531897,0.25470160507063794,-2.3831786334986985e-09
double_settle,up,0.0,1.01,10,0.12735080253531897,0.12735080253531897,0.25470160507063794,-2.3831786334986985e-09
double_settle,up,0.0,1.01,11,0.12735080253531897,0.12735080253531897,0.25470160507063794,-2.3831786334986985e-09
double_settle,up,0.5,1.01,0,0.09096618930703677,0.09096618930703677,0.18193237861407355,-1.4767544982491125e-10
double_settle,up,0.5,1.01,1,0.09096618930703648,0.09096618930703645,0.18193237861407294,-1.4767328289974812e-10
double_settle,up,0.5,1.01,2,0.09096618930703677,0.09096618930703677,0.18193237861407355,-1.4767544982491125e-10
double_settle,up,0.5,1.01,3,0.09096618930703677,0.09096618930703677,0.18193237861407355,-1.4767544982491125e-10
double_settle,up,0.5,1.01,4,0.09096618930703677,0.09096618930703677,0.18193237861407355,-1.4767544982491125e-10
double_settle,up,0.5,1.01,5,0.09096618930703677,0.09096618930703677,0.18193237861407355,-1.4767544982491125e-10
double_settle,up,0.5,1.01,6,0.09096618930703677,0.09096618930703677,0.18193237861407355,-1.4767544982491125e-10
double_settle,up,0.5,1.01,7,0.09096618930703677,0.09096618930703677,0.18193237861407355,-1.4767544982491125e-10
double_settle,up,0.5,1.01,8,0.09096618930703677,0.09096618930703677,0.18193237861407355,-1.4767544982491125e-10
double_settle,up,0.5,1.01,9,0.09096618930703677,0.09096618930703677,0.18193237861407355,-1.4767544982491125e-10
double_settle,up,0.5,1.01,10,0.09096618930703677,0.09096618930703677,0.18193237861407355,-1.4767544982491125e-10
double_settle,up,0.5,1.01,11,0.09096618930703677,0.09096618930703677,0.18193237861407355,-1.4767544982491125e-10
double_settle,up,2.0,1.01,0,0.031197807427889516,0.031197807427889516,0.06239561485577903,-3.7300549838207236e-12
double_settle,up,2.0,1.01,1,0.031197807427889527,0.031197807427889527,0.062395614855779054,-3.730878577325649e-12
double_settle,up,2.0,1.01,2,0.031197807427889516,0.031197807427889516,0.06239561485577903,-3.7300549838207236e-12
double_settle,up,2.0,1.01,3,0.031197807427889516,0.031197807427889516,0.06239561485577903,-3.7300549838207236e-12
double_settle,up,2.0,1.01,4,0.031197807427889516,0.031197807427889516,0.06239561485577903,-3.7300549838207236e-12
double_settle,up,2.0,1.01,5,0.031197807427889516,0.031197807427889516,0.06239561485577903,-3.7300549838207236e-12
double_settle,up,2.0,1.01,6,0.031197807427889516,0.031197807427889516,0.06239561485577903,-3.7300549838207236e-12
double_settle,up,2.0,1.01,7,0.031197807427889516,0.031197807427889516,0.06239561485577903,-3.7300549838207236e-12
double_settle,up,2.0,1.01,8,0.031197807427889516,0.031197807427889516,0.06239561485577903,-3.7300549838207236e-12
double_settle,up,2.0,1.01,9,0.031197807427889516,0.031197807427889516,0.06239561485577903,-3.7300549838207236e-12
double_settle,up,2.0,1.01,10,0.031197807427889516,0.031197807427889516,0.06239561485577903,-3.7300549838207236e-12
double_settle,up,2.0,1.01,11,0.031197807427889516,0.031197807427889516,0.06239561485577903,-3.7300549838207236e-12
double_settle,down,0.0,1.01,0,0.12713051219273552,0.12767937742852495,0.2548098896212605,-2.3852785434508833e-09
double_settle,down,0.0,1.01,1,0.12767094859523354,0.14688160271575385,0.2745525513109874,-1.982946850595177e-09
double_settle,down,0.0,1.01,2,0.13021857709986648,0.12844285225241833,0.2586614293522848,-2.550525364050256e-09
double_settle,down,0.0,1.01,3,0.15274708758346947,0.1387796100394405,0.29152669762290995,-1.2455128431704902e-09
double_settle,down,0.0,1.01,4,0.15205807396249044,0.15513345901521802,0.30719153297770846,-2.2475264728203304e-09
double_settle,down,0.0,1.01,5,0.1530248937892293,0.15442209539919077,0.30744698918842006,-9.536660887780996e-10
double_settle,down,0.0,1.01,6,0.1275482710697213,0.15572652003716597,0.28327479110688725,-2.5537424640760132e-09
double_settle,down,0.0,1.01,7,0.15445546830917123,0.15530539512197378,0.309760863431145,-1.1179715884701971e-09
double_settle,down,0.0,1.01,8,0.12967940849419507,0.15314398562616247,0.2828233941203575,-2.428255248148873e-09
double_settle,down,0.0,1.01,9,0.1274554062113873,0.12880349782950928,0.2562589040408966,-1.825185531276992e-09
double_settle,down,0.0,1.01,10,0.12719147789563182,0.1437229943311752,0.270914472226807,-2.332380191665334e-09
double_settle,down,0.0,1.01,11,0.15449667112600196,0.12733197533941734,0.2818286464654193,-2.5348552773380262e-09
double_settle,down,0.5,1.01,0,0.032351330349939644,0.032356409695223645,0.06470774004516329,-7.528541725020706e-11
double_settle,down,0.5,1.01,1,0.061481898563552594,0.06148928252501548,0.12297118108856808,5.728384642907818e-10
double_settle,down,0.5,1.01,2,0.05971557195630567,0.028901140108723668,0.08861671206502933,-1.7647998530535892e-10
double_settle,down,0.5,1.01,3,0.029572162193859983,0.06094144019529324,0.09051360238915322,2.521153570717968e-11
double_settle,down,0.5,1.01,4,0.032405940911516495,0.03240125203243508,0.06480719294395157,-3.9084514991815524e-11
double_settle,down,0.5,1.01,5,0.030459002376812237,0.06133907594340201,0.09179807832021425,5.188355231672336e-10
double_settle,down,0.5,1.01,6,0.032958249399596865,0.033093206494059474,0.06605145589365634,-1.9618282323423935e-10
double_settle,down,0.5,1.01,7,0.03244470803666388,0.03242759078225333,0.0648722988189172,-1.5409158307242705e-10
double_settle,down,0.5,1.01,8,0.029504476676723356,0.06085065604960789,0.09035513272633125,-2.075063498251764e-10
double_settle,down,0.5,1.01,9,0.06099655310268815,0.029622077964306187,0.09061863106699433,-1.8814147758730372e-10
double_settle,down,0.5,1.01,10,0.06104027074407156,0.029677249214443577,0.09071751995851514,-5.246293012100622e-11
double_settle,down,0.5,1.01,11,0.033399598517805204,0.03284584791879922,0.06624544643660443,1.8887387082516063e-10
double_settle,down,2.0,1.01,0,-0.00015782151708421566,0.03125810495342634,0.031100283436342125,5.4042056040633715e-11
double_settle,down,2.0,1.01,1,0.030651304229198786,-0.0007644980935526746,0.02988680613564611,2.1105983706950602e-10
double_settle,down,2.0,1.01,2,-0.00011099482323501775,0.03130493170008194,0.03119393687684692,1.212221516643066e-10
double_settle,down,2.0,1.01,3,-0.00011591999329795044,0.031300006535152816,0.031184086541854866,2.306761066046063e-11
double_settle,down,2.0,1.01,4,0.03126390503798575,-0.00015202146733486188,0.031111883570650888,3.9671918631864776e-12
double_settle,down,2.0,1.01,5,0.03050726104732405,-0.0009084101026473945,0.029598850944676656,1.6963952792438122e-10
double_settle,down,2.0,1.01,6,0.03128254797877702,-0.00013337854188108622,0.031149169436895933,6.166093663293579e-11
double_settle,down,2.0,1.01,7,-0.00011440620782892097,0.03130152031545876,0.03118711410762984,1.1200554240506964e-10
double_settle,down,2.0,1.01,8,0.0312754665869889,-0.0001404599339409174,0.03113500665304798,-1.5317155182025922e-11
double_settle,down,2.0,1.01,9,0.031156467970876064,-0.00025945821867821904,0.030897009752197845,-2.1263294185993268e-11
double_settle,down,2.0,1.01,10,-0.00020345032712896228,0.03121247602552046,0.031009025698391497,1.4350605775774075e-11
double_settle,down,2.0,1.01,11,0.031049093564685677,-0.00036683081146009043,0.030682262753225584,1.0481585658195047e-10
double_settle,fresh,0.0,1.02,0,0.18993772126973987,0.1900418076695688,0.37997952893930864,-5.058038876456444e-10
double_settle,fresh,0.0,1.02,1,0.19004115867258037,0.19017296412471865,0.38021412279729905,-1.2699135445294982e-09
double_settle,fresh,0.0,1.02,2,0.21713691495275175,0.19007969850389597,0.4072166134566477,-2.5055521513606234e-09
double_settle,fresh,0.0,1.02,3,0.19020931186839785,0.19015338446013427,0.38036269632853215,-2.5280811013479042e-09
double_settle,fresh,0.0,1.02,4,0.1902009931219978,0.19029725867703712,0.38049825179903496,-2.7025778271835555e-09
double_settle,fresh,0.0,1.02,5,0.1902134952821098,0.19024991161320276,0.38046340689531255,-2.685630345116168e-09
double_settle,fresh,0.0,1.02,6,0.19003063038015092,0.19052165048932238,0.3805522808694733,-1.0215679363246681e-09
double_settle,fresh,0.0,1.02,7,0.19179110073452427,0.19104642178829742,0.38283752252282166,-1.6891887567738232e-09
double_settle,fresh,0.0,1.02,8,0.19010698466795536,0.19021547990343732,0.3803224645713927,-2.2890606646305037e-09
double_settle,fresh,0.0,1.02,9,0.1900209388063283,0.19009007098048708,0.3801110097868154,-1.944900396035834e-09
double_settle,fresh,0.0,1.02,10,0.18997476641832187,0.19016456352693553,0.3801393299452574,-5.234364610679143e-10
double_settle,fresh,0.0,1.02,11,0.1902532221778452,0.19000441625135345,0.3802576384291987,-7.614401959685455e-10
double_settle,fresh,0.5,1.02,0,0.06089722493708779,0.06095608764522169,0.12185331258230947,3.6819651899104525e-10
double_settle,fresh,0.5,1.02,1,0.09545278873060205,0.09543946127116844,0.19089225000177049,3.8661737336793e-10
double_settle,fresh,0.5,1.02,2,0.03800381460378605,0.06647958803427695,0.104483402638063,2.7381136427191388e-11
double_settle,fresh,0.5,1.02,3,0.09526274481299891,0.09526482878605214,0.19052757359905104,-1.210295876941381e-10
double_settle,fresh,0.5,1.02,4,0.09521900766854613,0.09521575460851123,0.19043476227705736,3.6532288448605454e-12
double_settle,fresh,0.5,1.02,5,0.09521898332208797,0.09521782137414457,0.19043680469623253,-1.5426391583225905e-10
double_settle,fresh,0.5,1.02,6,0.09596889332653269,0.09582165238560006,0.19179054571213275,5.648527312182415e-10
double_settle,fresh,0.5,1.02,7,0.04339870841892655,0.06418894662595989,0.10758765504488643,-8.171342705752245e-11
double_settle,fresh,0.5,1.02,8,0.09530832592262983,0.0953032826314544,0.19061160855408424,5.901375979019915e-11
double_settle,fresh,0.5,1.02,9,0.0955412661701378,0.09552675991003538,0.1910680260801732,2.5403341358907277e-10
double_settle,fresh,0.5,1.02,10,0.09787523179086514,0.09694433410882487,0.19481956589969002,5.151169457827188e-10
double_settle,fresh,0.5,1.02,11,0.09570875578426481,0.0957673861505225,0.1914761419347873,3.7334890069125537e-10
double_settle,fresh,2.0,1.02,0,0.0012155504330856105,0.032631476269847984,0.033847026702933596,7.572036399984401e-11
double_settle,fresh,2.0,1.02,1,0.032460563258796385,0.03246056322970753,0.06492112648850391,1.090321319627343e-10
double_settle,fresh,2.0,1.02,2,0.0012631546908031767,0.03267907787653456,0.033942232567337735,6.078996406047676e-11
double_settle,fresh,2.0,1.02,3,0.03241570957348599,0.032415709577011655,0.06483141915049764,-3.9604830780661165e-12
double_settle,fresh,2.0,1.02,4,0.03238838138767437,0.03238838137798042,0.06477676276565479,6.697375074956762e-11
double_settle,fresh,2.0,1.02,5,0.03240039672095499,0.03240039671806988,0.06480079343902487,7.319437269175546e-12
double_settle,fresh,2.0,1.02,6,0.03241291166507477,0.03241291161883141,0.06482582328390618,2.1368361721353688e-10
double_settle,fresh,2.0,1.02,7,0.001751178526113284,0.033160857600255465,0.03491203612636875,3.645282628370751e-10
double_settle,fresh,2.0,1.02,8,0.032423886760819545,0.03242388675324764,0.06484777351406718,2.3743909515059106e-11
double_settle,fresh,2.0,1.02,9,0.02967044290478201,0.029670443727613266,0.05934088663239528,4.1880542020524785e-10
double_settle,fresh,2.0,1.02,10,0.006078119422173342,0.031003631913196016,0.03708175133536936,3.7883633893164634e-10
double_settle,fresh,2.0,1.02,11,0.03247646576279707,0.03247646582480074,0.06495293158759781,1.1804733706926139e-10
double_settle,up,0.0,1.02,0,0.19026181334670114,0.19026181334670114,0.3805236266934023,-2.3225937734024945e-09
double_settle,up,0.0,1.02,1,0.19026181334670114,0.19026181334670114,0.3805236266934023,-2.3225937734024945e-09
double_settle,up,0.0,1.02,2,0.19026181334670114,0.19026181334670114,0.3805236266934023,-2.3225937734024945e-09
double_settle,up,0.0,1.02,3,0.19026181334670114,0.19026181334670114,0.3805236266934023,-2.3225937734024945e-09
double_settle,up,0.0,1.02,4,0.19026181334670114,0.19026181334670114,0.3805236266934023,-2.3225937734024945e-09
double_settle,up,0.0,1.02,5,0.19026181334670114,0.19026181334670114,0.3805236266934023,-2.3225937734024945e-09
double_settle,up,0.0,1.02,6,0.19026181334670114,0.19026181334670114,0.3805236266934023,-2.3225937734024945e-09
double_settle,up,0.0,1.02,7,0.19026181334670114,0.19026181334670114,0.3805236266934023,-2.3225937734024945e-09
double_settle,up,0.0,1.02,8,0.19026181334670114,0.19026181334670114,0.3805236266934023,-2.3225937734024945e-09
double_settle,up,0.0,1.02,9,0.19026181334670114,0.19026181334670114,0.3805236266934023,-2.3225937734024945e-09
double_settle,up,0.0,1.02,10,0.19026181334670114,0.19026181334670114,0.3805236266934023,-2.3225937734024945e-09
double_settle,up,0.0,1.02,11,0.19026181334670114,0.19026181334670114,0.3805236266934023,-2.3225937734024945e-09
double_settle,up,0.5,1.02,0,0.09489596451942824,0.09489596451942824,0.18979192903885647,-1.423579075359428e-10
double_settle,up,0.5,1.02,1,0.09489596451942817,0.09489596451942817,0.18979192903885633,-1.4235672574192417e-10
double_settle,up,0.5,1.02,2,0.09489596451942824,0.09489596451942824,0.18979192903885647,-1.423579075359428e-10
double_settle,up,0.5,1.02,3,0.09489596451942824,0.09489596451942824,0.18979192903885647,-1.423579075359428e-10
double_settle,up,0.5,1.02,4,0.09489596451942824,0.09489596451942824,0.18979192903885647,-1.423579075359428e-10
double_settle,up,0.5,1.02,5,0.09489596451942824,0.09489596451942824,0.18979192903885647,-1.423579075359428e-10
double_settle,up,0.5,1.02,6,0.09489596451942824,0.09489596451942824,0.18979192903885647,-1.423579075359428e-10
double_settle,up,0.5,1.02,7,0.09489596451942824,0.09489596451942824,0.18979192903885647,-1.423579075359428e-10
double_settle,up,0.5,1.02,8,0.09489596451942824,0.09489596451942824,0.18979192903885647,-1.423579075359428e-10
double_settle,up,0.5,1.02,9,0.09489596451942824,0.09489596451942824,0.18979192903885647,-1.423579075359428e-10
double_settle,up,0.5,1.02,10,0.09489596451942824,0.09489596451942824,0.18979192903885647,-1.423579075359428e-10
double_settle,up,0.5,1.02,11,0.09489596451942824,0.09489596451942824,0.18979192903885647,-1.423579075359428e-10
double_settle,up,2.0,1.02,0,0.054537848888558164,0.054537848888558164,0.10907569777711633,-1.89181390374673e-12
double_settle,up,2.0,1.02,1,0.05453784888857589,0.05453784888857591,0.1090756977771518,-1.891439694686232e-12
double_settle,up,2.0,1.02,2,0.054537848888558164,0.054537848888558164,0.10907569777711633,-1.89181390374673e-12
double_settle,up,2.0,1.02,3,0.054537848888558164,0.054537848888558164,0.10907569777711633,-1.89181390374673e-12
double_settle,up,2.0,1.02,4,0.054537848888558164,0.054537848888558164,0.10907569777711633,-1.89181390374673e-12
double_settle,up,2.0,1.02,5,0.054537848888558164,0.054537848888558164,0.10907569777711633,-1.89181390374673e-12
double_settle,up,2.0,1.02,6,0.054537848888558164,0.054537848888558164,0.10907569777711633,-1.89181390374673e-12
double_settle,up,2.0,1.02,7,0.054537848888558164,0.054537848888558164,0.10907569777711633,-1.89181390374673e-12
double_settle,up,2.0,1.02,8,0.054537848888558164,0.054537848888558164,0.10907569777711633,-1.89181390374673e-12
double_settle,up,2.0,1.02,9,0.054537848888558164,0.054537848888558164,0.10907569777711633,-1.89181390374673e-12
double_settle,up,2.0,1.02,10,0.054537848888558164,0.054537848888558164,0.10907569777711633,-1.89181390374673e-12
double_settle,up,2.0,1.02,11,0.054537848888558164,0.054537848888558164,0.10907569777711633,-1.89181390374673e-12
double_settle,down,0.0,1.02,0,0.18994250872183102,0.1901791795713416,0.3801216882931726,-2.1372628340823805e-09
double_settle,down,0.0,1.02,1,0.19017465514573814,0.1990723274243919,0.38924698257013,-2.5557383718368105e-09
double_settle,down,0.0,1.02,2,0.1909015807853666,0.19058735569855798,0.38148893648392457,-2.6150201669197557e-09
double_settle,down,0.0,1.02,3,0.21185526460332427,0.19446129012390087,0.40631655472722517,-1.067909579059045e-09
double_settle,down,0.0,1.02,4,0.20988073282620348,0.21683904496129003,0.4267197777874935,-1.827400972368934e-09
double_settle,down,0.0,1.02,5,0.21260355747798257,0.21573390450172156,0.4283374619797041,-7.083954844404442e-10
double_settle,down,0.0,1.02,6,0.19010929574079113,0.21653980620558855,0.4066491019463797,-2.6658125271714474e-09
double_settle,down,0.0,1.02,7,0.19639429460615587,0.20731314532579403,0.4037074399319499,-9.647830493915313e-10
double_settle,down,0.0,1.02,8,0.19119506447724915,0.21291321249272868,0.40410827696997786,-2.2771404991802467e-09
double_settle,down,0.0,1.02,9,0.190060847949444,0.19077258332531075,0.3808334312747548,-1.267110063791514e-09
double_settle,down,0.0,1.02,10,0.18993955901873733,0.19661094433605514,0.38655050335479246,-2.7085622223153935e-09
double_settle,down,0.0,1.02,11,0.21586755561200335,0.18999927559737217,0.4058668312093755,-2.532120701633411e-09
double_settle,down,0.5,1.02,0,0.06483316084431066,0.03355117264689511,0.09838433349120577,1.8079458768989432e-10
double_settle,down,0.5,1.02,1,0.06354820645412758,0.09086249971020209,0.15441070616432967,4.329751324461145e-10
double_settle,down,0.5,1.02,2,0.06450572330305192,0.08439717252733488,0.1489028958303868,5.415410347026759e-10
double_settle,down,0.5,1.02,3,0.06014827181216845,0.05964915520040961,0.11979742701257806,-2.1771205513447307e-10
double_settle,down,0.5,1.02,4,0.06342436929843075,0.041896398422242104,0.10532076772067285,-2.5741663893030425e-10
double_settle,down,0.5,1.02,5,0.09548594118031986,0.09546354866914555,0.19094948984946541,3.7210902424622486e-10
double_settle,down,0.5,1.02,6,0.0618676783518049,0.06183773339397021,0.12370541174577511,3.8046436611958286e-10
double_settle,down,0.5,1.02,7,0.03350640410642313,0.06467932588983331,0.09818572999625644,2.444680890212588e-10
double_settle,down,0.5,1.02,8,0.09289913090320738,0.09289039306978225,0.18578952397298965,5.617263609816269e-10
double_settle,down,0.5,1.02,9,0.06127815796015795,0.061306297228729247,0.12258445518888719,3.445788933015148e-10
double_settle,down,0.5,1.02,10,0.05824957429628398,0.05953370092350269,0.11778327521978668,-6.737598044009504e-11
double_settle,down,0.5,1.02,11,0.061188956502815584,0.059233631523854344,0.12042258802666993,1.4690325351950806e-10
double_settle,down,2.0,1.02,0,0.005220311202393191,0.034013425535107444,0.039233736737500635,3.138140734094501e-10
double_settle,down,2.0,1.02,1,0.03482249856007911,0.004467219708284347,0.03928971826836346,1.6006310030971177e-10
double_settle,down,2.0,1.02,2,0.0013805161562996204,0.03279641351847033,0.03417692967476995,1.5675752993779265e-10
double_settle,down,2.0,1.02,3,0.0019370996151081954,0.033329935959912974,0.03526703557502117,4.374739931967165e-10
double_settle,down,2.0,1.02,4,0.0327216935219414,0.0013058818997583898,0.03402757542169979,4.4847748565563426e-10
double_settle,down,2.0,1.02,5,0.029274035348721555,0.029274035345342782,0.05854807069406434,4.554994465102848e-10
double_settle,down,2.0,1.02,6,0.032623482392544645,0.001207557875399914,0.03383104026794456,1.0251472252702138e-10
double_settle,down,2.0,1.02,7,0.0013021449745076552,0.03271806027506244,0.03402020524957009,1.3293009395576625e-10
double_settle,down,2.0,1.02,8,0.03272161988952377,0.0013058515243724856,0.034027471413896254,4.4552342820643405e-10
double_settle,down,2.0,1.02,9,0.03289998853144994,0.0014840664984257046,0.03438405502987564,3.6750298922679163e-11
double_settle,down,2.0,1.02,10,0.02473072398478024,0.02509839221049418,0.04982911619527442,3.4007425157531094e-10
double_settle,down,2.0,1.02,11,0.03332634296871106,0.001910829673582839,0.035237172642293896,4.0379984656403744e-11
double_settle,fresh,0.0,1.05,0,0.31860883274873514,0.31627968637595133,0.6348885191246865,-4.321983100471775e-10
double_settle,fresh,0.0,1.05,1,0.31628431664977813,0.31574128616703967,0.6320256028168179,-1.1825494025370736e-09
double_settle,fresh,0.0,1.05,2,0.3157569900708952,0.3160580196848543,0.6318150097557496,-2.7421620462385337e-09
double_settle,fresh,0.0,1.05,3,0.3156630685705702,0.31579129576554205,0.6314543643361122,-2.2625124020481656e-09
double_settle,fresh,0.0,1.05,4,0.31567952336983557,0.31552699746770907,0.6312065208375446,-2.3546512491712493e-09
double_settle,fresh,0.0,1.05,5,0.3156550816248438,0.31559269963602504,0.6312477812608688,-2.3571742277064e-09
double_settle,fresh,0.0,1.05,6,0.3163646175654766,0.3153445514855594,0.631709169051036,-1.0640788224555399e-09
double_settle,fresh,0.0,1.05,7,0.31514330929965206,0.3151983994010379,0.63034170870069,-1.7003623552913247e-09
double_settle,fresh,0.0,1.05,8,0.31594087339162286,0.315651357323625,0.6315922307152478,-2.0254945306388505e-09
double_settle,fresh,0.0,1.05,9,0.31644846905738133,0.31601021886464065,0.632458687922022,-1.8328395390418592e-09
double_settle,fresh,0.0,1.05,10,0.31707920969837144,0.315761969400451,0.6328411790988224,-4.3092767360407126e-10
double_settle,fresh,0.0,1.05,11,0.31558759490770266,0.3166201202757226,0.6322077151834253,-5.910355284152136e-10
double_settle,fresh,0.5,1.05,0,0.0943641183326025,0.09654972001573282,0.1909138383483353,3.1787902550367373e-10
double_settle,fresh,0.5,1.05,1,0.16474596873161176,0.15955867658721132,0.3243046453188231,3.8801365928784666e-10
double_settle,fresh,0.5,1.05,2,0.09389850816571467,0.09268084222386602,0.18657935038958068,2.5993217477904964e-11
double_settle,fresh,0.5,1.05,3,0.15928475165834194,0.15941302522251044,0.3186977768808524,-8.74588577612198e-11
double_settle,fresh,0.5,1.05,4,0.1591275677076601,0.15894713513942618,0.3180747028470863,4.060952402980679e-11
double_settle,fresh,0.5,1.05,5,0.15901273317688547,0.1589616031466625,0.317974336323548,-1.2487093439599888e-10
double_settle,fresh,0.5,1.05,6,0.1546373620106922,0.1539247372513727,0.3085620992620649,5.331304425228137e-10
double_settle,fresh,0.5,1.05,7,0.09320019474159728,0.09084312044916405,0.18404331519076134,-1.8269410860303238e-10
double_settle,fresh,0.5,1.05,8,0.16014919042649814,0.15959983451898788,0.319749024945486,9.34352249377307e-11
double_settle,fresh,0.5,1.05,9,0.16661168764780654,0.16062667260158478,0.32723836024939135,2.753752766353932e-10
double_settle,fresh,0.5,1.05,10,0.15553536686320893,0.1553798526420172,0.31091521950522616,5.011470030190231e-10
double_settle,fresh,0.5,1.05,11,0.15210821075097328,0.15554151502064503,0.3076497257716183,3.9891790327801146e-10
double_settle,fresh,2.0,1.05,0,0.032819933026151125,0.03281999131765769,0.06563992434380882,3.454395956403407e-11
double_settle,fresh,2.0,1.05,1,0.06478523688574422,0.06453336398491484,0.12931860087065905,9.841570479314399e-11
double_settle,fresh,2.0,1.05,2,0.03288927086787766,0.0328892782305778,0.06577854909845546,1.4606724372192874e-10
double_settle,fresh,2.0,1.05,3,0.06569372616454512,0.06588176306658011,0.13157548923112522,3.3286454312678566e-12
double_settle,fresh,2.0,1.05,4,0.06494856163240754,0.06440913308303997,0.1293576947154475,7.42916501563356e-11
double_settle,fresh,2.0,1.05,5,0.06515105734162634,0.0650999273807449,0.13025098472237123,9.98062970589325e-12
double_settle,fresh,2.0,1.05,6,0.06469714627580223,0.049986249664665784,0.114683395940468,1.8597930005238276e-10
double_settle,fresh,2.0,1.05,7,0.0331068078973557,0.03309920057228327,0.06620600846963898,3.7033892832740753e-10
double_settle,fresh,2.0,1.05,8,0.06675871397436281,0.06573611446619684,0.13249482844055965,3.058695898543698e-11
double_settle,fresh,2.0,1.05,9,0.04711506784791804,0.03852399597500635,0.08563906382292438,3.8308781049275535e-10
double_settle,fresh,2.0,1.05,10,0.05797920123199935,0.026595459198594313,0.08457466043059367,4.26919446404187e-10
double_settle,fresh,2.0,1.05,11,0.05802645389766028,0.06286045463888637,0.12088690853654666,1.105204712493492e-10
double_settle,up,0.0,1.05,0,0.3191658305591939,0.3191658305591939,0.6383316611183878,-2.211082566821054e-09
double_settle,up,0.0,1.05,1,0.3191658305591939,0.3191658305591939,0.6383316611183878,-2.211082566821054e-09
double_settle,up,0.0,1.05,2,0.3191658305591939,0.3191658305591939,0.6383316611183878,-2.211082566821054e-09
double_settle,up,0.0,1.05,3,0.3191658305591939,0.3191658305591939,0.6383316611183878,-2.211082566821054e-09
double_settle,up,0.0,1.05,4,0.3191658305591939,0.3191658305591939,0.6383316611183878,-2.211082566821054e-09
double_settle,up,0.0,1.05,5,0.3191658305591939,0.3191658305591939,0.6383316611183878,-2.211082566821054e-09
double_settle,up,0.0,1.05,6,0.3191658305591939,0.3191658305591939,0.6383316611183878,-2.211082566821054e-09
double_settle,up,0.0,1.05,7,0.3191658305591939,0.3191658305591939,0.6383316611183878,-2.211082566821054e-09
double_settle,up,0.0,1.05,8,0.3191658305591939,0.3191658305591939,0.6383316611183878,-2.211082566821054e-09
double_settle,up,0.0,1.05,9,0.3191658305591939,0.3191658305591939,0.6383316611183878,-2.211082566821054e-09
double_settle,up,0.0,1.05,10,0.3191658305591939,0.3191658305591939,0.6383316611183878,-2.211082566821054e-09
double_settle,up,0.0,1.05,11,0.3191658305591939,0.3191658305591939,0.6383316611183878,-2.211082566821054e-09
double_settle,up,0.5,1.05,0,0.15776638034073953,0.15776638034073953,0.31553276068147906,-1.31047840542348e-10
double_settle,up,0.5,1.05,1,0.1577663803407387,0.15776638034073856,0.3155327606814773,-1.3105265047289993e-10
double_settle,up,0.5,1.05,2,0.15776638034073953,0.15776638034073953,0.31553276068147906,-1.31047840542348e-10
double_settle,up,0.5,1.05,3,0.15776638034073953,0.15776638034073953,0.31553276068147906,-1.31047840542348e-10
double_settle,up,0.5,1.05,4,0.15776638034073953,0.15776638034073953,0.31553276068147906,-1.31047840542348e-10
double_settle,up,0.5,1.05,5,0.15776638034073953,0.15776638034073953,0.31553276068147906,-1.31047840542348e-10
double_settle,up,0.5,1.05,6,0.15776638034073953,0.15776638034073953,0.31553276068147906,-1.31047840542348e-10
double_settle,up,0.5,1.05,7,0.15776638034073953,0.15776638034073953,0.31553276068147906,-1.31047840542348e-10
double_settle,up,0.5,1.05,8,0.15776638034073953,0.15776638034073953,0.31553276068147906,-1.31047840542348e-10
double_settle,up,0.5,1.05,9,0.15776638034073953,0.15776638034073953,0.31553276068147906,-1.31047840542348e-10
double_settle,up,0.5,1.05,10,0.15776638034073953,0.15776638034073953,0.31553276068147906,-1.31047840542348e-10
double_settle,up,0.5,1.05,11,0.15776638034073953,0.15776638034073953,0.31553276068147906,-1.31047840542348e-10
double_settle,up,2.0,1.05,0,0.0641790090272886,0.0641790090272886,0.1283580180545772,-4.5720763651783175e-12
double_settle,up,2.0,1.05,1,0.0641790090272844,0.06417900902728434,0.12835801805456876,-4.567222506115538e-12
double_settle,up,2.0,1.05,2,0.0641790090272886,0.0641790090272886,0.1283580180545772,-4.5720763651783175e-12
double_settle,up,2.0,1.05,3,0.0641790090272886,0.0641790090272886,0.1283580180545772,-4.5720763651783175e-12
double_settle,up,2.0,1.05,4,0.0641790090272886,0.0641790090272886,0.1283580180545772,-4.5720763651783175e-12
double_settle,up,2.0,1.05,5,0.0641790090272886,0.0641790090272886,0.1283580180545772,-4.5720763651783175e-12
double_settle,up,2.0,1.05,6,0.0641790090272886,0.0641790090272886,0.1283580180545772,-4.5720763651783175e-12
double_settle,up,2.0,1.05,7,0.0641790090272886,0.0641790090272886,0.1283580180545772,-4.5720763651783175e-12
double_settle,up,2.0,1.05,8,0.0641790090272886,0.0641790090272886,0.1283580180545772,-4.5720763651783175e-12
double_settle,up,2.0,1.05,9,0.0641790090272886,0.0641790090272886,0.1283580180545772,-4.5720763651783175e-12
double_settle,up,2.0,1.05,10,0.0641790090272886,0.0641790090272886,0.1283580180545772,-4.5720763651783175e-12
double_settle,up,2.0,1.05,11,0.0641790090272886,0.0641790090272886,0.1283580180545772,-4.5720763651783175e-12
double_settle,down,0.0,1.05,0,0.31590760703421095,0.3291442637642501,0.645051870798461,-2.2516044613969265e-09
double_settle,down,0.0,1.05,1,0.3289108500346697,0.3190240481495539,0.6479348981842236,-2.6092744553972677e-09
double_settle,down,0.0,1.05,2,0.3151699639600304,0.3361476170073513,0.6513175809673817,-2.797600384615847e-09
double_settle,down,0.0,1.05,3,0.31694507189368437,0.3218939734952403,0.6388390453889247,-4.966465491378865e-10
double_settle,down,0.0,1.05,4,0.31724130576148807,0.31570457519783757,0.6329458809593256,-5.676668827787183e-10
double_settle,down,0.0,1.05,5,0.3168190921213693,0.3161167823055973,0.6329358744269666,-1.563935190994103e-09
double_settle,down,0.0,1.05,6,0.3251204128658605,0.31524305720992063,0.6403634700757812,-2.7939648957005113e-09
double_settle,down,0.0,1.05,7,0.31512491991828256,0.3151380679701379,0.6302629878884205,-2.0484863524498793e-09
double_settle,down,0.0,1.05,8,0.3346352530803449,0.31676383512614736,0.6513990882064923,-2.0501233231904996e-09
double_settle,down,0.0,1.05,9,0.3222609091106915,0.33613241307932185,0.6583933221900133,-1.6664107843423001e-09
double_settle,down,0.0,1.05,10,0.3170055155043167,0.3199977023679128,0.6370032178722296,-2.785844185577712e-09
double_settle,down,0.0,1.05,11,0.31607561340103874,0.319271173814567,0.6353467872156058,-2.7845591926137324e-09
double_settle,down,0.5,1.05,0,0.09137857805204419,0.09318175842428729,0.18456033647633147,-1.7197697080400209e-10
double_settle,down,0.5,1.05,1,0.14626548548963286,0.12367216384627171,0.2699376493359046,5.499715891766207e-10
double_settle,down,0.5,1.05,2,0.12440815656496795,0.09525001463504566,0.21965817120001363,4.3880385915219566e-10
double_settle,down,0.5,1.05,3,0.15506082601320373,0.1551196101999585,0.31018043621316227,5.767879666823838e-10
double_settle,down,0.5,1.05,4,0.08641723800185502,0.09467500450591672,0.18109224250777173,-9.297646306337014e-11
double_settle,down,0.5,1.05,5,0.1573989134155221,0.15758516609025888,0.314984079505781,4.146638170236221e-10
double_settle,down,0.5,1.05,6,0.09878074009955412,0.10976105328899849,0.2085417933885526,4.76957751151868e-10
double_settle,down,0.5,1.05,7,0.09308122172697665,0.09268368790065835,0.185764909627635,-2.9397673752005695e-10
double_settle,down,0.5,1.05,8,0.1264443222557003,0.12682992512622093,0.2532742473819212,4.281160204543094e-10
double_settle,down,0.5,1.05,9,0.09369881908207162,0.09381241535777463,0.18751123443984624,1.6572867435107653e-11
double_settle,down,0.5,1.05,10,0.09530922043158625,0.09528119931195306,0.1905904197435393,2.9066392011405466e-10
double_settle,down,0.5,1.05,11,0.11347223189964609,0.09125283344499337,0.20472506534463947,2.6269594202197207e-10
double_settle,down,2.0,1.05,0,0.03266399797535726,0.032663993630174415,0.06532799160553168,-2.513751179874393e-12
double_settle,down,2.0,1.05,1,0.0394432050396594,0.034445975711212495,0.07388918075087189,-2.2447104250901224e-11
double_settle,down,2.0,1.05,2,0.03287638773108867,0.032876523029127185,0.06575291076021586,-2.0736892931890796e-11
double_settle,down,2.0,1.05,3,0.032730256324150844,0.03273028788281948,0.06546054420697033,1.6319206240590228e-10
double_settle,down,2.0,1.05,4,0.03354099240205613,0.03345408396957026,0.06699507637162638,3.8330153362666555e-10
double_settle,down,2.0,1.05,5,0.0336982647191752,0.03376143929599209,0.0674597040151673,2.425113674592224e-10
double_settle,down,2.0,1.05,6,0.03377947592950093,0.03376130486783069,0.06754078079733161,2.8014563866444e-11
double_settle,down,2.0,1.05,7,0.03301585277531686,0.03301624064306239,0.06603209341837925,-1.4591432801767974e-11
double_settle,down,2.0,1.05,8,0.03329570424844036,0.0332719800752281,0.06656768432366847,3.6466052887760415e-10
double_settle,down,2.0,1.05,9,0.0579706616582908,0.026562608569613816,0.0845332702279046,1.8905153758316467e-10
double_settle,down,2.0,1.05,10,0.032698739005879246,0.03269872755906988,0.06539746656494913,-3.1716135731614446e-12
double_settle,down,2.0,1.05,11,0.057063388705454375,0.025756069245054504,0.08281945795050888,-1.6517247804989537e-11
double_settle,fresh,0.0,1.1,0,0.4582779293047459,0.46587559791219396,0.9241535272169399,-1.551215740659763e-10
double_settle,fresh,0.0,1.1,1,0.46586182021526495,0.46730622695799967,0.9331680471732646,-8.431409763248853e-10
double_settle,fresh,0.0,1.1,2,0.4521724734983069,0.4665097112980077,0.9186821847963147,-3.040812693347101e-09
double_settle,fresh,0.0,1.1,3,0.4674756097794004,0.46719127043381137,0.9346668802132118,-1.862690585500453e-09
double_settle,fresh,0.0,1.1,4,0.4674411275284951,0.46773186648144455,0.9351729940099396,-1.9095285862058452e-09
double_settle,fresh,0.0,1.1,5,0.4674921090404493,0.4676151628952098,0.9351072719356591,-1.939837276234613e-09
double_settle,fresh,0.0,1.1,6,0.4656198119737299,0.4679468969685465,0.9335667089422764,-1.0296203640807801e-09
double_settle,fresh,0.0,1.1,7,0.46743266979277964,0.46781958675907787,0.9352522565518575,-1.527228767425044e-09
double_settle,fresh,0.0,1.1,8,0.4668217272755274,0.4674997481782907,0.934321475453818,-1.6022549587796177e-09
double_settle,fresh,0.0,1.1,9,0.4653612583043379,0.4666391707455517,0.9320004290498896,-1.4711545367579878e-09
double_settle,fresh,0.0,1.1,10,0.46327962195415223,0.46725926704895326,0.9305388890031054,-1.2050839608117344e-10
double_settle,fresh,0.0,1.1,11,0.4676247404671088,0.46481567265015045,0.9324404131172592,-3.045712872962875e-10
double_settle,fresh,0.5,1.1,0,0.15581675013069116,0.15548465002209436,0.3113014001527855,2.808204964176884e-10
double_settle,fresh,0.5,1.1,1,0.22263237049726192,0.2224058008918207,0.44503817138908264,4.003124916450009e-10
double_settle,fresh,0.5,1.1,2,0.14945178583024007,0.13886144555699165,0.28831323138723175,-8.187563274445015e-11
double_settle,fresh,0.5,1.1,3,0.22208185047389242,0.22209058640161808,0.4441724368755105,-5.159726704201332e-11
double_settle,fresh,0.5,1.1,4,0.22194168402397219,0.22192676809793255,0.44386845212190473,8.017727976701464e-11
double_settle,fresh,0.5,1.1,5,0.22206768139365926,0.2220645698888712,0.4441322512825304,-9.29475573543232e-11
double_settle,fresh,0.5,1.1,6,0.21712553055448514,0.21478423487459938,0.43190976542908455,5.122321053098422e-10
double_settle,fresh,0.5,1.1,7,0.12823115149710126,0.15578604669521884,0.2840171981923201,-4.2993131975956325e-11
double_settle,fresh,0.5,1.1,8,0.22208345114880948,0.22204826884031667,0.44413171998912615,1.374018069929579e-10
double_settle,fresh,0.5,1.1,9,0.2228390788603002,0.22263184223673238,0.44547092109703257,2.9431671725251726e-10
double_settle,fresh,0.5,1.1,10,0.21809369209302862,0.21745230386520556,0.4355459959582342,4.948735265953284e-10
double_settle,fresh,0.5,1.1,11,0.2210630939713046,0.22429925927699315,0.44536235324829776,4.746967851111845e-10
double_settle,fresh,2.0,1.1,0,0.0340407776953815,0.06545502689349371,0.0994958045888752,1.3311850687871897e-11
double_settle,fresh,2.0,1.1,1,0.0919760733400451,0.0919727771328927,0.1839488504729378,1.0123894554547842e-10
double_settle,fresh,2.0,1.1,2,0.034971071495814667,0.06638055036790551,0.10135162186372018,1.6575368799291544e-10
double_settle,fresh,2.0,1.1,3,0.09050644427494657,0.0906030037593057,0.18110944803425227,5.246126634122998e-12
double_settle,fresh,2.0,1.1,4,0.08992519014918107,0.0896055000175812,0.17953069016676226,7.06067187652105e-11
double_settle,fresh,2.0,1.1,5,0.08973769963544466,0.08937867620936331,0.17911637584480797,1.0142832684623913e-11
double_settle,fresh,2.0,1.1,6,0.09163725583481966,0.09163642662652244,0.1832736824613421,1.9727639120504609e-10
double_settle,fresh,2.0,1.1,7,0.059115378105677976,0.059117458226414635,0.11823283633209261,3.493514718222476e-10
double_settle,fresh,2.0,1.1,8,0.09105185256203002,0.09099400081183635,0.18204585337386636,3.2062406600827165e-11
double_settle,fresh,2.0,1.1,9,0.0748278388529064,0.0697460070030236,0.14457384585593,3.379776590152147e-10
double_settle,fresh,2.0,1.1,10,0.06083464491069845,0.06083221424153698,0.12166685915223543,4.023514715524477e-10
double_settle,fresh,2.0,1.1,11,0.0920940754157916,0.09209459939110731,0.1841886748068989,1.3297171272303952e-10
double_settle,up,0.0,1.1,0,0.46450216290528346,0.46450216290528346,0.9290043258105669,-1.6105788669850162e-09
double_settle,up,0.0,1.1,1,0.46450216290528346,0.46450216290528346,0.9290043258105669,-1.6105788669850162e-09
double_settle,up,0.0,1.1,2,0.46450216290528346,0.46450216290528346,0.9290043258105669,-1.6105788669850162e-09
double_settle,up,0.0,1.1,3,0.46450216290528346,0.46450216290528346,0.9290043258105669,-1.6105788669850162e-09
double_settle,up,0.0,1.1,4,0.46450216290528346,0.46450216290528346,0.9290043258105669,-1.6105788669850162e-09
double_settle,up,0.0,1.1,5,0.46450216290528346,0.46450216290528346,0.9290043258105669,-1.6105788669850162e-09
double_settle,up,0.0,1.1,6,0.46450216290528346,0.46450216290528346,0.9290043258105669,-1.6105788669850162e-09
double_settle,up,0.0,1.1,7,0.46450216290528346,0.46450216290528346,0.9290043258105669,-1.6105788669850162e-09
double_settle,up,0.0,1.1,8,0.46450216290528346,0.46450216290528346,0.9290043258105669,-1.6105788669850162e-09
double_settle,up,0.0,1.1,9,0.46450216290528346,0.46450216290528346,0.9290043258105669,-1.6105788669850162e-09
double_settle,up,0.0,1.1,10,0.46450216290528346,0.46450216290528346,0.9290043258105669,-1.6105788669850162e-09
double_settle,up,0.0,1.1,11,0.46450216290528346,0.46450216290528346,0.9290043258105669,-1.6105788669850162e-09
double_settle,up,0.5,1.1,0,0.23667747004597714,0.23667747004597714,0.4733549400919543,-1.0998056616783035e-10
double_settle,up,0.5,1.1,1,0.23667747004597886,0.23667747004597886,0.4733549400919577,-1.0997837659705762e-10
double_settle,up,0.5,1.1,2,0.23667747004597714,0.23667747004597714,0.4733549400919543,-1.0998056616783035e-10
double_settle,up,0.5,1.1,3,0.23667747004597714,0.23667747004597714,0.4733549400919543,-1.0998056616783035e-10
double_settle,up,0.5,1.1,4,0.23667747004597714,0.23667747004597714,0.4733549400919543,-1.0998056616783035e-10
double_settle,up,0.5,1.1,5,0.23667747004597714,0.23667747004597714,0.4733549400919543,-1.0998056616783035e-10
double_settle,up,0.5,1.1,6,0.23667747004597714,0.23667747004597714,0.4733549400919543,-1.0998056616783035e-10
double_settle,up,0.5,1.1,7,0.23667747004597714,0.23667747004597714,0.4733549400919543,-1.0998056616783035e-10
double_settle,up,0.5,1.1,8,0.23667747004597714,0.23667747004597714,0.4733549400919543,-1.0998056616783035e-10
double_settle,up,0.5,1.1,9,0.23667747004597714,0.23667747004597714,0.4733549400919543,-1.0998056616783035e-10
double_settle,up,0.5,1.1,10,0.23667747004597714,0.23667747004597714,0.4733549400919543,-1.0998056616783035e-10
double_settle,up,0.5,1.1,11,0.23667747004597714,0.23667747004597714,0.4733549400919543,-1.0998056616783035e-10
double_settle,up,2.0,1.1,0,0.0862595222692461,0.0862595222692461,0.1725190445384922,-2.833249095187033e-12
double_settle,up,2.0,1.1,1,0.08625952226928632,0.08625952226928632,0.17251904453857264,-2.8255704237232886e-12
double_settle,up,2.0,1.1,2,0.0862595222692461,0.0862595222692461,0.1725190445384922,-2.833249095187033e-12
double_settle,up,2.0,1.1,3,0.0862595222692461,0.0862595222692461,0.1725190445384922,-2.833249095187033e-12
double_settle,up,2.0,1.1,4,0.0862595222692461,0.0862595222692461,0.1725190445384922,-2.833249095187033e-12
double_settle,up,2.0,1.1,5,0.0862595222692461,0.0862595222692461,0.1725190445384922,-2.833249095187033e-12
double_settle,up,2.0,1.1,6,0.0862595222692461,0.0862595222692461,0.1725190445384922,-2.833249095187033e-12
double_settle,up,2.0,1.1,7,0.0862595222692461,0.0862595222692461,0.1725190445384922,-2.833249095187033e-12
double_settle,up,2.0,1.1,8,0.0862595222692461,0.0862595222692461,0.1725190445384922,-2.833249095187033e-12
double_settle,up,2.0,1.1,9,0.0862595222692461,0.0862595222692461,0.1725190445384922,-2.833249095187033e-12
double_settle,up,2.0,1.1,10,0.0862595222692461,0.0862595222692461,0.1725190445384922,-2.833249095187033e-12
double_settle,up,2.0,1.1,11,0.0862595222692461,0.0862595222692461,0.1725190445384922,-2.833249095187033e-12
double_settle,down,0.0,1.1,0,0.46629568340559785,0.4553106080219857,0.9216062914275835,-5.084817092469912e-10
double_settle,down,0.0,1.1,1,0.4554455857715993,0.4456361078677651,0.9010816936393644,-2.2801569908068826e-09
double_settle,down,0.0,1.1,2,0.4678953577810421,0.4487936996179951,0.9166890573990372,-2.84819553747713e-09
double_settle,down,0.0,1.1,3,0.4471068743754699,0.4454251253178768,0.8925319996933467,-3.084255608387967e-10
double_settle,down,0.0,1.1,4,0.4466258553591979,0.4582118373804883,0.9048376927396862,-4.661554952432275e-10
double_settle,down,0.0,1.1,5,0.44738718744893047,0.45112157399646546,0.8985087614453959,-1.4743866606973932e-09
double_settle,down,0.0,1.1,6,0.457586227232415,0.4667092436890232,0.9242954709214382,-3.0505960258399e-09
double_settle,down,0.0,1.1,7,0.4678978447610575,0.4677458245377511,0.9356436692988086,-1.9070959245853886e-09
double_settle,down,0.0,1.1,8,0.4465228238598104,0.44752981444689,0.8940526383067005,-1.769059116633775e-09
double_settle,down,0.0,1.1,9,0.4593679385924747,0.447724160129203,0.9070920987216777,-2.615576742534586e-10
double_settle,down,0.0,1.1,10,0.4644702334971839,0.44550082627867593,0.9099710597758599,-2.802419339018528e-09
double_settle,down,0.0,1.1,11,0.4515809892450784,0.4617872456058922,0.9133682348509706,-3.1209691208460917e-09
double_settle,down,0.5,1.1,0,0.15370799211005476,0.13021055981744495,0.2839185519274997,-6.751285819406472e-11
double_settle,down,0.5,1.1,1,0.19468083442722672,0.1954966948328388,0.39017752926006555,4.4699814106855677e-10
double_settle,down,0.5,1.1,2,0.15731822531023681,0.15712740782507012,0.31444563313530693,2.643983457264397e-10
double_settle,down,0.5,1.1,3,0.2162587738502316,0.19877386984204803,0.41503264369227966,3.9996771956794443e-10
double_settle,down,0.5,1.1,4,0.15680359637192395,0.12623003431977053,0.2830336306916945,-5.0671227180605034e-11
double_settle,down,0.5,1.1,5,0.22355076438347396,0.23483407225338054,0.4583848366368545,4.564876559993718e-10
double_settle,down,0.5,1.1,6,0.1547141349575071,0.1557064873478049,0.310420622305312,1.894894008240389e-10
double_settle,down,0.5,1.1,7,0.12578106954702606,0.1495130551946687,0.2752941247416948,-1.949736265928987e-10
double_settle,down,0.5,1.1,8,0.1831507076902119,0.18303752002153828,0.3661882277117502,4.360407786470453e-10
double_settle,down,0.5,1.1,9,0.15538176207242033,0.12468991268361038,0.2800716747560307,-2.6157008590112516e-10
double_settle,down,0.5,1.1,10,0.18305490213240488,0.18392927428979589,0.36698417642220077,3.8092463862284613e-10
double_settle,down,0.5,1.1,11,0.1270228275341998,0.15697308248003253,0.2839959100142323,-1.016774251262303e-11
double_settle,down,2.0,1.1,0,0.05761405664029283,0.05766811187622622,0.11528216851651904,5.726261964099802e-11
double_settle,down,2.0,1.1,1,0.034663602964993316,0.06602395277852921,0.10068755574352253,3.1558192641538627e-10
double_settle,down,2.0,1.1,2,0.05897035489736581,0.05896941913602362,0.11793977403338943,2.66374826257944e-10
double_settle,down,2.0,1.1,3,0.057966834108274835,0.05817853598692807,0.1161453700952029,9.813824080445772e-11
double_settle,down,2.0,1.1,4,0.05936205174532347,0.05929381809464246,0.11865586983996593,3.216498678618276e-10
double_settle,down,2.0,1.1,5,0.06587563874714761,0.06587573648992873,0.13175137523707633,3.246351162404541e-10
double_settle,down,2.0,1.1,6,0.058144884014961914,0.05816568760850032,0.11631057162346223,2.82906403740945e-10
double_settle,down,2.0,1.1,7,0.058961732138029674,0.05896019222428635,0.11792192436231602,2.8886842425432126e-10
double_settle,down,2.0,1.1,8,0.059172000482203654,0.05911518682778023,0.11828718730998389,2.8799432811949174e-10
double_settle,down,2.0,1.1,9,0.03497138884168493,0.06625489269952908,0.10122628154121402,6.739013594030976e-11
double_settle,down,2.0,1.1,10,0.056333722770266804,0.05688573259662562,0.11321945536689243,2.2328837570810454e-11
double_settle,down,2.0,1.1,11,0.051453295067527736,0.05725702031018784,0.10871031537771558,4.0649627980935556e-10
double_settle,fresh,0.0,1.2,0,0.6698930524542093,0.6664568778220743,1.3363499302762836,4.2203735983771016e-10
double_settle,fresh,0.0,1.2,1,0.6664892110028258,0.6628638317790903,1.329353042781916,-6.752906326566164e-11
double_settle,fresh,0.0,1.2,2,0.6610191717133929,0.6648781520537769,1.3258973237671698,-3.418122241737737e-09
double_settle,fresh,0.0,1.2,3,0.6624616426483148,0.663143449318781,1.3256050919670956,-1.0555408016881446e-09
double_settle,fresh,0.0,1.2,4,0.6625426143044814,0.6618671007952224,1.3244097150997036,-1.0525240983545368e-09
double_settle,fresh,0.0,1.2,5,0.6624230454167593,0.662137489059732,1.3245605344764915,-1.1314947364913695e-09
double_settle,fresh,0.0,1.2,6,0.6670377061769013,0.6612731489606933,1.3283108551375946,-9.329187066657553e-10
double_settle,fresh,0.0,1.2,7,0.6608610146815006,0.660950541524263,1.3218115562057635,-8.862286098059877e-10
double_settle,fresh,0.0,1.2,8,0.6640737500259442,0.6624052054171966,1.3264789554431409,-7.470685670373041e-10
double_settle,fresh,0.0,1.2,9,0.6675783387936195,0.6645440163944099,1.3321223551880292,-6.891155457531274e-10
double_settle,fresh,0.0,1.2,10,0.6701223184693178,0.6629774027733929,1.3330997212427107,4.1811942476726376e-10
double_settle,fresh,0.0,1.2,11,0.6621153697108377,0.6685479902865435,1.3306633599973812,2.0235614249185746e-10
double_settle,fresh,0.5,1.2,0,0.2756024690770023,0.25113078287860513,0.5267332519556074,2.0983731971510543e-10
double_settle,fresh,0.5,1.2,1,0.31833167879826013,0.31843461126424893,0.6367662900625091,4.80440392600516e-10
double_settle,fresh,0.5,1.2,2,0.22170806129785475,0.2228968979171747,0.44460495921502946,-2.047251441237698e-10
double_settle,fresh,0.5,1.2,3,0.33762438524984456,0.3366792442112746,0.6743036294611191,2.8310878265970187e-11
double_settle,fresh,0.5,1.2,4,0.33269238434171183,0.3360533891028857,0.6687457734445975,1.69379845991314e-10
double_settle,fresh,0.5,1.2,5,0.3388851604652073,0.3391279225467472,0.6780130830119544,-3.185273024381505e-11
double_settle,fresh,0.5,1.2,6,0.3109793336766884,0.3096945155395143,0.6206738492162027,4.96763090864674e-10
double_settle,fresh,0.5,1.2,7,0.2733870761166082,0.2720595889702259,0.5454466650868341,2.3489047448148545e-10
double_settle,fresh,0.5,1.2,8,0.3243835376287381,0.3297254248917925,0.6541089625205306,1.9035159192958936e-10
double_settle,fresh,0.5,1.2,9,0.31936966793007004,0.3197014913106685,0.6390711592407385,3.6234583217234977e-10
double_settle,fresh,0.5,1.2,10,0.312322423568614,0.31099969783385684,0.6233221214024709,5.130292744755741e-10
double_settle,fresh,0.5,1.2,11,0.31518045860525645,0.3238048098495202,0.6389852684547767,5.403961484155847e-10
double_settle,fresh,2.0,1.2,0,0.06514950583934632,0.09648903548150921,0.16163854132085553,-8.417545351162378e-12
double_settle,fresh,2.0,1.2,1,0.13052978015898048,0.12998740628221847,0.2605171864411989,1.0414899557521053e-10
double_settle,fresh,2.0,1.2,2,0.06564448704595487,0.09692182090086433,0.1625663079468192,1.6756470351811e-10
double_settle,fresh,2.0,1.2,3,0.12842538994622246,0.1284260856123432,0.2568514755585657,1.0003686047225957e-11
double_settle,fresh,2.0,1.2,4,0.12810593929708558,0.12810252686662607,0.2562084661637116,7.596129131843759e-11
double_settle,fresh,2.0,1.2,5,0.12821116910830294,0.12821084452451995,0.2564220136328229,1.2496109066071282e-11
double_settle,fresh,2.0,1.2,6,0.12629351670664313,0.12078853058946243,0.24708204729610556,1.9602748884209273e-10
double_settle,fresh,2.0,1.2,7,0.07005216906334814,0.09534969917698896,0.1654018682403371,2.174184489683528e-10
double_settle,fresh,2.0,1.2,8,0.12860692543848198,0.12860370499649573,0.2572106304349777,3.9272340506885375e-11
double_settle,fresh,2.0,1.2,9,0.1220759495233551,0.12207741115230954,0.24415336067566462,2.7146212597178343e-10
double_settle,fresh,2.0,1.2,10,0.09385382306995486,0.09662192081315085,0.19047574388310573,3.638344336376077e-10
double_settle,fresh,2.0,1.2,11,0.12542379567734632,0.13084176606418313,0.2562655617415295,1.462834139378459e-10
double_settle,up,0.0,1.2,0,0.6614463085226719,0.6614463085226719,1.3228926170453439,-1.1013946524759781e-09
double_settle,up,0.0,1.2,1,0.6614463085226719,0.6614463085226719,1.3228926170453439,-1.1013946524759781e-09
double_settle,up,0.0,1.2,2,0.6614463085226719,0.6614463085226719,1.3228926170453439,-1.1013946524759781e-09
double_settle,up,0.0,1.2,3,0.6614463085226719,0.6614463085226719,1.3228926170453439,-1.1013946524759781e-09
double_settle,up,0.0,1.2,4,0.6614463085226719,0.6614463085226719,1.3228926170453439,-1.1013946524759781e-09
double_settle,up,0.0,1.2,5,0.6614463085226719,0.6614463085226719,1.3228926170453439,-1.1013946524759781e-09
double_settle,up,0.0,1.2,6,0.6614463085226719,0.6614463085226719,1.3228926170453439,-1.1013946524759781e-09
double_settle,up,0.0,1.2,7,0.6614463085226719,0.6614463085226719,1.3228926170453439,-1.1013946524759781e-09
double_settle,up,0.0,1.2,8,0.6614463085226719,0.6614463085226719,1.3228926170453439,-1.1013946524759781e-09
double_settle,up,0.0,1.2,9,0.6614463085226719,0.6614463085226719,1.3228926170453439,-1.1013946524759781e-09
double_settle,up,0.0,1.2,10,0.6614463085226719,0.6614463085226719,1.3228926170453439,-1.1013946524759781e-09
double_settle,up,0.0,1.2,11,0.6614463085226719,0.6614463085226719,1.3228926170453439,-1.1013946524759781e-09
double_settle,up,0.5,1.2,0,0.3385114621005832,0.3385114621005832,0.6770229242011664,-6.323061564662332e-11
double_settle,up,0.5,1.2,1,0.3385114621005701,0.3385114621005701,0.6770229242011402,-6.32327621983224e-11
double_settle,up,0.5,1.2,2,0.3385114621005832,0.3385114621005832,0.6770229242011664,-6.323061564662332e-11
double_settle,up,0.5,1.2,3,0.3385114621005832,0.3385114621005832,0.6770229242011664,-6.323061564662332e-11
double_settle,up,0.5,1.2,4,0.3385114621005832,0.3385114621005832,0.6770229242011664,-6.323061564662332e-11
double_settle,up,0.5,1.2,5,0.3385114621005832,0.3385114621005832,0.6770229242011664,-6.323061564662332e-11
double_settle,up,0.5,1.2,6,0.3385114621005832,0.3385114621005832,0.6770229242011664,-6.323061564662332e-11
double_settle,up,0.5,1.2,7,0.3385114621005832,0.3385114621005832,0.6770229242011664,-6.323061564662332e-11
double_settle,up,0.5,1.2,8,0.3385114621005832,0.3385114621005832,0.6770229242011664,-6.323061564662332e-11
double_settle,up,0.5,1.2,9,0.3385114621005832,0.3385114621005832,0.6770229242011664,-6.323061564662332e-11
double_settle,up,0.5,1.2,10,0.3385114621005832,0.3385114621005832,0.6770229242011664,-6.323061564662332e-11
double_settle,up,0.5,1.2,11,0.3385114621005832,0.3385114621005832,0.6770229242011664,-6.323061564662332e-11
double_settle,up,2.0,1.2,0,0.12844777017645234,0.12844777017645234,0.2568955403529047,-1.561235594724074e-12
double_settle,up,2.0,1.2,1,0.12844777017644782,0.12844777017644765,0.25689554035289547,-1.5605128776809182e-12
double_settle,up,2.0,1.2,2,0.12844777017645234,0.12844777017645234,0.2568955403529047,-1.561235594724074e-12
double_settle,up,2.0,1.2,3,0.12844777017645234,0.12844777017645234,0.2568955403529047,-1.561235594724074e-12
double_settle,up,2.0,1.2,4,0.12844777017645234,0.12844777017645234,0.2568955403529047,-1.561235594724074e-12
double_settle,up,2.0,1.2,5,0.12844777017645234,0.12844777017645234,0.2568955403529047,-1.561235594724074e-12
double_settle,up,2.0,1.2,6,0.12844777017645234,0.12844777017645234,0.2568955403529047,-1.561235594724074e-12
double_settle,up,2.0,1.2,7,0.12844777017645234,0.12844777017645234,0.2568955403529047,-1.561235594724074e-12
double_settle,up,2.0,1.2,8,0.12844777017645234,0.12844777017645234,0.2568955403529047,-1.561235594724074e-12
double_settle,up,2.0,1.2,9,0.12844777017645234,0.12844777017645234,0.2568955403529047,-1.561235594724074e-12
double_settle,up,2.0,1.2,10,0.12844777017645234,0.12844777017645234,0.2568955403529047,-1.561235594724074e-12
double_settle,up,2.0,1.2,11,0.12844777017645234,0.12844777017645234,0.2568955403529047,-1.561235594724074e-12
double_settle,down,0.0,1.2,0,0.6615515049404803,0.660975281883309,1.3225267868237893,9.880261913070683e-11
double_settle,down,0.0,1.2,1,0.6609773359666201,0.6608694808053905,1.3218468167720108,-4.990431138176189e-11
double_settle,down,0.0,1.2,2,0.6640120276008667,0.6608787171303118,1.3248907447311784,-2.0866779542934295e-09
double_settle,down,0.0,1.2,3,0.6609824773879405,0.6608393784359373,1.321821855823878,-3.1265073635047546e-10
double_settle,down,0.0,1.2,4,0.6609494605256497,0.66165630420708,1.3226057647327298,3.35407388641131e-10
double_settle,down,0.0,1.2,5,0.6610008084803348,0.6612137556390326,1.3222145641193674,-8.560709800272055e-10
double_settle,down,0.0,1.2,6,0.6610125031856466,0.6665416153576814,1.3275541185433282,-3.4448612539332455e-09
double_settle,down,0.0,1.2,7,0.668685682400643,0.6703890111366957,1.3390746935373388,-8.094445080936963e-10
double_settle,down,0.0,1.2,8,0.6608391630502445,0.6610099238779469,1.3218490869281914,2.204516799764867e-10
double_settle,down,0.0,1.2,9,0.661048025426394,0.660860556886887,1.321908582313281,-3.580654100927781e-10
double_settle,down,0.0,1.2,10,0.6612647158981088,0.6608541468932174,1.322118862791326,-1.2183473951817927e-09
double_settle,down,0.0,1.2,11,0.6612382534136475,0.6611158447773176,1.322354098190965,-2.7736426779575445e-09
double_settle,down,0.5,1.2,0,0.2551214990992258,0.2522335616131153,0.5073550607123412,1.1779908168899906e-10
double_settle,down,0.5,1.2,1,0.3181083064561909,0.31810199431667174,0.6362103007728627,4.785426979033684e-10
double_settle,down,0.5,1.2,2,0.2477193469282855,0.21969982066676777,0.4674191675950533,-3.5529797534846756e-11
double_settle,down,0.5,1.2,3,0.3163019509879183,0.31583698698382423,0.6321389379717426,5.37484440229256e-10
double_settle,down,0.5,1.2,4,0.31485828271984645,0.31481640239001135,0.6296746851098578,5.327657635238028e-10
double_settle,down,0.5,1.2,5,0.3199605426727845,0.31983824365248836,0.6397987863252729,2.3047692013576835e-10
double_settle,down,0.5,1.2,6,0.2738156152079273,0.2754855391483602,0.5493011543562876,2.138482411548954e-10
double_settle,down,0.5,1.2,7,0.29889334160574493,0.308728962708222,0.6076223043139669,4.129499692960401e-10
double_settle,down,0.5,1.2,8,0.32038352666611275,0.31761318410549905,0.6379967107716118,5.677711523708502e-10
double_settle,down,0.5,1.2,9,0.2203071927417261,0.22184328020296903,0.4421504729446951,-2.8257745171918286e-10
double_settle,down,0.5,1.2,10,0.2496186697631856,0.2505626347773432,0.5001813045405288,1.4525939091510905e-10
double_settle,down,0.5,1.2,11,0.218214245082994,0.21868869278221267,0.4369029378652067,-3.6729532319242473e-10
double_settle,down,2.0,1.2,0,0.0709479873423372,0.09447278088595383,0.16542076822829105,9.439637375348669e-11
double_settle,down,2.0,1.2,1,0.09627372001489959,0.06488784157383577,0.16116156158873535,5.907891905808093e-11
double_settle,down,2.0,1.2,2,0.0651983306489133,0.09653326935069045,0.16173159999960374,-1.1639602951381689e-11
double_settle,down,2.0,1.2,3,0.12692318290880067,0.12692407305775488,0.25384725596655555,1.165919804786343e-10
double_settle,down,2.0,1.2,4,0.1293125662305269,0.12927470098775984,0.25858726721828673,7.955578738016625e-11
double_settle,down,2.0,1.2,5,0.09656480722249498,0.12128934077308927,0.21785414799558425,3.068602994662207e-10
double_settle,down,2.0,1.2,6,0.09621072404952201,0.06482098422906972,0.16103170827859173,-1.1215301555733347e-11
double_settle,down,2.0,1.2,7,0.06516056145114874,0.09651440875927592,0.16167497021042465,-6.430191012236834e-12
double_settle,down,2.0,1.2,8,0.12910747874320705,0.12908729785930448,0.25819477660251156,7.316345183231131e-11
double_settle,down,2.0,1.2,9,0.09627233708739254,0.0648704149131936,0.16114275200058614,6.349333445019013e-11
double_settle,down,2.0,1.2,10,0.07963618792186637,0.08876602662237432,0.1684022145442407,1.1570876775332057e-10
double_settle,down,2.0,1.2,11,0.09708849095313411,0.06570899888938526,0.16279748984251938,1.5568388023890676e-10
double_settle,fresh,0.0,1.5,0,1.1122378869547598,1.1198795695748205,2.23211745652958,2.7409764478209443e-09
double_settle,fresh,0.0,1.5,1,1.1198437603709661,1.1237555901730332,2.2435993505439993,2.6986015554524295e-09
double_settle,fresh,0.0,1.5,2,1.1134129516234488,1.1216211531365792,2.235034104760028,-2.8154492128790338e-09
double_settle,fresh,0.0,1.5,3,1.1241079584501825,1.1234829317309916,2.247590890181174,1.7175840176430066e-09
double_settle,fresh,0.0,1.5,4,1.1240421649494823,1.124443261692612,2.2484854266420946,1.77991543558843e-09
double_settle,fresh,0.0,1.5,5,1.1241381595680338,1.1243317672852,2.2484699268532338,1.5897711296715175e-09
double_settle,fresh,0.0,1.5,6,1.1192338697428512,1.1240464963474357,2.243280366090287,-2.732042782753592e-10
double_settle,fresh,0.0,1.5,7,1.1206384346859715,1.122295026900715,2.2429334615866865,1.7159947380900375e-09
double_settle,fresh,0.0,1.5,8,1.122502159301105,1.124151846970051,2.2466540062711564,2.1632534117294784e-09
double_settle,fresh,0.0,1.5,9,1.1186246910575877,1.1219884152707744,2.240613106328362,2.1129055189662713e-09
double_settle,fresh,0.0,1.5,10,1.1152312540350962,1.1236468870443734,2.2388781410794696,2.4964094426934122e-09
double_settle,fresh,0.0,1.5,11,1.124344055338208,1.1174892547769668,2.241833310115175,1.963160874862516e-09
double_settle,fresh,0.5,1.5,0,0.5027348137549275,0.5034471358716558,1.0061819496265834,3.208368766305884e-10
double_settle,fresh,0.5,1.5,1,0.5415255706025418,0.5437780269010171,1.0853035975035588,7.679880957340774e-10
double_settle,fresh,0.5,1.5,2,0.4347771428944645,0.43737656862859436,0.8721537115230589,-5.970610349724422e-10
double_settle,fresh,0.5,1.5,3,0.5608466995689849,0.5611806229872789,1.1220273225562638,2.1743062669226617e-10
double_settle,fresh,0.5,1.5,4,0.5604841467076778,0.5600463587325795,1.1205305054402572,3.8475171737548713e-10
double_settle,fresh,0.5,1.5,5,0.5605804513508547,0.5601318096666781,1.1207122610175326,1.4472828533455295e-10
double_settle,fresh,0.5,1.5,6,0.507823381907394,0.5076114662991565,1.0154348482065505,4.847641211183841e-10
double_settle,fresh,0.5,1.5,7,0.5399977475002015,0.5381650907926623,1.0781628382928639,8.147575371113163e-10
double_settle,fresh,0.5,1.5,8,0.5596289960557446,0.559851715231256,1.1194807112870007,5.031021423637406e-10
double_settle,fresh,0.5,1.5,9,0.551821146514409,0.5568743549641766,1.1086955014785858,6.182430645316404e-10
double_settle,fresh,0.5,1.5,10,0.5291152630406185,0.5295091753577883,1.058624438398407,6.943865650503905e-10
double_settle,fresh,0.5,1.5,11,0.52874662247192,0.5315854612320853,1.0603320837040053,7.353522398897486e-10
double_settle,fresh,2.0,1.5,0,0.1551742930221093,0.1549112675697927,0.310085560591902,-2.6987049501514944e-11
double_settle,fresh,2.0,1.5,1,0.21857231821664502,0.2163896063627563,0.4349619245794013,1.2230559901227894e-10
double_settle,fresh,2.0,1.5,2,0.15581689973231064,0.16194306695520466,0.31775996668751527,1.154939134914571e-10
double_settle,fresh,2.0,1.5,3,0.22322852065140103,0.223530009773607,0.446758530425008,1.9882813531906045e-11
double_settle,fresh,2.0,1.5,4,0.22146032540588284,0.22050784981403238,0.4419681752199152,9.076326806863175e-11
double_settle,fresh,2.0,1.5,5,0.22282974131754088,0.22274595207452386,0.4455756933920647,1.813031882051069e-11
double_settle,fresh,2.0,1.5,6,0.21214310318204557,0.21240300227946318,0.4245461054615087,2.0217362399818742e-10
double_settle,fresh,2.0,1.5,7,0.16336718911243087,0.14405001465653727,0.30741720376896814,6.1677813423767586e-12
double_settle,fresh,2.0,1.5,8,0.22441920818698968,0.22218766283501268,0.44660687102200236,5.85209303233836e-11
double_settle,fresh,2.0,1.5,9,0.21370447487616737,0.21389170880099292,0.4275961836771603,1.8176455710873725e-10
double_settle,fresh,2.0,1.5,10,0.18782353464508283,0.18524008997333952,0.37306362461842235,2.711071239367227e-10
double_settle,fresh,2.0,1.5,11,0.21573749405138026,0.21576849496305267,0.43150598901443293,1.595805492179335e-10
double_settle,up,0.0,1.5,0,1.1177612710980709,1.1177612710980709,2.2355225421961418,1.5961559101707909e-09
double_settle,up,0.0,1.5,1,1.1177612710980709,1.1177612710980709,2.2355225421961418,1.5961559101707909e-09
double_settle,up,0.0,1.5,2,1.1177612710980709,1.1177612710980709,2.2355225421961418,1.5961559101707909e-09
double_settle,up,0.0,1.5,3,1.1177612710980709,1.1177612710980709,2.2355225421961418,1.5961559101707909e-09
double_settle,up,0.0,1.5,4,1.1177612710980709,1.1177612710980709,2.2355225421961418,1.5961559101707909e-09
double_settle,up,0.0,1.5,5,1.1177612710980709,1.1177612710980709,2.2355225421961418,1.5961559101707909e-09
double_settle,up,0.0,1.5,6,1.1177612710980709,1.1177612710980709,2.2355225421961418,1.5961559101707909e-09
double_settle,up,0.0,1.5,7,1.1177612710980709,1.1177612710980709,2.2355225421961418,1.5961559101707909e-09
double_settle,up,0.0,1.5,8,1.1177612710980709,1.1177612710980709,2.2355225421961418,1.5961559101707909e-09
double_settle,up,0.0,1.5,9,1.1177612710980709,1.1177612710980709,2.2355225421961418,1.5961559101707909e-09
double_settle,up,0.0,1.5,10,1.1177612710980709,1.1177612710980709,2.2355225421961418,1.5961559101707909e-09
double_settle,up,0.0,1.5,11,1.1177612710980709,1.1177612710980709,2.2355225421961418,1.5961559101707909e-09
double_settle,up,0.5,1.5,0,0.557022159779119,0.557022159779119,1.114044319558238,1.031489859478216e-10
double_settle,up,0.5,1.5,1,0.5570221597791152,0.5570221597791152,1.1140443195582304,1.0314467679356177e-10
double_settle,up,0.5,1.5,2,0.557022159779119,0.557022159779119,1.114044319558238,1.031489859478216e-10
double_settle,up,0.5,1.5,3,0.557022159779119,0.557022159779119,1.114044319558238,1.031489859478216e-10
double_settle,up,0.5,1.5,4,0.557022159779119,0.557022159779119,1.114044319558238,1.031489859478216e-10
double_settle,up,0.5,1.5,5,0.557022159779119,0.557022159779119,1.114044319558238,1.031489859478216e-10
double_settle,up,0.5,1.5,6,0.557022159779119,0.557022159779119,1.114044319558238,1.031489859478216e-10
double_settle,up,0.5,1.5,7,0.557022159779119,0.557022159779119,1.114044319558238,1.031489859478216e-10
double_settle,up,0.5,1.5,8,0.557022159779119,0.557022159779119,1.114044319558238,1.031489859478216e-10
double_settle,up,0.5,1.5,9,0.557022159779119,0.557022159779119,1.114044319558238,1.031489859478216e-10
double_settle,up,0.5,1.5,10,0.557022159779119,0.557022159779119,1.114044319558238,1.031489859478216e-10
double_settle,up,0.5,1.5,11,0.557022159779119,0.557022159779119,1.114044319558238,1.031489859478216e-10
double_settle,up,2.0,1.5,0,0.22191193655363606,0.22191193655363606,0.4438238731072721,2.5426829793340026e-12
double_settle,up,2.0,1.5,1,0.2219119365536382,0.2219119365536382,0.4438238731072764,2.54417547699492e-12
double_settle,up,2.0,1.5,2,0.22191193655363606,0.22191193655363606,0.4438238731072721,2.5426829793340026e-12
double_settle,up,2.0,1.5,3,0.22191193655363606,0.22191193655363606,0.4438238731072721,2.5426829793340026e-12
double_settle,up,2.0,1.5,4,0.22191193655363606,0.22191193655363606,0.4438238731072721,2.5426829793340026e-12
double_settle,up,2.0,1.5,5,0.22191193655363606,0.22191193655363606,0.4438238731072721,2.5426829793340026e-12
double_settle,up,2.0,1.5,6,0.22191193655363606,0.22191193655363606,0.4438238731072721,2.5426829793340026e-12
double_settle,up,2.0,1.5,7,0.22191193655363606,0.22191193655363606,0.4438238731072721,2.5426829793340026e-12
double_settle,up,2.0,1.5,8,0.22191193655363606,0.22191193655363606,0.4438238731072721,2.5426829793340026e-12
double_settle,up,2.0,1.5,9,0.22191193655363606,0.22191193655363606,0.4438238731072721,2.5426829793340026e-12
double_settle,up,2.0,1.5,10,0.22191193655363606,0.22191193655363606,0.4438238731072721,2.5426829793340026e-12
double_settle,up,2.0,1.5,11,0.22191193655363606,0.22191193655363606,0.4438238731072721,2.5426829793340026e-12
double_settle,down,0.0,1.5,0,1.1227753646880427,1.1244319830492957,2.2472073477373384,2.502797363403028e-09
double_settle,down,0.0,1.5,1,1.1244299609590138,1.1231717016733846,2.2476016626323982,2.6556149493003438e-09
double_settle,down,0.0,1.5,2,1.1144491423100635,1.1244153442039988,2.2388644865140623,-1.303301021529256e-09
double_settle,down,0.0,1.5,3,1.1221814583819105,1.1235850253551292,2.2457664837370395,1.8012245719717056e-09
double_settle,down,0.0,1.5,4,1.1224331876717555,1.1188420716619634,2.241275259333719,2.0948281869840704e-09
double_settle,down,0.0,1.5,5,1.1220494728425132,1.1207631010353436,2.242812573877857,1.6622740791440468e-09
double_settle,down,0.0,1.5,6,1.1243862777171365,1.1123088810436537,2.2366951587607904,-2.438459857627583e-09
double_settle,down,0.0,1.5,7,1.1105231126143549,1.110252278159416,2.220775390773771,1.7024265834030867e-09
double_settle,down,0.0,1.5,8,1.1242358380088677,1.1219856079970243,2.246221446005892,2.4199194074062827e-09
double_settle,down,0.0,1.5,9,1.1243276294301177,1.124364044496749,2.2486916739268668,1.934355414980235e-09
double_settle,down,0.0,1.5,10,1.1237777829251128,1.123359370644215,2.247137153569328,2.2416102732673848e-09
double_settle,down,0.0,1.5,11,1.1206355295481005,1.1241853912842197,2.2448209208323204,9.164755766552201e-10
double_settle,down,0.5,1.5,0,0.46259000423163854,0.47166779245059276,0.9342577966822313,-1.6441508515900364e-10
double_settle,down,0.5,1.5,1,0.5423091985602426,0.5488658345063115,1.0911750330665542,7.083882743727022e-10
double_settle,down,0.5,1.5,2,0.4398048834434258,0.44018394980916525,0.879988833252591,-5.454600759147279e-10
double_settle,down,0.5,1.5,3,0.5606844019913307,0.5610656749772045,1.1217500769685351,2.1826232949438142e-10
double_settle,down,0.5,1.5,4,0.560950844810613,0.5609403578468942,1.1218912026575072,3.931024886165911e-10
double_settle,down,0.5,1.5,5,0.5589748327670685,0.5577630275127996,1.116737860279868,1.6078005548465642e-10
double_settle,down,0.5,1.5,6,0.5067770719963585,0.5028673997121251,1.0096444717084836,3.427565957142052e-10
double_settle,down,0.5,1.5,7,0.5598197541532798,0.5600774055758566,1.1198971597291365,4.701345775228464e-10
double_settle,down,0.5,1.5,8,0.5361030104165875,0.542739938893225,1.0788429493098124,8.069958792953124e-10
double_settle,down,0.5,1.5,9,0.5239188089242924,0.5108780474053191,1.0347968563296115,6.044941207813973e-10
double_settle,down,0.5,1.5,10,0.445446604578718,0.4592142829186011,0.9046608874973191,-4.217731430825722e-10
double_settle,down,0.5,1.5,11,0.44413724876954946,0.4414839551280883,0.8856212038976378,-5.066487947003735e-10
double_settle,down,2.0,1.5,0,0.15546901152629772,0.15468557993994067,0.31015459146623836,-4.447044517523943e-11
double_settle,down,2.0,1.5,1,0.15565204256572002,0.15576542581641717,0.3114174683821372,1.0382072206852178e-11
double_settle,down,2.0,1.5,2,0.16406445017648622,0.1417502763843288,0.305814726560815,-3.2791145067327635e-11
double_settle,down,2.0,1.5,3,0.22317790778913463,0.22345414272713016,0.44663205051626476,2.0129801017639004e-11
double_settle,down,2.0,1.5,4,0.22024742431992209,0.2220324303930697,0.4422798547129918,8.289243187180388e-11
double_settle,down,2.0,1.5,5,0.2225833181357997,0.2225244504126765,0.4451077685484762,2.0275540348923433e-11
double_settle,down,2.0,1.5,6,0.14999366803391978,0.15726202694818653,0.3072556949821063,-5.217812620116071e-11
double_settle,down,2.0,1.5,7,0.16347451280162376,0.14311826340668318,0.30659277620830694,-1.7791899519813026e-11
double_settle,down,2.0,1.5,8,0.22059679243695413,0.22328002069609099,0.4438768131330451,7.726419058438237e-11
double_settle,down,2.0,1.5,9,0.21271994683504317,0.21268315906387814,0.4254031058989213,1.8930531417432122e-10
double_settle,down,2.0,1.5,10,0.15628307844850384,0.1562112034340987,0.31249428188260253,4.7426069805559866e-11
double_settle,down,2.0,1.5,11,0.1962647238404645,0.19624839704740482,0.3925131208878693,2.220289685283433e-10
double_settle,fresh,0.0,2.0,0,1.7338003964991666,1.7345338568530908,3.4683342533522574,8.405299551807032e-09
double_settle,fresh,0.0,2.0,1,1.7345449825423365,1.7318756543367348,3.4664206368790715,8.405511013305919e-09
double_settle,fresh,0.0,2.0,2,1.7308823455857385,1.7337295415698901,3.4646118871556286,1.7325557901313934e-09
double_settle,fresh,0.0,2.0,3,1.7314367550256673,1.7321778536148111,3.463614608640478,7.498909862910766e-09
double_settle,fresh,0.0,2.0,4,1.731524642489852,1.7308282876127463,3.4623529301025986,7.627492543902731e-09
double_settle,fresh,0.0,2.0,5,1.7313950771311306,1.731093929969415,3.4624890071005456,7.322242866669538e-09
double_settle,fresh,0.0,2.0,6,1.734705824252942,1.7303832522560032,3.4650890765089453,2.8118390113035134e-09
double_settle,fresh,0.0,2.0,7,1.7303759749883307,1.730317608601091,3.4606935835894217,7.377814911330368e-09
double_settle,fresh,0.0,2.0,8,1.7330954165257557,1.7313758727219979,3.4644712892477534,8.051131041821546e-09
double_settle,fresh,0.0,2.0,9,1.7348163261083627,1.7334856182675522,3.4683019443759147,7.92048815275447e-09
double_settle,fresh,0.0,2.0,10,1.7347208243046557,1.7319991833828297,3.4667200076874853,7.329283985219366e-09
double_settle,fresh,0.0,2.0,11,1.7310713336649313,1.734906820117694,3.4659781537826255,6.161434057628168e-09
double_settle,fresh,0.5,2.0,0,0.832393972553591,0.8215311700815155,1.6539251426351065,1.2105288729363517e-09
double_settle,fresh,0.5,2.0,1,0.8518066172218355,0.8506595576354673,1.7024661748573027,1.4086451597146449e-09
double_settle,fresh,0.5,2.0,2,0.7538351143049954,0.7528366630216374,1.5066717773266327,-1.0407006496041884e-09
double_settle,fresh,0.5,2.0,3,0.8669074191041901,0.8643192195316877,1.731226638635878,6.405699239652722e-10
double_settle,fresh,0.5,2.0,4,0.8588245524216227,0.8626219576119276,1.7214465100335503,8.268234833204483e-10
double_settle,fresh,0.5,2.0,5,0.8692456662105806,0.8698224040727862,1.7390680702833667,5.305986445312156e-10
double_settle,fresh,0.5,2.0,6,0.7980340293938,0.8096886719003135,1.6077227012941133,5.192280966293538e-10
double_settle,fresh,0.5,2.0,7,0.865690455808657,0.8627073932112826,1.7283978490199396,9.651943517454042e-10
double_settle,fresh,0.5,2.0,8,0.8546157066330669,0.8545785413517625,1.7091942479848292,1.0441461678312715e-09
double_settle,fresh,0.5,2.0,9,0.8563758695656963,0.8545685810209355,1.7109444505866318,1.0799611559262894e-09
double_settle,fresh,0.5,2.0,10,0.8281022032581344,0.820883757389133,1.6489859606472674,1.187875549465506e-09
double_settle,fresh,0.5,2.0,11,0.8210048027127462,0.8254187367032404,1.6464235394159865,1.1655683552222545e-09
double_settle,fresh,2.0,2.0,0,0.2680552544590991,0.2664959223086764,0.5345511767677755,-1.1763425561172024e-11
double_settle,fresh,2.0,2.0,1,0.3409643856351998,0.34080360312676233,0.6817679887619621,1.7241516751372987e-10
double_settle,fresh,2.0,2.0,2,0.2640618547556652,0.27747978684646685,0.541541641602132,4.045159668991248e-12
double_settle,fresh,2.0,2.0,3,0.34566934157368095,0.3457118870796803,0.6913812286533613,3.8727655126094936e-11
double_settle,fresh,2.0,2.0,4,0.3428383880409879,0.33898716367732556,0.6818255517183134,1.1065724620105494e-10
double_settle,fresh,2.0,2.0,5,0.3461724399825385,0.34597585446548,0.6921482944480185,2.978403953585734e-11
double_settle,fresh,2.0,2.0,6,0.3196536494301348,0.31864074327734887,0.6382943927074837,2.2142088208401045e-10
double_settle,fresh,2.0,2.0,7,0.2532824043916434,0.28063295901692314,0.5339153634085665,-4.998823066674736e-11
double_settle,fresh,2.0,2.0,8,0.3440235266701094,0.3412781299886087,0.685301656658718,8.997585369623987e-11
double_settle,fresh,2.0,2.0,9,0.3348331631809083,0.33788770123045336,0.6727208644113616,1.9350602344444685e-10
double_settle,fresh,2.0,2.0,10,0.31195174176792906,0.310415855558511,0.62236759732644,2.2101354465150728e-10
double_settle,fresh,2.0,2.0,11,0.3282254783518414,0.3232719923749558,0.6514974707267972,2.032431572210738e-10
double_settle,up,0.0,2.0,0,1.731549815603886,1.731549815603886,3.463099631207772,7.220970426973658e-09
double_settle,up,0.0,2.0,1,1.731549815603886,1.731549815603886,3.463099631207772,7.220970426973658e-09
double_settle,up,0.0,2.0,2,1.731549815603886,1.731549815603886,3.463099631207772,7.220970426973658e-09
double_settle,up,0.0,2.0,3,1.731549815603886,1.731549815603886,3.463099631207772,7.220970426973658e-09
double_settle,up,0.0,2.0,4,1.731549815603886,1.731549815603886,3.463099631207772,7.220970426973658e-09
double_settle,up,0.0,2.0,5,1.731549815603886,1.731549815603886,3.463099631207772,7.220970426973658e-09
double_settle,up,0.0,2.0,6,1.731549815603886,1.731549815603886,3.463099631207772,7.220970426973658e-09
double_settle,up,0.0,2.0,7,1.731549815603886,1.731549815603886,3.463099631207772,7.220970426973658e-09
double_settle,up,0.0,2.0,8,1.731549815603886,1.731549815603886,3.463099631207772,7.220970426973658e-09
double_settle,up,0.0,2.0,9,1.731549815603886,1.731549815603886,3.463099631207772,7.220970426973658e-09
double_settle,up,0.0,2.0,10,1.731549815603886,1.731549815603886,3.463099631207772,7.220970426973658e-09
double_settle,up,0.0,2.0,11,1.731549815603886,1.731549815603886,3.463099631207772,7.220970426973658e-09
double_settle,up,0.5,2.0,0,0.8702864245848718,0.8702864245848718,1.7405728491697436,4.638094021224199e-10
double_settle,up,0.5,2.0,1,0.8702864245848718,0.8702864245848718,1.7405728491697436,4.6380932022287595e-10
double_settle,up,0.5,2.0,2,0.8702864245848718,0.8702864245848718,1.7405728491697436,4.638094021224199e-10
double_settle,up,0.5,2.0,3,0.8702864245848718,0.8702864245848718,1.7405728491697436,4.638094021224199e-10
double_settle,up,0.5,2.0,4,0.8702864245848718,0.8702864245848718,1.7405728491697436,4.638094021224199e-10
double_settle,up,0.5,2.0,5,0.8702864245848718,0.8702864245848718,1.7405728491697436,4.638094021224199e-10
double_settle,up,0.5,2.0,6,0.8702864245848718,0.8702864245848718,1.7405728491697436,4.638094021224199e-10
double_settle,up,0.5,2.0,7,0.8702864245848718,0.8702864245848718,1.7405728491697436,4.638094021224199e-10
double_settle,up,0.5,2.0,8,0.8702864245848718,0.8702864245848718,1.7405728491697436,4.638094021224199e-10
double_settle,up,0.5,2.0,9,0.8702864245848718,0.8702864245848718,1.7405728491697436,4.638094021224199e-10
double_settle,up,0.5,2.0,10,0.8702864245848718,0.8702864245848718,1.7405728491697436,4.638094021224199e-10
double_settle,up,0.5,2.0,11,0.8702864245848718,0.8702864245848718,1.7405728491697436,4.638094021224199e-10
double_settle,up,2.0,2.0,0,0.3462188510612296,0.3462188510612296,0.6924377021224593,1.1632972805682138e-11
double_settle,up,2.0,2.0,1,0.3462188510612279,0.3462188510612279,0.6924377021224558,1.1619644115958438e-11
double_settle,up,2.0,2.0,2,0.3462188510612296,0.3462188510612296,0.6924377021224593,1.1632972805682138e-11
double_settle,up,2.0,2.0,3,0.3462188510612296,0.3462188510612296,0.6924377021224593,1.1632972805682138e-11
double_settle,up,2.0,2.0,4,0.3462188510612296,0.3462188510612296,0.6924377021224593,1.1632972805682138e-11
double_settle,up,2.0,2.0,5,0.3462188510612296,0.3462188510612296,0.6924377021224593,1.1632972805682138e-11
double_settle,up,2.0,2.0,6,0.3462188510612296,0.3462188510612296,0.6924377021224593,1.1632972805682138e-11
double_settle,up,2.0,2.0,7,0.3462188510612296,0.3462188510612296,0.6924377021224593,1.1632972805682138e-11
double_settle,up,2.0,2.0,8,0.3462188510612296,0.3462188510612296,0.6924377021224593,1.1632972805682138e-11
double_settle,up,2.0,2.0,9,0.3462188510612296,0.3462188510612296,0.6924377021224593,1.1632972805682138e-11
double_settle,up,2.0,2.0,10,0.3462188510612296,0.3462188510612296,0.6924377021224593,1.1632972805682138e-11
double_settle,up,2.0,2.0,11,0.3462188510612296,0.3462188510612296,0.6924377021224593,1.1632972805682138e-11
double_settle,down,0.0,2.0,0,1.7338003964991666,1.7345338568530908,3.4683342533522574,8.405299551807032e-09
double_settle,down,0.0,2.0,1,1.7345449825423365,1.7318756543367348,3.4664206368790715,8.405511013305919e-09
double_settle,down,0.0,2.0,2,1.7308823455857385,1.7337295415698901,3.4646118871556286,1.7325557901313934e-09
double_settle,down,0.0,2.0,3,1.7314367550256673,1.7321778536148111,3.463614608640478,7.498909862910766e-09
double_settle,down,0.0,2.0,4,1.731524642489852,1.7308282876127463,3.4623529301025986,7.627492543902731e-09
double_settle,down,0.0,2.0,5,1.7313950771311306,1.731093929969415,3.4624890071005456,7.322242866669538e-09
double_settle,down,0.0,2.0,6,1.734705824252942,1.7303832522560032,3.4650890765089453,2.8118390113035134e-09
double_settle,down,0.0,2.0,7,1.7303759749883307,1.730317608601091,3.4606935835894217,7.377814911330368e-09
double_settle,down,0.0,2.0,8,1.7330954165257557,1.7313758727219979,3.4644712892477534,8.051131041821546e-09
double_settle,down,0.0,2.0,9,1.7348163261083627,1.7334856182675522,3.4683019443759147,7.92048815275447e-09
double_settle,down,0.0,2.0,10,1.7347208243046557,1.7319991833828297,3.4667200076874853,7.329283985219366e-09
double_settle,down,0.0,2.0,11,1.7310713336649313,1.734906820117694,3.4659781537826255,6.161434057628168e-09
double_settle,down,0.5,2.0,0,0.832393972553591,0.8215311700815155,1.6539251426351065,1.2105288729363517e-09
double_settle,down,0.5,2.0,1,0.8518066172218355,0.8506595576354673,1.7024661748573027,1.4086451597146449e-09
double_settle,down,0.5,2.0,2,0.7538351143049954,0.7528366630216374,1.5066717773266327,-1.0407006496041884e-09
double_settle,down,0.5,2.0,3,0.8669074191041901,0.8643192195316877,1.731226638635878,6.405699239652722e-10
double_settle,down,0.5,2.0,4,0.8588245524216227,0.8626219576119276,1.7214465100335503,8.268234833204483e-10
double_settle,down,0.5,2.0,5,0.8692456662105806,0.8698224040727862,1.7390680702833667,5.305986445312156e-10
double_settle,down,0.5,2.0,6,0.7980340293938,0.8096886719003135,1.6077227012941133,5.192280966293538e-10
double_settle,down,0.5,2.0,7,0.865690455808657,0.8627073932112826,1.7283978490199396,9.651943517454042e-10
double_settle,down,0.5,2.0,8,0.8546157066330669,0.8545785413517625,1.7091942479848292,1.0441461678312715e-09
double_settle,down,0.5,2.0,9,0.8563758695656963,0.8545685810209355,1.7109444505866318,1.0799611559262894e-09
double_settle,down,0.5,2.0,10,0.8281022032581344,0.820883757389133,1.6489859606472674,1.187875549465506e-09
double_settle,down,0.5,2.0,11,0.8210048027127462,0.8254187367032404,1.6464235394159865,1.1655683552222545e-09
double_settle,down,2.0,2.0,0,0.2680552544590991,0.2664959223086764,0.5345511767677755,-1.1763425561172024e-11
double_settle,down,2.0,2.0,1,0.3409643856351998,0.34080360312676233,0.6817679887619621,1.7241516751372987e-10
double_settle,down,2.0,2.0,2,0.2640618547556652,0.27747978684646685,0.541541641602132,4.045159668991248e-12
double_settle,down,2.0,2.0,3,0.34566934157368095,0.3457118870796803,0.6913812286533613,3.8727655126094936e-11
double_settle,down,2.0,2.0,4,0.3428383880409879,0.33898716367732556,0.6818255517183134,1.1065724620105494e-10
double_settle,down,2.0,2.0,5,0.3461724399825385,0.34597585446548,0.6921482944480185,2.978403953585734e-11
double_settle,down,2.0,2.0,6,0.3196536494301348,0.31864074327734887,0.6382943927074837,2.2142088208401045e-10
double_settle,down,2.0,2.0,7,0.2532824043916434,0.28063295901692314,0.5339153634085665,-4.998823066674736e-11
double_settle,down,2.0,2.0,8,0.3440235266701094,0.3412781299886087,0.685301656658718,8.997585369623987e-11
double_settle,down,2.0,2.0,9,0.3348331631809083,0.33788770123045336,0.6727208644113616,1.9350602344444685e-10
double_settle,down,2.0,2.0,10,0.31195174176792906,0.310415855558511,0.62236759732644,2.2101354465150728e-10
double_settle,down,2.0,2.0,11,0.3282254783518414,0.3232719923749558,0.6514974707267972,2.032431572210738e-10
both,fresh,0.0,0.0,0,-3.259268494755126e-89,1.4272639208183886e-88,1.101337071342876e-88,2.8278194923846907e-10
both,fresh,0.0,0.0,1,1.4835760683066536e-88,1.0641887402986633e-89,1.5899949423365198e-88,-1.065576178646093e-10
both,fresh,0.0,0.0,2,-1.2808108407180885e-89,4.115252372371463e-89,2.834441531653374e-89,2.3969236640507366e-10
both,fresh,0.0,0.0,3,6.946351188369944e-90,1.3459502770254874e-89,2.040585395862482e-89,-4.1473364265596823e-10
both,fresh,0.0,0.0,4,7.662899542731827e-90,1.9506889196515414e-90,9.613588462383369e-90,-5.273939753407564e-10
both,fresh,0.0,0.0,5,6.6088625510722645e-90,4.179227243412647e-90,1.0788089794484912e-89,-8.026035885610139e-10
both,fresh,0.0,0.0,6,3.935354772887231e-88,-3.0565131232166004e-90,3.904789641655065e-88,-1.3905000278777485e-10
both,fresh,0.0,0.0,7,-8.074591567413938e-90,-6.511719059344079e-90,-1.4586310626758017e-89,-5.622408801433801e-10
both,fresh,0.0,0.0,8,2.5261120411397594e-89,6.4537171255722535e-90,3.171483753696985e-89,-2.8374565158625747e-10
both,fresh,0.0,0.0,9,-8.688752902787408e-88,3.358459941870345e-89,-8.352906908600373e-88,8.32888914766178e-11
both,fresh,0.0,0.0,10,-5.810148444485603e-89,1.1757487102452784e-89,-4.6343997342403244e-89,2.9175003677663765e-10
both,fresh,0.0,0.0,11,3.994975725600242e-90,-1.4027429171849966e-88,-1.362793159928994e-88,-9.259240475398509e-11
both,fresh,0.5,0.0,0,2.6025479922901817e-46,2.6025479922901817e-46,5.205095984580363e-46,1.0213864958704978e-10
both,fresh,0.5,0.0,1,0.0,0.0,0.0,1.707397604311046e-11
both,fresh,0.5,0.0,2,1.8982402316081837e-46,1.8982402316081837e-46,3.7964804632163675e-46,6.732500553141647e-11
both,fresh,0.5,0.0,3,2.702277273305426e-46,2.702277273305426e-46,5.404554546610852e-46,-3.99403037904058e-11
both,fresh,0.5,0.0,4,1.269031080549054e-46,1.269031080549054e-46,2.538062161098108e-46,-7.903587541776046e-12
both,fresh,0.5,0.0,5,1.4453923257382366e-46,1.4453923257382366e-46,2.890784651476473e-46,-4.512261323859895e-11
both,fresh,0.5,0.0,6,1.2052401350567315e-45,1.2052401350567315e-45,2.410480270113463e-45,-7.40894311541182e-12
both,fresh,0.5,0.0,7,-1.9582662889792906e-46,-1.9582662889792906e-46,-3.916532577958581e-46,-3.504033234108641e-11
both,fresh,0.5,0.0,8,3.971864936102768e-46,3.971864936102768e-46,7.943729872205536e-46,-2.2933923383220533e-11
both,fresh,0.5,0.0,9,-4.487808181024464e-46,-4.487808181024464e-46,-8.975616362048928e-46,1.3647523928383886e-10
both,fresh,0.5,0.0,10,-2.725331132110097e-46,-2.725331132110097e-46,-5.450662264220194e-46,1.2164953447228093e-10
both,fresh,0.5,0.0,11,-7.040661359790956e-46,-7.040661359790956e-46,-1.4081322719581913e-45,1.4417969080094782e-11
both,fresh,2.0,0.0,0,1.1812173249812897e-20,1.1812173249812897e-20,2.3624346499625795e-20,3.5080382138244005e-11
both,fresh,2.0,0.0,1,0.0,0.0,0.0,2.1749812711386197e-11
both,fresh,2.0,0.0,2,1.430615694402761e-20,1.430615694402761e-20,2.861231388805522e-20,-3.2650161742683493e-11
both,fresh,2.0,0.0,3,3.053103453575326e-20,3.053103453575326e-20,6.106206907150652e-20,-2.4380984650646204e-12
both,fresh,2.0,0.0,4,1.4328894865062973e-20,1.4328894865062973e-20,2.8657789730125946e-20,-6.815913130397546e-12
both,fresh,2.0,0.0,5,1.6473071474496867e-20,1.6473071474496867e-20,3.2946142948993735e-20,-1.8857122154438988e-12
both,fresh,2.0,0.0,6,6.02229998947753e-20,6.02229998947753e-20,1.204459997895506e-19,2.1829378320563417e-12
both,fresh,2.0,0.0,7,-2.234656816651874e-20,-2.234656816651874e-20,-4.469313633303748e-20,-7.61570247672722e-13
both,fresh,2.0,0.0,8,4.2912862580877205e-20,4.2912862580877205e-20,8.582572516175441e-20,-1.0286234515669873e-12
both,fresh,2.0,0.0,9,-1.6266154854948616e-20,-1.6266154854948616e-20,-3.253230970989723e-20,4.5377907069302325e-11
both,fresh,2.0,0.0,10,-1.9174384213897762e-20,-1.9174384213897762e-20,-3.8348768427795524e-20,9.422191694291917e-12
both,fresh,2.0,0.0,11,-4.447655383697216e-20,-4.447655383697216e-20,-8.895310767394432e-20,1.0507157124394849e-11
both,up,0.0,0.0,0,-3.259268494755126e-89,1.4272639208183886e-88,1.101337071342876e-88,2.8278194923846907e-10
both,up,0.0,0.0,1,1.4835760683066536e-88,1.0641887402986633e-89,1.5899949423365198e-88,-1.065576178646093e-10
both,up,0.0,0.0,2,-1.2808108407180885e-89,4.115252372371463e-89,2.834441531653374e-89,2.3969236640507366e-10
both,up,0.0,0.0,3,6.946351188369944e-90,1.3459502770254874e-89,2.040585395862482e-89,-4.1473364265596823e-10
both,up,0.0,0.0,4,7.662899542731827e-90,1.9506889196515414e-90,9.613588462383369e-90,-5.273939753407564e-10
both,up,0.0,0.0,5,6.6088625510722645e-90,4.179227243412647e-90,1.0788089794484912e-89,-8.026035885610139e-10
both,up,0.0,0.0,6,3.935354772887231e-88,-3.0565131232166004e-90,3.904789641655065e-88,-1.3905000278777485e-10
both,up,0.0,0.0,7,-8.074591567413938e-90,-6.511719059344079e-90,-1.4586310626758017e-89,-5.622408801433801e-10
both,up,0.0,0.0,8,2.5261120411397594e-89,6.4537171255722535e-90,3.171483753696985e-89,-2.8374565158625747e-10
both,up,0.0,0.0,9,-8.688752902787408e-88,3.358459941870345e-89,-8.352906908600373e-88,8.32888914766178e-11
both,up,0.0,0.0,10,-5.810148444485603e-89,1.1757487102452784e-89,-4.6343997342403244e-89,2.9175003677663765e-10
both,up,0.0,0.0,11,3.994975725600242e-90,-1.4027429171849966e-88,-1.362793159928994e-88,-9.259240475398509e-11
both,up,0.5,0.0,0,2.6025479922901817e-46,2.6025479922901817e-46,5.205095984580363e-46,1.0213864958704978e-10
both,up,0.5,0.0,1,0.0,0.0,0.0,1.707397604311046e-11
both,up,0.5,0.0,2,1.8982402316081837e-46,1.8982402316081837e-46,3.7964804632163675e-46,6.732500553141647e-11
both,up,0.5,0.0,3,2.702277273305426e-46,2.702277273305426e-46,5.404554546610852e-46,-3.99403037904058e-11
both,up,0.5,0.0,4,1.269031080549054e-46,1.269031080549054e-46,2.538062161098108e-46,-7.903587541776046e-12
both,up,0.5,0.0,5,1.4453923257382366e-46,1.4453923257382366e-46,2.890784651476473e-46,-4.512261323859895e-11
both,up,0.5,0.0,6,1.2052401350567315e-45,1.2052401350567315e-45,2.410480270113463e-45,-7.40894311541182e-12
both,up,0.5,0.0,7,-1.9582662889792906e-46,-1.9582662889792906e-46,-3.916532577958581e-46,-3.504033234108641e-11
both,up,0.5,0.0,8,3.971864936102768e-46,3.971864936102768e-46,7.943729872205536e-46,-2.2933923383220533e-11
both,up,0.5,0.0,9,-4.487808181024464e-46,-4.487808181024464e-46,-8.975616362048928e-46,1.3647523928383886e-10
both,up,0.5,0.0,10,-2.725331132110097e-46,-2.725331132110097e-46,-5.450662264220194e-46,1.2164953447228093e-10
both,up,0.5,0.0,11,-7.040661359790956e-46,-7.040661359790956e-46,-1.4081322719581913e-45,1.4417969080094782e-11
both,up,2.0,0.0,0,1.1812173249812897e-20,1.1812173249812897e-20,2.3624346499625795e-20,3.5080382138244005e-11
both,up,2.0,0.0,1,0.0,0.0,0.0,2.1749812711386197e-11
both,up,2.0,0.0,2,1.430615694402761e-20,1.430615694402761e-20,2.861231388805522e-20,-3.2650161742683493e-11
both,up,2.0,0.0,3,3.053103453575326e-20,3.053103453575326e-20,6.106206907150652e-20,-2.4380984650646204e-12
both,up,2.0,0.0,4,1.4328894865062973e-20,1.4328894865062973e-20,2.8657789730125946e-20,-6.815913130397546e-12
both,up,2.0,0.0,5,1.6473071474496867e-20,1.6473071474496867e-20,3.2946142948993735e-20,-1.8857122154438988e-12
both,up,2.0,0.0,6,6.02229998947753e-20,6.02229998947753e-20,1.204459997895506e-19,2.1829378320563417e-12
both,up,2.0,0.0,7,-2.234656816651874e-20,-2.234656816651874e-20,-4.469313633303748e-20,-7.61570247672722e-13
both,up,2.0,0.0,8,4.2912862580877205e-20,4.2912862580877205e-20,8.582572516175441e-20,-1.0286234515669873e-12
both,up,2.0,0.0,9,-1.6266154854948616e-20,-1.6266154854948616e-20,-3.253230970989723e-20,4.5377907069302325e-11
both,up,2.0,0.0,10,-1.9174384213897762e-20,-1.9174384213897762e-20,-3.8348768427795524e-20,9.422191694291917e-12
both,up,2.0,0.0,11,-4.447655383697216e-20,-4.447655383697216e-20,-8.895310767394432e-20,1.0507157124394849e-11
both,down,0.0,0.0,0,0.0,0.0,0.0,-9.269723238381279e-10
both,down,0.0,0.0,1,0.0,0.0,0.0,-9.270359345735237e-10
both,down,0.0,0.0,2,0.0,0.0,0.0,-9.269723238381279e-10
both,down,0.0,0.0,3,0.0,0.0,0.0,-9.270359345735237e-10
both,down,0.0,0.0,4,0.0,0.0,0.0,-9.270359345735237e-10
both,down,0.0,0.0,5,0.0,0.0,0.0,-9.270359345735237e-10
both,down,0.0,0.0,6,0.0,0.0,0.0,-9.269723238381279e-10
both,down,0.0,0.0,7,0.0,0.0,0.0,-9.270220920100757e-10
both,down,0.0,0.0,8,0.0,0.0,0.0,-9.270359345735237e-10
both,down,0.0,0.0,9,0.0,0.0,0.0,-9.269723238381279e-10
both,down,0.0,0.0,10,0.0,0.0,0.0,-9.269723238381279e-10
both,down,0.0,0.0,11,0.0,0.0,0.0,-9.269723238381279e-10
both,down,0.5,0.0,0,0.0,0.0,0.0,-5.7618893500902934e-11
both,down,0.5,0.0,1,0.0,0.0,0.0,-5.756825790962757e-11
both,down,0.5,0.0,2,0.0,0.0,0.0,-5.7614953972388264e-11
both,down,0.5,0.0,3,0.0,0.0,0.0,-5.756825790962757e-11
both,down,0.5,0.0,4,0.0,0.0,0.0,-5.760653277840755e-11
both,down,0.5,0.0,5,0.0,0.0,0.0,-5.762370044854003e-11
both,down,0.5,0.0,6,0.0,0.0,0.0,-5.757042645743375e-11
both,down,0.5,0.0,7,0.0,0.0,0.0,-5.761914649814694e-11
both,down,0.5,0.0,8,0.0,0.0,0.0,-5.7602990816990666e-11
both,down,0.5,0.0,9,0.0,0.0,0.0,-5.757747423780401e-11
both,down,0.5,0.0,10,0.0,0.0,0.0,-5.7605701501748465e-11
both,down,0.5,0.0,11,0.0,0.0,0.0,-5.7594497338082885e-11
both,down,2.0,0.0,0,0.0,0.0,0.0,-1.2559144622691473e-12
both,down,2.0,0.0,1,0.0,0.0,0.0,-1.2085678351503964e-12
both,down,2.0,0.0,2,0.0,0.0,0.0,-1.2186515824516912e-12
both,down,2.0,0.0,3,0.0,0.0,0.0,-1.2140253471306467e-12
both,down,2.0,0.0,4,0.0,0.0,0.0,-1.2140253471306467e-12
both,down,2.0,0.0,5,0.0,0.0,0.0,-1.2137362074230672e-12
both,down,2.0,0.0,6,0.0,0.0,0.0,-1.2158686127663222e-12
both,down,2.0,0.0,7,0.0,0.0,0.0,-1.2186515824516912e-12
both,down,2.0,0.0,8,0.0,0.0,0.0,-1.2140253471306467e-12
both,down,2.0,0.0,9,0.0,0.0,0.0,-1.2030741807067326e-12
both,down,2.0,0.0,10,0.0,0.0,0.0,-1.220422563160509e-12
both,down,2.0,0.0,11,0.0,0.0,0.0,-1.2096882515172143e-12
both,fresh,0.0,0.5,0,0.0,0.0,0.0,1.398919827786165e-10
both,fresh,0.0,0.5,1,0.0,0.0,0.0,2.141828542792286e-11
both,fresh,0.0,0.5,2,0.0,0.0,0.0,1.0561728305415631e-10
both,fresh,0.0,0.5,3,0.0,0.0,0.0,-5.385562056974407e-10
both,fresh,0.0,0.5,4,0.0,0.0,0.0,-1.133278969090801e-09
both,fresh,0.0,0.5,5,0.0,0.0,0.0,-1.213541135089215e-09
both,fresh,0.0,0.5,6,0.0,0.0,0.0,9.965519295075289e-11
both,fresh,0.0,0.5,7,0.0,0.0,0.0,-8.74758537104148e-11
both,fresh,0.0,0.5,8,0.0,0.0,0.0,-3.730624451568413e-10
both,fresh,0.0,0.5,9,0.0,0.0,0.0,-1.064413655585939e-10
both,fresh,0.0,0.5,10,0.0,0.0,0.0,-1.3145966008863758e-11
both,fresh,0.0,0.5,11,0.0,0.0,0.0,-3.0108997792425333e-10
both,fresh,0.5,0.5,0,0.0,0.0,0.0,2.7017121864123694e-11
both,fresh,0.5,0.5,1,0.0,0.0,0.0,2.9925173942261455e-11
both,fresh,0.5,0.5,2,0.0,0.0,0.0,2.2754266162535006e-11
both,fresh,0.5,0.5,3,0.0,0.0,0.0,-5.364070062656782e-11
both,fresh,0.5,0.5,4,0.0,0.0,0.0,-4.814523253592729e-11
both,fresh,0.5,0.5,5,0.0,0.0,0.0,-7.270073080118202e-11
both,fresh,0.5,0.5,6,0.0,0.0,0.0,6.963272277231817e-11
both,fresh,0.5,0.5,7,0.0,0.0,0.0,-5.058323595868702e-12
both,fresh,0.5,0.5,8,0.0,0.0,0.0,-2.8566711706664723e-11
both,fresh,0.5,0.5,9,0.0,0.0,0.0,1.6850872899517203e-11
both,fresh,0.5,0.5,10,0.0,0.0,0.0,1.0358776136831723e-10
both,fresh,0.5,0.5,11,0.0,0.0,0.0,-3.473705800303638e-11
both,fresh,2.0,0.5,0,0.0,0.0,0.0,2.336475810398688e-11
both,fresh,2.0,0.5,1,0.0,0.0,0.0,8.26249678571226e-12
both,fresh,2.0,0.5,2,0.0,0.0,0.0,-3.452947376818713e-11
both,fresh,2.0,0.5,3,0.0,0.0,0.0,-3.876604932639303e-12
both,fresh,2.0,0.5,4,0.0,0.0,0.0,2.3507840900252537e-12
both,fresh,2.0,0.5,5,0.0,0.0,0.0,-1.2456404331552021e-12
both,fresh,2.0,0.5,6,0.0,0.0,0.0,1.5046185545009583e-11
both,fresh,2.0,0.5,7,0.0,0.0,0.0,-2.0616497665164343e-13
both,fresh,2.0,0.5,8,0.0,0.0,0.0,-1.3475337667379558e-12
both,fresh,2.0,0.5,9,0.0,0.0,0.0,5.303047647970253e-11
both,fresh,2.0,0.5,10,0.0,0.0,0.0,1.4617162541039122e-11
both,fresh,2.0,0.5,11,0.0,0.0,0.0,-8.861059289011783e-12
both,up,0.0,0.5,0,0.0,0.0,0.0,-9.692321768723875e-10
both,up,0.0,0.5,1,0.0,0.0,0.0,-9.692321768723875e-10
both,up,0.0,0.5,2,0.0,0.0,0.0,-9.692321768723875e-10
both,up,0.0,0.5,3,0.0,0.0,0.0,-9.692321768723875e-10
both,up,0.0,0.5,4,0.0,0.0,0.0,-9.692321768723875e-10
both,up,0.0,0.5,5,0.0,0.0,0.0,-9.692321768723875e-10
both,up,0.0,0.5,6,0.0,0.0,0.0,-9.692321768723875e-10
both,up,0.0,0.5,7,0.0,0.0,0.0,-9.692321768723875e-10
both,up,0.0,0.5,8,0.0,0.0,0.0,-9.692321768723875e-10
both,up,0.0,0.5,9,0.0,0.0,0.0,-9.692321768723875e-10
both,up,0.0,0.5,10,0.0,0.0,0.0,-9.692321768723875e-10
both,up,0.0,0.5,11,0.0,0.0,0.0,-9.692321768723875e-10
both,up,0.5,0.5,0,0.0,0.0,0.0,-6.006882092073449e-11
both,up,0.5,0.5,1,0.0,0.0,0.0,-6.006838706987573e-11
both,up,0.5,0.5,2,0.0,0.0,0.0,-6.006882092073449e-11
both,up,0.5,0.5,3,0.0,0.0,0.0,-6.006882092073449e-11
both,up,0.5,0.5,4,0.0,0.0,0.0,-6.006882092073449e-11
both,up,0.5,0.5,5,0.0,0.0,0.0,-6.006882092073449e-11
both,up,0.5,0.5,6,0.0,0.0,0.0,-6.006882092073449e-11
both,up,0.5,0.5,7,0.0,0.0,0.0,-6.006882092073449e-11
both,up,0.5,0.5,8,0.0,0.0,0.0,-6.006882092073449e-11
both,up,0.5,0.5,9,0.0,0.0,0.0,-6.006882092073449e-11
both,up,0.5,0.5,10,0.0,0.0,0.0,-6.006882092073449e-11
both,up,0.5,0.5,11,0.0,0.0,0.0,-6.006882092073449e-11
both,up,2.0,0.5,0,0.0,0.0,0.0,-1.529107358690722e-12
both,up,2.0,0.5,1,0.0,0.0,0.0,-1.529459862515199e-12
both,up,2.0,0.5,2,0.0,0.0,0.0,-1.529107358690722e-12
both,up,2.0,0.5,3,0.0,0.0,0.0,-1.529107358690722e-12
both,up,2.0,0.5,4,0.0,0.0,0.0,-1.529107358690722e-12
both,up,2.0,0.5,5,0.0,0.0,0.0,-1.529107358690722e-12
both,up,2.0,0.5,6,0.0,0.0,0.0,-1.529107358690722e-12
both,up,2.0,0.5,7,0.0,0.0,0.0,-1.529107358690722e-12
both,up,2.0,0.5,8,0.0,0.0,0.0,-1.529107358690722e-12
both,up,2.0,0.5,9,0.0,0.0,0.0,-1.529107358690722e-12
both,up,2.0,0.5,10,0.0,0.0,0.0,-1.529107358690722e-12
both,up,2.0,0.5,11,0.0,0.0,0.0,-1.529107358690722e-12
both,down,0.0,0.5,0,0.0,0.0,0.0,-9.374979225633767e-11
both,down,0.0,0.5,1,0.0,0.0,0.0,-9.372523838716844e-11
both,down,0.0,0.5,2,0.0,0.0,0.0,-9.374979225633767e-11
both,down,0.0,0.5,3,0.0,0.0,0.0,-9.372523838716844e-11
both,down,0.0,0.5,4,0.0,0.0,0.0,-9.372523838716844e-11
both,down,0.0,0.5,5,0.0,0.0,0.0,-9.372523838716844e-11
both,down,0.0,0.5,6,0.0,0.0,0.0,-9.374979225633767e-11
both,down,0.0,0.5,7,0.0,0.0,0.0,-9.37730955725293e-11
both,down,0.0,0.5,8,0.0,0.0,0.0,-9.372523838716844e-11
both,down,0.0,0.5,9,0.0,0.0,0.0,-9.374979225633767e-11
both,down,0.0,0.5,10,0.0,0.0,0.0,-9.374979225633767e-11
both,down,0.0,0.5,11,0.0,0.0,0.0,-9.374979225633767e-11
both,down,0.5,0.5,0,0.0,0.0,0.0,-5.75251705148049e-12
both,down,0.5,0.5,1,0.0,0.0,0.0,-5.760437220679463e-12
both,down,0.5,0.5,2,0.0,0.0,0.0,-5.758084029491861e-12
both,down,0.5,0.5,3,0.0,0.0,0.0,-5.760437220679463e-12
both,down,0.5,0.5,4,0.0,0.0,0.0,-5.779370324641584e-12
both,down,0.5,0.5,5,0.0,0.0,0.0,-5.752839774843442e-12
both,down,0.5,0.5,6,0.0,0.0,0.0,-5.76158019925666e-12
both,down,0.5,0.5,7,0.0,0.0,0.0,-5.751037902733512e-12
both,down,0.5,0.5,8,0.0,0.0,0.0,-5.7781063248032754e-12
both,down,0.5,0.5,9,0.0,0.0,0.0,-5.764565390364158e-12
both,down,0.5,0.5,10,0.0,0.0,0.0,-5.779343431028007e-12
both,down,0.5,0.5,11,0.0,0.0,0.0,-5.77444879335625e-12
both,down,2.0,0.5,0,0.0,0.0,0.0,-2.0029018715021418e-13
both,down,2.0,0.5,1,0.0,0.0,0.0,-2.493710319358877e-13
both,down,2.0,0.5,2,0.0,0.0,0.0,-2.5519349927629597e-13
both,down,2.0,0.5,3,0.0,0.0,0.0,-2.5401018027872214e-13
both,down,2.0,0.5,4,0.0,0.0,0.0,-2.5401018027872214e-13
both,down,2.0,0.5,5,0.0,0.0,0.0,-2.5067537219459626e-13
both,down,2.0,0.5,6,0.0,0.0,0.0,-2.529882229626161e-13
both,down,2.0,0.5,7,0.0,0.0,0.0,-2.5519349927629597e-13
both,down,2.0,0.5,8,0.0,0.0,0.0,-2.5401018027872214e-13
both,down,2.0,0.5,9,0.0,0.0,0.0,-2.5007026588901326e-13
both,down,2.0,0.5,10,0.0,0.0,0.0,-2.4810703209755376e-13
both,down,2.0,0.5,11,0.0,0.0,0.0,-2.532974995188094e-13
both,fresh,0.0,0.8,0,0.0,0.0,0.0,3.4640851080599906e-11
both,fresh,0.0,0.8,1,0.0,0.0,0.0,1.9337808827016912e-10
both,fresh,0.0,0.8,2,0.0,0.0,0.0,1.058275076313271e-10
both,fresh,0.0,0.8,3,0.0,0.0,0.0,-4.948337578725902e-10
both,fresh,0.0,0.8,4,0.0,0.0,0.0,-1.1066961806728945e-09
both,fresh,0.0,0.8,5,0.0,0.0,0.0,-1.0960478041287677e-09
both,fresh,0.0,0.8,6,0.0,0.0,0.0,1.5544972043445168e-10
both,fresh,0.0,0.8,7,0.0,0.0,0.0,-8.270225323135072e-13
both,fresh,0.0,0.8,8,0.0,0.0,0.0,-3.354011532510414e-10
both,fresh,0.0,0.8,9,0.0,0.0,0.0,2.989720998847725e-11
both,fresh,0.0,0.8,10,0.0,0.0,0.0,2.725239239055093e-11
both,fresh,0.0,0.8,11,0.0,0.0,0.0,-2.442424079424539e-10
both,fresh,0.5,0.8,0,0.0,0.0,0.0,5.175824620391332e-11
both,fresh,0.5,0.8,1,0.0,0.0,0.0,6.058523730714148e-11
both,fresh,0.5,0.8,2,0.0,0.0,0.0,9.657786206082846e-12
both,fresh,0.5,0.8,3,0.0,0.0,0.0,-5.251536570985604e-11
both,fresh,0.5,0.8,4,0.0,0.0,0.0,-5.533921416018738e-11
both,fresh,0.5,0.8,5,0.0,0.0,0.0,-6.694105381203816e-11
both,fresh,0.5,0.8,6,0.0,0.0,0.0,8.839847771421537e-11
both,fresh,0.5,0.8,7,0.0,0.0,0.0,-7.078594217068557e-13
both,fresh,0.5,0.8,8,0.0,0.0,0.0,-2.383465515024419e-11
both,fresh,0.5,0.8,9,0.0,0.0,0.0,1.748132917310836e-11
both,fresh,0.5,0.8,10,0.0,0.0,0.0,5.4192480739054205e-11
both,fresh,0.5,0.8,11,0.0,0.0,0.0,-3.008264384053581e-11
both,fresh,2.0,0.8,0,1.4556134075860426e-13,1.4556134075860426e-13,2.9112268151720853e-13,1.88893859218572e-11
both,fresh,2.0,0.8,1,3.408118232073321e-13,3.408118232073321e-13,6.816236464146642e-13,8.985282482745273e-12
both,fresh,2.0,0.8,2,1.5934253916327634e-13,1.5934253916327634e-13,3.186850783265527e-13,-3.2565034072889e-11
both,fresh,2.0,0.8,3,2.0284718349472542e-13,2.0284718349472542e-13,4.0569436698945084e-13,-4.251418210638936e-12
both,fresh,2.0,0.8,4,1.621303091781101e-13,1.621303091781101e-13,3.242606183562202e-13,2.8551614379382273e-12
both,fresh,2.0,0.8,5,1.683253536555185e-13,1.683253536555185e-13,3.36650707311037e-13,-1.0780393577543218e-12
both,fresh,2.0,0.8,6,2.36549668741759e-13,2.36549668741759e-13,4.73099337483518e-13,1.923355508639406e-11
both,fresh,2.0,0.8,7,-7.926437284311305e-15,-7.926437284311305e-15,-1.585287456862261e-14,-7.978971168084301e-13
both,fresh,2.0,0.8,8,2.2559787371534413e-13,2.2559787371534413e-13,4.5119574743068827e-13,-1.1079563990334386e-12
both,fresh,2.0,0.8,9,-1.3571366253017913e-14,-1.3571366253017913e-14,-2.7142732506035826e-14,4.55285483985839e-11
both,fresh,2.0,0.8,10,-2.0761170560490428e-16,-2.0761170560490428e-16,-4.1522341120980857e-16,1.7826553901383746e-11
both,fresh,2.0,0.8,11,4.197708847186732e-13,4.197708847186732e-13,8.395417694373464e-13,1.671097052344043e-12
both,up,0.0,0.8,0,0.0,0.0,0.0,-1.9327249843010926e-10
both,up,0.0,0.8,1,0.0,0.0,0.0,-1.9327249843010926e-10
both,up,0.0,0.8,2,0.0,0.0,0.0,-1.9327249843010926e-10
both,up,0.0,0.8,3,0.0,0.0,0.0,-1.9327249843010926e-10
both,up,0.0,0.8,4,0.0,0.0,0.0,-1.9327249843010926e-10
both,up,0.0,0.8,5,0.0,0.0,0.0,-1.9327249843010926e-10
both,up,0.0,0.8,6,0.0,0.0,0.0,-1.9327249843010926e-10
both,up,0.0,0.8,7,0.0,0.0,0.0,-1.9327249843010926e-10
both,up,0.0,0.8,8,0.0,0.0,0.0,-1.9327249843010926e-10
both,up,0.0,0.8,9,0.0,0.0,0.0,-1.9327249843010926e-10
both,up,0.0,0.8,10,0.0,0.0,0.0,-1.9327249843010926e-10
both,up,0.0,0.8,11,0.0,0.0,0.0,-1.9327249843010926e-10
both,up,0.5,0.8,0,0.0,0.0,0.0,-1.1997766357122085e-11
both,up,0.5,0.8,1,0.0,0.0,0.0,-1.1997893519136839e-11
both,up,0.5,0.8,2,0.0,0.0,0.0,-1.1997766357122085e-11
both,up,0.5,0.8,3,0.0,0.0,0.0,-1.1997766357122085e-11
both,up,0.5,0.8,4,0.0,0.0,0.0,-1.1997766357122085e-11
both,up,0.5,0.8,5,0.0,0.0,0.0,-1.1997766357122085e-11
both,up,0.5,0.8,6,0.0,0.0,0.0,-1.1997766357122085e-11
both,up,0.5,0.8,7,0.0,0.0,0.0,-1.1997766357122085e-11
both,up,0.5,0.8,8,0.0,0.0,0.0,-1.1997766357122085e-11
both,up,0.5,0.8,9,0.0,0.0,0.0,-1.1997766357122085e-11
both,up,0.5,0.8,10,0.0,0.0,0.0,-1.1997766357122085e-11
both,up,0.5,0.8,11,0.0,0.0,0.0,-1.1997766357122085e-11
both,up,2.0,0.8,0,6.060096868765186e-14,6.060096868765186e-14,1.2120193737530372e-13,-3.0530388646497687e-13
both,up,2.0,0.8,1,6.03161964818355e-14,6.031841692788475e-14,1.2063461340972025e-13,-3.0531599713304457e-13
both,up,2.0,0.8,2,6.060096868765186e-14,6.060096868765186e-14,1.2120193737530372e-13,-3.0530388646497687e-13
both,up,2.0,0.8,3,6.060096868765186e-14,6.060096868765186e-14,1.2120193737530372e-13,-3.0530388646497687e-13
both,up,2.0,0.8,4,6.060096868765186e-14,6.060096868765186e-14,1.2120193737530372e-13,-3.0530388646497687e-13
both,up,2.0,0.8,5,6.060096868765186e-14,6.060096868765186e-14,1.2120193737530372e-13,-3.0530388646497687e-13
both,up,2.0,0.8,6,6.060096868765186e-14,6.060096868765186e-14,1.2120193737530372e-13,-3.0530388646497687e-13
both,up,2.0,0.8,7,6.060096868765186e-14,6.060096868765186e-14,1.2120193737530372e-13,-3.0530388646497687e-13
both,up,2.0,0.8,8,6.060096868765186e-14,6.060096868765186e-14,1.2120193737530372e-13,-3.0530388646497687e-13
both,up,2.0,0.8,9,6.060096868765186e-14,6.060096868765186e-14,1.2120193737530372e-13,-3.0530388646497687e-13
both,up,2.0,0.8,10,6.060096868765186e-14,6.060096868765186e-14,1.2120193737530372e-13,-3.0530388646497687e-13
both,up,2.0,0.8,11,6.060096868765186e-14,6.060096868765186e-14,1.2120193737530372e-13,-3.0530388646497687e-13
both,down,0.0,0.8,0,0.0,0.0,0.0,-4.695144282352461e-12
both,down,0.0,0.8,1,0.0,0.0,0.0,-4.697372851220185e-12
both,down,0.0,0.8,2,0.0,0.0,0.0,-4.695144282352461e-12
both,down,0.0,0.8,3,0.0,0.0,0.0,-4.697372851220185e-12
both,down,0.0,0.8,4,0.0,0.0,0.0,-4.697372851220185e-12
both,down,0.0,0.8,5,0.0,0.0,0.0,-4.697372851220185e-12
both,down,0.0,0.8,6,0.0,0.0,0.0,-4.695144282352461e-12
both,down,0.0,0.8,7,0.0,0.0,0.0,-4.676972230193003e-12
both,down,0.0,0.8,8,0.0,0.0,0.0,-4.697372851220185e-12
both,down,0.0,0.8,9,0.0,0.0,0.0,-4.695144282352461e-12
both,down,0.0,0.8,10,0.0,0.0,0.0,-4.695144282352461e-12
both,down,0.0,0.8,11,0.0,0.0,0.0,-4.695144282352461e-12
both,down,0.5,0.8,0,0.0,0.0,0.0,-2.9340240182891735e-13
both,down,0.5,0.8,1,0.0,0.0,0.0,-2.9617973483499734e-13
both,down,0.5,0.8,2,0.0,0.0,0.0,-2.953084146762292e-13
both,down,0.5,0.8,3,0.0,0.0,0.0,-2.9617973483499734e-13
both,down,0.5,0.8,4,0.0,0.0,0.0,-2.936893510158218e-13
both,down,0.5,0.8,5,0.0,0.0,0.0,-2.940726481048944e-13
both,down,0.5,0.8,6,0.0,0.0,0.0,-2.93195044387284e-13
both,down,0.5,0.8,7,0.0,0.0,0.0,-2.9335632239744374e-13
both,down,0.5,0.8,8,0.0,0.0,0.0,-2.9303795541635635e-13
both,down,0.5,0.8,9,0.0,0.0,0.0,-2.9456695473342507e-13
both,down,0.5,0.8,10,0.0,0.0,0.0,-2.934463867407799e-13
both,down,0.5,0.8,11,0.0,0.0,0.0,-2.9141051367749893e-13
both,down,2.0,0.8,0,-2.1600499167107046e-14,-2.1458390619955026e-14,-4.3058889787062075e-14,-1.3807073285188125e-14
both,down,2.0,0.8,1,0.0,0.0,0.0,-3.779770092585743e-14
both,down,2.0,0.8,2,0.0,0.0,0.0,-4.647320116053501e-14
both,down,2.0,0.8,3,0.0,0.0,0.0,-3.7475144905543693e-14
both,down,2.0,0.8,4,0.0,0.0,0.0,-3.7475144905543693e-14
both,down,2.0,0.8,5,0.0,0.0,0.0,-4.553276185455547e-14
both,down,2.0,0.8,6,0.0,0.0,0.0,-4.6674275043328114e-14
both,down,2.0,0.8,7,0.0,0.0,0.0,-4.647320116053501e-14
both,down,2.0,0.8,8,0.0,0.0,0.0,-3.7475144905543693e-14
both,down,2.0,0.8,9,0.0,0.0,0.0,-4.6883727004565494e-14
both,down,2.0,0.8,10,0.0,0.0,0.0,-4.6125510904867024e-14
both,down,2.0,0.8,11,0.0,0.0,0.0,-4.6862781808441095e-14
both,fresh,0.0,0.9,0,0.0,0.0,0.0,6.468406927822584e-11
both,fresh,0.0,0.9,1,0.0,0.0,0.0,2.6052024835235085e-10
both,fresh,0.0,0.9,2,0.0,0.0,0.0,1.0102687552328611e-10
both,fresh,0.0,0.9,3,0.0,0.0,0.0,-4.597238871436756e-10
both,fresh,0.0,0.9,4,0.0,0.0,0.0,-1.0059027034646121e-09
both,fresh,0.0,0.9,5,0.0,0.0,0.0,-9.72015118621514e-10
both,fresh,0.0,0.9,6,0.0,0.0,0.0,1.7061467899683933e-10
both,fresh,0.0,0.9,7,0.0,0.0,0.0,-8.72447484642807e-12
both,fresh,0.0,0.9,8,0.0,0.0,0.0,-3.0742826992750536e-10
both,fresh,0.0,0.9,9,0.0,0.0,0.0,8.461262905624849e-11
both,fresh,0.0,0.9,10,0.0,0.0,0.0,6.83444914003274e-11
both,fresh,0.0,0.9,11,0.0,0.0,0.0,-2.0678683453011763e-10
both,fresh,0.5,0.9,0,0.0,0.0,0.0,6.241170818060766e-11
both,fresh,0.5,0.9,1,0.0,0.0,0.0,7.193612469485003e-11
both,fresh,0.5,0.9,2,0.0,0.0,0.0,7.0758153992324566e-12
both,fresh,0.5,0.9,3,0.0,0.0,0.0,-5.0564960677064603e-11
both,fresh,0.5,0.9,4,0.0,0.0,0.0,-5.2207638321686786e-11
both,fresh,0.5,0.9,5,0.0,0.0,0.0,-5.967341369993083e-11
both,fresh,0.5,0.9,6,0.0,0.0,0.0,9.235870305122327e-11
both,fresh,0.5,0.9,7,0.0,0.0,0.0,-1.6653014442569147e-12
both,fresh,0.5,0.9,8,0.0,0.0,0.0,-2.098306436857496e-11
both,fresh,0.5,0.9,9,0.0,0.0,0.0,2.2201134808459577e-11
both,fresh,0.5,0.9,10,0.0,0.0,0.0,4.883852238811682e-11
both,fresh,0.5,0.9,11,0.0,0.0,0.0,-2.5201867995910487e-11
both,fresh,2.0,0.9,0,8.592540012841709e-11,8.592540012841709e-11,1.7185080025683418e-10,1.7895832570900987e-11
both,fresh,2.0,0.9,1,1.5129141273106938e-10,1.5129141273106938e-10,3.0258282546213875e-10,9.947747511164772e-12
both,fresh,2.0,0.9,2,9.166675085658937e-11,9.166675085658937e-11,1.8333350171317874e-10,-3.15348229555984e-11
both,fresh,2.0,0.9,3,1.0823060780928984e-10,1.0823060780928984e-10,2.1646121561857968e-10,-4.299148326805974e-12
both,fresh,2.0,0.9,4,9.287375535294018e-11,9.287375535294018e-11,1.8574751070588037e-10,2.62669765219575e-12
both,fresh,2.0,0.9,5,9.52698886447223e-11,9.52698886447223e-11,1.905397772894446e-10,-9.542480101630734e-13
both,fresh,2.0,0.9,6,1.1990849091425559e-10,1.1990849091425559e-10,2.3981698182851117e-10,2.023654547120738e-11
both,fresh,2.0,0.9,7,1.7535601859464123e-11,1.7535601859464123e-11,3.5071203718928246e-11,-8.183048675021009e-13
both,fresh,2.0,0.9,8,1.1639827324216866e-10,1.1639827324216866e-10,2.3279654648433733e-10,-9.613533198718613e-13
both,fresh,2.0,0.9,9,8.202071244411968e-12,8.202071244411968e-12,1.6404142488823937e-11,4.0920105222704236e-11
both,fresh,2.0,0.9,10,1.9900450176635332e-11,1.9900450176635332e-11,3.9800900353270664e-11,1.8331227000106303e-11
both,fresh,2.0,0.9,11,1.6712085937342634e-10,1.6712085937342634e-10,3.342417187468527e-10,1.663381259832353e-12
both,up,0.0,0.9,0,0.0,0.0,0.0,-9.705149409184412e-12
both,up,0.0,0.9,1,0.0,0.0,0.0,-9.705149409184412e-12
both,up,0.0,0.9,2,0.0,0.0,0.0,-9.705149409184412e-12
both,up,0.0,0.9,3,0.0,0.0,0.0,-9.705149409184412e-12
both,up,0.0,0.9,4,0.0,0.0,0.0,-9.705149409184412e-12
both,up,0.0,0.9,5,0.0,0.0,0.0,-9.705149409184412e-12
both,up,0.0,0.9,6,0.0,0.0,0.0,-9.705149409184412e-12
both,up,0.0,0.9,7,0.0,0.0,0.0,-9.705149409184412e-12
both,up,0.0,0.9,8,0.0,0.0,0.0,-9.705149409184412e-12
both,up,0.0,0.9,9,0.0,0.0,0.0,-9.705149409184412e-12
both,up,0.0,0.9,10,0.0,0.0,0.0,-9.705149409184412e-12
both,up,0.0,0.9,11,0.0,0.0,0.0,-9.705149409184412e-12
both,up,0.5,0.9,0,0.0,0.0,0.0,-6.038479274323765e-13
both,up,0.5,0.9,1,0.0,0.0,0.0,-6.038827672563198e-13
both,up,0.5,0.9,2,0.0,0.0,0.0,-6.038479274323765e-13
both,up,0.5,0.9,3,0.0,0.0,0.0,-6.038479274323765e-13
both,up,0.5,0.9,4,0.0,0.0,0.0,-6.038479274323765e-13
both,up,0.5,0.9,5,0.0,0.0,0.0,-6.038479274323765e-13
both,up,0.5,0.9,6,0.0,0.0,0.0,-6.038479274323765e-13
both,up,0.5,0.9,7,0.0,0.0,0.0,-6.038479274323765e-13
both,up,0.5,0.9,8,0.0,0.0,0.0,-6.038479274323765e-13
both,up,0.5,0.9,9,0.0,0.0,0.0,-6.038479274323765e-13
both,up,0.5,0.9,10,0.0,0.0,0.0,-6.038479274323765e-13
both,up,0.5,0.9,11,0.0,0.0,0.0,-6.038479274323765e-13
both,up,2.0,0.9,0,2.1555743856538357e-11,2.1555743856538357e-11,4.3111487713076714e-11,-1.5395103381260455e-14
both,up,2.0,0.9,1,2.1555477403012447e-11,2.1555477403012447e-11,4.3110954806024895e-11,-1.5460684226334876e-14
both,up,2.0,0.9,2,2.1555743856538357e-11,2.1555743856538357e-11,4.3111487713076714e-11,-1.5395103381260455e-14
both,up,2.0,0.9,3,2.1555743856538357e-11,2.1555743856538357e-11,4.3111487713076714e-11,-1.5395103381260455e-14
both,up,2.0,0.9,4,2.1555743856538357e-11,2.1555743856538357e-11,4.3111487713076714e-11,-1.5395103381260455e-14
both,up,2.0,0.9,5,2.1555743856538357e-11,2.1555743856538357e-11,4.3111487713076714e-11,-1.5395103381260455e-14
both,up,2.0,0.9,6,2.1555743856538357e-11,2.1555743856538357e-11,4.3111487713076714e-11,-1.5395103381260455e-14
both,up,2.0,0.9,7,2.1555743856538357e-11,2.1555743856538357e-11,4.3111487713076714e-11,-1.5395103381260455e-14
both,up,2.0,0.9,8,2.1555743856538357e-11,2.1555743856538357e-11,4.3111487713076714e-11,-1.5395103381260455e-14
both,up,2.0,0.9,9,2.1555743856538357e-11,2.1555743856538357e-11,4.3111487713076714e-11,-1.5395103381260455e-14
both,up,2.0,0.9,10,2.1555743856538357e-11,2.1555743856538357e-11,4.3111487713076714e-11,-1.5395103381260455e-14
both,up,2.0,0.9,11,2.1555743856538357e-11,2.1555743856538357e-11,4.3111487713076714e-11,-1.5395103381260455e-14
both,down,0.0,0.9,0,0.0,0.0,0.0,-4.794661036189277e-13
both,down,0.0,0.9,1,0.0,0.0,0.0,-4.727677513755578e-13
both,down,0.0,0.9,2,0.0,0.0,0.0,-4.794661036189277e-13
both,down,0.0,0.9,3,0.0,0.0,0.0,-4.727677513755578e-13
both,down,0.0,0.9,4,0.0,0.0,0.0,-4.727677513755578e-13
both,down,0.0,0.9,5,0.0,0.0,0.0,-4.727677513755578e-13
both,down,0.0,0.9,6,0.0,0.0,0.0,-4.794661036189277e-13
both,down,0.0,0.9,7,0.0,0.0,0.0,-4.75524394345499e-13
both,down,0.0,0.9,8,0.0,0.0,0.0,-4.727677513755578e-13
both,down,0.0,0.9,9,0.0,0.0,0.0,-4.794661036189277e-13
both,down,0.0,0.9,10,0.0,0.0,0.0,-4.794661036189277e-13
both,down,0.0,0.9,11,0.0,0.0,0.0,-4.794661036189277e-13
both,down,0.5,0.9,0,0.0,0.0,0.0,6.2944315050883995e-15
both,down,0.5,0.9,1,0.0,0.0,0.0,8.60943125373531e-15
both,down,0.5,0.9,2,0.0,0.0,0.0,6.693709476276017e-15
both,down,0.5,0.9,3,0.0,0.0,0.0,8.60943125373531e-15
both,down,0.5,0.9,4,0.0,0.0,0.0,7.641994657846615e-15
both,down,0.5,0.9,5,0.0,0.0,0.0,6.021668937561972e-15
both,down,0.5,0.9,6,0.0,0.0,0.0,8.259482683057692e-15
both,down,0.5,0.9,7,0.0,0.0,0.0,6.1621126425436676e-15
both,down,0.5,0.9,8,0.0,0.0,0.0,6.548623004187512e-15
both,down,0.5,0.9,9,0.0,0.0,0.0,7.630387740081667e-15
both,down,0.5,0.9,10,0.0,0.0,0.0,7.69364544191013e-15
both,down,0.5,0.9,11,0.0,0.0,0.0,7.355884134888065e-15
both,down,2.0,0.9,0,-2.072994220725377e-11,-2.0730084315800923e-11,-4.146002652305469e-11,-1.2474534870227716e-14
both,down,2.0,0.9,1,-2.0697825675597415e-11,-2.0697825675597415e-11,-4.139565135119483e-11,1.2240075131241636e-14
both,down,2.0,0.9,2,-2.069810989269172e-11,-2.069810989269172e-11,-4.139621978538344e-11,1.3671208091916883e-14
both,down,2.0,0.9,3,-2.0697825675597415e-11,-2.0697825675597415e-11,-4.139565135119483e-11,1.2432749966174655e-14
both,down,2.0,0.9,4,-2.0697825675597415e-11,-2.0697825675597415e-11,-4.139565135119483e-11,1.2432749966174655e-14
both,down,2.0,0.9,5,-2.069810989269172e-11,-2.069810989269172e-11,-4.139621978538344e-11,1.1769994961674516e-14
both,down,2.0,0.9,6,-2.069810989269172e-11,-2.069810989269172e-11,-4.139621978538344e-11,1.4203385271536034e-14
both,down,2.0,0.9,7,-2.069810989269172e-11,-2.069810989269172e-11,-4.139621978538344e-11,1.3671208091916883e-14
both,down,2.0,0.9,8,-2.0697825675597415e-11,-2.0697825675597415e-11,-4.139565135119483e-11,1.2432749966174655e-14
both,down,2.0,0.9,9,-2.069810989269172e-11,-2.069810989269172e-11,-4.139621978538344e-11,1.3410632788048588e-14
both,down,2.0,0.9,10,-2.069810989269172e-11,-2.069810989269172e-11,-4.139621978538344e-11,1.2525024962422735e-14
both,down,2.0,0.9,11,-2.0697825675597415e-11,-2.0697825675597415e-11,-4.139565135119483e-11,1.2701450112481857e-14
both,fresh,0.0,0.95,0,0.0,0.0,0.0,8.40945901786519e-11
both,fresh,0.0,0.95,1,0.0,0.0,0.0,2.95354972705944e-10
both,fresh,0.0,0.95,2,0.0,0.0,0.0,9.607200883835105e-11
both,fresh,0.0,0.95,3,0.0,0.0,0.0,-4.3827206025808346e-10
both,fresh,0.0,0.95,4,0.0,0.0,0.0,-9.41467164082888e-10
both,fresh,0.0,0.95,5,0.0,0.0,0.0,-8.989613202260622e-10
both,fresh,0.0,0.95,6,0.0,0.0,0.0,1.7746038276453523e-10
both,fresh,0.0,0.95,7,0.0,0.0,0.0,-1.436045680950376e-11
both,fresh,0.0,0.95,8,0.0,0.0,0.0,-2.906456725023949e-10
both,fresh,0.0,0.95,9,0.0,0.0,0.0,1.1325377237876204e-10
both,fresh,0.0,0.95,10,0.0,0.0,0.0,9.211122450555357e-11
both,fresh,0.0,0.95,11,0.0,0.0,0.0,-1.8539034599183208e-10
both,fresh,0.5,0.95,0,0.0,0.0,0.0,6.665857930853362e-11
both,fresh,0.5,0.95,1,0.0,0.0,0.0,7.769441126923206e-11
both,fresh,0.5,0.95,2,0.0,0.0,0.0,5.967446991123341e-12
both,fresh,0.5,0.95,3,0.0,0.0,0.0,-4.9280237238424625e-11
both,fresh,0.5,0.95,4,0.0,0.0,0.0,-4.969065461994298e-11
both,fresh,0.5,0.95,5,0.0,0.0,0.0,-5.532317050082314e-11
both,fresh,0.5,0.95,6,0.0,0.0,0.0,9.39572531356644e-11
both,fresh,0.5,0.95,7,0.0,0.0,0.0,-2.006058483231658e-12
both,fresh,0.5,0.95,8,0.0,0.0,0.0,-1.9332417705403637e-11
both,fresh,0.5,0.95,9,0.0,0.0,0.0,2.4839822226291667e-11
both,fresh,0.5,0.95,10,0.0,0.0,0.0,4.8462307816321845e-11
both,fresh,0.5,0.95,11,0.0,0.0,0.0,-2.2300984318062997e-11
both,fresh,2.0,0.95,0,9.481693907797961e-09,9.481693907797961e-09,1.8963387815595922e-08,1.7469061453333255e-11
both,fresh,2.0,0.95,1,1.4001730187507277e-08,1.4001730187507277e-08,2.8003460375014554e-08,1.047335629605149e-11
both,fresh,2.0,0.95,2,9.928216667676181e-09,9.928216667676181e-09,1.9856433335352363e-08,-3.09494854399265e-11
both,fresh,2.0,0.95,3,1.1149148905209571e-08,1.1149148905209571e-08,2.2298297810419142e-08,-4.299644794113456e-12
both,fresh,2.0,0.95,4,1.0023208359966063e-08,1.0023208359966063e-08,2.0046416719932126e-08,2.470471270908566e-12
both,fresh,2.0,0.95,5,1.0202006465176439e-08,1.0202006465176439e-08,2.0404012930352877e-08,-8.818790980076326e-13
both,fresh,2.0,0.95,6,1.1962906902862613e-08,1.1962906902862613e-08,2.3925813805725227e-08,2.066112271027803e-11
both,fresh,2.0,0.95,7,3.755703645857977e-09,3.755703645857977e-09,7.511407291715954e-09,-7.073118264905421e-13
both,fresh,2.0,0.95,8,1.1728458044757417e-08,1.1728458044757417e-08,2.3456916089514835e-08,-8.761128602620807e-13
both,fresh,2.0,0.95,9,2.460835953899121e-09,2.460835953899121e-09,4.921671907798242e-09,3.830878684061972e-11
both,fresh,2.0,0.95,10,3.893023072798485e-09,3.893023072798485e-09,7.78604614559697e-09,1.84835259138503e-11
both,fresh,2.0,0.95,11,1.4865944222286487e-08,1.4865944222286487e-08,2.9731888444572973e-08,1.7554270040036828e-12
both,up,0.0,0.95,0,0.0,0.0,0.0,-1.0399698706417194e-12
both,up,0.0,0.95,1,0.0,0.0,0.0,-1.0399698706417194e-12
both,up,0.0,0.95,2,0.0,0.0,0.0,-1.0399698706417194e-12
both,up,0.0,0.95,3,0.0,0.0,0.0,-1.0399698706417194e-12
both,up,0.0,0.95,4,0.0,0.0,0.0,-1.0399698706417194e-12
both,up,0.0,0.95,5,0.0,0.0,0.0,-1.0399698706417194e-12
both,up,0.0,0.95,6,0.0,0.0,0.0,-1.0399698706417194e-12
both,up,0.0,0.95,7,0.0,0.0,0.0,-1.0399698706417194e-12
both,up,0.0,0.95,8,0.0,0.0,0.0,-1.0399698706417194e-12
both,up,0.0,0.95,9,0.0,0.0,0.0,-1.0399698706417194e-12
both,up,0.0,0.95,10,0.0,0.0,0.0,-1.0399698706417194e-12
both,up,0.0,0.95,11,0.0,0.0,0.0,-1.0399698706417194e-12
both,up,0.5,0.95,0,0.0,0.0,0.0,-6.46608441267538e-14
both,up,0.5,0.95,1,0.0,0.0,0.0,-6.466257059511397e-14
both,up,0.5,0.95,2,0.0,0.0,0.0,-6.46608441267538e-14
both,up,0.5,0.95,3,0.0,0.0,0.0,-6.46608441267538e-14
both,up,0.5,0.95,4,0.0,0.0,0.0,-6.46608441267538e-14
both,up,0.5,0.95,5,0.0,0.0,0.0,-6.46608441267538e-14
both,up,0.5,0.95,6,0.0,0.0,0.0,-6.46608441267538e-14
both,up,0.5,0.95,7,0.0,0.0,0.0,-6.46608441267538e-14
both,up,0.5,0.95,8,0.0,0.0,0.0,-6.46608441267538e-14
both,up,0.5,0.95,9,0.0,0.0,0.0,-6.46608441267538e-14
both,up,0.5,0.95,10,0.0,0.0,0.0,-6.46608441267538e-14
both,up,0.5,0.95,11,0.0,0.0,0.0,-6.46608441267538e-14
both,up,2.0,0.95,0,2.0905646636038e-09,2.0905646636038e-09,4.1811293272076e-09,-1.587199915469125e-15
both,up,2.0,0.95,1,2.0905646636038e-09,2.090564664714023e-09,4.181129328317823e-09,-1.437572657302889e-15
both,up,2.0,0.95,2,2.0905646636038e-09,2.0905646636038e-09,4.1811293272076e-09,-1.587199915469125e-15
both,up,2.0,0.95,3,2.0905646636038e-09,2.0905646636038e-09,4.1811293272076e-09,-1.587199915469125e-15
both,up,2.0,0.95,4,2.0905646636038e-09,2.0905646636038e-09,4.1811293272076e-09,-1.587199915469125e-15
both,up,2.0,0.95,5,2.0905646636038e-09,2.0905646636038e-09,4.1811293272076e-09,-1.587199915469125e-15
both,up,2.0,0.95,6,2.0905646636038e-09,2.0905646636038e-09,4.1811293272076e-09,-1.587199915469125e-15
both,up,2.0,0.95,7,2.0905646636038e-09,2.0905646636038e-09,4.1811293272076e-09,-1.587199915469125e-15
both,up,2.0,0.95,8,2.0905646636038e-09,2.0905646636038e-09,4.1811293272076e-09,-1.587199915469125e-15
both,up,2.0,0.95,9,2.0905646636038e-09,2.0905646636038e-09,4.1811293272076e-09,-1.587199915469125e-15
both,up,2.0,0.95,10,2.0905646636038e-09,2.0905646636038e-09,4.1811293272076e-09,-1.587199915469125e-15
both,up,2.0,0.95,11,2.0905646636038e-09,2.0905646636038e-09,4.1811293272076e-09,-1.587199915469125e-15
both,down,0.0,0.95,0,0.0,0.0,0.0,-4.0321009535626054e-14
both,down,0.0,0.95,1,0.0,0.0,0.0,-5.126682707256383e-14
both,down,0.0,0.95,2,0.0,0.0,0.0,-4.0321009535626054e-14
both,down,0.0,0.95,3,0.0,0.0,0.0,-5.126682707256383e-14
both,down,0.0,0.95,4,0.0,0.0,0.0,-5.126682707256383e-14
both,down,0.0,0.95,5,0.0,0.0,0.0,-5.126682707256383e-14
both,down,0.0,0.95,6,0.0,0.0,0.0,-4.0321009535626054e-14
both,down,0.0,0.95,7,0.0,0.0,0.0,-5.036066989856283e-14
both,down,0.0,0.95,8,0.0,0.0,0.0,-5.126682707256383e-14
both,down,0.0,0.95,9,0.0,0.0,0.0,-4.0321009535626054e-14
both,down,0.0,0.95,10,0.0,0.0,0.0,-4.0321009535626054e-14
both,down,0.0,0.95,11,0.0,0.0,0.0,-4.0321009535626054e-14
both,down,0.5,0.95,0,0.0,0.0,0.0,-1.4265110663442376e-14
both,down,0.5,0.95,1,0.0,0.0,0.0,-1.1720050642787735e-14
both,down,0.5,0.95,2,0.0,0.0,0.0,-1.3971116982154133e-14
both,down,0.5,0.95,3,0.0,0.0,0.0,-1.1720050642787735e-14
both,down,0.5,0.95,4,0.0,0.0,0.0,-1.3444017651032278e-14
both,down,0.5,0.95,5,0.0,0.0,0.0,-1.4565372230321533e-14
both,down,0.5,0.95,6,0.0,0.0,0.0,-1.1810188806999966e-14
both,down,0.5,0.95,7,0.0,0.0,0.0,-1.4234666647715062e-14
both,down,0.5,0.95,8,0.0,0.0,0.0,-1.3194794581107726e-14
both,down,0.5,0.95,9,0.0,0.0,0.0,-1.1708410283833159e-14
both,down,0.5,0.95,10,0.0,0.0,0.0,-1.3358058077213988e-14
both,down,0.5,0.95,11,0.0,0.0,0.0,-1.2672769252607082e-14
both,down,2.0,0.95,0,-2.68877499820519e-09,-2.68877499820519e-09,-5.37754999641038e-09,-4.09233225699913e-15
both,down,2.0,0.95,1,-2.688730944555573e-09,-2.688730944555573e-09,-5.377461889111146e-09,-3.5150898542612035e-15
both,down,2.0,0.95,2,-2.6887306603384787e-09,-2.6887306603384787e-09,-5.3774613206769574e-09,-2.4179114298526223e-15
both,down,2.0,0.95,3,-2.688730944555573e-09,-2.688730944555573e-09,-5.377461889111146e-09,-3.4613651218363914e-15
both,down,2.0,0.95,4,-2.688730944555573e-09,-2.688730944555573e-09,-5.377461889111146e-09,-3.4613651218363914e-15
both,down,2.0,0.95,5,-2.688730944555573e-09,-2.688730944555573e-09,-5.377461889111146e-09,-1.6591988197198816e-15
both,down,2.0,0.95,6,-2.688730944555573e-09,-2.688730944555573e-09,-5.377461889111146e-09,-2.1400351749220243e-15
both,down,2.0,0.95,7,-2.6887306603384787e-09,-2.6887306603384787e-09,-5.3774613206769574e-09,-2.4179114298526223e-15
both,down,2.0,0.95,8,-2.688730944555573e-09,-2.688730944555573e-09,-5.377461889111146e-09,-3.4613651218363914e-15
both,down,2.0,0.95,9,-2.688730944555573e-09,-2.688730944555573e-09,-5.377461889111146e-09,-2.7954769105044154e-15
both,down,2.0,0.95,10,-2.688730944555573e-09,-2.688730944555573e-09,-5.377461889111146e-09,-2.561774324456483e-15
both,down,2.0,0.95,11,-2.688730944555573e-09,-2.688730944555573e-09,-5.377461889111146e-09,-3.225573240638606e-15
both,fresh,0.0,0.98,0,0.0,0.0,0.0,9.676025906377772e-11
both,fresh,0.0,0.98,1,0.0,0.0,0.0,3.165096735446439e-10
both,fresh,0.0,0.98,2,0.0,0.0,0.0,9.229926108892657e-11
both,fresh,0.0,0.98,3,0.0,0.0,0.0,-4.0703340711697037e-10
both,fresh,0.0,0.98,4,0.0,0.0,0.0,-8.90334417568132e-10
both,fresh,0.0,0.98,5,0.0,0.0,0.0,-8.444042381197987e-10
both,fresh,0.0,0.98,6,0.0,0.0,0.0,1.81255535303008e-10
both,fresh,0.0,0.98,7,0.0,0.0,0.0,-1.6504284191205883e-11
both,fresh,0.0,0.98,8,0.0,0.0,0.0,-2.7966362332489744e-10
both,fresh,0.0,0.98,9,0.0,0.0,0.0,1.3076765081923475e-10
both,fresh,0.0,0.98,10,0.0,0.0,0.0,1.072187985652284e-10
both,fresh,0.0,0.98,11,0.0,0.0,0.0,-1.717737750385564e-10
both,fresh,0.5,0.98,0,3.2823699314121767e-12,3.2823699314121767e-12,6.5647398628243534e-12,6.869721424422209e-11
both,fresh,0.5,0.98,1,4.977621648194486e-12,4.977621648194486e-12,9.955243296388971e-12,8.114730024650987e-11
both,fresh,0.5,0.98,2,4.062643554902934e-12,4.062643554902934e-12,8.125287109805868e-12,5.340941766845141e-12
both,fresh,0.5,0.98,3,4.388285290701788e-12,4.388285290701788e-12,8.776570581403576e-12,-4.64494110396586e-11
both,fresh,0.5,0.98,4,4.103871686922389e-12,4.103871686922389e-12,8.207743373844778e-12,-4.744480984736297e-11
both,fresh,0.5,0.98,5,4.149008914211549e-12,4.149008914211549e-12,8.298017828423098e-12,-5.2040515645050475e-11
both,fresh,0.5,0.98,6,4.6960169086673885e-12,4.6960169086673885e-12,9.392033817334777e-12,9.477676897462144e-11
both,fresh,0.5,0.98,7,2.3117219249968456e-12,2.3117219249968456e-12,4.623443849993691e-12,-2.0731484217231957e-12
both,fresh,0.5,0.98,8,4.539133513503657e-12,4.539133513503657e-12,9.078267027007313e-12,-1.8272787635547704e-11
both,fresh,0.5,0.98,9,5.38235678249066e-12,5.38235678249066e-12,1.076471356498132e-11,2.6481120025147608e-11
both,fresh,0.5,0.98,10,6.215574721579742e-12,6.215574721579742e-12,1.2431149443159483e-11,4.875377205010428e-11
both,fresh,0.5,0.98,11,5.164642047361667e-12,5.164642047361667e-12,1.0329284094723334e-11,-2.042866430344142e-11
both,fresh,2.0,0.98,0,6.069951766729531e-07,6.069951766729531e-07,1.2139903533459062e-06,1.7230956405937726e-11
both,fresh,2.0,0.98,1,7.740435599279394e-07,7.740435599279394e-07,1.5480871198558787e-06,1.0805250812709489e-11
both,fresh,2.0,0.98,2,6.249953555981236e-07,6.249953555981236e-07,1.2499907111962471e-06,-3.0563246519542975e-11
both,fresh,2.0,0.98,3,6.722191809549472e-07,6.722191809549472e-07,1.3444383619098944e-06,-4.119557312221775e-12
both,fresh,2.0,0.98,4,6.288350316496772e-07,6.288350316496772e-07,1.2576700632993543e-06,2.343231335421331e-12
both,fresh,2.0,0.98,5,6.358322739108413e-07,6.358322739108413e-07,1.2716645478216826e-06,-8.261912956946162e-13
both,fresh,2.0,0.98,6,7.023455008769996e-07,7.023455008769996e-07,1.4046910017539992e-06,2.0890683992979326e-11
both,fresh,2.0,0.98,7,3.549862750551469e-07,3.549862750551469e-07,7.099725501102938e-07,-6.239976146674534e-13
both,fresh,2.0,0.98,8,6.939101949088311e-07,6.939101949088311e-07,1.3878203898176621e-06,-8.240465844629534e-13
both,fresh,2.0,0.98,9,2.741873220779567e-07,2.741873220779567e-07,5.483746441559134e-07,3.665058107267711e-11
both,fresh,2.0,0.98,10,3.590557030797026e-07,3.590557030797026e-07,7.181114061594052e-07,1.853259898044572e-11
both,fresh,2.0,0.98,11,8.013550417551585e-07,8.013550417551585e-07,1.602710083510317e-06,1.835067594822975e-12
both,up,0.0,0.98,0,0.0,0.0,0.0,-1.3946968299001643e-13
both,up,0.0,0.98,1,0.0,0.0,0.0,-1.3946968299001643e-13
both,up,0.0,0.98,2,0.0,0.0,0.0,-1.3946968299001643e-13
both,up,0.0,0.98,3,0.0,0.0,0.0,-1.3946968299001643e-13
both,up,0.0,0.98,4,0.0,0.0,0.0,-1.3946968299001643e-13
both,up,0.0,0.98,5,0.0,0.0,0.0,-1.3946968299001643e-13
both,up,0.0,0.98,6,0.0,0.0,0.0,-1.3946968299001643e-13
both,up,0.0,0.98,7,0.0,0.0,0.0,-1.3946968299001643e-13
both,up,0.0,0.98,8,0.0,0.0,0.0,-1.3946968299001643e-13
both,up,0.0,0.98,9,0.0,0.0,0.0,-1.3946968299001643e-13
both,up,0.0,0.98,10,0.0,0.0,0.0,-1.3946968299001643e-13
both,up,0.0,0.98,11,0.0,0.0,0.0,-1.3946968299001643e-13
both,up,0.5,0.98,0,1.0370559966332848e-12,1.0370559966332848e-12,2.0741119932665696e-12,-8.628307912344716e-15
both,up,0.5,0.98,1,1.0370593273023587e-12,1.0370559966332848e-12,2.0741153239356437e-12,-8.657724624353864e-15
both,up,0.5,0.98,2,1.0370559966332848e-12,1.0370559966332848e-12,2.0741119932665696e-12,-8.628307912344716e-15
both,up,0.5,0.98,3,1.0370559966332848e-12,1.0370559966332848e-12,2.0741119932665696e-12,-8.628307912344716e-15
both,up,0.5,0.98,4,1.0370559966332848e-12,1.0370559966332848e-12,2.0741119932665696e-12,-8.628307912344716e-15
both,up,0.5,0.98,5,1.0370559966332848e-12,1.0370559966332848e-12,2.0741119932665696e-12,-8.628307912344716e-15
both,up,0.5,0.98,6,1.0370559966332848e-12,1.0370559966332848e-12,2.0741119932665696e-12,-8.628307912344716e-15
both,up,0.5,0.98,7,1.0370559966332848e-12,1.0370559966332848e-12,2.0741119932665696e-12,-8.628307912344716e-15
both,up,0.5,0.98,8,1.0370559966332848e-12,1.0370559966332848e-12,2.0741119932665696e-12,-8.628307912344716e-15
both,up,0.5,0.98,9,1.0370559966332848e-12,1.0370559966332848e-12,2.0741119932665696e-12,-8.628307912344716e-15
both,up,0.5,0.98,10,1.0370559966332848e-12,1.0370559966332848e-12,2.0741119932665696e-12,-8.628307912344716e-15
both,up,0.5,0.98,11,1.0370559966332848e-12,1.0370559966332848e-12,2.0741119932665696e-12,-8.628307912344716e-15
both,up,2.0,0.98,0,1.5892261080785454e-07,1.5892261080785454e-07,3.178452216157091e-07,-2.0324274357713967e-16
both,up,2.0,0.98,1,1.5892261080896476e-07,1.5892261080785454e-07,3.178452216168193e-07,-2.1453400710920284e-16
both,up,2.0,0.98,2,1.5892261080785454e-07,1.5892261080785454e-07,3.178452216157091e-07,-2.0324274357713967e-16
both,up,2.0,0.98,3,1.5892261080785454e-07,1.5892261080785454e-07,3.178452216157091e-07,-2.0324274357713967e-16
both,up,2.0,0.98,4,1.5892261080785454e-07,1.5892261080785454e-07,3.178452216157091e-07,-2.0324274357713967e-16
both,up,2.0,0.98,5,1.5892261080785454e-07,1.5892261080785454e-07,3.178452216157091e-07,-2.0324274357713967e-16
both,up,2.0,0.98,6,1.5892261080785454e-07,1.5892261080785454e-07,3.178452216157091e-07,-2.0324274357713967e-16
both,up,2.0,0.98,7,1.5892261080785454e-07,1.5892261080785454e-07,3.178452216157091e-07,-2.0324274357713967e-16
both,up,2.0,0.98,8,1.5892261080785454e-07,1.5892261080785454e-07,3.178452216157091e-07,-2.0324274357713967e-16
both,up,2.0,0.98,9,1.5892261080785454e-07,1.5892261080785454e-07,3.178452216157091e-07,-2.0324274357713967e-16
both,up,2.0,0.98,10,1.5892261080785454e-07,1.5892261080785454e-07,3.178452216157091e-07,-2.0324274357713967e-16
both,up,2.0,0.98,11,1.5892261080785454e-07,1.5892261080785454e-07,3.178452216157091e-07,-2.0324274357713967e-16
both,down,0.0,0.98,0,0.0,0.0,0.0,-3.8421330344007215e-15
both,down,0.0,0.98,1,0.0,0.0,0.0,-4.693231210982568e-15
both,down,0.0,0.98,2,0.0,0.0,0.0,-3.8421330344007215e-15
both,down,0.0,0.98,3,0.0,0.0,0.0,-4.693231210982568e-15
both,down,0.0,0.98,4,0.0,0.0,0.0,-4.693231210982568e-15
both,down,0.0,0.98,5,0.0,0.0,0.0,-4.693231210982568e-15
both,down,0.0,0.98,6,0.0,0.0,0.0,-3.8421330344007215e-15
both,down,0.0,0.98,7,0.0,0.0,0.0,-4.352932777776927e-15
both,down,0.0,0.98,8,0.0,0.0,0.0,-4.693231210982568e-15
both,down,0.0,0.98,9,0.0,0.0,0.0,-3.8421330344007215e-15
both,down,0.0,0.98,10,0.0,0.0,0.0,-3.8421330344007215e-15
both,down,0.0,0.98,11,0.0,0.0,0.0,-3.8421330344007215e-15
both,down,0.5,0.98,0,-6.690470399917103e-13,-6.690470399917103e-13,-1.3380940799834206e-12,-7.515789296645274e-15
both,down,0.5,0.98,1,-6.696154741803184e-13,-6.696154741803184e-13,-1.3392309483606368e-12,-6.463645692892828e-15
both,down,0.5,0.98,2,-6.690470399917103e-13,-6.690470399917103e-13,-1.3380940799834206e-12,-7.460422583120614e-15
both,down,0.5,0.98,3,-6.696154741803184e-13,-6.696154741803184e-13,-1.3392309483606368e-12,-6.463645692892828e-15
both,down,0.5,0.98,4,-6.696154741803184e-13,-6.696154741803184e-13,-1.3392309483606368e-12,-7.162551424825766e-15
both,down,0.5,0.98,5,-6.690470399917103e-13,-6.690470399917103e-13,-1.3380940799834206e-12,-7.630043659371842e-15
both,down,0.5,0.98,6,-6.696154741803184e-13,-6.696154741803184e-13,-1.3392309483606368e-12,-6.298513809630079e-15
both,down,0.5,0.98,7,-6.690470399917103e-13,-6.690470399917103e-13,-1.3380940799834206e-12,-7.589728945867401e-15
both,down,0.5,0.98,8,-6.696154741803184e-13,-6.696154741803184e-13,-1.3392309483606368e-12,-7.136144407246437e-15
both,down,0.5,0.98,9,-6.696154741803184e-13,-6.696154741803184e-13,-1.3392309483606368e-12,-6.469103143192552e-15
both,down,0.5,0.98,10,-6.696154741803184e-13,-6.696154741803184e-13,-1.3392309483606368e-12,-7.175930980399294e-15
both,down,0.5,0.98,11,-6.696154741803184e-13,-6.696154741803184e-13,-1.3392309483606368e-12,-6.947510278338088e-15
both,down,2.0,0.98,0,-1.2002348427131437e-07,-1.2002348427131437e-07,-2.4004696854262873e-07,1.62842958397896e-15
both,down,2.0,0.98,1,-1.2002347745010412e-07,-1.2002347745010412e-07,-2.4004695490020824e-07,-1.2456078046182641e-14
both,down,2.0,0.98,2,-1.200234777343212e-07,-1.200234777343212e-07,-2.400469554686424e-07,-4.057870511140997e-16
both,down,2.0,0.98,3,-1.200234777343212e-07,-1.200234777343212e-07,-2.400469554686424e-07,3.7975858462286274e-15
both,down,2.0,0.98,4,-1.200234777343212e-07,-1.200234777343212e-07,-2.400469554686424e-07,1.665399350446688e-16
both,down,2.0,0.98,5,-1.200234777343212e-07,-1.200234777343212e-07,-2.400469554686424e-07,-1.4494783875024683e-15
both,down,2.0,0.98,6,-1.200234777343212e-07,-1.200234777343212e-07,-2.400469554686424e-07,5.844741906641737e-16
both,down,2.0,0.98,7,-1.200234777343212e-07,-1.200234777343212e-07,-2.400469554686424e-07,-9.282048706582743e-16
both,down,2.0,0.98,8,-1.200234777343212e-07,-1.200234777343212e-07,-2.400469554686424e-07,1.226779637838312e-15
both,down,2.0,0.98,9,-1.200234777343212e-07,-1.200234777343212e-07,-2.400469554686424e-07,3.3758665899653864e-15
both,down,2.0,0.98,10,-1.200234788711896e-07,-1.200234788711896e-07,-2.400469577423792e-07,9.829905221570828e-15
both,down,2.0,0.98,11,-1.200234777343212e-07,-1.200234777343212e-07,-2.400469554686424e-07,-2.560595512556109e-15
both,fresh,0.0,0.99,0,5.595524044110789e-16,3.219646771412954e-16,8.815170815523742e-16,1.0113893098324076e-10
both,fresh,0.0,0.99,1,7.271960811294775e-16,6.139533326177116e-16,1.3411494137471891e-15,3.2357600204739516e-10
both,fresh,0.0,0.99,2,-3.6637359812630164e-16,7.105427357601002e-16,3.441691376337986e-16,9.092383207182622e-11
both,fresh,0.0,0.99,3,5.917488721252084e-16,6.272760089132135e-16,1.219024881038422e-15,-3.9437676123364386e-10
both,fresh,0.0,0.99,4,6.0285110237146e-16,5.540012892879531e-16,1.1568523916594131e-15,-8.668034890129964e-10
both,fresh,0.0,0.99,5,5.950795411990839e-16,5.750955267558311e-16,1.1701750679549149e-15,-8.204472925670875e-10
both,fresh,0.0,0.99,6,7.394085344003543e-16,4.707345624410664e-16,1.2101430968414207e-15,1.8245127043041516e-10
both,fresh,0.0,0.99,7,2.886579864025407e-16,3.641531520770513e-16,6.52811138479592e-16,-1.668922376427278e-11
both,fresh,0.0,0.99,8,6.583622536027178e-16,5.8508753397745745e-16,1.2434497875801752e-15,-2.7583491964711675e-10
both,fresh,0.0,0.99,9,3.019806626980426e-16,2.2870594307278225e-16,5.306866057708249e-16,1.366507693341424e-10
both,fresh,0.0,0.99,10,3.907985046680551e-16,1.7763568394002506e-16,5.684341886080802e-16,1.1237279177771913e-10
both,fresh,0.0,0.99,11,9.992007221626409e-17,3.108624468950438e-16,4.107825191113079e-16,-1.671048153260211e-10
both,fresh,0.5,0.99,0,8.342674973071951e-10,8.342675883454831e-10,1.6685350856526782e-09,6.92797243772296e-11
both,fresh,0.5,0.99,1,1.1257870302650019e-09,1.1257870280445559e-09,2.2515740583095578e-09,8.229414167787322e-11
both,fresh,0.5,0.99,2,9.753841168080868e-10,9.75384125689871e-10,1.9507682424979575e-09,5.13433493655322e-12
both,fresh,0.5,0.99,3,1.030256387979378e-09,1.030256387979378e-09,2.060512775958756e-09,-4.524121761805788e-11
both,fresh,0.5,0.99,4,9.82726338083495e-10,9.82726335863049e-10,1.965452673946544e-09,-4.633577330466832e-11
both,fresh,0.5,0.99,5,9.903345621342652e-10,9.903345621342652e-10,1.9806691242685305e-09,-5.058568729444272e-11
both,fresh,0.5,0.99,6,1.0803933137015775e-09,1.0803933092606855e-09,2.160786622962263e-09,9.501948098781337e-11
both,fresh,0.5,0.99,7,6.61432003612461e-10,6.614320147146913e-10,1.3228640183271524e-09,-2.038491507530286e-12
both,fresh,0.5,0.99,8,1.055086993329013e-09,1.055086991108567e-09,2.11017398443758e-09,-1.7907158279921067e-11
both,fresh,0.5,0.99,9,1.1893781959315675e-09,1.1893781959315675e-09,2.378756391863135e-09,2.7035323845123688e-11
both,fresh,0.5,0.99,10,1.3117672192919373e-09,1.311767212630599e-09,2.6235344319225365e-09,4.8925352731326456e-11
both,fresh,0.5,0.99,11,1.155083924064826e-09,1.155083930726164e-09,2.31016785479099e-09,-1.9784092206195905e-11
both,fresh,2.0,0.99,0,4.541993098334807e-06,4.541993098334807e-06,9.083986196669614e-06,1.7137066968763898e-11
both,fresh,2.0,0.99,1,5.392547712896878e-06,5.392547712896878e-06,1.0785095425793756e-05,1.0901438221639585e-11
both,fresh,2.0,0.99,2,4.637229939044029e-06,4.637229939044029e-06,9.274459878088059e-06,-3.044379020889088e-11
both,fresh,2.0,0.99,3,4.8824900214794464e-06,4.8824900214794464e-06,9.764980042958893e-06,-4.045123238535479e-12
both,fresh,2.0,0.99,4,4.657525608134927e-06,4.657525608134927e-06,9.315051216269854e-06,2.2733679875468497e-12
both,fresh,2.0,0.99,5,4.694091891944696e-06,4.694091891944696e-06,9.388183783889392e-06,-8.113149658944728e-13
both,fresh,2.0,0.99,6,5.0358635659586425e-06,5.0358635659586425e-06,1.0071727131917285e-05,2.0953453156640093e-11
both,fresh,2.0,0.99,7,3.136210105342263e-06,3.136210105342263e-06,6.272420210684526e-06,-5.863465089664465e-13
both,fresh,2.0,0.99,8,4.99339056701742e-06,4.99339056701742e-06,9.98678113403484e-06,-8.146865002509285e-13
both,fresh,2.0,0.99,9,2.6122380408821756e-06,2.612238040895498e-06,5.224476081777673e-06,3.607399996068626e-11
both,fresh,2.0,0.99,10,3.1547887947158683e-06,3.1547887947158683e-06,6.3095775894317365e-06,1.8527440539194288e-11
both,fresh,2.0,0.99,11,5.523058807810344e-06,5.523058807810344e-06,1.1046117615620687e-05,1.8549301107067348e-12
both,up,0.0,0.99,0,0.0,0.0,0.0,-4.8529367976247e-15
both,up,0.0,0.99,1,0.0,0.0,0.0,-4.8529367976247e-15
both,up,0.0,0.99,2,0.0,0.0,0.0,-4.8529367976247e-15
both,up,0.0,0.99,3,0.0,0.0,0.0,-4.8529367976247e-15
both,up,0.0,0.99,4,0.0,0.0,0.0,-4.8529367976247e-15
both,up,0.0,0.99,5,0.0,0.0,0.0,-4.8529367976247e-15
both,up,0.0,0.99,6,0.0,0.0,0.0,-4.8529367976247e-15
both,up,0.0,0.99,7,0.0,0.0,0.0,-4.8529367976247e-15
both,up,0.0,0.99,8,0.0,0.0,0.0,-4.8529367976247e-15
both,up,0.0,0.99,9,0.0,0.0,0.0,-4.8529367976247e-15
both,up,0.0,0.99,10,0.0,0.0,0.0,-4.8529367976247e-15
both,up,0.0,0.99,11,0.0,0.0,0.0,-4.8529367976247e-15
both,up,0.5,0.99,0,1.8217106045881338e-10,1.8217106045881338e-10,3.6434212091762675e-10,-2.793107765078573e-16
both,up,0.5,0.99,1,1.8217106045881338e-10,1.8217106045881338e-10,3.6434212091762675e-10,-2.7816750191887693e-16
both,up,0.5,0.99,2,1.8217106045881338e-10,1.8217106045881338e-10,3.6434212091762675e-10,-2.793107765078573e-16
both,up,0.5,0.99,3,1.8217106045881338e-10,1.8217106045881338e-10,3.6434212091762675e-10,-2.793107765078573e-16
both,up,0.5,0.99,4,1.8217106045881338e-10,1.8217106045881338e-10,3.6434212091762675e-10,-2.793107765078573e-16
both,up,0.5,0.99,5,1.8217106045881338e-10,1.8217106045881338e-10,3.6434212091762675e-10,-2.793107765078573e-16
both,up,0.5,0.99,6,1.8217106045881338e-10,1.8217106045881338e-10,3.6434212091762675e-10,-2.793107765078573e-16
both,up,0.5,0.99,7,1.8217106045881338e-10,1.8217106045881338e-10,3.6434212091762675e-10,-2.793107765078573e-16
both,up,0.5,0.99,8,1.8217106045881338e-10,1.8217106045881338e-10,3.6434212091762675e-10,-2.793107765078573e-16
both,up,0.5,0.99,9,1.8217106045881338e-10,1.8217106045881338e-10,3.6434212091762675e-10,-2.793107765078573e-16
both,up,0.5,0.99,10,1.8217106045881338e-10,1.8217106045881338e-10,3.6434212091762675e-10,-2.793107765078573e-16
both,up,0.5,0.99,11,1.8217106045881338e-10,1.8217106045881338e-10,3.6434212091762675e-10,-2.793107765078573e-16
both,up,2.0,0.99,0,8.611709773964638e-07,8.611709773964638e-07,1.7223419547929276e-06,2.4624423297850895e-18
both,up,2.0,0.99,1,8.611709773953536e-07,8.611709773964638e-07,1.7223419547918174e-06,-3.9399077276561444e-17
both,up,2.0,0.99,2,8.611709773964638e-07,8.611709773964638e-07,1.7223419547929276e-06,2.4624423297850895e-18
both,up,2.0,0.99,3,8.611709773964638e-07,8.611709773964638e-07,1.7223419547929276e-06,2.4624423297850895e-18
both,up,2.0,0.99,4,8.611709773964638e-07,8.611709773964638e-07,1.7223419547929276e-06,2.4624423297850895e-18
both,up,2.0,0.99,5,8.611709773964638e-07,8.611709773964638e-07,1.7223419547929276e-06,2.4624423297850895e-18
both,up,2.0,0.99,6,8.611709773964638e-07,8.611709773964638e-07,1.7223419547929276e-06,2.4624423297850895e-18
both,up,2.0,0.99,7,8.611709773964638e-07,8.611709773964638e-07,1.7223419547929276e-06,2.4624423297850895e-18
both,up,2.0,0.99,8,8.611709773964638e-07,8.611709773964638e-07,1.7223419547929276e-06,2.4624423297850895e-18
both,up,2.0,0.99,9,8.611709773964638e-07,8.611709773964638e-07,1.7223419547929276e-06,2.4624423297850895e-18
both,up,2.0,0.99,10,8.611709773964638e-07,8.611709773964638e-07,1.7223419547929276e-06,2.4624423297850895e-18
both,up,2.0,0.99,11,8.611709773964638e-07,8.611709773964638e-07,1.7223419547929276e-06,2.4624423297850895e-18
both,down,0.0,0.99,0,0.0,0.0,0.0,-2.4531781627255224e-15
both,down,0.0,0.99,1,0.0,0.0,0.0,-3.43929905007387e-15
both,down,0.0,0.99,2,0.0,0.0,0.0,-2.4531781627255224e-15
both,down,0.0,0.99,3,0.0,0.0,0.0,-3.43929905007387e-15
both,down,0.0,0.99,4,0.0,0.0,0.0,-3.43929905007387e-15
both,down,0.0,0.99,5,0.0,0.0,0.0,-3.43929905007387e-15
both,down,0.0,0.99,6,0.0,0.0,0.0,-2.4531781627255224e-15
both,down,0.0,0.99,7,0.0,0.0,0.0,-3.261394241130303e-15
both,down,0.0,0.99,8,0.0,0.0,0.0,-3.43929905007387e-15
both,down,0.0,0.99,9,0.0,0.0,0.0,-2.4531781627255224e-15
both,down,0.0,0.99,10,0.0,0.0,0.0,-2.4531781627255224e-15
both,down,0.0,0.99,11,0.0,0.0,0.0,-2.4531781627255224e-15
both,down,0.5,0.99,0,-1.8135779100703076e-10,-1.8135779100703076e-10,-3.627155820140615e-10,4.898886412760916e-15
both,down,0.5,0.99,1,-1.8135779100703076e-10,-1.8135779100703076e-10,-3.627155820140615e-10,1.44136637637756e-15
both,down,0.5,0.99,2,-1.8135779100703076e-10,-1.8135779100703076e-10,-3.627155820140615e-10,4.555526641065923e-15
both,down,0.5,0.99,3,-1.8135779100703076e-10,-1.8135779100703076e-10,-3.627155820140615e-10,1.66122832989577e-15
both,down,0.5,0.99,4,-1.8135779100703076e-10,-1.8135779100703076e-10,-3.627155820140615e-10,3.581529810537799e-15
both,down,0.5,0.99,5,-1.8135779100703076e-10,-1.8135779100703076e-10,-3.627155820140615e-10,5.5157471940468464e-15
both,down,0.5,0.99,6,-1.8135779100703076e-10,-1.8135779100703076e-10,-3.627155820140615e-10,3.8661309632028425e-15
both,down,0.5,0.99,7,-1.8135779100703076e-10,-1.8135779100703076e-10,-3.627155820140615e-10,5.5105810894523194e-15
both,down,0.5,0.99,8,-1.8135779100703076e-10,-1.8135779100703076e-10,-3.627155820140615e-10,2.6974511197959196e-15
both,down,0.5,0.99,9,-1.8135779100703076e-10,-1.8135779100703076e-10,-3.627155820140615e-10,-6.693991310304271e-15
both,down,0.5,0.99,10,-1.8135779100703076e-10,-1.8135779100703076e-10,-3.627155820140615e-10,-3.6078490172618415e-15
both,down,0.5,0.99,11,-1.8135779100703076e-10,-1.8135779100703076e-10,-3.627155820140615e-10,2.838541617679006e-15
both,down,2.0,0.99,0,-8.61674544410107e-07,-8.616745445522156e-07,-1.7233490889623227e-06,1.5330137026961232e-16
both,down,2.0,0.99,1,-8.58158564653877e-07,-8.58158564653877e-07,-1.716317129307754e-06,3.4003874845705442e-15
both,down,2.0,0.99,2,-8.57981441413358e-07,-8.57981441413358e-07,-1.715962882826716e-06,-4.840586538327633e-15
both,down,2.0,0.99,3,-8.578606221476547e-07,-8.578606221476547e-07,-1.7157212442953095e-06,5.678673319200461e-15
both,down,2.0,0.99,4,-8.580675375924329e-07,-8.580675375924329e-07,-1.7161350751848658e-06,-3.696463840638987e-15
both,down,2.0,0.99,5,-8.582639549103987e-07,-8.582639549103987e-07,-1.7165279098207975e-06,4.4733118610932024e-15
both,down,2.0,0.99,6,-8.580534520774563e-07,-8.580534520774563e-07,-1.7161069041549126e-06,-4.871250461611152e-15
both,down,2.0,0.99,7,-8.580081029663234e-07,-8.580081029663234e-07,-1.7160162059326468e-06,6.359577614295596e-15
both,down,2.0,0.99,8,-8.58055551589132e-07,-8.58055551589132e-07,-1.716111103178264e-06,7.061586944254379e-15
both,down,2.0,0.99,9,-8.581106371252645e-07,-8.581106371252645e-07,-1.716221274250529e-06,-7.163512871404363e-15
both,down,2.0,0.99,10,-8.587021829953301e-07,-8.587021829953301e-07,-1.7174043659906602e-06,2.6953233560886103e-15
both,down,2.0,0.99,11,-8.581313340982888e-07,-8.581313340982888e-07,-1.7162626681965776e-06,5.664402604544744e-15
both,fresh,0.0,0.995,0,2.7070612418356178e-12,2.2912449715306594e-12,4.9983062133662776e-12,1.0335341574502082e-10
both,fresh,0.0,0.995,1,2.2933599463925702e-12,2.0830726032983195e-12,4.37643254969089e-12,3.2710925128200405e-10
both,fresh,0.0,0.995,2,-2.7080893083564206e-13,2.218151218258413e-12,1.947342287422771e-12,9.021655811714338e-11
both,fresh,0.0,0.995,3,2.0415558132924617e-12,2.107556351660378e-12,4.14911216495284e-12,-3.866216835441031e-10
both,fresh,0.0,0.995,4,2.05065298075624e-12,1.9571566589604572e-12,4.007809639716697e-12,-8.510586902995688e-10
both,fresh,0.0,0.995,5,2.0370716224960007e-12,2.0001589273732636e-12,4.037230549869264e-12,-8.048746916548121e-10
both,fresh,0.0,0.995,6,2.317115388450475e-12,1.803426297186661e-12,4.120541685637136e-12,1.8303187873601794e-10
both,fresh,0.0,0.995,7,1.4355450161929184e-12,1.5951817644577205e-12,3.030726780650639e-12,-1.651654410663132e-11
both,fresh,0.0,0.995,8,2.173149438178257e-12,2.0349599783031636e-12,4.20810941648142e-12,-2.738830161936473e-10
both,fresh,0.0,0.995,9,2.3399016058078813e-12,2.1997026422582166e-12,4.5396042480660976e-12,1.3959983405649893e-10
both,fresh,0.0,0.995,10,2.4837376599862183e-12,2.0927104493750902e-12,4.576448109361308e-12,1.1497604206045668e-10
both,fresh,0.0,0.995,11,1.996316445485036e-12,2.3841728591378343e-12,4.38048930462287e-12,-1.647434403695896e-10
both,fresh,0.5,0.995,0,3.88274192608673e-08,3.882751838824028e-08,7.765493764910758e-08,6.955118934294368e-11
both,fresh,0.5,0.995,1,4.8088968173098936e-08,4.8088965912684856e-08,9.617793408578379e-08,8.286726375882014e-11
both,fresh,0.5,0.995,2,4.345461804500239e-08,4.345462782828768e-08,8.690924587329007e-08,5.038017313093371e-12
both,fresh,0.5,0.995,3,4.5172899646450656e-08,4.517290031036403e-08,9.034579995681468e-08,-4.447077127384799e-11
both,fresh,0.5,0.995,4,4.3691292699321596e-08,4.36912916002008e-08,8.73825842995224e-08,-4.555934965584458e-11
both,fresh,0.5,0.995,5,4.3929865540803806e-08,4.3929865118919055e-08,8.785973065972285e-08,-4.963695812662227e-11
both,fresh,0.5,0.995,6,4.670988929089681e-08,4.6709885320739275e-08,9.341977461163609e-08,9.513402587794515e-11
both,fresh,0.5,0.995,7,3.313134803839546e-08,3.3131361421023795e-08,6.626270945941925e-08,-1.9915344336969364e-12
both,fresh,0.5,0.995,8,4.593873294878037e-08,4.593873160541051e-08,9.187746455419088e-08,-1.7720607615551464e-11
both,fresh,0.5,0.995,9,4.9987213852631386e-08,4.9987211638846675e-08,9.997442549147806e-08,2.7315903305706134e-11
both,fresh,0.5,0.995,10,5.3503368979690434e-08,5.350336369502884e-08,1.0700673267471927e-07,4.9027931320084813e-11
both,fresh,0.5,0.995,11,4.896245047625314e-08,4.896245410002109e-08,9.792490457627423e-08,-1.9455164553144048e-11
both,fresh,2.0,0.995,0,1.7168838162302525e-05,1.7168838162302525e-05,3.433767632460505e-05,1.7096579067563955e-11
both,fresh,2.0,0.995,1,1.941508676423731e-05,1.941508676423731e-05,3.883017352847462e-05,1.09636608049556e-11
both,fresh,2.0,0.995,2,1.7426513027010148e-05,1.7426513027010148e-05,3.4853026054020296e-05,-3.03750408541986e-11
both,fresh,2.0,0.995,3,1.8082330344623144e-05,1.8082330344623144e-05,3.616466068924629e-05,-3.992935382889419e-12
both,fresh,2.0,0.995,4,1.748134899841158e-05,1.748134899841158e-05,3.496269799682316e-05,2.2340792814087968e-12
both,fresh,2.0,0.995,5,1.757954568450959e-05,1.757954568450959e-05,3.515909136901918e-05,-7.975981516244557e-13
both,fresh,2.0,0.995,6,1.8487243017328846e-05,1.8487243017328846e-05,3.697448603465769e-05,2.09846496581536e-11
both,fresh,2.0,0.995,7,1.3212956293628952e-05,1.3212956293637834e-05,2.6425912587266787e-05,-5.597823845774029e-13
both,fresh,2.0,0.995,8,1.8375815546699535e-05,1.8375815546699535e-05,3.675163109339907e-05,-8.047947502723703e-13
both,fresh,2.0,0.995,9,1.15925414824114e-05,1.1592541486477037e-05,2.3185082968888435e-05,3.577875500728133e-11
both,fresh,2.0,0.995,10,1.3259249915512638e-05,1.3259249915739124e-05,2.6518499831251762e-05,1.852600963993322e-11
both,fresh,2.0,0.995,11,1.974689060046497e-05,1.974689060046497e-05,3.949378120092994e-05,1.869227161884245e-12
both,up,0.0,0.995,0,3.6320169094494757e-13,3.6320169094494757e-13,7.264033818898951e-13,-4.58605293469167e-16
both,up,0.0,0.995,1,3.6320169094494757e-13,3.6320169094494757e-13,7.264033818898951e-13,-4.58605293469167e-16
both,up,0.0,0.995,2,3.6320169094494757e-13,3.6320169094494757e-13,7.264033818898951e-13,-4.58605293469167e-16
both,up,0.0,0.995,3,3.6320169094494757e-13,3.6320169094494757e-13,7.264033818898951e-13,-4.58605293469167e-16
both,up,0.0,0.995,4,3.6320169094494757e-13,3.6320169094494757e-13,7.264033818898951e-13,-4.58605293469167e-16
both,up,0.0,0.995,5,3.6320169094494757e-13,3.6320169094494757e-13,7.264033818898951e-13,-4.58605293469167e-16
both,up,0.0,0.995,6,3.6320169094494757e-13,3.6320169094494757e-13,7.264033818898951e-13,-4.58605293469167e-16
both,up,0.0,0.995,7,3.6320169094494757e-13,3.6320169094494757e-13,7.264033818898951e-13,-4.58605293469167e-16
both,up,0.0,0.995,8,3.6320169094494757e-13,3.6320169094494757e-13,7.264033818898951e-13,-4.58605293469167e-16
both,up,0.0,0.995,9,3.6320169094494757e-13,3.6320169094494757e-13,7.264033818898951e-13,-4.58605293469167e-16
both,up,0.0,0.995,10,3.6320169094494757e-13,3.6320169094494757e-13,7.264033818898951e-13,-4.58605293469167e-16
both,up,0.0,0.995,11,3.6320169094494757e-13,3.6320169094494757e-13,7.264033818898951e-13,-4.58605293469167e-16
both,up,0.5,0.995,0,7.905223370352487e-09,7.905223370352487e-09,1.5810446740704975e-08,-2.919497024685756e-17
both,up,0.5,0.995,1,7.905223373683157e-09,7.905223369242265e-09,1.5810446742925422e-08,-5.2760312764839e-17
both,up,0.5,0.995,2,7.905223370352487e-09,7.905223370352487e-09,1.5810446740704975e-08,-2.919497024685756e-17
both,up,0.5,0.995,3,7.905223370352487e-09,7.905223370352487e-09,1.5810446740704975e-08,-2.919497024685756e-17
both,up,0.5,0.995,4,7.905223370352487e-09,7.905223370352487e-09,1.5810446740704975e-08,-2.919497024685756e-17
both,up,0.5,0.995,5,7.905223370352487e-09,7.905223370352487e-09,1.5810446740704975e-08,-2.919497024685756e-17
both,up,0.5,0.995,6,7.905223370352487e-09,7.905223370352487e-09,1.5810446740704975e-08,-2.919497024685756e-17
both,up,0.5,0.995,7,7.905223370352487e-09,7.905223370352487e-09,1.5810446740704975e-08,-2.919497024685756e-17
both,up,0.5,0.995,8,7.905223370352487e-09,7.905223370352487e-09,1.5810446740704975e-08,-2.919497024685756e-17
both,up,0.5,0.995,9,7.905223370352487e-09,7.905223370352487e-09,1.5810446740704975e-08,-2.919497024685756e-17
both,up,0.5,0.995,10,7.905223370352487e-09,7.905223370352487e-09,1.5810446740704975e-08,-2.919497024685756e-17
both,up,0.5,0.995,11,7.905223370352487e-09,7.905223370352487e-09,1.5810446740704975e-08,-2.919497024685756e-17
both,up,2.0,0.995,0,3.117251464819226e-06,3.117251464819226e-06,6.234502929638452e-06,-5.304146852325979e-18
both,up,2.0,0.995,1,3.117251464819226e-06,3.117251464818116e-06,6.234502929637342e-06,4.0455751649977596e-17
both,up,2.0,0.995,2,3.117251464819226e-06,3.117251464819226e-06,6.234502929638452e-06,-5.304146852325979e-18
both,up,2.0,0.995,3,3.117251464819226e-06,3.117251464819226e-06,6.234502929638452e-06,-5.304146852325979e-18
both,up,2.0,0.995,4,3.117251464819226e-06,3.117251464819226e-06,6.234502929638452e-06,-5.304146852325979e-18
both,up,2.0,0.995,5,3.117251464819226e-06,3.117251464819226e-06,6.234502929638452e-06,-5.304146852325979e-18
both,up,2.0,0.995,6,3.117251464819226e-06,3.117251464819226e-06,6.234502929638452e-06,-5.304146852325979e-18
both,up,2.0,0.995,7,3.117251464819226e-06,3.117251464819226e-06,6.234502929638452e-06,-5.304146852325979e-18
both,up,2.0,0.995,8,3.117251464819226e-06,3.117251464819226e-06,6.234502929638452e-06,-5.304146852325979e-18
both,up,2.0,0.995,9,3.117251464819226e-06,3.117251464819226e-06,6.234502929638452e-06,-5.304146852325979e-18
both,up,2.0,0.995,10,3.117251464819226e-06,3.117251464819226e-06,6.234502929638452e-06,-5.304146852325979e-18
both,up,2.0,0.995,11,3.117251464819226e-06,3.117251464819226e-06,6.234502929638452e-06,-5.304146852325979e-18
both,down,0.0,0.995,0,-1.695070750429295e-12,-1.701891960692592e-12,-3.3969627111218873e-12,-3.3419351211376665e-15
both,down,0.0,0.995,1,-1.6996182239381596e-12,-1.7109869077103213e-12,-3.410605131648481e-12,-1.2053508834698388e-14
both,down,0.0,0.995,2,-1.688249540165998e-12,-1.7041656974470243e-12,-3.3924152376130223e-12,-7.190454920372491e-15
both,down,0.0,0.995,3,-1.716671249596402e-12,-1.7075763025786727e-12,-3.4242475521750745e-12,1.0233526175517789e-14
both,down,0.0,0.995,4,-1.7132606444647536e-12,-1.7473666957812383e-12,-3.4606273402459917e-12,-3.586731107968392e-15
both,down,0.0,0.995,5,-1.716671249596402e-12,-1.7257661966141313e-12,-3.4424374462105335e-12,-2.562950431920724e-15
both,down,0.0,0.995,6,-1.700755092315376e-12,-1.6393641999457031e-12,-3.3401192922610792e-12,-4.69456056531341e-15
both,down,0.0,0.995,7,-1.6802914615254848e-12,-1.6757439880166203e-12,-3.356035449542105e-12,1.1598841820241978e-14
both,down,0.0,0.995,8,-1.7030288290698082e-12,-1.716671249596402e-12,-3.41970007866621e-12,3.82405456841872e-15
both,down,0.0,0.995,9,-1.6984813555609434e-12,-1.7030288290698082e-12,-3.401510184630752e-12,6.760725175571462e-16
both,down,0.0,0.995,10,-1.6973444871837273e-12,-1.7109869077103213e-12,-3.4083313948940486e-12,-7.222958215855497e-15
both,down,0.0,0.995,11,-1.72917680174578e-12,-1.6973444871837273e-12,-3.426521288929507e-12,1.2465549059669664e-14
both,down,0.5,0.995,0,-3.779082305754855e-08,-3.779082305754855e-08,-7.55816461150971e-08,-2.3136640513475317e-15
both,down,0.5,0.995,1,-4.47455261110008e-08,-4.474543061405711e-08,-8.949095672505792e-08,-1.5265402259617925e-14
both,down,0.5,0.995,2,-3.900868250639178e-08,-3.900868250639178e-08,-7.801736501278356e-08,3.934515523195308e-15
both,down,0.5,0.995,3,-3.98624962372196e-08,-3.98624962372196e-08,-7.97249924744392e-08,-8.525288901843945e-15
both,down,0.5,0.995,4,-3.7932439909127427e-08,-3.7932439909127427e-08,-7.586487981825485e-08,-8.364661053331125e-15
both,down,0.5,0.995,5,-3.6149689890407896e-08,-3.6149689890407896e-08,-7.229937978081579e-08,1.37062635521574e-16
both,down,0.5,0.995,6,-3.6905580600432584e-08,-3.6905580600432584e-08,-7.381116120086517e-08,-2.5546764198636657e-15
both,down,0.5,0.995,7,-3.7601994904434834e-08,-3.7601994904434834e-08,-7.520398980886967e-08,-4.0729217887883274e-15
both,down,0.5,0.995,8,-3.974870935508079e-08,-3.974870935508079e-08,-7.949741871016158e-08,4.585754610553562e-15
both,down,0.5,0.995,9,-4.149110566231684e-08,-4.149110452544846e-08,-8.29822101877653e-08,-6.386113861067727e-16
both,down,0.5,0.995,10,-4.1780821220527286e-08,-4.178082008365891e-08,-8.356164130418619e-08,-9.548951548125787e-15
both,down,0.5,0.995,11,-3.845460241791443e-08,-3.845460241791443e-08,-7.690920483582886e-08,-1.0638489395969796e-15
both,down,2.0,0.995,0,-4.8244112838347065e-05,-4.824411324577227e-05,-9.648822608411934e-05,6.873865557801599e-15
both,down,2.0,0.995,1,-1.1832492018584162e-05,-1.1832492018584162e-05,-2.3664984037168325e-05,-6.022354689156687e-15
both,down,2.0,0.995,2,-9.921850048044688e-06,-9.921850048044688e-06,-1.9843700096089377e-05,-6.573291870514825e-15
both,down,2.0,0.995,3,-8.614159214346272e-06,-8.614159214346272e-06,-1.7228318428692545e-05,-7.935610055034498e-15
both,down,2.0,0.995,4,-1.0851576741117697e-05,-1.0851576741117697e-05,-2.1703153482235393e-05,-4.506674499258937e-15
both,down,2.0,0.995,5,-1.296569491955779e-05,-1.296569491955779e-05,-2.593138983911558e-05,-9.104319171193271e-15
both,down,2.0,0.995,6,-1.0699498853625755e-05,-1.0699498853625755e-05,-2.139899770725151e-05,-7.256685725967983e-15
both,down,2.0,0.995,7,-1.0209982512492388e-05,-1.0209982512492388e-05,-2.0419965024984777e-05,-3.5068503868693464e-15
both,down,2.0,0.995,8,-1.0722190580736424e-05,-1.0722190580736424e-05,-2.1444381161472847e-05,-7.678325552855618e-15
both,down,2.0,0.995,9,-1.1316264990739454e-05,-1.1316264990739454e-05,-2.263252998147891e-05,-1.570658297956266e-15
both,down,2.0,0.995,10,-1.7649296034676353e-05,-1.7649296034676353e-05,-3.5298592069352706e-05,8.895314654312005e-15
both,down,2.0,0.995,11,-1.153922563986498e-05,-1.153922563986498e-05,-2.307845127972996e-05,-7.69177492664095e-15
both,fresh,0.0,1.0,0,2.5470639057787457e-05,2.5154728439151785e-05,5.062536749693924e-05,1.0557984295253995e-10
both,fresh,0.0,1.0,1,2.51558903666238e-05,2.497516780913145e-05,5.0131058175755254e-05,3.3061381966462853e-10
both,fresh,0.0,1.0,2,2.0794526611679354e-05,2.5093031843043124e-05,4.588755845472248e-05,8.947677833190193e-11
both,fresh,0.0,1.0,3,2.493758050765571e-05,2.4997029324826948e-05,4.993460983248266e-05,-3.7242759042065277e-10
both,fresh,0.0,1.0,4,2.4945870798215307e-05,2.485908560303396e-05,4.9804956401249266e-05,-8.176420438624032e-10
both,fresh,0.0,1.0,5,2.4933476215460715e-05,2.4899431274141294e-05,4.983290748960201e-05,-7.732406650793421e-10
both,fresh,0.0,1.0,6,2.5175345679059323e-05,2.4708500366282805e-05,4.9883846045342125e-05,1.835910842857782e-10
both,fresh,0.0,1.0,7,2.4302357816664565e-05,2.4487202797692787e-05,4.8789560614357356e-05,-1.5336102222673144e-11
both,fresh,0.0,1.0,8,2.5054500797595526e-05,2.493154390476149e-05,4.9986044702357015e-05,-2.6803779463279083e-10
both,fresh,0.0,1.0,9,2.519437096418109e-05,2.507789255889792e-05,5.0272263523079005e-05,1.4253562451204236e-10
both,fresh,0.0,1.0,10,2.5307286643183602e-05,2.498439593600743e-05,5.029168257919103e-05,1.1757435613669472e-10
both,fresh,0.0,1.0,11,2.4896475263664896e-05,2.5229809499744958e-05,5.0126284763409854e-05,-1.6236310903156932e-10
both,fresh,0.5,1.0,0,4.874495486117958e-05,4.8750761012974486e-05,9.749571587415406e-05,6.979326030370831e-11
both,fresh,0.5,1.0,1,5.0345115420171725e-05,5.0345022308224685e-05,0.00010069013772839641,8.341609460388875e-11
both,fresh,0.5,1.0,2,4.958624230533837e-05,4.95867160267649e-05,9.917295833210327e-05,4.922587539113704e-12
both,fresh,0.5,1.0,3,4.987544313765468e-05,4.9875473313225615e-05,9.97509164508803e-05,-4.3032980470784476e-11
both,fresh,0.5,1.0,4,4.962770046281983e-05,4.962764781645035e-05,9.925534827927018e-05,-4.393494871276001e-11
both,fresh,0.5,1.0,5,4.9668017546227186e-05,4.9667997514508674e-05,9.933601506073586e-05,-4.7795375249219183e-11
both,fresh,0.5,1.0,6,5.01253971504334e-05,5.0125225605561765e-05,0.00010025062275599517,9.523282651637152e-11
both,fresh,0.5,1.0,7,4.7662487198284474e-05,4.766343500360315e-05,9.532592220188762e-05,-1.8378254892631467e-12
both,fresh,0.5,1.0,8,5.0001099328806916e-05,5.0001039837308526e-05,0.00010000213916611545,-1.7318722791788598e-11
both,fresh,0.5,1.0,9,5.063883552014925e-05,5.063874978216365e-05,0.0001012775853023129,2.7586135293015345e-11
both,fresh,0.5,1.0,10,5.115337032245648e-05,5.1153186689321117e-05,0.0001023065570117776,4.911653927707164e-11
both,fresh,0.5,1.0,11,5.0480482141519456e-05,5.048062741874304e-05,0.0001009611095602625,-1.9134657226635118e-11
both,fresh,2.0,1.0,0,0.00012186020812929744,0.0001218602081293374,0.00024372041625863482,1.7053930192716496e-11
both,fresh,2.0,1.0,1,0.0001274779154647454,0.00012747791546474318,0.0002549558309294886,1.1011912193874244e-11
both,fresh,2.0,1.0,2,0.00012252270501243669,0.00012252270501244555,0.00024504541002488226,-3.02964867136566e-11
both,fresh,2.0,1.0,3,0.00012418612699323982,0.00012418612699323982,0.00024837225398647965,-3.891816548306053e-12
both,fresh,2.0,1.0,4,0.00012266340102266903,0.00012266340102266903,0.00024532680204533805,2.1622184205493894e-12
both,fresh,2.0,1.0,5,0.00012291374827664181,0.00012291374827664181,0.00024582749655328363,-7.713208730608355e-13
both,fresh,2.0,1.0,6,0.0001251981000706881,0.00012519810007068587,0.00025039620014137397,2.100965371408563e-11
both,fresh,2.0,1.0,7,0.00011117349595085146,0.00011117349595821002,0.00022234699190906148,-5.134440154503726e-13
both,fresh,2.0,1.0,8,0.00012492151340829594,0.00012492151340829594,0.0002498430268165919,-7.889774234560184e-13
both,fresh,2.0,1.0,9,0.00010628638781952082,0.0001062863924122337,0.00021257278023175451,3.547747306459705e-11
both,fresh,2.0,1.0,10,0.00011128147763228235,0.0001112814778162019,0.00022256295544848426,1.8525748186663155e-11
both,fresh,2.0,1.0,11,0.00012827321051985584,0.00012827321051985584,0.0002565464210397117,1.889221851379847e-12
both,up,0.0,1.0,0,2.1648504398148473e-05,2.1648504398148473e-05,4.3297008796296945e-05,-1.4789733321760829e-16
both,up,0.0,1.0,1,2.1648504398148473e-05,2.1648504398148473e-05,4.3297008796296945e-05,-1.4789733321760829e-16
both,up,0.0,1.0,2,2.1648504398148473e-05,2.1648504398148473e-05,4.3297008796296945e-05,-1.4789733321760829e-16
both,up,0.0,1.0,3,2.1648504398148473e-05,2.1648504398148473e-05,4.3297008796296945e-05,-1.4789733321760829e-16
both,up,0.0,1.0,4,2.1648504398148473e-05,2.1648504398148473e-05,4.3297008796296945e-05,-1.4789733321760829e-16
both,up,0.0,1.0,5,2.1648504398148473e-05,2.1648504398148473e-05,4.3297008796296945e-05,-1.4789733321760829e-16
both,up,0.0,1.0,6,2.1648504398148473e-05,2.1648504398148473e-05,4.3297008796296945e-05,-1.4789733321760829e-16
both,up,0.0,1.0,7,2.1648504398148473e-05,2.1648504398148473e-05,4.3297008796296945e-05,-1.4789733321760829e-16
both,up,0.0,1.0,8,2.1648504398148473e-05,2.1648504398148473e-05,4.3297008796296945e-05,-1.4789733321760829e-16
both,up,0.0,1.0,9,2.1648504398148473e-05,2.1648504398148473e-05,4.3297008796296945e-05,-1.4789733321760829e-16
both,up,0.0,1.0,10,2.1648504398148473e-05,2.1648504398148473e-05,4.3297008796296945e-05,-1.4789733321760829e-16
both,up,0.0,1.0,11,2.1648504398148473e-05,2.1648504398148473e-05,4.3297008796296945e-05,-1.4789733321760829e-16
both,up,0.5,1.0,0,3.788937738604781e-05,3.788937738604781e-05,7.577875477209562e-05,-1.2640286673967229e-17
both,up,0.5,1.0,1,3.78893773860467e-05,3.788937738604781e-05,7.577875477209451e-05,-1.3475022586399036e-17
both,up,0.5,1.0,2,3.788937738604781e-05,3.788937738604781e-05,7.577875477209562e-05,-1.2640286673967229e-17
both,up,0.5,1.0,3,3.788937738604781e-05,3.788937738604781e-05,7.577875477209562e-05,-1.2640286673967229e-17
both,up,0.5,1.0,4,3.788937738604781e-05,3.788937738604781e-05,7.577875477209562e-05,-1.2640286673967229e-17
both,up,0.5,1.0,5,3.788937738604781e-05,3.788937738604781e-05,7.577875477209562e-05,-1.2640286673967229e-17
both,up,0.5,1.0,6,3.788937738604781e-05,3.788937738604781e-05,7.577875477209562e-05,-1.2640286673967229e-17
both,up,0.5,1.0,7,3.788937738604781e-05,3.788937738604781e-05,7.577875477209562e-05,-1.2640286673967229e-17
both,up,0.5,1.0,8,3.788937738604781e-05,3.788937738604781e-05,7.577875477209562e-05,-1.2640286673967229e-17
both,up,0.5,1.0,9,3.788937738604781e-05,3.788937738604781e-05,7.577875477209562e-05,-1.2640286673967229e-17
both,up,0.5,1.0,10,3.788937738604781e-05,3.788937738604781e-05,7.577875477209562e-05,-1.2640286673967229e-17
both,up,0.5,1.0,11,3.788937738604781e-05,3.788937738604781e-05,7.577875477209562e-05,-1.2640286673967229e-17
both,up,2.0,1.0,0,6.670319464943564e-05,6.670319464943564e-05,0.00013340638929887127,1.0922550832984713e-17
both,up,2.0,1.0,1,6.670319464943564e-05,6.670319464943675e-05,0.00013340638929887238,-1.2523977458873436e-17
both,up,2.0,1.0,2,6.670319464943564e-05,6.670319464943564e-05,0.00013340638929887127,1.0922550832984713e-17
both,up,2.0,1.0,3,6.670319464943564e-05,6.670319464943564e-05,0.00013340638929887127,1.0922550832984713e-17
both,up,2.0,1.0,4,6.670319464943564e-05,6.670319464943564e-05,0.00013340638929887127,1.0922550832984713e-17
both,up,2.0,1.0,5,6.670319464943564e-05,6.670319464943564e-05,0.00013340638929887127,1.0922550832984713e-17
both,up,2.0,1.0,6,6.670319464943564e-05,6.670319464943564e-05,0.00013340638929887127,1.0922550832984713e-17
both,up,2.0,1.0,7,6.670319464943564e-05,6.670319464943564e-05,0.00013340638929887127,1.0922550832984713e-17
both,up,2.0,1.0,8,6.670319464943564e-05,6.670319464943564e-05,0.00013340638929887127,1.0922550832984713e-17
both,up,2.0,1.0,9,6.670319464943564e-05,6.670319464943564e-05,0.00013340638929887127,1.0922550832984713e-17
both,up,2.0,1.0,10,6.670319464943564e-05,6.670319464943564e-05,0.00013340638929887127,1.0922550832984713e-17
both,up,2.0,1.0,11,6.670319464943564e-05,6.670319464943564e-05,0.00013340638929887127,1.0922550832984713e-17
both,down,0.0,1.0,0,2.2791254551748352e-05,2.094851871447645e-05,4.37397732662248e-05,-6.3433273803374e-15
both,down,0.0,1.0,1,2.0960669961596067e-05,1.750895220880011e-05,3.846962217039618e-05,3.802277154597109e-15
both,down,0.0,1.0,2,2.5508093478947558e-05,2.0182074656531768e-05,4.5690168135479326e-05,-1.404122918495334e-10
both,down,0.0,1.0,3,1.592496062016835e-05,1.8203115683945725e-05,3.412807630411408e-05,3.586672417421549e-15
both,down,0.0,1.0,4,1.6328037494304225e-05,9.030598524759626e-06,2.535863601906385e-05,-2.0413485528860948e-17
both,down,0.0,1.0,5,1.5711574370698145e-05,1.3478573406473515e-05,2.919014777717166e-05,9.078774220961152e-16
both,down,0.0,1.0,6,2.1154064171469145e-05,5.518020555996372e-05,7.633426973143286e-05,-1.4300456017236698e-10
both,down,0.0,1.0,7,2.866585781930553e-05,3.107083154418433e-05,5.973668936348986e-05,-1.4738792854244115e-10
both,down,0.0,1.0,8,1.9541531479490004e-05,1.560768468493734e-05,3.514921616442734e-05,3.604394670389366e-15
both,down,0.0,1.0,9,2.1326487558326335e-05,1.994880091615414e-05,4.1275288474480476e-05,7.534061007869066e-17
both,down,0.0,1.0,10,2.2103588169102295e-05,1.781820708174564e-05,3.9921795250847934e-05,4.8106198697983586e-15
both,down,0.0,1.0,11,1.3234886775990162e-05,2.1610512503684732e-05,3.48453992796749e-05,-2.6849195476485562e-15
both,down,0.5,1.0,0,4.584155470979567e-05,4.584684895348801e-05,9.168840366328369e-05,-7.533228319891127e-14
both,down,0.5,1.0,1,1.6431734479738225e-08,9.304916460450841e-07,9.469233805248223e-07,-4.4982132717807675e-18
both,down,0.5,1.0,2,2.790351667954383e-05,2.7909315323313423e-05,5.581283200285725e-05,9.049219966788729e-16
both,down,0.5,1.0,3,1.9277606868968176e-05,1.9231682524036843e-05,3.850928939300502e-05,1.331361801673316e-15
both,down,0.5,1.0,4,4.33275317072912e-05,4.3328703128509005e-05,8.66562348358002e-05,2.304165981741435e-14
both,down,0.5,1.0,5,8.763766739718903e-05,8.763639403639445e-05,0.00017527406143358348,3.672281227806236e-11
both,down,0.5,1.0,6,6.50167358037379e-05,6.501826663452448e-05,0.0001300350024382624,-8.353114105916545e-12
both,down,0.5,1.0,7,4.9413921087761994e-05,4.940890054854208e-05,9.882282163630408e-05,1.5560296774475774e-11
both,down,0.5,1.0,8,2.0270443980621165e-05,2.025384824548837e-05,4.0524292226109535e-05,-1.7327496345041757e-15
both,down,0.5,1.0,9,8.537520680533816e-06,8.616033970270109e-06,1.7153554650803927e-05,-1.926481043536223e-16
both,down,0.5,1.0,10,7.211934187125734e-06,7.328941723017124e-06,1.4540875910142858e-05,7.966764890945342e-17
both,down,0.5,1.0,11,3.509197939990827e-05,3.510868000319078e-05,7.020065940309904e-05,6.414088669443599e-15
both,down,2.0,1.0,0,0.00011610533544370583,0.00011610582917256806,0.0002322111646162739,-2.299181162407245e-15
both,down,2.0,1.0,1,6.873961287823249e-05,6.873961287766406e-05,0.00013747922575589654,-4.74372587440866e-16
both,down,2.0,1.0,2,0.00019125172503379418,0.0001912517250377732,0.0003825034500715674,2.900649366292891e-12
both,down,2.0,1.0,3,0.0004092111062800541,0.0004092111063420134,0.0008184222126220675,1.3136667045614265e-11
both,down,2.0,1.0,4,0.00011620123935102811,0.00011620123935045967,0.00023240247870148778,-8.733625764714119e-12
both,down,2.0,1.0,5,3.617824673881387e-05,3.617824674051917e-05,7.235649347933304e-05,-1.6871983207067117e-15
both,down,2.0,1.0,6,0.00012597741543061148,0.00012597741542720088,0.0002519548308578123,2.145843301608999e-11
both,down,2.0,1.0,7,0.00016361841671624688,0.00016361841672022593,0.0003272368334364728,1.1300675278573713e-11
both,down,2.0,1.0,8,0.0001244674318354555,0.00012446743183488706,0.00024893486367034257,1.2846048615565503e-11
both,down,2.0,1.0,9,9.07568096937439e-05,9.07568096937439e-05,0.0001815136193874878,7.496155113297135e-15
both,down,2.0,1.0,10,3.659172591596871e-09,3.6591720231626823e-09,7.318344614759553e-09,7.821078338907189e-21
both,down,2.0,1.0,11,8.05450892298154e-05,8.054508922924697e-05,0.00016109017845906238,6.074258752583546e-15
both,fresh,0.0,1.005,0,0.09495585966943264,0.0948337506560032,0.18978961032543584,-2.4815784107072078e-11
both,fresh,0.0,1.005,1,0.09483412667569675,0.09478091063079878,0.18961503730649554,-6.351109071354587e-11
both,fresh,0.0,1.005,2,0.09456690622709109,0.0948144439175258,0.18938135014461688,-1.4135873906643356e-10
both,fresh,0.0,1.005,3,0.09477106569445443,0.09478681843946181,0.18955788413391622,-1.7079440683330517e-10
both,fresh,0.0,1.005,4,0.09477320379088956,0.09475171571475703,0.1895249195056466,-1.9453154480212693e-10
both,fresh,0.0,1.005,5,0.09477001404894328,0.09476146293869611,0.1895314769876394,-1.920145589606173e-10
both,fresh,0.0,1.005,6,0.09484049325548603,0.09471874332341237,0.1895592365788984,-5.4550508953052206e-11
both,fresh,0.0,1.005,7,0.09465161634750009,0.0946787139017143,0.1893303302492144,-1.0197840197320496e-10
both,fresh,0.0,1.005,8,0.09480301680655975,0.09476952049757882,0.1895725373041386,-1.5403599978592947e-10
both,fresh,0.0,1.005,9,0.09484684991173158,0.0948098980362737,0.18965674794800527,-1.1017877243980484e-10
both,fresh,0.0,1.005,10,0.0948874130622859,0.09478338781633486,0.18967080087862076,-2.707796588142395e-11
both,fresh,0.0,1.005,11,0.09476073475519138,0.09485904603271444,0.1896197807879058,-5.5895584350813184e-11
both,fresh,0.5,1.005,0,0.030891003100263267,0.03089090384855093,0.0617819069488142,2.973423739702153e-11
both,fresh,0.5,1.005,1,0.061855511811979576,0.06185633333921131,0.12371184515119088,2.9068961061311057e-11
both,fresh,0.5,1.005,2,0.030869350741093066,0.030870050000635755,0.06173940074172882,5.812815641536848e-12
both,fresh,0.5,1.005,3,0.061936853755260445,0.06193667325458337,0.12387352700984382,-1.0427963929560012e-11
both,fresh,0.5,1.005,4,0.06194408502205456,0.06194438308792847,0.12388846810998302,-2.7585807775685887e-12
both,fresh,0.5,1.005,5,0.06195306245180201,0.06195317136012674,0.12390623381192875,-1.2289987099102256e-11
both,fresh,0.5,1.005,6,0.061626918613303945,0.06163043742011382,0.12325735603341777,3.971458438508203e-11
both,fresh,0.5,1.005,7,0.030844142130741794,0.030843829857448036,0.06168797198818983,-1.2897622573478184e-11
both,fresh,0.5,1.005,8,0.06191407766250542,0.061914476450582755,0.12382855411308819,1.5605982955954216e-12
both,fresh,0.5,1.005,9,0.06183899425039613,0.061839813333232456,0.12367880758362859,1.6753174614260297e-11
both,fresh,0.5,1.005,10,0.06142215103945091,0.06142924711240303,0.12285139815185395,3.42313510976417e-11
both,fresh,0.5,1.005,11,0.06173051116849331,0.061728396785792033,0.12345890795428535,1.9401810926682327e-11
both,fresh,2.0,1.005,0,0.030844038040863286,-0.0005718884943521818,0.030272149546511105,7.775427284834545e-12
both,fresh,2.0,1.005,1,0.030739768002784412,0.03073976800280726,0.06147953600559167,7.635610903422615e-12
both,fresh,2.0,1.005,2,0.03085294209351693,-0.0005629844339900814,0.03028995765952685,-4.042087480558582e-12
both,fresh,2.0,1.005,3,0.030760524728544403,0.03076052472854042,0.06152104945708482,-8.58708079702109e-13
both,fresh,2.0,1.005,4,0.030756358765257886,0.030756358765269318,0.0615127175305272,3.949010752312763e-12
both,fresh,2.0,1.005,5,0.03076360195391725,0.030763601953920833,0.061527203907838085,2.803182027194679e-13
both,fresh,2.0,1.005,6,0.030720932915674667,0.030720932915708897,0.061441865831383564,1.4621710921555334e-11
both,fresh,2.0,1.005,7,0.030863030509829383,-0.0005528959349466555,0.030310134574882727,2.243338972591543e-11
both,fresh,2.0,1.005,8,0.03075680380656817,0.030756803806576142,0.06151360761314431,1.0702705787471199e-12
both,fresh,2.0,1.005,9,0.030917496929825164,-0.0004983114513513287,0.030419185478473835,2.935895752160777e-11
both,fresh,2.0,1.005,10,0.030890016150300684,-0.0005259081024616308,0.030364108047839053,2.549643351566476e-11
both,fresh,2.0,1.005,11,0.030721711762029,0.03072171176199036,0.06144342352401936,6.338314591759088e-12
both,up,0.0,1.005,0,0.09499712045371066,0.09499712045371066,0.1899942409074213,-1.4902138108501766e-10
both,up,0.0,1.005,1,0.09499712045371066,0.09499712045371066,0.1899942409074213,-1.4902138108501766e-10
both,up,0.0,1.005,2,0.09499712045371066,0.09499712045371066,0.1899942409074213,-1.4902138108501766e-10
both,up,0.0,1.005,3,0.09499712045371066,0.09499712045371066,0.1899942409074213,-1.4902138108501766e-10
both,up,0.0,1.005,4,0.09499712045371066,0.09499712045371066,0.1899942409074213,-1.4902138108501766e-10
both,up,0.0,1.005,5,0.09499712045371066,0.09499712045371066,0.1899942409074213,-1.4902138108501766e-10
both,up,0.0,1.005,6,0.09499712045371066,0.09499712045371066,0.1899942409074213,-1.4902138108501766e-10
both,up,0.0,1.005,7,0.09499712045371066,0.09499712045371066,0.1899942409074213,-1.4902138108501766e-10
both,up,0.0,1.005,8,0.09499712045371066,0.09499712045371066,0.1899942409074213,-1.4902138108501766e-10
both,up,0.0,1.005,9,0.09499712045371066,0.09499712045371066,0.1899942409074213,-1.4902138108501766e-10
both,up,0.0,1.005,10,0.09499712045371066,0.09499712045371066,0.1899942409074213,-1.4902138108501766e-10
both,up,0.0,1.005,11,0.09499712045371066,0.09499712045371066,0.1899942409074213,-1.4902138108501766e-10
both,up,0.5,1.005,0,0.03406593290980106,0.03406593290980106,0.06813186581960212,-9.262395677531095e-12
both,up,0.5,1.005,1,0.034065932909800305,0.034065932909800305,0.06813186581960061,-9.26018184569399e-12
both,up,0.5,1.005,2,0.03406593290980106,0.03406593290980106,0.06813186581960212,-9.262395677531095e-12
both,up,0.5,1.005,3,0.03406593290980106,0.03406593290980106,0.06813186581960212,-9.262395677531095e-12
both,up,0.5,1.005,4,0.03406593290980106,0.03406593290980106,0.06813186581960212,-9.262395677531095e-12
both,up,0.5,1.005,5,0.03406593290980106,0.03406593290980106,0.06813186581960212,-9.262395677531095e-12
both,up,0.5,1.005,6,0.03406593290980106,0.03406593290980106,0.06813186581960212,-9.262395677531095e-12
both,up,0.5,1.005,7,0.03406593290980106,0.03406593290980106,0.06813186581960212,-9.262395677531095e-12
both,up,0.5,1.005,8,0.03406593290980106,0.03406593290980106,0.06813186581960212,-9.262395677531095e-12
both,up,0.5,1.005,9,0.03406593290980106,0.03406593290980106,0.06813186581960212,-9.262395677531095e-12
both,up,0.5,1.005,10,0.03406593290980106,0.03406593290980106,0.06813186581960212,-9.262395677531095e-12
both,up,0.5,1.005,11,0.03406593290980106,0.03406593290980106,0.06813186581960212,-9.262395677531095e-12
both,up,2.0,1.005,0,0.002456964783036786,0.002456964783036786,0.004913929566073572,-2.2892603775558987e-13
both,up,2.0,1.005,1,0.0024569647830367993,0.0024569647830367993,0.004913929566073599,-2.2925926342917884e-13
both,up,2.0,1.005,2,0.002456964783036786,0.002456964783036786,0.004913929566073572,-2.2892603775558987e-13
both,up,2.0,1.005,3,0.002456964783036786,0.002456964783036786,0.004913929566073572,-2.2892603775558987e-13
both,up,2.0,1.005,4,0.002456964783036786,0.002456964783036786,0.004913929566073572,-2.2892603775558987e-13
both,up,2.0,1.005,5,0.002456964783036786,0.002456964783036786,0.004913929566073572,-2.2892603775558987e-13
both,up,2.0,1.005,6,0.002456964783036786,0.002456964783036786,0.004913929566073572,-2.2892603775558987e-13
both,up,2.0,1.005,7,0.002456964783036786,0.002456964783036786,0.004913929566073572,-2.2892603775558987e-13
both,up,2.0,1.005,8,0.002456964783036786,0.002456964783036786,0.004913929566073572,-2.2892603775558987e-13
both,up,2.0,1.005,9,0.002456964783036786,0.002456964783036786,0.004913929566073572,-2.2892603775558987e-13
both,up,2.0,1.005,10,0.002456964783036786,0.002456964783036786,0.004913929566073572,-2.2892603775558987e-13
both,up,2.0,1.005,11,0.002456964783036786,0.002456964783036786,0.004913929566073572,-2.2892603775558987e-13
both,down,0.0,1.005,0,0.11368067661108966,0.09542771192412487,0.20910838853521452,-1.5052012920230297e-10
both,down,0.0,1.005,1,0.09543558588518863,0.09475786523532634,0.19019345112051497,-1.7396579260706917e-10
both,down,0.0,1.005,2,0.09726330110067352,0.09509660102129032,0.19235990212196385,-1.5709591842309946e-10
both,down,0.0,1.005,3,0.0946963118388021,0.09480177649352982,0.18949808833233192,-7.641347095949491e-11
both,down,0.0,1.005,4,0.0947085293751718,0.09461109421101468,0.18931962358618648,-1.2748719870349303e-10
both,down,0.0,1.005,5,0.09469052439814846,0.09464860852776269,0.18933913292591115,-5.0749774098374805e-11
both,down,0.0,1.005,6,0.09557909753104354,0.0945512808605656,0.19013037839160915,-1.5663566365455226e-10
both,down,0.0,1.005,7,0.09468197985270194,0.09459137432168632,0.18927335417438826,-1.3542017426029698e-10
both,down,0.0,1.005,8,0.09495425226859425,0.09468785776721006,0.1896421100358043,-1.4160217541237621e-10
both,down,0.0,1.005,9,0.09574398850924468,0.0950359864434597,0.19077997495270438,-1.190387740457363e-10
both,down,0.0,1.005,10,0.09771377651713464,0.09477559857241885,0.1924893750895535,-1.5159979432919428e-10
both,down,0.0,1.005,11,0.09464544278985727,0.09613691685699564,0.19078235964685292,-1.5522232647394672e-10
both,down,0.5,1.005,0,0.03016877259017292,0.029620917118121495,0.059789689708294416,1.4523750227987828e-11
both,down,0.5,1.005,1,0.030716356458232782,0.030752374999868267,0.06146873145810105,1.8245527795951793e-11
both,down,0.5,1.005,2,0.030841948152554435,0.030842354338978452,0.06168430249153289,-8.737846761209323e-12
both,down,0.5,1.005,3,0.030791008852417007,0.030787526188947822,0.06157853504136483,-8.068426982295382e-12
both,down,0.5,1.005,4,0.030458314293526884,0.030440434947637415,0.0608987492411643,-1.3340700489319817e-11
both,down,0.5,1.005,5,0.031253484233956214,0.03132421469038604,0.06257769892434226,3.516832869928904e-11
both,down,0.5,1.005,6,0.033117179715519,0.001851827104466679,0.03496900681998568,1.0523672392402634e-11
both,down,0.5,1.005,7,0.005305842574778126,0.03533354432741362,0.040639386902191744,1.2078533565320272e-11
both,down,0.5,1.005,8,0.030795440906325668,0.03079412630858201,0.06158956721490767,-8.882507337757014e-12
both,down,0.5,1.005,9,0.030689121399009877,0.03069314437813034,0.06138226577714022,-1.2339760485411801e-11
both,down,0.5,1.005,10,0.03067499217884688,0.030680733977342244,0.06135572615618912,-1.3004627545996815e-11
both,down,0.5,1.005,11,0.030873335855000617,0.030868097908217464,0.061741433763218084,1.5512738454430976e-11
both,down,2.0,1.005,0,0.03026841938551044,-0.001147482481031119,0.02912093690447932,1.649721303377824e-11
both,down,2.0,1.005,1,0.030779656825369556,-0.0006362696585244976,0.03014338716684506,1.6259366352764326e-11
both,down,2.0,1.005,2,0.0015593975780569735,0.0015593975799683335,0.003118795158025307,2.469379505814969e-11
both,down,2.0,1.005,3,0.0024014524076775958,0.0024014424247693,0.004802894832446896,2.1623206386769057e-11
both,down,2.0,1.005,4,0.025976327818455616,-0.003471931614882351,0.022504396203573265,1.1775623352537521e-11
both,down,2.0,1.005,5,-0.0005763327513653849,0.030839593783471172,0.030263261032105786,6.52601012327352e-12
both,down,2.0,1.005,6,0.003913017541486568,0.003910671461334516,0.007823689002821084,1.9039940290996553e-11
both,down,2.0,1.005,7,0.0016885279799325303,0.0016885280247562662,0.0033770560046887965,2.407667404656763e-11
both,down,2.0,1.005,8,0.004726673261837675,0.0046990045068722,0.009425677768709874,1.0918332493118694e-11
both,down,2.0,1.005,9,0.03039884067742918,-0.0010170841361562565,0.02938175654127292,6.39433672740742e-12
both,down,2.0,1.005,10,0.03058813843659493,-0.0008277876965252062,0.029760350740069726,9.930344885010987e-12
both,down,2.0,1.005,11,0.030642035289116337,-0.00077389090093817,0.029868144388178166,1.437313866312684e-11
both,fresh,0.0,1.01,0,0.1322676704790005,0.14448022678038064,0.27674789725938115,-3.670026029031019e-11
both,fresh,0.0,1.01,1,0.14442491554679004,0.15039807287172904,0.29482298841851906,-5.701701667930748e-11
both,fresh,0.0,1.01,2,0.15535449381824185,0.14710422134284476,0.3024587151610866,-1.332096403401778e-10
both,fresh,0.0,1.01,3,0.15108943564941296,0.14992996178107337,0.30101939743048634,-1.500582801125153e-10
both,fresh,0.0,1.01,4,0.15094805150325416,0.15218115707182053,0.3031292085750747,-1.7525117543587272e-10
both,fresh,0.0,1.01,5,0.15115729814937884,0.15167065458674503,0.30282795273612384,-1.7275969163618036e-10
both,fresh,0.0,1.01,6,0.14347318517733412,0.15346863729664167,0.2969418224739758,-5.912192185708093e-11
both,fresh,0.0,1.01,7,0.154906936393382,0.1544530960050349,0.3093600323984169,-1.0441852689356668e-10
both,fresh,0.0,1.01,8,0.14840892996827354,0.1511887731594396,0.29959770312771317,-1.277537523310771e-10
both,fresh,0.0,1.01,9,0.14250578012478482,0.14764698458611683,0.2901527647109017,-8.845570968520948e-11
both,fresh,0.0,1.01,10,0.13697882254669147,0.1502069624684309,0.2871857850151224,-3.340033213799319e-11
both,fresh,0.0,1.01,11,0.15171139132710582,0.14066723587919638,0.2923786272063022,-3.768201463130284e-11
both,fresh,0.5,1.01,0,0.03291707551536022,0.03266355755181224,0.06558063306717246,2.6712903464796563e-11
both,fresh,0.5,1.01,1,0.06356155004910434,0.06356066009660369,0.12712221014570801,2.6691238133102344e-11
both,fresh,0.5,1.01,2,0.0324856304158119,0.03248017465226271,0.06496580506807462,5.799190685763618e-12
both,fresh,0.5,1.01,3,0.06352916904437154,0.06352937295136935,0.1270585419957409,-9.022208497141324e-12
both,fresh,0.5,1.01,4,0.06351466060533423,0.06351433160147155,0.12702899220680577,-1.3421035263157716e-12
both,fresh,0.5,1.01,5,0.0635178311217058,0.06351770900096762,0.12703554012267343,-1.0978627989930154e-11
both,fresh,0.5,1.01,6,0.06356993909703462,0.0635672162731803,0.12713715537021492,3.760075252456445e-11
both,fresh,0.5,1.01,7,0.03253848029934348,0.032519998102498296,0.06505847840184178,-1.301607965175041e-11
both,fresh,0.5,1.01,8,0.06353666086836943,0.06353621554867295,0.12707287641704237,2.5155991085634477e-12
both,fresh,0.5,1.01,9,0.06358388605978849,0.06358298394025888,0.12716687000004737,1.6309940111781686e-11
both,fresh,0.5,1.01,10,0.06370259017094235,0.06369752904796427,0.12740011921890662,3.3375910855061966e-11
both,fresh,0.5,1.01,11,0.06358320351944573,0.0635851807397943,0.12716838425924004,2.1258390766208568e-11
both,fresh,2.0,1.01,0,0.03037280392827448,-0.0010421928065954033,0.029330611121679076,7.715754289212557e-12
both,fresh,2.0,1.01,1,0.030359905644374977,0.030359904013590823,0.0607198096579658,7.662675046181491e-12
both,fresh,2.0,1.01,2,0.030509613030835263,-0.0009057949973400814,0.029603818033495183,-4.060960572023115e-12
both,fresh,2.0,1.01,3,0.03015439152099753,0.030154393458198668,0.0603087849791962,-8.262232878957429e-13
both,fresh,2.0,1.01,4,0.029976697553806546,0.029976684585266287,0.059953382139072836,3.8195901461082796e-12
both,fresh,2.0,1.01,5,0.0300329336915704,0.030032929878802316,0.06006586357037272,2.7429521113198884e-13
both,fresh,2.0,1.01,6,0.03012638144010749,0.030126375360320968,0.06025275680042846,1.4430609769649404e-11
both,fresh,2.0,1.01,7,0.009199047121602612,0.009066229678774535,0.018265276800377147,1.8765989811953534e-11
both,fresh,2.0,1.01,8,0.030209967068743036,0.030209964598759166,0.0604199316675022,1.0577322580041024e-12
both,fresh,2.0,1.01,9,0.0011048854571032195,0.03077144777396806,0.03187633323107128,2.7412174267850553e-11
both,fresh,2.0,1.01,10,0.008673987825929527,0.008689842522668774,0.0173638303485983,2.2418056322669454e-11
both,fresh,2.0,1.01,11,0.03036631496298953,0.0303663165539791,0.06073263151696863,6.2812555803752184e-12
both,up,0.0,1.01,0,0.12735080295335577,0.12735080295335577,0.25470160590671154,-1.4804879021760693e-10
both,up,0.0,1.01,1,0.12735080295335577,0.12735080295335577,0.25470160590671154,-1.4804879021760693e-10
both,up,0.0,1.01,2,0.12735080295335577,0.12735080295335577,0.25470160590671154,-1.4804879021760693e-10
both,up,0.0,1.01,3,0.12735080295335577,0.12735080295335577,0.25470160590671154,-1.4804879021760693e-10
both,up,0.0,1.01,4,0.12735080295335577,0.12735080295335577,0.25470160590671154,-1.4804879021760693e-10
both,up,0.0,1.01,5,0.12735080295335577,0.12735080295335577,0.25470160590671154,-1.4804879021760693e-10
both,up,0.0,1.01,6,0.12735080295335577,0.12735080295335577,0.25470160590671154,-1.4804879021760693e-10
both,up,0.0,1.01,7,0.12735080295335577,0.12735080295335577,0.25470160590671154,-1.4804879021760693e-10
both,up,0.0,1.01,8,0.12735080295335577,0.12735080295335577,0.25470160590671154,-1.4804879021760693e-10
both,up,0.0,1.01,9,0.12735080295335577,0.12735080295335577,0.25470160590671154,-1.4804879021760693e-10
both,up,0.0,1.01,10,0.12735080295335577,0.12735080295335577,0.25470160590671154,-1.4804879021760693e-10
both,up,0.0,1.01,11,0.12735080295335577,0.12735080295335577,0.25470160590671154,-1.4804879021760693e-10
both,up,0.5,1.01,0,0.09096618931749995,0.09096618931749995,0.1819323786349999,-9.2179329596701e-12
both,up,0.5,1.01,1,0.0909661893174995,0.09096618931749952,0.181932378634999,-9.214877039567531e-12
both,up,0.5,1.01,2,0.09096618931749995,0.09096618931749995,0.1819323786349999,-9.2179329596701e-12
both,up,0.5,1.01,3,0.09096618931749995,0.09096618931749995,0.1819323786349999,-9.2179329596701e-12
both,up,0.5,1.01,4,0.09096618931749995,0.09096618931749995,0.1819323786349999,-9.2179329596701e-12
both,up,0.5,1.01,5,0.09096618931749995,0.09096618931749995,0.1819323786349999,-9.2179329596701e-12
both,up,0.5,1.01,6,0.09096618931749995,0.09096618931749995,0.1819323786349999,-9.2179329596701e-12
both,up,0.5,1.01,7,0.09096618931749995,0.09096618931749995,0.1819323786349999,-9.2179329596701e-12
both,up,0.5,1.01,8,0.09096618931749995,0.09096618931749995,0.1819323786349999,-9.2179329596701e-12
both,up,0.5,1.01,9,0.09096618931749995,0.09096618931749995,0.1819323786349999,-9.2179329596701e-12
both,up,0.5,1.01,10,0.09096618931749995,0.09096618931749995,0.1819323786349999,-9.2179329596701e-12
both,up,0.5,1.01,11,0.09096618931749995,0.09096618931749995,0.1819323786349999,-9.2179329596701e-12
both,up,2.0,1.01,0,0.03119780742790412,0.03119780742790412,0.06239561485580824,-2.3170430605399957e-13
both,up,2.0,1.01,1,0.03119780742790412,0.03119780742790412,0.06239561485580824,-2.3218473559854273e-13
both,up,2.0,1.01,2,0.03119780742790412,0.03119780742790412,0.06239561485580824,-2.3170430605399957e-13
both,up,2.0,1.01,3,0.03119780742790412,0.03119780742790412,0.06239561485580824,-2.3170430605399957e-13
both,up,2.0,1.01,4,0.03119780742790412,0.03119780742790412,0.06239561485580824,-2.3170430605399957e-13
both,up,2.0,1.01,5,0.03119780742790412,0.03119780742790412,0.06239561485580824,-2.3170430605399957e-13
both,up,2.0,1.01,6,0.03119780742790412,0.03119780742790412,0.06239561485580824,-2.3170430605399957e-13
both,up,2.0,1.01,7,0.03119780742790412,0.03119780742790412,0.06239561485580824,-2.3170430605399957e-13
both,up,2.0,1.01,8,0.03119780742790412,0.03119780742790412,0.06239561485580824,-2.3170430605399957e-13
both,up,2.0,1.01,9,0.03119780742790412,0.03119780742790412,0.06239561485580824,-2.3170430605399957e-13
both,up,2.0,1.01,10,0.03119780742790412,0.03119780742790412,0.06239561485580824,-2.3170430605399957e-13
both,up,2.0,1.01,11,0.03119780742790412,0.03119780742790412,0.06239561485580824,-2.3170430605399957e-13
both,down,0.0,1.01,0,0.1271305103905263,0.12767944110194662,0.25480995149247293,-1.4861359641503883e-10
both,down,0.0,1.01,1,0.12767101055547528,0.14688333739140488,0.27455434794688016,-1.2329908399436413e-10
both,down,0.0,1.01,2,0.13021826674648082,0.12844293224212378,0.2586611989886046,-1.5901383251429018e-10
both,down,0.0,1.01,3,0.15274757946544354,0.13878219927750593,0.2915297787429495,-7.770708891418942e-11
both,down,0.0,1.01,4,0.15205872730959413,0.15513354551178396,0.30719227282137807,-1.3963849784768575e-10
both,down,0.0,1.01,5,0.15302534180778593,0.1544222831081288,0.3074476249159147,-5.849762258604745e-11
both,down,0.0,1.01,6,0.12754829374190763,0.15572652029839104,0.28327481404029864,-1.5917377214441078e-10
both,down,0.0,1.01,7,0.15445522796224395,0.1553053090789308,0.3097605370411748,-6.907538335911584e-11
both,down,0.0,1.01,8,0.1296797632091807,0.15314436322524216,0.2828241264344229,-1.5112955380486428e-10
both,down,0.0,1.01,9,0.12745545336833972,0.12880370867247962,0.25625916204081933,-1.134376967837323e-10
both,down,0.0,1.01,10,0.12719149037971988,0.1437248872557018,0.27091637763542165,-1.45774084316744e-10
both,down,0.0,1.01,11,0.1544967788146505,0.1273319954446697,0.2818287742593202,-1.580229250786484e-10
both,down,0.5,1.01,0,0.032351291269206967,0.032356298224784724,0.06470758949399169,-4.402062819457424e-12
both,down,0.5,1.01,1,0.06159379455603016,0.06159861536323888,0.12319240991926904,3.5580447380360866e-11
both,down,0.5,1.01,2,0.05972141719999684,0.028902764297149018,0.08862418149714585,-1.0844483882488864e-11
both,down,0.5,1.01,3,0.029572142528573975,0.06094141951746678,0.09051356204604076,1.3107698747922963e-12
both,down,0.5,1.01,4,0.03240595493903243,0.0324012654616763,0.06480722040070873,-2.4696945777982587e-12
both,down,0.5,1.01,5,0.030458954697862167,0.0613392815914591,0.09179823628932127,3.2976619559757856e-11
both,down,0.5,1.01,6,0.03348410629691102,0.03393658068747186,0.06742068698438289,-1.3574377275539545e-11
both,down,0.5,1.01,7,0.03244470157836872,0.032427584854990525,0.06487228643335924,-9.440163607586612e-12
both,down,0.5,1.01,8,0.029492599404267707,0.060834844368061455,0.09032744377232917,-1.2850204767741783e-11
both,down,0.5,1.01,9,0.06099653292130427,0.029622066587584754,0.09061859950888902,-1.1829233563260093e-11
both,down,0.5,1.01,10,0.061042080534539876,0.02967769731798228,0.09071977785252215,-3.4640945230990737e-12
both,down,0.5,1.01,11,0.033399600233407226,0.03284584677477028,0.0662454470081775,1.1870301409703248e-11
both,down,2.0,1.01,0,-0.00015782151778765297,0.0312581049527229,0.03110028343493525,3.375553753213962e-12
both,down,2.0,1.01,1,0.03065130391366722,-0.0007644984087903595,0.02988680550487686,1.3172565659830175e-11
both,down,2.0,1.01,2,-0.00011099482466860877,0.03130493169864835,0.03119393687397974,7.577983606641036e-12
both,down,2.0,1.01,3,-0.0001159199939024802,0.031300006534548286,0.031184086540645806,1.4134926767739726e-12
both,down,2.0,1.01,4,0.03126390507822691,-0.00015202142709370037,0.031111883651133213,2.738618230628199e-13
both,down,2.0,1.01,5,0.030507300365137838,-0.0009083708474398123,0.029598929517698026,1.0599403330900652e-11
both,down,2.0,1.01,6,0.03128254796862109,-0.00013337855203701565,0.03114916941658407,3.834374063800341e-12
both,down,2.0,1.01,7,-0.00011440621086421743,0.03130152031242346,0.031187114101559246,6.977028422036525e-12
both,down,2.0,1.01,8,0.03127546660377448,-0.00014045991715534001,0.031135006686619136,-1.0054544946568938e-12
both,down,2.0,1.01,9,0.031156467906514537,-0.00025945828303918005,0.030897009623475358,-1.3328800855589996e-12
both,down,2.0,1.01,10,-0.0002034503433850432,0.031212476009264377,0.031009025665879333,8.87864188240225e-13
both,down,2.0,1.01,11,0.031049087131322893,-0.0003668372445989121,0.03068224988672398,6.520262706616195e-12
both,fresh,0.0,1.02,0,0.1899377214907641,0.1900418080577786,0.3799795295485427,-3.0420256185737515e-11
both,fresh,0.0,1.02,1,0.1900411590659509,0.19017296465847275,0.38021412372442365,-7.781071960380268e-11
both,fresh,0.0,1.02,2,0.21713691407438154,0.190079697668778,0.40721661174315954,-1.558712140456582e-10
both,fresh,0.0,1.02,3,0.19020931242941008,0.19015338496758663,0.3803626973969967,-1.5572946260529546e-10
both,fresh,0.0,1.02,4,0.19020099367795257,0.19029725932472213,0.3804982530026747,-1.672806775781566e-10
both,fresh,0.0,1.02,5,0.19021349584883113,0.19024991221445575,0.3804634080632869,-1.659148636288747e-10
both,fresh,0.0,1.02,6,0.19003063070307433,0.1905216512777723,0.3805522819808466,-6.319616287334523e-11
both,fresh,0.0,1.02,7,0.1917911032537016,0.1910464232907414,0.38283752654444303,-1.0482098783455251e-10
both,fresh,0.0,1.02,8,0.1901069851302662,0.1902154804732929,0.3803224656035591,-1.4148875036150472e-10
both,fresh,0.0,1.02,9,0.19002093917148652,0.19009007142268988,0.3801110105941764,-1.2026613599606066e-10
both,fresh,0.0,1.02,10,0.18997476671476776,0.19016456404689897,0.3801393307616667,-3.1094162276766605e-11
both,fresh,0.0,1.02,11,0.1902532227834137,0.19000441658492576,0.38025763936833945,-4.6450964155104326e-11
both,fresh,0.5,1.02,0,0.06089722498667051,0.06095608768888255,0.12185331267555305,2.3088609036614413e-11
both,fresh,0.5,1.02,1,0.09545278871367024,0.09543946125522265,0.1908922499688929,2.431217374332538e-11
both,fresh,0.5,1.02,2,0.03800381490895534,0.06647958803506814,0.10448340294402347,1.7081355959815381e-12
both,fresh,0.5,1.02,3,0.095262744809728,0.09526482878271152,0.19052757359243952,-7.451925724155163e-12
both,fresh,0.5,1.02,4,0.09521900766552331,0.09521575460561021,0.19043476227113354,3.3260921737890127e-13
both,fresh,0.5,1.02,5,0.09521898331987964,0.09521782137197049,0.19043680469185015,-9.556874191653068e-12
both,fresh,0.5,1.02,6,0.09596889326897222,0.09582165234533642,0.19179054561430864,3.529570014581933e-11
both,fresh,0.5,1.02,7,0.04339870913987807,0.06418894640968296,0.10758765554956104,-5.2254926267452486e-12
both,fresh,0.5,1.02,8,0.09530832591662064,0.09530328262565993,0.19061160854228057,3.77609369574383e-12
both,fresh,0.5,1.02,9,0.09554126615112786,0.09552675989207841,0.19106802604320627,1.5991671304261192e-11
both,fresh,0.5,1.02,10,0.09787523136292398,0.09694433395761819,0.19481956532054218,3.2393964023834335e-11
both,fresh,0.5,1.02,11,0.09570875574770943,0.09576738610757894,0.19147614185528838,2.3422893865333137e-11
both,fresh,2.0,1.02,0,0.0012155504331650669,0.032631476269927434,0.0338470267030925,4.704483088830558e-12
both,fresh,2.0,1.02,1,0.03246056325853877,0.03246056322944992,0.0649211264879887,6.83150106783762e-12
both,fresh,2.0,1.02,2,0.0012631546909407554,0.032679077876672145,0.033942232567612904,3.78108693409734e-12
both,fresh,2.0,1.02,3,0.032415709573501504,0.03241570957702718,0.06483141915052867,-2.4517382116799356e-13
both,fresh,2.0,1.02,4,0.03238838138780872,0.03238838137811477,0.06477676276592349,4.1929894222383735e-12
both,fresh,2.0,1.02,5,0.03240039672098185,0.03240039671809673,0.06480079343907857,4.586094871374221e-13
both,fresh,2.0,1.02,6,0.03241291166496046,0.0324129116187171,0.06482582328367756,1.3338862958135826e-11
both,fresh,2.0,1.02,7,0.0017511785264131285,0.03316085760054655,0.03491203612695968,2.2799932828096558e-11
both,fresh,2.0,1.02,8,0.03242388676082918,0.032423886753257275,0.06484777351408647,1.4900916406242752e-12
both,fresh,2.0,1.02,9,0.029670442915808053,0.02967044373863927,0.059340886654447325,2.6192102737467567e-11
both,fresh,2.0,1.02,10,0.006078119561833901,0.031003631816940082,0.03708175137877398,2.3841588520524136e-11
both,fresh,2.0,1.02,11,0.032476465762445346,0.032476465824449005,0.06495293158689436,7.379047124673677e-12
both,up,0.0,1.02,0,0.19026181272310283,0.19026181272310283,0.38052362544620566,-1.442516373482182e-10
both,up,0.0,1.02,1,0.19026181272310283,0.19026181272310283,0.38052362544620566,-1.442516373482182e-10
both,up,0.0,1.02,2,0.19026181272310283,0.19026181272310283,0.38052362544620566,-1.442516373482182e-10
both,up,0.0,1.02,3,0.19026181272310283,0.19026181272310283,0.38052362544620566,-1.442516373482182e-10
both,up,0.0,1.02,4,0.19026181272310283,0.19026181272310283,0.38052362544620566,-1.442516373482182e-10
both,up,0.0,1.02,5,0.19026181272310283,0.19026181272310283,0.38052362544620566,-1.442516373482182e-10
both,up,0.0,1.02,6,0.19026181272310283,0.19026181272310283,0.38052362544620566,-1.442516373482182e-10
both,up,0.0,1.02,7,0.19026181272310283,0.19026181272310283,0.38052362544620566,-1.442516373482182e-10
both,up,0.0,1.02,8,0.19026181272310283,0.19026181272310283,0.38052362544620566,-1.442516373482182e-10
both,up,0.0,1.02,9,0.19026181272310283,0.19026181272310283,0.38052362544620566,-1.442516373482182e-10
both,up,0.0,1.02,10,0.19026181272310283,0.19026181272310283,0.38052362544620566,-1.442516373482182e-10
both,up,0.0,1.02,11,0.19026181272310283,0.19026181272310283,0.38052362544620566,-1.442516373482182e-10
both,up,0.5,1.02,0,0.09489596452180912,0.09489596452180912,0.18979192904361825,-8.883363827185112e-12
both,up,0.5,1.02,1,0.09489596452180933,0.09489596452180933,0.18979192904361866,-8.886545580313382e-12
both,up,0.5,1.02,2,0.09489596452180912,0.09489596452180912,0.18979192904361825,-8.883363827185112e-12
both,up,0.5,1.02,3,0.09489596452180912,0.09489596452180912,0.18979192904361825,-8.883363827185112e-12
both,up,0.5,1.02,4,0.09489596452180912,0.09489596452180912,0.18979192904361825,-8.883363827185112e-12
both,up,0.5,1.02,5,0.09489596452180912,0.09489596452180912,0.18979192904361825,-8.883363827185112e-12
both,up,0.5,1.02,6,0.09489596452180912,0.09489596452180912,0.18979192904361825,-8.883363827185112e-12
both,up,0.5,1.02,7,0.09489596452180912,0.09489596452180912,0.18979192904361825,-8.883363827185112e-12
both,up,0.5,1.02,8,0.09489596452180912,0.09489596452180912,0.18979192904361825,-8.883363827185112e-12
both,up,0.5,1.02,9,0.09489596452180912,0.09489596452180912,0.18979192904361825,-8.883363827185112e-12
both,up,0.5,1.02,10,0.09489596452180912,0.09489596452180912,0.18979192904361825,-8.883363827185112e-12
both,up,0.5,1.02,11,0.09489596452180912,0.09489596452180912,0.18979192904361825,-8.883363827185112e-12
both,up,2.0,1.02,0,0.054537848894068756,0.054537848894068756,0.10907569778813751,-1.1675322677050937e-13
both,up,2.0,1.02,1,0.05453784889406167,0.054537848894061686,0.10907569778812336,-1.1918558566156973e-13
both,up,2.0,1.02,2,0.054537848894068756,0.054537848894068756,0.10907569778813751,-1.1675322677050937e-13
both,up,2.0,1.02,3,0.054537848894068756,0.054537848894068756,0.10907569778813751,-1.1675322677050937e-13
both,up,2.0,1.02,4,0.054537848894068756,0.054537848894068756,0.10907569778813751,-1.1675322677050937e-13
both,up,2.0,1.02,5,0.054537848894068756,0.054537848894068756,0.10907569778813751,-1.1675322677050937e-13
both,up,2.0,1.02,6,0.054537848894068756,0.054537848894068756,0.10907569778813751,-1.1675322677050937e-13
both,up,2.0,1.02,7,0.054537848894068756,0.054537848894068756,0.10907569778813751,-1.1675322677050937e-13
both,up,2.0,1.02,8,0.054537848894068756,0.054537848894068756,0.10907569778813751,-1.1675322677050937e-13
both,up,2.0,1.02,9,0.054537848894068756,0.054537848894068756,0.10907569778813751,-1.1675322677050937e-13
both,up,2.0,1.02,10,0.054537848894068756,0.054537848894068756,0.10907569778813751,-1.1675322677050937e-13
both,up,2.0,1.02,11,0.054537848894068756,0.054537848894068756,0.10907569778813751,-1.1675322677050937e-13
both,down,0.0,1.02,0,0.18994250296917584,0.19017921378026018,0.380121716749436,-1.325184304388517e-10
both,down,0.0,1.02,1,0.1901746883880594,0.19907418359748022,0.3892488719855396,-1.5892324867039873e-10
both,down,0.0,1.02,2,0.19090153358711973,0.1905873992595946,0.3814889328467143,-1.6307448293693443e-10
both,down,0.0,1.02,3,0.2118566116234581,0.19446219463917827,0.4063188062626364,-6.572454470454109e-11
both,down,0.0,1.02,4,0.20988264999375247,0.21683915105759183,0.4267218010513443,-1.137963944326702e-10
both,down,0.0,1.02,5,0.21260472875191339,0.21573424372206887,0.4283389724739822,-4.333712283236257e-11
both,down,0.0,1.02,6,0.19010930823579428,0.2165397371191966,0.4066490453549909,-1.6571826349128413e-10
both,down,0.0,1.02,7,0.19639317284584876,0.20731109764391475,0.40370427048976354,-5.928364291468914e-11
both,down,0.0,1.02,8,0.19119522755739468,0.21291418084143401,0.4041094083988287,-1.4162311760648408e-10
both,down,0.0,1.02,9,0.19006087218048948,0.1907726892597418,0.3808335614402313,-7.853277250530876e-11
both,down,0.0,1.02,10,0.18993956307622284,0.19661204131241902,0.3865516043886419,-1.6909344242605247e-10
both,down,0.0,1.02,11,0.21586774889799584,0.1899992852373964,0.40586703413539227,-1.5776216333826336e-10
both,down,0.5,1.02,0,0.06483614760945386,0.0335546704461234,0.09839081805557726,1.114811564284142e-11
both,down,0.5,1.02,1,0.06351855833269951,0.0910037235577613,0.1545222818904608,2.734326444885828e-11
both,down,0.5,1.02,2,0.06451359825389374,0.08436921196822653,0.14888281022212027,3.366098976387962e-11
both,down,0.5,1.02,3,0.06014829998576601,0.05964922210458212,0.11979752209034814,-1.3662891456163972e-11
both,down,0.5,1.02,4,0.06342331533342474,0.041899477224163206,0.10532279255758795,-1.6099212325946774e-11
both,down,0.5,1.02,5,0.09548592177699788,0.09546353047140542,0.19094945224840332,2.3358058117574487e-11
both,down,0.5,1.02,6,0.06191046058800453,0.06188911518265286,0.1237995757706574,2.365562947561167e-11
both,down,0.5,1.02,7,0.033506410591305665,0.06467933276956046,0.09818574336086613,1.511750301613554e-11
both,down,0.5,1.02,8,0.09290855245393231,0.09290022299085762,0.18580877544478994,3.4988104379630126e-11
both,down,0.5,1.02,9,0.061278058585955364,0.06130620799649875,0.12258426658245411,2.1333014749377727e-11
both,down,0.5,1.02,10,0.058355724998179426,0.05955832296684832,0.11791404796502775,-4.325185843389962e-12
both,down,0.5,1.02,11,0.06118896774701,0.05923360244402204,0.12042257019103203,9.446413313732695e-12
both,down,2.0,1.02,0,0.005220311336338739,0.034013425485216825,0.039233736821555565,1.952108463710969e-11
both,down,2.0,1.02,1,0.03482249788668156,0.004467224187917225,0.039289722074598785,9.999805773205207e-12
both,down,2.0,1.02,2,0.0013805161003706701,0.032796413462559,0.03417692956292967,9.726445312322564e-12
both,down,2.0,1.02,3,0.0019370996830033959,0.033329936014829684,0.03526703569783308,2.7233974773759436e-11
both,down,2.0,1.02,4,0.032721693500216135,0.0013058818781632908,0.03402757537837943,2.7916646039778652e-11
both,down,2.0,1.02,5,0.029274039574998766,0.02927403957158532,0.05854807914658408,2.8337095544226878e-11
both,down,2.0,1.02,6,0.03262348237843156,0.0012075578612856929,0.03383104023971725,6.346888789829274e-12
both,down,2.0,1.02,7,0.0013021449308844523,0.03271806023144577,0.03402020516233022,8.225658122096999e-12
both,down,2.0,1.02,8,0.03272161990501474,0.001305851539958951,0.034027471444973686,2.774627367304746e-11
both,down,2.0,1.02,9,0.03289998875743606,0.0014840667244163796,0.034384055481852444,2.298666014686126e-12
both,down,2.0,1.02,10,0.024730725201629014,0.02509839293402848,0.04982911813565749,2.120789720381314e-11
both,down,2.0,1.02,11,0.03332637041382156,0.0019108571962470932,0.03523722761006865,2.529857773852428e-12
both,fresh,0.0,1.05,0,0.3186088280199937,0.3162796854439413,0.634888513463935,-2.585547673948095e-11
both,fresh,0.0,1.05,1,0.31628431569437476,0.3157412858706409,0.6320256015650156,-7.262431863442741e-11
both,fresh,0.0,1.05,2,0.3157569886399302,0.3160580200391669,0.631815008679097,-1.7078737072591378e-10
both,fresh,0.0,1.05,3,0.3156630683666307,0.3157912954224571,0.6314543637890878,-1.3968450938230653e-10
both,fresh,0.0,1.05,4,0.31567952314966025,0.315526997403797,0.6312065205534573,-1.458862283468269e-10
both,fresh,0.0,1.05,5,0.315655081428445,0.3155926995042841,0.631247780932729,-1.457759420091077e-10
both,fresh,0.0,1.05,6,0.31636461672444577,0.3153445515758333,0.6317091683002791,-6.577881458353082e-11
both,fresh,0.0,1.05,7,0.3151433096751809,0.31519839968054425,0.6303417093557251,-1.0557402773463789e-10
both,fresh,0.0,1.05,8,0.31594087287878353,0.31565135713103865,0.6315922300098222,-1.253598435606109e-10
both,fresh,0.0,1.05,9,0.31644846788693487,0.31601021826540326,0.6324586861523381,-1.1350013653083341e-10
both,fresh,0.0,1.05,10,0.3170792076409446,0.31576196908470655,0.6328411767256512,-2.550872989942292e-11
both,fresh,0.0,1.05,11,0.3155875947753705,0.31662011894950487,0.6322077137248754,-3.5827718509563796e-11
both,fresh,0.5,1.05,0,0.09436411840914126,0.09654971988060958,0.19091383828975084,2.0083688049234633e-11
both,fresh,0.5,1.05,1,0.16474596823639756,0.1595586768162397,0.32430464505263723,2.4371536922777498e-11
both,fresh,0.5,1.05,2,0.09389850819170434,0.09268084220289274,0.18657935039459708,1.769395531207613e-12
both,fresh,0.5,1.05,3,0.1592847516154507,0.15941302516453984,0.31869777677999056,-5.390266991262913e-12
both,fresh,0.5,1.05,4,0.15912756765682853,0.15894713511307945,0.318074702769908,2.6118628628735615e-12
both,fresh,0.5,1.05,5,0.1590127331455498,0.15896160312024957,0.3179743362657994,-7.743945217471197e-12
both,fresh,0.5,1.05,6,0.15463736194463948,0.153924737035081,0.3085620989797205,3.335394129379904e-11
both,fresh,0.5,1.05,7,0.09320019478162775,0.09084312035379732,0.18404331513542507,-1.1329870881574427e-11
both,fresh,0.5,1.05,8,0.16014919027157645,0.15959983446118026,0.3197490247327567,5.909205039825327e-12
both,fresh,0.5,1.05,9,0.16661168710672178,0.16062667264588812,0.3272383597526099,1.7301526636422107e-11
both,fresh,0.5,1.05,10,0.15553536682659622,0.1553798525703369,0.3109152193969331,3.1500719901185524e-11
both,fresh,0.5,1.05,11,0.15210821024276744,0.15554151534308233,0.3076497255858498,2.5026312454114822e-11
both,fresh,2.0,1.05,0,0.0328199330261466,0.03281999131765314,0.06563992434379974,2.14526034158408e-12
both,fresh,2.0,1.05,1,0.06478523703912528,0.0645333639412569,0.12931860098038217,6.159550098480981e-12
both,fresh,2.0,1.05,2,0.032889270867986126,0.03288927823068627,0.0657785490986724,9.123266469740307e-12
both,fresh,2.0,1.05,3,0.06569372616495989,0.06588176306580108,0.13157548923076096,2.1238208414329708e-13
both,fresh,2.0,1.05,4,0.06494856163808792,0.06440913310175644,0.12935769473984438,4.648055151365337e-12
both,fresh,2.0,1.05,5,0.06515105734160963,0.06509992738105687,0.1302509847226665,6.240220240640398e-13
both,fresh,2.0,1.05,6,0.06469714632705678,0.049986249672788044,0.11468339599984483,1.1618708324983989e-11
both,fresh,2.0,1.05,7,0.0331068078979235,0.03309920057283213,0.06620600847075564,2.316220284818301e-11
both,fresh,2.0,1.05,8,0.06675871396845562,0.06573611447211535,0.13249482844057098,1.9150012072631508e-12
both,fresh,2.0,1.05,9,0.047115066846436605,0.03852399635704022,0.08563906320347683,2.395656472055481e-11
both,fresh,2.0,1.05,10,0.057979201276362476,0.026595459241611462,0.08457466051797394,2.672259746031768e-11
both,fresh,2.0,1.05,11,0.05802645390632114,0.06286045469773777,0.1208869086040589,6.91464770165044e-12
both,up,0.0,1.05,0,0.3191658502770782,0.3191658502770782,0.6383317005541564,-1.3738361879740922e-10
both,up,0.0,1.05,1,0.3191658502770782,0.3191658502770782,0.6383317005541564,-1.3738361879740922e-10
both,up,0.0,1.05,2,0.3191658502770782,0.3191658502770782,0.6383317005541564,-1.3738361879740922e-10
both,up,0.0,1.05,3,0.3191658502770782,0.3191658502770782,0.6383317005541564,-1.3738361879740922e-10
both,up,0.0,1.05,4,0.3191658502770782,0.3191658502770782,0.6383317005541564,-1.3738361879740922e-10
both,up,0.0,1.05,5,0.3191658502770782,0.3191658502770782,0.6383317005541564,-1.3738361879740922e-10
both,up,0.0,1.05,6,0.3191658502770782,0.3191658502770782,0.6383317005541564,-1.3738361879740922e-10
both,up,0.0,1.05,7,0.3191658502770782,0.3191658502770782,0.6383317005541564,-1.3738361879740922e-10
both,up,0.0,1.05,8,0.3191658502770782,0.3191658502770782,0.6383317005541564,-1.3738361879740922e-10
both,up,0.0,1.05,9,0.3191658502770782,0.3191658502770782,0.6383317005541564,-1.3738361879740922e-10
both,up,0.0,1.05,10,0.3191658502770782,0.3191658502770782,0.6383317005541564,-1.3738361879740922e-10
both,up,0.0,1.05,11,0.3191658502770782,0.3191658502770782,0.6383317005541564,-1.3738361879740922e-10
both,up,0.5,1.05,0,0.15776638038263968,0.15776638038263968,0.31553276076527936,-8.176347501391354e-12
both,up,0.5,1.05,1,0.15776638038263904,0.1577663803826389,0.3155327607652779,-8.177095712810548e-12
both,up,0.5,1.05,2,0.15776638038263968,0.15776638038263968,0.31553276076527936,-8.176347501391354e-12
both,up,0.5,1.05,3,0.15776638038263968,0.15776638038263968,0.31553276076527936,-8.176347501391354e-12
both,up,0.5,1.05,4,0.15776638038263968,0.15776638038263968,0.31553276076527936,-8.176347501391354e-12
both,up,0.5,1.05,5,0.15776638038263968,0.15776638038263968,0.31553276076527936,-8.176347501391354e-12
both,up,0.5,1.05,6,0.15776638038263968,0.15776638038263968,0.31553276076527936,-8.176347501391354e-12
both,up,0.5,1.05,7,0.15776638038263968,0.15776638038263968,0.31553276076527936,-8.176347501391354e-12
both,up,0.5,1.05,8,0.15776638038263968,0.15776638038263968,0.31553276076527936,-8.176347501391354e-12
both,up,0.5,1.05,9,0.15776638038263968,0.15776638038263968,0.31553276076527936,-8.176347501391354e-12
both,up,0.5,1.05,10,0.15776638038263968,0.15776638038263968,0.31553276076527936,-8.176347501391354e-12
both,up,0.5,1.05,11,0.15776638038263968,0.15776638038263968,0.31553276076527936,-8.176347501391354e-12
both,up,2.0,1.05,0,0.06417900902631121,0.06417900902631121,0.12835801805262242,-2.8767204716012896e-13
both,up,2.0,1.05,1,0.0641790090263111,0.0641790090263111,0.1283580180526222,-2.8547163105135864e-13
both,up,2.0,1.05,2,0.06417900902631121,0.06417900902631121,0.12835801805262242,-2.8767204716012896e-13
both,up,2.0,1.05,3,0.06417900902631121,0.06417900902631121,0.12835801805262242,-2.8767204716012896e-13
both,up,2.0,1.05,4,0.06417900902631121,0.06417900902631121,0.12835801805262242,-2.8767204716012896e-13
both,up,2.0,1.05,5,0.06417900902631121,0.06417900902631121,0.12835801805262242,-2.8767204716012896e-13
both,up,2.0,1.05,6,0.06417900902631121,0.06417900902631121,0.12835801805262242,-2.8767204716012896e-13
both,up,2.0,1.05,7,0.06417900902631121,0.06417900902631121,0.12835801805262242,-2.8767204716012896e-13
both,up,2.0,1.05,8,0.06417900902631121,0.06417900902631121,0.12835801805262242,-2.8767204716012896e-13
both,up,2.0,1.05,9,0.06417900902631121,0.06417900902631121,0.12835801805262242,-2.8767204716012896e-13
both,up,2.0,1.05,10,0.06417900902631121,0.06417900902631121,0.12835801805262242,-2.8767204716012896e-13
both,up,2.0,1.05,11,0.06417900902631121,0.06417900902631121,0.12835801805262242,-2.8767204716012896e-13
both,down,0.0,1.05,0,0.31590768061309066,0.3291459955520486,0.6450536761651393,-1.4046340660498076e-10
both,down,0.0,1.05,1,0.3289125841370594,0.3190235174466568,0.6479361015837162,-1.629539781484211e-10
both,down,0.0,1.05,2,0.31516996715908363,0.3361476990011852,0.6513176661602689,-1.744102253695385e-10
both,down,0.0,1.05,3,0.31694485807064665,0.3218927270585118,0.6388375851291584,-2.994736173522446e-11
both,down,0.0,1.05,4,0.317241040590601,0.31570452355882367,0.6329455641494246,-3.424961264463773e-11
both,down,0.0,1.05,5,0.3168188913863446,0.3161166823784561,0.6329355737648007,-9.682266917301192e-11
both,down,0.0,1.05,6,0.32512123781078683,0.3152430505580935,0.6403642883688803,-1.7455221434589706e-10
both,down,0.0,1.05,7,0.3151249195945695,0.3151380647480721,0.6302629843426416,-1.2742802429978402e-10
both,down,0.0,1.05,8,0.3346344567584504,0.31676366111793297,0.6513981178763834,-1.2749182391506947e-10
both,down,0.0,1.05,9,0.32226223551877864,0.3361322480836088,0.6583944836023874,-1.0340082142295127e-10
both,down,0.0,1.05,10,0.3170056879698916,0.3199970852435979,0.6370027732134895,-1.7364096062463062e-10
both,down,0.0,1.05,11,0.3160755505132397,0.31927159517509834,0.635347145688338,-1.7344978171718994e-10
both,down,0.5,1.05,0,0.0913929665363571,0.09318371757316754,0.18457668410952466,-1.0596737864124413e-11
both,down,0.5,1.05,1,0.14623941417075115,0.12367306245396094,0.26991247662471207,3.446481475301867e-11
both,down,0.5,1.05,2,0.1244083834969706,0.09524999923881523,0.21965838273578583,2.7531319976387322e-11
both,down,0.5,1.05,3,0.15506073426261197,0.15511952588465647,0.3101802601472684,3.6079034342956195e-11
both,down,0.5,1.05,4,0.08641892464988303,0.09467443737496922,0.18109336202485227,-5.809026980187152e-12
both,down,0.5,1.05,5,0.15739900875638682,0.1575852212219172,0.314984229978304,2.604579413549446e-11
both,down,0.5,1.05,6,0.09909362724838672,0.10824375608579259,0.2073373833341793,2.958682541458732e-11
both,down,0.5,1.05,7,0.09308123065473467,0.09268369615771292,0.1857649268124476,-1.829671607324252e-11
both,down,0.5,1.05,8,0.12638984354391825,0.12685046336688743,0.2532403069108057,2.682005003212988e-11
both,down,0.5,1.05,9,0.09369881165010384,0.09381238666584181,0.18751119831594565,1.068120828083316e-12
both,down,0.5,1.05,10,0.09530776539769135,0.09527955099205201,0.19058731638974336,1.8215183066299732e-11
both,down,0.5,1.05,11,0.1134717999364068,0.09125287893341351,0.20472467886982032,1.6342103667523243e-11
both,down,2.0,1.05,0,0.03266399797670189,0.03266399363151905,0.06532799160822095,-1.5009497911244243e-13
both,down,2.0,1.05,1,0.03944319658759468,0.03444597972195311,0.07388917630954779,-1.407215026581099e-12
both,down,2.0,1.05,2,0.03287638779963516,0.03287652309775382,0.06575291089738897,-1.3076636692662807e-12
both,down,2.0,1.05,3,0.032730256332585556,0.032730287891238274,0.06546054422382383,1.022550495561266e-11
both,down,2.0,1.05,4,0.03354099139752407,0.03345408335117668,0.06699507474870076,2.399714571107599e-11
both,down,2.0,1.05,5,0.033698250768973426,0.03376142273500733,0.06745967350398076,1.5203293493132583e-11
both,down,2.0,1.05,6,0.03377947645520606,0.03376130535896124,0.06754078181416731,1.7518873558814898e-12
both,down,2.0,1.05,7,0.033015852888557476,0.033016240756604844,0.06603209364516233,-8.911854303124877e-13
both,down,2.0,1.05,8,0.033295703924899556,0.033271979798652464,0.06656768372355201,2.2836750412343535e-11
both,down,2.0,1.05,9,0.05797066250895341,0.02656260943246707,0.08453327194142049,1.1740481872362909e-11
both,down,2.0,1.05,10,0.03269873902278462,0.03269872757597526,0.06539746659875988,-2.0484362667941897e-13
both,down,2.0,1.05,11,0.057063321280502066,0.0257560192427664,0.08281934052326846,-1.0308794981923245e-12
both,fresh,0.0,1.1,0,0.4582779765572678,0.46587561084864393,0.9241535874059117,-8.793738166764905e-12
both,fresh,0.0,1.1,1,0.46586183383580104,0.46730623314051783,0.9331680669763189,-5.15334263348937e-11
both,fresh,0.0,1.1,2,0.45217247768508195,0.4665097090966697,0.9186821867817516,-1.8947908160568063e-10
both,fresh,0.0,1.1,3,0.4674756151742816,0.4671912772958857,0.9346668924701673,-1.1493659776892068e-10
both,fresh,0.0,1.1,4,0.4674411331435591,0.46773187049997034,0.9351730036435295,-1.1821006539530341e-10
both,fresh,0.0,1.1,5,0.46749211438967303,0.4676151675803444,0.9351072819700175,-1.198518655037184e-10
both,fresh,0.0,1.1,6,0.4656198231775966,0.46794689875484363,0.9335667219324402,-6.358891304475499e-11
both,fresh,0.0,1.1,7,0.46743266920611126,0.46781958744340807,0.9352522566495194,-9.478917200230316e-11
both,fresh,0.0,1.1,8,0.46682173597443294,0.46749975342216915,0.9343214893966021,-9.905792414526962e-11
both,fresh,0.0,1.1,9,0.46536127467327193,0.4666391802517302,0.932000454925002,-9.100571523506873e-11
both,fresh,0.0,1.1,10,0.4632796481246863,0.4672592731246251,0.9305389212493114,-6.2364757995551785e-12
both,fresh,0.0,1.1,11,0.46762474473357485,0.4648156903310687,0.9324404350646436,-1.793547784311781e-11
both,fresh,0.5,1.1,0,0.1558167501554661,0.15548464999776881,0.31130140015323493,1.762692210989952e-11
both,fresh,0.5,1.1,1,0.2226323703520017,0.22240580080848077,0.4450381711604825,2.513232121979751e-11
both,fresh,0.5,1.1,2,0.14945178503977052,0.138861447486957,0.2883132325267275,-5.183367810855084e-12
both,fresh,0.5,1.1,3,0.22208185050014315,0.22209058642645588,0.444172436926599,-3.1621112535058605e-12
both,fresh,0.5,1.1,4,0.2219416840552404,0.22192676813196158,0.44386845218720195,5.071560435105771e-12
both,fresh,0.5,1.1,5,0.22206768142760602,0.2220645699235667,0.44413225135117274,-5.7637190079109836e-12
both,fresh,0.5,1.1,6,0.21712553059875575,0.21478423410069908,0.43190976469945486,3.207557029962893e-11
both,fresh,0.5,1.1,7,0.1282311513743733,0.15578604686670122,0.2840171982410745,-2.6442296840099963e-12
both,fresh,0.5,1.1,8,0.2220834511523086,0.22204826884936263,0.4441317200016712,8.64364850618594e-12
both,fresh,0.5,1.1,9,0.22283907871760952,0.22263184214544401,0.4454709208630535,1.8481846294617684e-11
both,fresh,0.5,1.1,10,0.21809369211276242,0.2174523036324748,0.4355459957452372,3.108927873721847e-11
both,fresh,0.5,1.1,11,0.22106309350277034,0.22429926311364493,0.44536235661641527,2.9761053398921754e-11
both,fresh,2.0,1.1,0,0.03404077769649303,0.06545502689459917,0.0994958045910922,8.240708357759552e-13
both,fresh,2.0,1.1,1,0.09197607333623407,0.09197277712897099,0.18394885046520507,6.339133292354007e-12
both,fresh,2.0,1.1,2,0.03497107149947988,0.06638055037153517,0.10135162187101505,1.0357326662866147e-11
both,fresh,2.0,1.1,3,0.09050644427341938,0.09060300375839583,0.18110944803181522,3.3032526680856864e-13
both,fresh,2.0,1.1,4,0.08992519014392496,0.08960550000352203,0.179530690147447,4.416819016278168e-12
both,fresh,2.0,1.1,5,0.08973769963455949,0.08937867620624144,0.17911637584080092,6.340314005236515e-13
both,fresh,2.0,1.1,6,0.09163725583276357,0.09163642662444886,0.18327368245721243,1.2328037388286682e-11
both,fresh,2.0,1.1,7,0.059115378108780925,0.059117458229502054,0.11823283633828298,2.1805560981038765e-11
both,fresh,2.0,1.1,8,0.09105185256022386,0.09099400080923088,0.18204585336945472,2.006531753523091e-12
both,fresh,2.0,1.1,9,0.0748278378306633,0.06974600726335199,0.14457384509401527,2.11374265285124e-11
both,fresh,2.0,1.1,10,0.06083464490780557,0.06083221423855019,0.12166685914635575,2.518339286381154e-11
both,fresh,2.0,1.1,11,0.09209407541400774,0.09209459938933745,0.1841886748033452,8.315921436136378e-12
both,up,0.0,1.1,0,0.46450220404158726,0.46450220404158726,0.9290044080831745,-9.970915216913456e-11
both,up,0.0,1.1,1,0.46450220404158726,0.46450220404158726,0.9290044080831745,-9.970915216913456e-11
both,up,0.0,1.1,2,0.46450220404158726,0.46450220404158726,0.9290044080831745,-9.970915216913456e-11
both,up,0.0,1.1,3,0.46450220404158726,0.46450220404158726,0.9290044080831745,-9.970915216913456e-11
both,up,0.0,1.1,4,0.46450220404158726,0.46450220404158726,0.9290044080831745,-9.970915216913456e-11
both,up,0.0,1.1,5,0.46450220404158726,0.46450220404158726,0.9290044080831745,-9.970915216913456e-11
both,up,0.0,1.1,6,0.46450220404158726,0.46450220404158726,0.9290044080831745,-9.970915216913456e-11
both,up,0.0,1.1,7,0.46450220404158726,0.46450220404158726,0.9290044080831745,-9.970915216913456e-11
both,up,0.0,1.1,8,0.46450220404158726,0.46450220404158726,0.9290044080831745,-9.970915216913456e-11
both,up,0.0,1.1,9,0.46450220404158726,0.46450220404158726,0.9290044080831745,-9.970915216913456e-11
both,up,0.0,1.1,10,0.46450220404158726,0.46450220404158726,0.9290044080831745,-9.970915216913456e-11
both,up,0.0,1.1,11,0.46450220404158726,0.46450220404158726,0.9290044080831745,-9.970915216913456e-11
both,up,0.5,1.1,0,0.23667746846465434,0.23667746846465434,0.4733549369293087,-6.85698299605369e-12
both,up,0.5,1.1,1,0.23667746846465504,0.23667746846465504,0.4733549369293101,-6.8597199595199095e-12
both,up,0.5,1.1,2,0.23667746846465434,0.23667746846465434,0.4733549369293087,-6.85698299605369e-12
both,up,0.5,1.1,3,0.23667746846465434,0.23667746846465434,0.4733549369293087,-6.85698299605369e-12
both,up,0.5,1.1,4,0.23667746846465434,0.23667746846465434,0.4733549369293087,-6.85698299605369e-12
both,up,0.5,1.1,5,0.23667746846465434,0.23667746846465434,0.4733549369293087,-6.85698299605369e-12
both,up,0.5,1.1,6,0.23667746846465434,0.23667746846465434,0.4733549369293087,-6.85698299605369e-12
both,up,0.5,1.1,7,0.23667746846465434,0.23667746846465434,0.4733549369293087,-6.85698299605369e-12
both,up,0.5,1.1,8,0.23667746846465434,0.23667746846465434,0.4733549369293087,-6.85698299605369e-12
both,up,0.5,1.1,9,0.23667746846465434,0.23667746846465434,0.4733549369293087,-6.85698299605369e-12
both,up,0.5,1.1,10,0.23667746846465434,0.23667746846465434,0.4733549369293087,-6.85698299605369e-12
both,up,0.5,1.1,11,0.23667746846465434,0.23667746846465434,0.4733549369293087,-6.85698299605369e-12
both,up,2.0,1.1,0,0.08625952229439676,0.08625952229439676,0.17251904458879352,-1.7751281672758014e-13
both,up,2.0,1.1,1,0.08625952229435932,0.08625952229435932,0.17251904458871864,-1.6884043484170454e-13
both,up,2.0,1.1,2,0.08625952229439676,0.08625952229439676,0.17251904458879352,-1.7751281672758014e-13
both,up,2.0,1.1,3,0.08625952229439676,0.08625952229439676,0.17251904458879352,-1.7751281672758014e-13
both,up,2.0,1.1,4,0.08625952229439676,0.08625952229439676,0.17251904458879352,-1.7751281672758014e-13
both,up,2.0,1.1,5,0.08625952229439676,0.08625952229439676,0.17251904458879352,-1.7751281672758014e-13
both,up,2.0,1.1,6,0.08625952229439676,0.08625952229439676,0.17251904458879352,-1.7751281672758014e-13
both,up,2.0,1.1,7,0.08625952229439676,0.08625952229439676,0.17251904458879352,-1.7751281672758014e-13
both,up,2.0,1.1,8,0.08625952229439676,0.08625952229439676,0.17251904458879352,-1.7751281672758014e-13
both,up,2.0,1.1,9,0.08625952229439676,0.08625952229439676,0.17251904458879352,-1.7751281672758014e-13
both,up,2.0,1.1,10,0.08625952229439676,0.08625952229439676,0.17251904458879352,-1.7751281672758014e-13
both,up,2.0,1.1,11,0.08625952229439676,0.08625952229439676,0.17251904458879352,-1.7751281672758014e-13
both,down,0.0,1.1,0,0.46629555010516244,0.45530963477154046,0.9216051848767028,-3.080488167096473e-11
both,down,0.0,1.1,1,0.4554446002555767,0.4456362173460059,0.9010808176015825,-1.4191683583658674e-10
both,down,0.0,1.1,2,0.4678953500202397,0.44879336061657116,0.9166887106368109,-1.775210116521486e-10
both,down,0.0,1.1,3,0.447107301785951,0.44542513692391483,0.8925324387098659,-1.8204591657959382e-11
both,down,0.0,1.1,4,0.4466262004420025,0.45821302552123483,0.9048392259632374,-2.829985507359029e-11
both,down,0.0,1.1,5,0.44738767925341105,0.45112262733658554,0.8985103065899966,-9.161574160218891e-11
both,down,0.0,1.1,6,0.45758573195329744,0.46670931470718185,0.9242950466604793,-1.900293518584179e-10
both,down,0.0,1.1,7,0.4678978626310425,0.46774586132286117,0.9356437239539037,-1.1828995446988693e-10
both,down,0.0,1.1,8,0.446522542701174,0.4475302838306709,0.8940528265318448,-1.0989581564658848e-10
both,down,0.0,1.1,9,0.45936706221960205,0.4477237085703848,0.9070907707899869,-1.5267915692240672e-11
both,down,0.0,1.1,10,0.4644699801977367,0.44550088179288877,0.9099708619906255,-1.7466145523834128e-10
both,down,0.0,1.1,11,0.4515817305147391,0.46178682402570187,0.913368554540441,-1.947416766597527e-10
both,down,0.5,1.1,0,0.15367896439658524,0.13022551776097602,0.28390448215756126,-4.187087895938993e-12
both,down,0.5,1.1,1,0.19468077120253668,0.19549651085086053,0.3901772820533972,2.8049481095006702e-11
both,down,0.5,1.1,2,0.15731824453412513,0.15712741474207179,0.31444565927619694,1.6603446557237773e-11
both,down,0.5,1.1,3,0.21625855369342845,0.19877638327863792,0.4150349369720664,2.517415486642123e-11
both,down,0.5,1.1,4,0.1568036276389472,0.12623006934069905,0.28303369697964625,-3.121595679225572e-12
both,down,0.5,1.1,5,0.22355087744027513,0.23483429639895803,0.45838517383923316,2.8644651454259844e-11
both,down,0.5,1.1,6,0.15471947958982696,0.1556953430850558,0.31041482267488274,1.2017065247948254e-11
both,down,0.5,1.1,7,0.12578115992577693,0.1495128751197484,0.2752940350455253,-1.2168992795865761e-11
both,down,0.5,1.1,8,0.18317612358975224,0.18299678024980154,0.3661729038395538,2.7458562010586624e-11
both,down,0.5,1.1,9,0.1553817246779795,0.1246899486728978,0.2800716733508773,-1.632268305320179e-11
both,down,0.5,1.1,10,0.18305813864108358,0.1839303240527613,0.3669884626938449,2.3787615397179572e-11
both,down,0.5,1.1,11,0.12702293174216892,0.15697310259071798,0.2839960343328869,-6.081717598646189e-13
both,down,2.0,1.1,0,0.057614056628211896,0.057668111865694274,0.11528216849390617,3.5456415998391723e-12
both,down,2.0,1.1,1,0.03466360281837865,0.06602395268289057,0.10068755550126923,1.968269558833739e-11
both,down,2.0,1.1,2,0.05897035488875673,0.058969419127073194,0.11793977401582992,1.6626422348817945e-11
both,down,2.0,1.1,3,0.057966833908040485,0.05817853597321061,0.1161453698812511,6.190385987439378e-12
both,down,2.0,1.1,4,0.05936205125866934,0.0592938175864208,0.11865586884509013,2.0153640828206294e-11
both,down,2.0,1.1,5,0.06587564627249833,0.06587574401783797,0.13175139029033628,2.026487161040388e-11
both,down,2.0,1.1,6,0.05814488372981927,0.058165687339389226,0.1163105710692085,1.7644651056388075e-11
both,down,2.0,1.1,7,0.058961732095843475,0.058960192181503286,0.11792192427734677,1.803942949281276e-11
both,down,2.0,1.1,8,0.059172000195303553,0.05911518655074587,0.11828718674604943,1.803114735663456e-11
both,down,2.0,1.1,9,0.03497138744729227,0.06625489199689753,0.1012262794441898,4.164951840963812e-12
both,down,2.0,1.1,10,0.05633372230856892,0.056885732401753014,0.11321945471032194,1.3713865647991739e-12
both,down,2.0,1.1,11,0.05145287412537229,0.057257177527863516,0.1087100516532358,2.5358808017327124e-11
both,fresh,0.0,1.2,0,0.6698930987113166,0.6664568699505432,1.3363499686618598,2.7365863995438017e-11
both,fresh,0.0,1.2,1,0.6664892021585159,0.6628638298456395,1.3293530320041556,-3.0986887533719033e-12
both,fresh,0.0,1.2,2,0.6610191719925766,0.6648781515197207,1.3258973235122973,-2.1305314932090496e-10
both,fresh,0.0,1.2,3,0.6624616417687105,0.6631434465935883,1.3256050883622987,-6.459973933890323e-11
both,fresh,0.0,1.2,4,0.6625426132084009,0.6618671013602834,1.3244097145686844,-6.470468142222991e-11
both,fresh,0.0,1.2,5,0.6624230446206733,0.6621374889859706,1.3245605336066437,-6.938383800834918e-11
both,fresh,0.0,1.2,6,0.6670377004052728,0.6612731501117785,1.3283108505170511,-5.74934763241692e-11
both,fresh,0.0,1.2,7,0.6608610175235157,0.6609505440459296,1.3218115615694452,-5.4665275464301935e-11
both,fresh,0.0,1.2,8,0.664073744863823,0.6624052046890914,1.3264789495529143,-4.566609634433608e-11
both,fresh,0.0,1.2,9,0.6675783309180369,0.6645440101960435,1.3321223411140803,-4.2154504717653744e-11
both,fresh,0.0,1.2,10,0.6701223274933352,0.6629774007155251,1.3330997282088604,2.7440651363292602e-11
both,fresh,0.0,1.2,11,0.6621153695738342,0.6685479861938058,1.3306633557676402,1.3792252194344703e-11
both,fresh,0.5,1.2,0,0.27560246898161617,0.2511307830524185,0.5267332520340346,1.3198987826761888e-11
both,fresh,0.5,1.2,1,0.31833167925409517,0.31843461185386734,0.6367662911079626,3.013676703430591e-11
both,fresh,0.5,1.2,2,0.22170806136198296,0.22289689784510996,0.4446049592070929,-1.275808752516677e-11
both,fresh,0.5,1.2,3,0.3376243864083554,0.3366792458772126,0.674303632285568,1.8123573391570296e-12
both,fresh,0.5,1.2,4,0.3326923879024703,0.33605339080049845,0.6687457787029687,1.061555623575378e-11
both,fresh,0.5,1.2,5,0.33888516129399315,0.3391279232618333,0.6780130845558264,-1.955101244423837e-12
both,fresh,0.5,1.2,6,0.3109793337035893,0.3096945150100822,0.6206738487136716,3.11266657589783e-11
both,fresh,0.5,1.2,7,0.2733870760177895,0.2720595889179712,0.5454466649357608,1.4761431017746118e-11
both,fresh,0.5,1.2,8,0.32438353982889323,0.32972542908518987,0.6541089689140831,1.1916381339621523e-11
both,fresh,0.5,1.2,9,0.3193696686187084,0.31970149227155487,0.6390711608902633,2.272269827642937e-11
both,fresh,0.5,1.2,10,0.3123224238617058,0.31099969740385547,0.6233221212655613,3.222048346155094e-11
both,fresh,0.5,1.2,11,0.3151804591758911,0.32380481094876407,0.6389852701246552,3.389145635603492e-11
both,fresh,2.0,1.2,0,0.0651495058392401,0.0964890354818011,0.16163854132104122,-5.276344352257424e-13
both,fresh,2.0,1.2,1,0.1305297801047644,0.1299874062675716,0.260517186372336,6.517512235700815e-12
both,fresh,2.0,1.2,2,0.06564448704744931,0.09692182090290417,0.16256630795035348,1.0474621346812719e-11
both,fresh,2.0,1.2,3,0.12842538994613537,0.12842608561225066,0.25685147555838606,6.287512737350635e-13
both,fresh,2.0,1.2,4,0.12810593929704026,0.1281025268666926,0.25620846616373283,4.754099356585754e-12
both,fresh,2.0,1.2,5,0.12821116910879266,0.12821084452501186,0.2564220136338045,7.809296274592264e-13
both,fresh,2.0,1.2,6,0.1262935165817005,0.12078853089386238,0.24708204747556287,1.2253114240673762e-11
both,fresh,2.0,1.2,7,0.07005216911487713,0.09534969914610465,0.1654018682609818,1.3599536798323427e-11
both,fresh,2.0,1.2,8,0.12860692543663363,0.12860370499470467,0.2572106304313383,2.4594797985783013e-12
both,fresh,2.0,1.2,9,0.12207594957827761,0.12207741120701397,0.2441533607852916,1.6978889186477026e-11
both,fresh,2.0,1.2,10,0.09385382311908173,0.09662192077657857,0.1904757438956603,2.2789958954915812e-11
both,fresh,2.0,1.2,11,0.12542379552161892,0.1308417664830246,0.2562655620046435,9.145836444672588e-12
both,up,0.0,1.2,0,0.6614463026261103,0.6614463026261103,1.3228926052522205,-6.77143685523286e-11
both,up,0.0,1.2,1,0.6614463026261103,0.6614463026261103,1.3228926052522205,-6.77143685523286e-11
both,up,0.0,1.2,2,0.6614463026261103,0.6614463026261103,1.3228926052522205,-6.77143685523286e-11
both,up,0.0,1.2,3,0.6614463026261103,0.6614463026261103,1.3228926052522205,-6.77143685523286e-11
both,up,0.0,1.2,4,0.6614463026261103,0.6614463026261103,1.3228926052522205,-6.77143685523286e-11
both,up,0.0,1.2,5,0.6614463026261103,0.6614463026261103,1.3228926052522205,-6.77143685523286e-11
both,up,0.0,1.2,6,0.6614463026261103,0.6614463026261103,1.3228926052522205,-6.77143685523286e-11
both,up,0.0,1.2,7,0.6614463026261103,0.6614463026261103,1.3228926052522205,-6.77143685523286e-11
both,up,0.0,1.2,8,0.6614463026261103,0.6614463026261103,1.3228926052522205,-6.77143685523286e-11
both,up,0.0,1.2,9,0.6614463026261103,0.6614463026261103,1.3228926052522205,-6.77143685523286e-11
both,up,0.0,1.2,10,0.6614463026261103,0.6614463026261103,1.3228926052522205,-6.77143685523286e-11
both,up,0.0,1.2,11,0.6614463026261103,0.6614463026261103,1.3228926052522205,-6.77143685523286e-11
both,up,0.5,1.2,0,0.3385114612579173,0.3385114612579173,0.6770229225158346,-3.9314988761231284e-12
both,up,0.5,1.2,1,0.33851146125791814,0.33851146125791814,0.6770229225158363,-3.9272952123795355e-12
both,up,0.5,1.2,2,0.3385114612579173,0.3385114612579173,0.6770229225158346,-3.9314988761231284e-12
both,up,0.5,1.2,3,0.3385114612579173,0.3385114612579173,0.6770229225158346,-3.9314988761231284e-12
both,up,0.5,1.2,4,0.3385114612579173,0.3385114612579173,0.6770229225158346,-3.9314988761231284e-12
both,up,0.5,1.2,5,0.3385114612579173,0.3385114612579173,0.6770229225158346,-3.9314988761231284e-12
both,up,0.5,1.2,6,0.3385114612579173,0.3385114612579173,0.6770229225158346,-3.9314988761231284e-12
both,up,0.5,1.2,7,0.3385114612579173,0.3385114612579173,0.6770229225158346,-3.9314988761231284e-12
both,up,0.5,1.2,8,0.3385114612579173,0.3385114612579173,0.6770229225158346,-3.9314988761231284e-12
both,up,0.5,1.2,9,0.3385114612579173,0.3385114612579173,0.6770229225158346,-3.9314988761231284e-12
both,up,0.5,1.2,10,0.3385114612579173,0.3385114612579173,0.6770229225158346,-3.9314988761231284e-12
both,up,0.5,1.2,11,0.3385114612579173,0.3385114612579173,0.6770229225158346,-3.9314988761231284e-12
both,up,2.0,1.2,0,0.12844777017317768,0.12844777017317768,0.25689554034635537,-9.595458593487368e-14
both,up,2.0,1.2,1,0.1284477701731822,0.12844777017318207,0.2568955403463643,-9.378643480423099e-14
both,up,2.0,1.2,2,0.12844777017317768,0.12844777017317768,0.25689554034635537,-9.595458593487368e-14
both,up,2.0,1.2,3,0.12844777017317768,0.12844777017317768,0.25689554034635537,-9.595458593487368e-14
both,up,2.0,1.2,4,0.12844777017317768,0.12844777017317768,0.25689554034635537,-9.595458593487368e-14
both,up,2.0,1.2,5,0.12844777017317768,0.12844777017317768,0.25689554034635537,-9.595458593487368e-14
both,up,2.0,1.2,6,0.12844777017317768,0.12844777017317768,0.25689554034635537,-9.595458593487368e-14
both,up,2.0,1.2,7,0.12844777017317768,0.12844777017317768,0.25689554034635537,-9.595458593487368e-14
both,up,2.0,1.2,8,0.12844777017317768,0.12844777017317768,0.25689554034635537,-9.595458593487368e-14
both,up,2.0,1.2,9,0.12844777017317768,0.12844777017317768,0.25689554034635537,-9.595458593487368e-14
both,up,2.0,1.2,10,0.12844777017317768,0.12844777017317768,0.25689554034635537,-9.595458593487368e-14
both,up,2.0,1.2,11,0.12844777017317768,0.12844777017317768,0.25689554034635537,-9.595458593487368e-14
both,down,0.0,1.2,0,0.6615514748694477,0.6609752715225227,1.3225267463919703,7.243156002571916e-12
both,down,0.0,1.2,1,0.6609773246499151,0.6608694943090575,1.3218468189589725,-2.059637940338893e-12
both,down,0.0,1.2,2,0.6640119413989862,0.6608787133685666,1.324890654767553,-1.2959559791321151e-10
both,down,0.0,1.2,3,0.6609825081046927,0.6608393877014908,1.3218218958061834,-1.8688876732986968e-11
both,down,0.0,1.2,4,0.6609494873939263,0.6616564069588878,1.3226058943528143,2.2103171686217186e-11
both,down,0.0,1.2,5,0.66100084247758,0.6612138135802741,1.322214656057854,-5.277046040994286e-11
both,down,0.0,1.2,6,0.6610124945412486,0.6665418868805978,1.3275543814218462,-2.1498963574095712e-10
both,down,0.0,1.2,7,0.6686853887021164,0.6703889012804813,1.3390742899825976,-4.9921960317084735e-11
both,down,0.0,1.2,8,0.6608391612721516,0.6610099558962179,1.3218491171683695,1.4901700693791603e-11
both,down,0.0,1.2,9,0.661048010928364,0.6608605526704128,1.3219085635987766,-2.1553453337879446e-11
both,down,0.0,1.2,10,0.6612646973041751,0.6608541562833057,1.3221188535874808,-7.533011669039378e-11
both,down,0.0,1.2,11,0.6612382944356102,0.6611158311007409,1.3223541255363511,-1.7279492769079004e-10
both,down,0.5,1.2,0,0.2551202434928501,0.25223524366492656,0.5073554871577767,7.47764672334267e-12
both,down,0.5,1.2,1,0.3181083054799751,0.31810199298828706,0.6362102984682622,3.003543716385735e-11
both,down,0.5,1.2,2,0.2477193526410656,0.21969982167194757,0.46741917431301316,-2.140128853968132e-12
both,down,0.5,1.2,3,0.3163019704121359,0.31583699811287147,0.6321389685250074,3.371366341208763e-11
both,down,0.5,1.2,4,0.3148582686185392,0.31481638817661123,0.6296746567951504,3.3412091485601234e-11
both,down,0.5,1.2,5,0.3199605417101412,0.31983824399290994,0.6397987857030512,1.4433303712020178e-11
both,down,0.5,1.2,6,0.27381893568658144,0.2754855923204718,0.5493045280070532,1.3461768220655282e-11
both,down,0.5,1.2,7,0.29889354089197867,0.3087289152322779,0.6076224561242566,2.5931614901361432e-11
both,down,0.5,1.2,8,0.320383179857007,0.3176131879656475,0.6379963678226546,3.5641224225612835e-11
both,down,0.5,1.2,9,0.22030718811502198,0.2218436119247349,0.4421508000397569,-1.7622951464304543e-11
both,down,0.5,1.2,10,0.2496186979629607,0.25056341632095325,0.500182114283914,9.169050900956488e-12
both,down,0.5,1.2,11,0.21821425041371867,0.2186886842483341,0.43690293466205277,-2.2904213064670262e-11
both,down,2.0,1.2,0,0.07094798668859255,0.0944727813195712,0.16542076800816374,5.891079058628976e-12
both,down,2.0,1.2,1,0.09627372015759804,0.06488784173586637,0.16116156189346442,3.695538678794975e-12
both,down,2.0,1.2,2,0.06519833060497916,0.09653326932165412,0.16173159992663327,-7.213708459085961e-13
both,down,2.0,1.2,3,0.12692318280983328,0.12692407295901376,0.25384725576884704,7.291110077539362e-12
both,down,2.0,1.2,4,0.12931256570520205,0.12927470050851084,0.25858726621371286,4.982067488226754e-12
both,down,2.0,1.2,5,0.09656479320629159,0.12128934770647731,0.2178541409127689,1.9198017589794764e-11
both,down,2.0,1.2,6,0.09621072401270168,0.06482098418522497,0.16103170819792667,-7.043504293873233e-13
both,down,2.0,1.2,7,0.06516056141294939,0.0965144087321508,0.16167497014510018,-3.949470437294935e-13
both,down,2.0,1.2,8,0.12910747838742664,0.1290872975218589,0.2581947759092855,4.597858949123681e-12
both,down,2.0,1.2,9,0.0962723387179841,0.0648704165842409,0.161142755302225,3.97543340921827e-12
both,down,2.0,1.2,10,0.07963618059264178,0.08876603079296047,0.16840221138560224,7.240086577283257e-12
both,down,2.0,1.2,11,0.09708848905590699,0.06570899672910642,0.1627974857850134,9.768362403319221e-12
both,fresh,0.0,1.5,0,1.112237960172343,1.119879654419883,2.232117614592226,1.7246436354373297e-10
both,fresh,0.0,1.5,1,1.119843852091354,1.123755627195626,2.24359947928698,1.698084378132362e-10
both,fresh,0.0,1.5,2,1.1134129421405161,1.12162118133671,2.2350341234772264,-1.753170658742703e-10
both,fresh,0.0,1.5,3,1.1241079906682352,1.1234829776174715,2.2475909682857065,1.0881817957134462e-10
both,fresh,0.0,1.5,4,1.1240421991985101,1.124443281655495,2.248485480854005,1.1246742736715228e-10
both,fresh,0.0,1.5,5,1.1241381916871327,1.1243317933575914,2.248469985044724,1.0087559491703273e-10
both,fresh,0.0,1.5,6,1.1192339295079294,1.1240464992544275,2.2432804287623567,-1.620078008579175e-11
both,fresh,0.0,1.5,7,1.1206384106528722,1.1222950137980425,2.2429334244509147,1.083585440454951e-10
both,fresh,0.0,1.5,8,1.1225022206140303,1.124151877026426,2.246654097640456,1.363035610581025e-10
both,fresh,0.0,1.5,9,1.1186247961905116,1.1219884826932207,2.2406132788837323,1.3293670930895394e-10
both,fresh,0.0,1.5,10,1.115231344723534,1.1236469212554139,2.238878265978948,1.574300014586549e-10
both,fresh,0.0,1.5,11,1.1243440748985263,1.1174893414670115,2.241833416365538,1.2392241013466129e-10
both,fresh,0.5,1.5,0,0.5027348139282487,0.5034471391411446,1.0061819530693934,2.016762195978967e-11
both,fresh,0.5,1.5,1,0.5415255727357325,0.5437780333399094,1.0853036060756418,4.811145532992492e-11
both,fresh,0.5,1.5,2,0.43477714370616943,0.4373765685009922,0.8721537122071616,-3.7254693504948374e-11
both,fresh,0.5,1.5,3,0.5608466995876862,0.5611806231375726,1.1220273227252586,1.3633914550019355e-11
both,fresh,0.5,1.5,4,0.5604841470612889,0.5600463588165938,1.1205305058778827,2.4094621640821027e-11
both,fresh,0.5,1.5,5,0.5605804512934149,0.5601318094595864,1.1207122607530013,9.085271202645164e-12
both,fresh,0.5,1.5,6,0.5078233821679506,0.5076114678139464,1.015434849981897,3.039957870214789e-11
both,fresh,0.5,1.5,7,0.5399977524505344,0.5381650925250713,1.0781628449756058,5.1047694211749e-11
both,fresh,0.5,1.5,8,0.5596289977067808,0.5598517163401083,1.119480714046889,3.149679373733997e-11
both,fresh,0.5,1.5,9,0.5518211550916026,0.5568743583263004,1.1086955134179028,3.868633902384551e-11
both,fresh,0.5,1.5,10,0.5291152657102896,0.5295091764183479,1.0586244421286375,4.3569665883662384e-11
both,fresh,0.5,1.5,11,0.5287466214360692,0.5315854624198849,1.060332083855954,4.6101406067698134e-11
both,fresh,2.0,1.5,0,0.15517429302845148,0.1549112675737706,0.3100855606022221,-1.6875782433059051e-12
both,fresh,2.0,1.5,1,0.2185723183597757,0.21638960639271876,0.43496192475249446,7.65047369505356e-12
both,fresh,2.0,1.5,2,0.15581689977502866,0.1619430669494676,0.31775996672449625,7.221724286749477e-12
both,fresh,2.0,1.5,3,0.22322852065867707,0.22353000977529724,0.4467585304339743,1.2432461300267214e-12
both,fresh,2.0,1.5,4,0.2214603255186544,0.22050784989834316,0.44196817541699757,5.674852926283486e-12
both,fresh,2.0,1.5,5,0.22282974132120745,0.2227459520795485,0.445575693400756,1.1311450140806396e-12
both,fresh,2.0,1.5,6,0.21214310331437297,0.21240300237540274,0.4245461056897757,1.2644134786475062e-11
both,fresh,2.0,1.5,7,0.16336718907552603,0.14405001474264986,0.3074172038181759,3.813024498726991e-13
both,fresh,2.0,1.5,8,0.22441920819543182,0.22218766289396188,0.4466068710893937,3.663630271022246e-12
both,fresh,2.0,1.5,9,0.21370447507335455,0.21389170895804838,0.4275961840314029,1.1373057128498027e-11
both,fresh,2.0,1.5,10,0.18782353477139815,0.18524008995749455,0.3730636247288927,1.6963597590083744e-11
both,fresh,2.0,1.5,11,0.215737494074846,0.21576849498891038,0.43150598906375637,9.97793192358306e-12
both,up,0.0,1.5,0,1.1177611661071427,1.1177611661071427,2.2355223322142854,1.0110002591246115e-10
both,up,0.0,1.5,1,1.1177611661071427,1.1177611661071427,2.2355223322142854,1.0110002591246115e-10
both,up,0.0,1.5,2,1.1177611661071427,1.1177611661071427,2.2355223322142854,1.0110002591246115e-10
both,up,0.0,1.5,3,1.1177611661071427,1.1177611661071427,2.2355223322142854,1.0110002591246115e-10
both,up,0.0,1.5,4,1.1177611661071427,1.1177611661071427,2.2355223322142854,1.0110002591246115e-10
both,up,0.0,1.5,5,1.1177611661071427,1.1177611661071427,2.2355223322142854,1.0110002591246115e-10
both,up,0.0,1.5,6,1.1177611661071427,1.1177611661071427,2.2355223322142854,1.0110002591246115e-10
both,up,0.0,1.5,7,1.1177611661071427,1.1177611661071427,2.2355223322142854,1.0110002591246115e-10
both,up,0.0,1.5,8,1.1177611661071427,1.1177611661071427,2.2355223322142854,1.0110002591246115e-10
both,up,0.0,1.5,9,1.1177611661071427,1.1177611661071427,2.2355223322142854,1.0110002591246115e-10
both,up,0.0,1.5,10,1.1177611661071427,1.1177611661071427,2.2355223322142854,1.0110002591246115e-10
both,up,0.0,1.5,11,1.1177611661071427,1.1177611661071427,2.2355223322142854,1.0110002591246115e-10
both,up,0.5,1.5,0,0.557022163902254,0.557022163902254,1.114044327804508,6.457816815588199e-12
both,up,0.5,1.5,1,0.5570221639023282,0.5570221639023282,1.1140443278046563,6.4574788427069624e-12
both,up,0.5,1.5,2,0.557022163902254,0.557022163902254,1.114044327804508,6.457816815588199e-12
both,up,0.5,1.5,3,0.557022163902254,0.557022163902254,1.114044327804508,6.457816815588199e-12
both,up,0.5,1.5,4,0.557022163902254,0.557022163902254,1.114044327804508,6.457816815588199e-12
both,up,0.5,1.5,5,0.557022163902254,0.557022163902254,1.114044327804508,6.457816815588199e-12
both,up,0.5,1.5,6,0.557022163902254,0.557022163902254,1.114044327804508,6.457816815588199e-12
both,up,0.5,1.5,7,0.557022163902254,0.557022163902254,1.114044327804508,6.457816815588199e-12
both,up,0.5,1.5,8,0.557022163902254,0.557022163902254,1.114044327804508,6.457816815588199e-12
both,up,0.5,1.5,9,0.557022163902254,0.557022163902254,1.114044327804508,6.457816815588199e-12
both,up,0.5,1.5,10,0.557022163902254,0.557022163902254,1.114044327804508,6.457816815588199e-12
both,up,0.5,1.5,11,0.557022163902254,0.557022163902254,1.114044327804508,6.457816815588199e-12
both,up,2.0,1.5,0,0.22191193656259459,0.22191193656259459,0.44382387312518917,1.5084887072405718e-13
both,up,2.0,1.5,1,0.22191193656259187,0.22191193656259187,0.44382387312518373,1.6182938922906222e-13
both,up,2.0,1.5,2,0.22191193656259459,0.22191193656259459,0.44382387312518917,1.5084887072405718e-13
both,up,2.0,1.5,3,0.22191193656259459,0.22191193656259459,0.44382387312518917,1.5084887072405718e-13
both,up,2.0,1.5,4,0.22191193656259459,0.22191193656259459,0.44382387312518917,1.5084887072405718e-13
both,up,2.0,1.5,5,0.22191193656259459,0.22191193656259459,0.44382387312518917,1.5084887072405718e-13
both,up,2.0,1.5,6,0.22191193656259459,0.22191193656259459,0.44382387312518917,1.5084887072405718e-13
both,up,2.0,1.5,7,0.22191193656259459,0.22191193656259459,0.44382387312518917,1.5084887072405718e-13
both,up,2.0,1.5,8,0.22191193656259459,0.22191193656259459,0.44382387312518917,1.5084887072405718e-13
both,up,2.0,1.5,9,0.22191193656259459,0.22191193656259459,0.44382387312518917,1.5084887072405718e-13
both,up,2.0,1.5,10,0.22191193656259459,0.22191193656259459,0.44382387312518917,1.5084887072405718e-13
both,up,2.0,1.5,11,0.22191193656259459,0.22191193656259459,0.44382387312518917,1.5084887072405718e-13
both,down,0.0,1.5,0,1.1227754967250314,1.1244320106768282,2.2472075074018596,1.5762953887754974e-10
both,down,0.0,1.5,1,1.1244299898171204,1.123171615998413,2.2476016058155333,1.6722944282802866e-10
both,down,0.0,1.5,2,1.1144493187646622,1.1244153438407154,2.2388646626053776,-8.076059908500994e-11
both,down,0.0,1.5,3,1.1221813101661275,1.1235849539405813,2.2457662641067087,1.1359314778098323e-10
both,down,0.0,1.5,4,1.1224330495300325,1.1188417937133313,2.241274843243364,1.3183652180773673e-10
both,down,0.0,1.5,5,1.122049313081684,1.1207628827578537,2.2428121958395377,1.0509424135900063e-10
both,down,0.0,1.5,6,1.1243862973666585,1.1123087529223512,2.2366950502890095,-1.5166812233668652e-10
both,down,0.0,1.5,7,1.110523214961632,1.1102522929211927,2.2207755078828244,1.0744345366674227e-10
both,down,0.0,1.5,8,1.1242358162880128,1.1219854573650248,2.2462212736530374,1.522588124016885e-10
both,down,0.0,1.5,9,1.1243276754761182,1.1243640377095125,2.2486917131856305,1.2195364593283624e-10
both,down,0.0,1.5,10,1.1237778549130997,1.1233593035879266,2.247137158501026,1.416298323665989e-10
both,down,0.0,1.5,11,1.120635364327996,1.1241854351552882,2.2448207994832843,5.855570400200358e-11
both,down,0.5,1.5,0,0.46258954753915676,0.4716678608774524,0.9342574084166091,-1.0228413237159047e-11
both,down,0.5,1.5,1,0.5423091955538331,0.5488658327996029,1.0911750283534358,4.436486328061364e-11
both,down,0.5,1.5,2,0.43980488354656727,0.44018394825377727,0.8799888318003446,-3.405297367827068e-11
both,down,0.5,1.5,3,0.5606843998520924,0.5610656736155119,1.1217500734676042,1.3684473412871382e-11
both,down,0.5,1.5,4,0.5609508467067209,0.5609403588930988,1.1218912055998196,2.4619876993869717e-11
both,down,0.5,1.5,5,0.5589748292257596,0.5577630217807049,1.1167378510064645,1.0073825056137037e-11
both,down,0.5,1.5,6,0.5067770108840779,0.5028673821746287,1.0096443930587067,2.154004791016948e-11
both,down,0.5,1.5,7,0.5598197524313769,0.5600774047149428,1.1198971571463199,2.944464508582763e-11
both,down,0.5,1.5,8,0.5361030367277189,0.5427401033054886,1.0788431400332075,5.055610581211412e-11
both,down,0.5,1.5,9,0.5239187725085489,0.5108780568817687,1.0347968293903176,3.791985686809374e-11
both,down,0.5,1.5,10,0.44544631094951653,0.4592144456534007,0.9046607566029172,-2.628309406495369e-11
both,down,0.5,1.5,11,0.4441371801857807,0.4414839511582707,0.8856211313440514,-3.162698664489545e-11
both,down,2.0,1.5,0,0.15546901156163087,0.15468557992251378,0.31015459148414465,-2.782330376694933e-12
both,down,2.0,1.5,1,0.15565204259739077,0.15576542581916428,0.31141746841655504,6.493037588357323e-13
both,down,2.0,1.5,2,0.1640644502233485,0.14175027645055452,0.305814726673903,-2.0565251153435924e-12
both,down,2.0,1.5,3,0.22317790775993032,0.2234541426750768,0.4466320504350071,1.2527467233384549e-12
both,down,2.0,1.5,4,0.2202474246341592,0.22203243119224736,0.44227985582640655,5.185439464907325e-12
both,down,2.0,1.5,5,0.2225833181128894,0.22252445039314409,0.4451077685060335,1.2684972265690612e-12
both,down,2.0,1.5,6,0.14999366903007727,0.15726202626973232,0.30725569529980956,-3.2625421694782564e-12
both,down,2.0,1.5,7,0.16347451290059098,0.14311826341866352,0.3065927763192545,-1.1141798900435533e-12
both,down,2.0,1.5,8,0.22059679284794498,0.22328002128191002,0.443876814129855,4.816636219797431e-12
both,down,2.0,1.5,9,0.21271994486515935,0.21268315730025664,0.425403102165416,1.185319408476165e-11
both,down,2.0,1.5,10,0.15628307868194058,0.15621120364914517,0.3124942823310858,2.9794703579484757e-12
both,down,2.0,1.5,11,0.19626472650903978,0.19624839922147558,0.39251312573051533,1.3888867995683415e-11
both,fresh,0.0,2.0,0,1.7338005342773042,1.734533912514062,3.468334446791366,5.268398366196968e-10
both,fresh,0.0,2.0,1,1.7345450417566923,1.731875673933264,3.4664207156899565,5.271262486218886e-10
both,fresh,0.0,2.0,2,1.7308823880638828,1.7337295633158327,3.4646119513797156,1.0951335640084379e-10
both,fresh,0.0,2.0,3,1.7314367776769177,1.732177876098778,3.4636146537756956,4.708754614180992e-10
both,fresh,0.0,2.0,4,1.7315246654093115,1.7308283130927422,3.4623529785020537,4.78632111480808e-10
both,fresh,0.0,2.0,5,1.7313951006087291,1.731093954425665,3.462489055034394,4.5992612499460207e-10
both,fresh,0.0,2.0,6,1.7347058712701453,1.7303832728742008,3.465089144144346,1.7708803548736824e-10
both,fresh,0.0,2.0,7,1.730376020627583,1.7303176498330957,3.4606936704606786,4.6310747015980045e-10
both,fresh,0.0,2.0,8,1.7330954431384575,1.7313758944711772,3.464471337609635,5.049278874084475e-10
both,fresh,0.0,2.0,9,1.7348164087618927,1.7334856486626689,3.4683020574245615,4.96660359695378e-10
both,fresh,0.0,2.0,10,1.7347209332203348,1.7319992010218803,3.466720134242215,4.601088076277719e-10
both,fresh,0.0,2.0,11,1.7310713519399172,1.7349068986626053,3.4659782506025225,3.870070223220138e-10
both,fresh,0.5,2.0,0,0.8323939735894815,0.8215311716503912,1.6539251452398727,7.584002213804661e-11
both,fresh,0.5,2.0,1,0.8518066308280889,0.8506595607929692,1.7024661916210582,8.815582807416697e-11
both,fresh,0.5,2.0,2,0.7538351143343828,0.7528366631383586,1.5066717774727414,-6.500349051989337e-11
both,fresh,0.5,2.0,3,0.8669074253277639,0.8643192275524332,1.731226652880197,4.007251291747283e-11
both,fresh,0.5,2.0,4,0.8588245593907976,0.8626219677900793,1.721446527180877,5.171559187985328e-11
both,fresh,0.5,2.0,5,0.8692456704568596,0.8698224073372589,1.7390680777941185,3.3209070423702874e-11
both,fresh,0.5,2.0,6,0.798034044179746,0.809688671826278,1.6077227160060241,3.256227380185212e-11
both,fresh,0.5,2.0,7,0.8656904602714945,0.8627074038321169,1.7283978641036115,6.035919786006133e-11
both,fresh,0.5,2.0,8,0.854615708639065,0.8545785449654207,1.7091942536044857,6.533778707887183e-11
both,fresh,0.5,2.0,9,0.8563758689028661,0.8545685826644597,1.7109444515673258,6.757451237974951e-11
both,fresh,0.5,2.0,10,0.8281021997700886,0.820883761360498,1.6489859611305866,7.44522480654073e-11
both,fresh,0.5,2.0,11,0.8210048066353538,0.8254187342372994,1.6464235408726533,7.302561478071949e-11
both,fresh,2.0,2.0,0,0.26805525428464577,0.2664959225479911,0.5345511768326369,-7.410245463831623e-13
both,fresh,2.0,2.0,1,0.3409643857293193,0.3408036032000015,0.6817679889293209,1.0782658768364887e-11
both,fresh,2.0,2.0,2,0.26406185466243826,0.2774797869472401,0.5415416416096783,2.5456400116087874e-13
both,fresh,2.0,2.0,3,0.3456693416404025,0.3457118871803495,0.691381228820752,2.419971546025668e-12
both,fresh,2.0,2.0,4,0.34283838800533284,0.33898716409203805,0.6818255520973708,6.915570311249445e-12
both,fresh,2.0,2.0,5,0.3461724400491009,0.34597585451171453,0.6921482945608155,1.860272267348581e-12
both,fresh,2.0,2.0,6,0.31965364940031404,0.31864074335330433,0.6382943927536184,1.384460769818546e-11
both,fresh,2.0,2.0,7,0.25328240438458177,0.28063295905756885,0.5339153634421506,-3.1203223918998306e-12
both,fresh,2.0,2.0,8,0.3440235267604148,0.34127813016691155,0.6853016569273264,5.623328944524119e-12
both,fresh,2.0,2.0,9,0.33483316412591363,0.337887701301246,0.6727208654271597,1.2105152921663e-11
both,fresh,2.0,2.0,10,0.3119517418895512,0.31041585554768925,0.6223675974372405,1.3830655206531692e-11
both,fresh,2.0,2.0,11,0.32822547937976326,0.32327199224724823,0.6514974716270114,1.2714071490785386e-11
both,up,0.0,2.0,0,1.7315499382315898,1.7315499382315898,3.4630998764631795,4.5338837080771173e-10
both,up,0.0,2.0,1,1.7315499382315898,1.7315499382315898,3.4630998764631795,4.5338837080771173e-10
both,up,0.0,2.0,2,1.7315499382315898,1.7315499382315898,3.4630998764631795,4.5338837080771173e-10
both,up,0.0,2.0,3,1.7315499382315898,1.7315499382315898,3.4630998764631795,4.5338837080771173e-10
both,up,0.0,2.0,4,1.7315499382315898,1.7315499382315898,3.4630998764631795,4.5338837080771173e-10
both,up,0.0,2.0,5,1.7315499382315898,1.7315499382315898,3.4630998764631795,4.5338837080771173e-10
both,up,0.0,2.0,6,1.7315499382315898,1.7315499382315898,3.4630998764631795,4.5338837080771173e-10
both,up,0.0,2.0,7,1.7315499382315898,1.7315499382315898,3.4630998764631795,4.5338837080771173e-10
both,up,0.0,2.0,8,1.7315499382315898,1.7315499382315898,3.4630998764631795,4.5338837080771173e-10
both,up,0.0,2.0,9,1.7315499382315898,1.7315499382315898,3.4630998764631795,4.5338837080771173e-10
both,up,0.0,2.0,10,1.7315499382315898,1.7315499382315898,3.4630998764631795,4.5338837080771173e-10
both,up,0.0,2.0,11,1.7315499382315898,1.7315499382315898,3.4630998764631795,4.5338837080771173e-10
both,up,0.5,2.0,0,0.870286429043561,0.870286429043561,1.740572858087122,2.90428067595341e-11
both,up,0.5,2.0,1,0.8702864290435974,0.8702864290435974,1.7405728580871949,2.903592719784747e-11
both,up,0.5,2.0,2,0.870286429043561,0.870286429043561,1.740572858087122,2.90428067595341e-11
both,up,0.5,2.0,3,0.870286429043561,0.870286429043561,1.740572858087122,2.90428067595341e-11
both,up,0.5,2.0,4,0.870286429043561,0.870286429043561,1.740572858087122,2.90428067595341e-11
both,up,0.5,2.0,5,0.870286429043561,0.870286429043561,1.740572858087122,2.90428067595341e-11
both,up,0.5,2.0,6,0.870286429043561,0.870286429043561,1.740572858087122,2.90428067595341e-11
both,up,0.5,2.0,7,0.870286429043561,0.870286429043561,1.740572858087122,2.90428067595341e-11
both,up,0.5,2.0,8,0.870286429043561,0.870286429043561,1.740572858087122,2.90428067595341e-11
both,up,0.5,2.0,9,0.870286429043561,0.870286429043561,1.740572858087122,2.90428067595341e-11
both,up,0.5,2.0,10,0.870286429043561,0.870286429043561,1.740572858087122,2.90428067595341e-11
both,up,0.5,2.0,11,0.870286429043561,0.870286429043561,1.740572858087122,2.90428067595341e-11
both,up,2.0,2.0,0,0.34621885108057343,0.34621885108057343,0.6924377021611469,7.346158604935709e-13
both,up,2.0,2.0,1,0.34621885108056605,0.34621885108056605,0.6924377021611321,7.161607516465548e-13
both,up,2.0,2.0,2,0.34621885108057343,0.34621885108057343,0.6924377021611469,7.346158604935709e-13
both,up,2.0,2.0,3,0.34621885108057343,0.34621885108057343,0.6924377021611469,7.346158604935709e-13
both,up,2.0,2.0,4,0.34621885108057343,0.34621885108057343,0.6924377021611469,7.346158604935709e-13
both,up,2.0,2.0,5,0.34621885108057343,0.34621885108057343,0.6924377021611469,7.346158604935709e-13
both,up,2.0,2.0,6,0.34621885108057343,0.34621885108057343,0.6924377021611469,7.346158604935709e-13
both,up,2.0,2.0,7,0.34621885108057343,0.34621885108057343,0.6924377021611469,7.346158604935709e-13
both,up,2.0,2.0,8,0.34621885108057343,0.34621885108057343,0.6924377021611469,7.346158604935709e-13
both,up,2.0,2.0,9,0.34621885108057343,0.34621885108057343,0.6924377021611469,7.346158604935709e-13
both,up,2.0,2.0,10,0.34621885108057343,0.34621885108057343,0.6924377021611469,7.346158604935709e-13
both,up,2.0,2.0,11,0.34621885108057343,0.34621885108057343,0.6924377021611469,7.346158604935709e-13
both,down,0.0,2.0,0,1.7338005342773042,1.734533912514062,3.468334446791366,5.268398366196968e-10
both,down,0.0,2.0,1,1.7345450417566923,1.731875673933264,3.4664207156899565,5.271262486218886e-10
both,down,0.0,2.0,2,1.7308823880638828,1.7337295633158327,3.4646119513797156,1.0951335640084379e-10
both,down,0.0,2.0,3,1.7314367776769177,1.732177876098778,3.4636146537756956,4.708754614180992e-10
both,down,0.0,2.0,4,1.7315246654093115,1.7308283130927422,3.4623529785020537,4.78632111480808e-10
both,down,0.0,2.0,5,1.7313951006087291,1.731093954425665,3.462489055034394,4.5992612499460207e-10
both,down,0.0,2.0,6,1.7347058712701453,1.7303832728742008,3.465089144144346,1.7708803548736824e-10
both,down,0.0,2.0,7,1.730376020627583,1.7303176498330957,3.4606936704606786,4.6310747015980045e-10
both,down,0.0,2.0,8,1.7330954431384575,1.7313758944711772,3.464471337609635,5.049278874084475e-10
both,down,0.0,2.0,9,1.7348164087618927,1.7334856486626689,3.4683020574245615,4.96660359695378e-10
both,down,0.0,2.0,10,1.7347209332203348,1.7319992010218803,3.466720134242215,4.601088076277719e-10
both,down,0.0,2.0,11,1.7310713519399172,1.7349068986626053,3.4659782506025225,3.870070223220138e-10
both,down,0.5,2.0,0,0.8323939735894815,0.8215311716503912,1.6539251452398727,7.584002213804661e-11
both,down,0.5,2.0,1,0.8518066308280889,0.8506595607929692,1.7024661916210582,8.815582807416697e-11
both,down,0.5,2.0,2,0.7538351143343828,0.7528366631383586,1.5066717774727414,-6.500349051989337e-11
both,down,0.5,2.0,3,0.8669074253277639,0.8643192275524332,1.731226652880197,4.007251291747283e-11
both,down,0.5,2.0,4,0.8588245593907976,0.8626219677900793,1.721446527180877,5.171559187985328e-11
both,down,0.5,2.0,5,0.8692456704568596,0.8698224073372589,1.7390680777941185,3.3209070423702874e-11
both,down,0.5,2.0,6,0.798034044179746,0.809688671826278,1.6077227160060241,3.256227380185212e-11
both,down,0.5,2.0,7,0.8656904602714945,0.8627074038321169,1.7283978641036115,6.035919786006133e-11
both,down,0.5,2.0,8,0.854615708639065,0.8545785449654207,1.7091942536044857,6.533778707887183e-11
both,down,0.5,2.0,9,0.8563758689028661,0.8545685826644597,1.7109444515673258,6.757451237974951e-11
both,down,0.5,2.0,10,0.8281021997700886,0.820883761360498,1.6489859611305866,7.44522480654073e-11
both,down,0.5,2.0,11,0.8210048066353538,0.8254187342372994,1.6464235408726533,7.302561478071949e-11
both,down,2.0,2.0,0,0.26805525428464577,0.2664959225479911,0.5345511768326369,-7.410245463831623e-13
both,down,2.0,2.0,1,0.3409643857293193,0.3408036032000015,0.6817679889293209,1.0782658768364887e-11
both,down,2.0,2.0,2,0.26406185466243826,0.2774797869472401,0.5415416416096783,2.5456400116087874e-13
both,down,2.0,2.0,3,0.3456693416404025,0.3457118871803495,0.691381228820752,2.419971546025668e-12
both,down,2.0,2.0,4,0.34283838800533284,0.33898716409203805,0.6818255520973708,6.915570311249445e-12
both,down,2.0,2.0,5,0.3461724400491009,0.34597585451171453,0.6921482945608155,1.860272267348581e-12
both,down,2.0,2.0,6,0.31965364940031404,0.31864074335330433,0.6382943927536184,1.384460769818546e-11
both,down,2.0,2.0,7,0.25328240438458177,0.28063295905756885,0.5339153634421506,-3.1203223918998306e-12
both,down,2.0,2.0,8,0.3440235267604148,0.34127813016691155,0.6853016569273264,5.623328944524119e-12
both,down,2.0,2.0,9,0.33483316412591363,0.337887701301246,0.6727208654271597,1.2105152921663e-11
both,down,2.0,2.0,10,0.3119517418895512,0.31041585554768925,0.6223675974372405,1.3830655206531692e-11
both,down,2.0,2.0,11,0.32822547937976326,0.32327199224724823,0.6514974716270114,1.2714071490785386e-11
