block_start,mode,alpha,bias,initialization_id,total_voltage
0,fresh,0.0,0.0,0,1.1013363523943316e-88
0,fresh,0.0,0.0,1,1.589993885729025e-88
0,fresh,0.0,0.0,2,2.834439666297152e-89
0,fresh,0.0,0.0,3,2.0405840427348513e-89
0,fresh,0.0,0.0,4,9.613582079982533e-90
0,fresh,0.0,0.0,5,1.0788082629012006e-89
0,fresh,0.0,0.0,6,3.9047870666866303e-88
0,fresh,0.0,0.0,7,-1.4586300942927898e-89
0,fresh,0.0,0.0,8,3.171481653478676e-89
0,fresh,0.0,0.0,9,-8.352901630692392e-88
0,fresh,0.0,0.0,10,-4.6343966867306624e-89
0,fresh,0.0,0.0,11,-1.362792260718261e-88
0,fresh,0.5,0.0,0,5.205095879056117e-46
0,fresh,0.5,0.0,1,0.0
0,fresh,0.5,0.0,2,3.796480385874312e-46
0,fresh,0.5,0.0,3,5.40455443592408e-46
0,fresh,0.5,0.0,4,2.5380621089904243e-46
0,fresh,0.5,0.0,5,2.8907845921326673e-46
0,fresh,0.5,0.0,6,2.410480218790436e-45
0,fresh,0.5,0.0,7,-3.916532497640954e-46
0,fresh,0.5,0.0,8,7.943729708750035e-46
0,fresh,0.5,0.0,9,-8.975616180621756e-46
0,fresh,0.5,0.0,10,-5.4506621529941295e-46
0,fresh,0.5,0.0,11,-1.408132242375662e-45
0,fresh,2.0,0.0,0,2.3624346494412772e-20
0,fresh,2.0,0.0,1,-8.881784197001253e-18
0,fresh,2.0,0.0,2,2.861231388235896e-20
0,fresh,2.0,0.0,3,6.106206905877103e-20
0,fresh,2.0,0.0,4,2.865778972400742e-20
0,fresh,2.0,0.0,5,3.2946142942100844e-20
0,fresh,2.0,0.0,6,1.2044599975349619e-19
0,fresh,2.0,0.0,7,-4.469313632374012e-20
0,fresh,2.0,0.0,8,8.582572514242875e-20
0,fresh,2.0,0.0,9,-3.2532309702815534e-20
0,fresh,2.0,0.0,10,-3.8348768419795795e-20
0,fresh,2.0,0.0,11,-8.895310764973984e-20
0,up,0.0,0.0,0,1.1013363523943316e-88
0,up,0.0,0.0,1,1.589993885729025e-88
0,up,0.0,0.0,2,2.834439666297152e-89
0,up,0.0,0.0,3,2.0405840427348513e-89
0,up,0.0,0.0,4,9.613582079982533e-90
0,up,0.0,0.0,5,1.0788082629012006e-89
0,up,0.0,0.0,6,3.9047870666866303e-88
0,up,0.0,0.0,7,-1.4586300942927898e-89
0,up,0.0,0.0,8,3.171481653478676e-89
0,up,0.0,0.0,9,-8.352901630692392e-88
0,up,0.0,0.0,10,-4.6343966867306624e-89
0,up,0.0,0.0,11,-1.362792260718261e-88
0,up,0.5,0.0,0,5.205095879056117e-46
0,up,0.5,0.0,1,0.0
0,up,0.5,0.0,2,3.796480385874312e-46
0,up,0.5,0.0,3,5.40455443592408e-46
0,up,0.5,0.0,4,2.5380621089904243e-46
0,up,0.5,0.0,5,2.8907845921326673e-46
0,up,0.5,0.0,6,2.410480218790436e-45
0,up,0.5,0.0,7,-3.916532497640954e-46
0,up,0.5,0.0,8,7.943729708750035e-46
0,up,0.5,0.0,9,-8.975616180621756e-46
0,up,0.5,0.0,10,-5.4506621529941295e-46
0,up,0.5,0.0,11,-1.408132242375662e-45
0,up,2.0,0.0,0,2.3624346494412772e-20
0,up,2.0,0.0,1,-8.881784197001253e-18
0,up,2.0,0.0,2,2.861231388235896e-20
0,up,2.0,0.0,3,6.106206905877103e-20
0,up,2.0,0.0,4,2.865778972400742e-20
0,up,2.0,0.0,5,3.2946142942100844e-20
0,up,2.0,0.0,6,1.2044599975349619e-19
0,up,2.0,0.0,7,-4.469313632374012e-20
0,up,2.0,0.0,8,8.582572514242875e-20
0,up,2.0,0.0,9,-3.2532309702815534e-20
0,up,2.0,0.0,10,-3.8348768419795795e-20
0,up,2.0,0.0,11,-8.895310764973984e-20
0,down,0.0,0.0,0,-2.2737367544323206e-15
0,down,0.0,0.0,1,0.0
0,down,0.0,0.0,2,-2.2737367544323206e-15
0,down,0.0,0.0,3,0.0
0,down,0.0,0.0,4,0.0
0,down,0.0,0.0,5,0.0
0,down,0.0,0.0,6,-2.2737367544323206e-15
0,down,0.0,0.0,7,0.0
0,down,0.0,0.0,8,0.0
0,down,0.0,0.0,9,-2.2737367544323206e-15
0,down,0.0,0.0,10,-2.2737367544323206e-15
0,down,0.0,0.0,11,-2.2737367544323206e-15
0,down,0.5,0.0,0,0.0
0,down,0.5,0.0,1,-1.1368683772161603e-15
0,down,0.5,0.0,2,0.0
0,down,0.5,0.0,3,-1.1368683772161603e-15
0,down,0.5,0.0,4,0.0
0,down,0.5,0.0,5,0.0
0,down,0.5,0.0,6,-1.1368683772161603e-15
0,down,0.5,0.0,7,0.0
0,down,0.5,0.0,8,0.0
0,down,0.5,0.0,9,-1.1368683772161603e-15
0,down,0.5,0.0,10,0.0
0,down,0.5,0.0,11,-1.1368683772161603e-15
0,down,2.0,0.0,0,-5.684341886080802e-16
0,down,2.0,0.0,1,-5.684341886080802e-16
0,down,2.0,0.0,2,-1.1368683772161603e-15
0,down,2.0,0.0,3,-5.684341886080802e-16
0,down,2.0,0.0,4,-5.684341886080802e-16
0,down,2.0,0.0,5,-5.684341886080802e-16
0,down,2.0,0.0,6,-1.1368683772161603e-15
0,down,2.0,0.0,7,-1.1368683772161603e-15
0,down,2.0,0.0,8,-5.684341886080802e-16
0,down,2.0,0.0,9,-5.684341886080802e-16
0,down,2.0,0.0,10,-5.684341886080802e-16
0,down,2.0,0.0,11,-5.684341886080802e-16
0,fresh,0.0,0.5,0,0.0
0,fresh,0.0,0.5,1,0.0
0,fresh,0.0,0.5,2,0.0
0,fresh,0.0,0.5,3,0.0
0,fresh,0.0,0.5,4,0.0
0,fresh,0.0,0.5,5,0.0
0,fresh,0.0,0.5,6,0.0
0,fresh,0.0,0.5,7,0.0
0,fresh,0.0,0.5,8,0.0
0,fresh,0.0,0.5,9,0.0
0,fresh,0.0,0.5,10,0.0
0,fresh,0.0,0.5,11,0.0
0,fresh,0.5,0.5,0,0.0
0,fresh,0.5,0.5,1,0.0
0,fresh,0.5,0.5,2,0.0
0,fresh,0.5,0.5,3,0.0
0,fresh,0.5,0.5,4,0.0
0,fresh,0.5,0.5,5,0.0
0,fresh,0.5,0.5,6,0.0
0,fresh,0.5,0.5,7,0.0
0,fresh,0.5,0.5,8,0.0
0,fresh,0.5,0.5,9,0.0
0,fresh,0.5,0.5,10,0.0
0,fresh,0.5,0.5,11,0.0
0,fresh,2.0,0.5,0,0.0
0,fresh,2.0,0.5,1,4.3298697960381107e-17
0,fresh,2.0,0.5,2,0.0
0,fresh,2.0,0.5,3,0.0
0,fresh,2.0,0.5,4,0.0
0,fresh,2.0,0.5,5,0.0
0,fresh,2.0,0.5,6,2.220446049250313e-18
0,fresh,2.0,0.5,7,0.0
0,fresh,2.0,0.5,8,2.220446049250313e-18
0,fresh,2.0,0.5,9,0.0
0,fresh,2.0,0.5,10,0.0
0,fresh,2.0,0.5,11,-1.2212453270876722e-17
0,up,0.0,0.5,0,0.0
0,up,0.0,0.5,1,0.0
0,up,0.0,0.5,2,0.0
0,up,0.0,0.5,3,0.0
0,up,0.0,0.5,4,0.0
0,up,0.0,0.5,5,0.0
0,up,0.0,0.5,6,0.0
0,up,0.0,0.5,7,0.0
0,up,0.0,0.5,8,0.0
0,up,0.0,0.5,9,0.0
0,up,0.0,0.5,10,0.0
0,up,0.0,0.5,11,0.0
0,up,0.5,0.5,0,0.0
0,up,0.5,0.5,1,0.0
0,up,0.5,0.5,2,0.0
0,up,0.5,0.5,3,0.0
0,up,0.5,0.5,4,0.0
0,up,0.5,0.5,5,0.0
0,up,0.5,0.5,6,0.0
0,up,0.5,0.5,7,0.0
0,up,0.5,0.5,8,0.0
0,up,0.5,0.5,9,0.0
0,up,0.5,0.5,10,0.0
0,up,0.5,0.5,11,0.0
0,up,2.0,0.5,0,0.0
0,up,2.0,0.5,1,0.0
0,up,2.0,0.5,2,0.0
0,up,2.0,0.5,3,0.0
0,up,2.0,0.5,4,0.0
0,up,2.0,0.5,5,0.0
0,up,2.0,0.5,6,0.0
0,up,2.0,0.5,7,0.0
0,up,2.0,0.5,8,0.0
0,up,2.0,0.5,9,0.0
0,up,2.0,0.5,10,0.0
0,up,2.0,0.5,11,0.0
0,down,0.0,0.5,0,0.0
0,down,0.0,0.5,1,0.0
0,down,0.0,0.5,2,0.0
0,down,0.0,0.5,3,0.0
0,down,0.0,0.5,4,0.0
0,down,0.0,0.5,5,0.0
0,down,0.0,0.5,6,0.0
0,down,0.0,0.5,7,0.0
0,down,0.0,0.5,8,0.0
0,down,0.0,0.5,9,0.0
0,down,0.0,0.5,10,0.0
0,down,0.0,0.5,11,0.0
0,down,0.5,0.5,0,0.0
0,down,0.5,0.5,1,0.0
0,down,0.5,0.5,2,0.0
0,down,0.5,0.5,3,0.0
0,down,0.5,0.5,4,0.0
0,down,0.5,0.5,5,0.0
0,down,0.5,0.5,6,0.0
0,down,0.5,0.5,7,0.0
0,down,0.5,0.5,8,0.0
0,down,0.5,0.5,9,0.0
0,down,0.5,0.5,10,0.0
0,down,0.5,0.5,11,0.0
0,down,2.0,0.5,0,0.0
0,down,2.0,0.5,1,0.0
0,down,2.0,0.5,2,0.0
0,down,2.0,0.5,3,0.0
0,down,2.0,0.5,4,0.0
0,down,2.0,0.5,5,0.0
0,down,2.0,0.5,6,0.0
0,down,2.0,0.5,7,0.0
0,down,2.0,0.5,8,0.0
0,down,2.0,0.5,9,0.0
0,down,2.0,0.5,10,0.0
0,down,2.0,0.5,11,0.0
0,fresh,0.0,0.8,0,0.0
0,fresh,0.0,0.8,1,0.0
0,fresh,0.0,0.8,2,0.0
0,fresh,0.0,0.8,3,0.0
0,fresh,0.0,0.8,4,0.0
0,fresh,0.0,0.8,5,0.0
0,fresh,0.0,0.8,6,0.0
0,fresh,0.0,0.8,7,0.0
0,fresh,0.0,0.8,8,0.0
0,fresh,0.0,0.8,9,0.0
0,fresh,0.0,0.8,10,0.0
0,fresh,0.0,0.8,11,0.0
0,fresh,0.5,0.8,0,0.0
0,fresh,0.5,0.8,1,0.0
0,fresh,0.5,0.8,2,0.0
0,fresh,0.5,0.8,3,0.0
0,fresh,0.5,0.8,4,0.0
0,fresh,0.5,0.8,5,0.0
0,fresh,0.5,0.8,6,0.0
0,fresh,0.5,0.8,7,0.0
0,fresh,0.5,0.8,8,0.0
0,fresh,0.5,0.8,9,0.0
0,fresh,0.5,0.8,10,0.0
0,fresh,0.5,0.8,11,0.0
0,fresh,2.0,0.8,0,2.912847740788038e-13
0,fresh,2.0,0.8,1,6.817879594223086e-13
0,fresh,2.0,0.8,2,3.188449504420987e-13
0,fresh,2.0,0.8,3,4.0585423910499686e-13
0,fresh,2.0,0.8,4,3.2442493136386473e-13
0,fresh,2.0,0.8,5,3.3681057942658297e-13
0,fresh,2.0,0.8,6,4.732603198220886e-13
0,fresh,2.0,0.8,7,-1.6008305792070132e-14
0,fresh,2.0,0.8,8,4.513578399922835e-13
0,fresh,2.0,0.8,9,-2.7301494398557224e-14
0,fresh,2.0,0.8,10,-5.739853037312059e-16
0,fresh,2.0,0.8,11,8.408562734985026e-13
0,up,0.0,0.8,0,0.0
0,up,0.0,0.8,1,0.0
0,up,0.0,0.8,2,0.0
0,up,0.0,0.8,3,0.0
0,up,0.0,0.8,4,0.0
0,up,0.0,0.8,5,0.0
0,up,0.0,0.8,6,0.0
0,up,0.0,0.8,7,0.0
0,up,0.0,0.8,8,0.0
0,up,0.0,0.8,9,0.0
0,up,0.0,0.8,10,0.0
0,up,0.0,0.8,11,0.0
0,up,0.5,0.8,0,0.0
0,up,0.5,0.8,1,0.0
0,up,0.5,0.8,2,0.0
0,up,0.5,0.8,3,0.0
0,up,0.5,0.8,4,0.0
0,up,0.5,0.8,5,0.0
0,up,0.5,0.8,6,0.0
0,up,0.5,0.8,7,0.0
0,up,0.5,0.8,8,0.0
0,up,0.5,0.8,9,0.0
0,up,0.5,0.8,10,0.0
0,up,0.5,0.8,11,0.0
0,up,2.0,0.8,0,1.2135958904480048e-13
0,up,2.0,0.8,1,1.212896449942491e-13
0,up,2.0,0.8,2,1.2135958904480048e-13
0,up,2.0,0.8,3,1.2135958904480048e-13
0,up,2.0,0.8,4,1.2135958904480048e-13
0,up,2.0,0.8,5,1.2135958904480048e-13
0,up,2.0,0.8,6,1.2135958904480048e-13
0,up,2.0,0.8,7,1.2135958904480048e-13
0,up,2.0,0.8,8,1.2135958904480048e-13
0,up,2.0,0.8,9,1.2135958904480048e-13
0,up,2.0,0.8,10,1.2135958904480048e-13
0,up,2.0,0.8,11,1.2135958904480048e-13
0,down,0.0,0.8,0,0.0
0,down,0.0,0.8,1,0.0
0,down,0.0,0.8,2,0.0
0,down,0.0,0.8,3,0.0
0,down,0.0,0.8,4,0.0
0,down,0.0,0.8,5,0.0
0,down,0.0,0.8,6,0.0
0,down,0.0,0.8,7,0.0
0,down,0.0,0.8,8,0.0
0,down,0.0,0.8,9,0.0
0,down,0.0,0.8,10,0.0
0,down,0.0,0.8,11,0.0
0,down,0.5,0.8,0,0.0
0,down,0.5,0.8,1,0.0
0,down,0.5,0.8,2,0.0
0,down,0.5,0.8,3,0.0
0,down,0.5,0.8,4,0.0
0,down,0.5,0.8,5,0.0
0,down,0.5,0.8,6,0.0
0,down,0.5,0.8,7,0.0
0,down,0.5,0.8,8,0.0
0,down,0.5,0.8,9,0.0
0,down,0.5,0.8,10,0.0
0,down,0.5,0.8,11,0.0
0,down,2.0,0.8,0,-7.773337529215497e-14
0,down,2.0,0.8,1,-7.219114195322618e-14
0,down,2.0,0.8,2,-7.16227077646181e-14
0,down,2.0,0.8,3,-7.219114195322618e-14
0,down,2.0,0.8,4,-7.219114195322618e-14
0,down,2.0,0.8,5,-7.16227077646181e-14
0,down,2.0,0.8,6,-7.16227077646181e-14
0,down,2.0,0.8,7,-7.16227077646181e-14
0,down,2.0,0.8,8,-7.219114195322618e-14
0,down,2.0,0.8,9,-7.16227077646181e-14
0,down,2.0,0.8,10,-7.16227077646181e-14
0,down,2.0,0.8,11,-7.219114195322618e-14
0,fresh,0.0,0.9,0,0.0
0,fresh,0.0,0.9,1,0.0
0,fresh,0.0,0.9,2,0.0
0,fresh,0.0,0.9,3,0.0
0,fresh,0.0,0.9,4,0.0
0,fresh,0.0,0.9,5,0.0
0,fresh,0.0,0.9,6,0.0
0,fresh,0.0,0.9,7,0.0
0,fresh,0.0,0.9,8,0.0
0,fresh,0.0,0.9,9,0.0
0,fresh,0.0,0.9,10,0.0
0,fresh,0.0,0.9,11,0.0
0,fresh,0.5,0.9,0,0.0
0,fresh,0.5,0.9,1,0.0
0,fresh,0.5,0.9,2,0.0
0,fresh,0.5,0.9,3,0.0
0,fresh,0.5,0.9,4,0.0
0,fresh,0.5,0.9,5,0.0
0,fresh,0.5,0.9,6,0.0
0,fresh,0.5,0.9,7,0.0
0,fresh,0.5,0.9,8,0.0
0,fresh,0.5,0.9,9,0.0
0,fresh,0.5,0.9,10,0.0
0,fresh,0.5,0.9,11,0.0
0,fresh,2.0,0.9,0,1.718512332438138e-10
0,fresh,2.0,0.9,1,3.025832739922407e-10
0,fresh,2.0,0.9,2,1.833339324797123e-10
0,fresh,2.0,0.9,3,2.1646165082600532e-10
0,fresh,2.0,0.9,4,1.857479592359823e-10
0,fresh,2.0,0.9,5,1.9054021693776235e-10
0,fresh,2.0,0.9,6,2.398174303586131e-10
0,fresh,2.0,0.9,7,3.507165224903019e-11
0,fresh,2.0,0.9,8,2.3279697947131695e-10
0,fresh,2.0,0.9,9,1.640454883045095e-11
0,fresh,2.0,0.9,10,3.9801362206048906e-11
0,fresh,2.0,0.9,11,3.342435128672605e-10
0,up,0.0,0.9,0,0.0
0,up,0.0,0.9,1,0.0
0,up,0.0,0.9,2,0.0
0,up,0.0,0.9,3,0.0
0,up,0.0,0.9,4,0.0
0,up,0.0,0.9,5,0.0
0,up,0.0,0.9,6,0.0
0,up,0.0,0.9,7,0.0
0,up,0.0,0.9,8,0.0
0,up,0.0,0.9,9,0.0
0,up,0.0,0.9,10,0.0
0,up,0.0,0.9,11,0.0
0,up,0.5,0.9,0,0.0
0,up,0.5,0.9,1,0.0
0,up,0.5,0.9,2,0.0
0,up,0.5,0.9,3,0.0
0,up,0.5,0.9,4,0.0
0,up,0.5,0.9,5,0.0
0,up,0.5,0.9,6,0.0
0,up,0.5,0.9,7,0.0
0,up,0.5,0.9,8,0.0
0,up,0.5,0.9,9,0.0
0,up,0.5,0.9,10,0.0
0,up,0.5,0.9,11,0.0
0,up,2.0,0.9,0,4.311192958184051e-11
0,up,2.0,0.9,1,4.3111860748012986e-11
0,up,2.0,0.9,2,4.311192958184051e-11
0,up,2.0,0.9,3,4.311192958184051e-11
0,up,2.0,0.9,4,4.311192958184051e-11
0,up,2.0,0.9,5,4.311192958184051e-11
0,up,2.0,0.9,6,4.311192958184051e-11
0,up,2.0,0.9,7,4.311192958184051e-11
0,up,2.0,0.9,8,4.311192958184051e-11
0,up,2.0,0.9,9,4.311192958184051e-11
0,up,2.0,0.9,10,4.311192958184051e-11
0,up,2.0,0.9,11,4.311192958184051e-11
0,down,0.0,0.9,0,0.0
0,down,0.0,0.9,1,0.0
0,down,0.0,0.9,2,0.0
0,down,0.0,0.9,3,0.0
0,down,0.0,0.9,4,0.0
0,down,0.0,0.9,5,0.0
0,down,0.0,0.9,6,0.0
0,down,0.0,0.9,7,0.0
0,down,0.0,0.9,8,0.0
0,down,0.0,0.9,9,0.0
0,down,0.0,0.9,10,0.0
0,down,0.0,0.9,11,0.0
0,down,0.5,0.9,0,0.0
0,down,0.5,0.9,1,0.0
0,down,0.5,0.9,2,0.0
0,down,0.5,0.9,3,0.0
0,down,0.5,0.9,4,0.0
0,down,0.5,0.9,5,0.0
0,down,0.5,0.9,6,0.0
0,down,0.5,0.9,7,0.0
0,down,0.5,0.9,8,0.0
0,down,0.5,0.9,9,0.0
0,down,0.5,0.9,10,0.0
0,down,0.5,0.9,11,0.0
0,down,2.0,0.9,0,-4.1517864701745565e-11
0,down,2.0,0.9,1,-4.150990662310505e-11
0,down,2.0,0.9,2,-4.1509338188916445e-11
0,down,2.0,0.9,3,-4.150990662310505e-11
0,down,2.0,0.9,4,-4.150990662310505e-11
0,down,2.0,0.9,5,-4.150990662310505e-11
0,down,2.0,0.9,6,-4.150990662310505e-11
0,down,2.0,0.9,7,-4.1509338188916445e-11
0,down,2.0,0.9,8,-4.150990662310505e-11
0,down,2.0,0.9,9,-4.1509338188916445e-11
0,down,2.0,0.9,10,-4.1509338188916445e-11
0,down,2.0,0.9,11,-4.150990662310505e-11
0,fresh,0.0,0.95,0,0.0
0,fresh,0.0,0.95,1,0.0
0,fresh,0.0,0.95,2,0.0
0,fresh,0.0,0.95,3,0.0
0,fresh,0.0,0.95,4,0.0
0,fresh,0.0,0.95,5,0.0
0,fresh,0.0,0.95,6,0.0
0,fresh,0.0,0.95,7,0.0
0,fresh,0.0,0.95,8,0.0
0,fresh,0.0,0.95,9,0.0
0,fresh,0.0,0.95,10,0.0
0,fresh,0.0,0.95,11,0.0
0,fresh,0.5,0.95,0,7.105427357601002e-17
0,fresh,0.5,0.95,1,1.6653345369377348e-16
0,fresh,0.5,0.95,2,1.1546319456101628e-16
0,fresh,0.5,0.95,3,1.2878587085651815e-16
0,fresh,0.5,0.95,4,1.1546319456101628e-16
0,fresh,0.5,0.95,5,1.176836406102666e-16
0,fresh,0.5,0.95,6,1.4654943925052067e-16
0,fresh,0.5,0.95,7,1.9984014443252817e-17
0,fresh,0.5,0.95,8,1.354472090042691e-16
0,fresh,0.5,0.95,9,9.769962616701378e-17
0,fresh,0.5,0.95,10,1.865174681370263e-16
0,fresh,0.5,0.95,11,5.329070518200751e-17
0,fresh,2.0,0.95,0,1.8963387802273245e-08
0,fresh,2.0,0.95,1,2.800346037279411e-08
0,fresh,2.0,0.95,2,1.985643333757281e-08
0,fresh,2.0,0.95,3,2.2298297832623604e-08
0,fresh,2.0,0.95,4,2.0046416715491232e-08
0,fresh,2.0,0.95,5,2.0404012950336893e-08
0,fresh,2.0,0.95,6,2.3925813821268348e-08
0,fresh,2.0,0.95,7,7.511407285054616e-09
0,fresh,2.0,0.95,8,2.3456916082853496e-08
0,fresh,2.0,0.95,9,4.921671912239134e-09
0,fresh,2.0,0.95,10,7.78604614559697e-09
0,fresh,2.0,0.95,11,2.9731888497863677e-08
0,up,0.0,0.95,0,0.0
0,up,0.0,0.95,1,0.0
0,up,0.0,0.95,2,0.0
0,up,0.0,0.95,3,0.0
0,up,0.0,0.95,4,0.0
0,up,0.0,0.95,5,0.0
0,up,0.0,0.95,6,0.0
0,up,0.0,0.95,7,0.0
0,up,0.0,0.95,8,0.0
0,up,0.0,0.95,9,0.0
0,up,0.0,0.95,10,0.0
0,up,0.0,0.95,11,0.0
0,up,0.5,0.95,0,0.0
0,up,0.5,0.95,1,0.0
0,up,0.5,0.95,2,0.0
0,up,0.5,0.95,3,0.0
0,up,0.5,0.95,4,0.0
0,up,0.5,0.95,5,0.0
0,up,0.5,0.95,6,0.0
0,up,0.5,0.95,7,0.0
0,up,0.5,0.95,8,0.0
0,up,0.5,0.95,9,0.0
0,up,0.5,0.95,10,0.0
0,up,0.5,0.95,11,0.0
0,up,2.0,0.95,0,4.18112934941206e-09
0,up,2.0,0.95,1,4.1811293471916145e-09
0,up,2.0,0.95,2,4.18112934941206e-09
0,up,2.0,0.95,3,4.18112934941206e-09
0,up,2.0,0.95,4,4.18112934941206e-09
0,up,2.0,0.95,5,4.18112934941206e-09
0,up,2.0,0.95,6,4.18112934941206e-09
0,up,2.0,0.95,7,4.18112934941206e-09
0,up,2.0,0.95,8,4.18112934941206e-09
0,up,2.0,0.95,9,4.18112934941206e-09
0,up,2.0,0.95,10,4.18112934941206e-09
0,up,2.0,0.95,11,4.18112934941206e-09
0,down,0.0,0.95,0,0.0
0,down,0.0,0.95,1,0.0
0,down,0.0,0.95,2,0.0
0,down,0.0,0.95,3,0.0
0,down,0.0,0.95,4,0.0
0,down,0.0,0.95,5,0.0
0,down,0.0,0.95,6,0.0
0,down,0.0,0.95,7,0.0
0,down,0.0,0.95,8,0.0
0,down,0.0,0.95,9,0.0
0,down,0.0,0.95,10,0.0
0,down,0.0,0.95,11,0.0
0,down,0.5,0.95,0,0.0
0,down,0.5,0.95,1,0.0
0,down,0.5,0.95,2,0.0
0,down,0.5,0.95,3,0.0
0,down,0.5,0.95,4,0.0
0,down,0.5,0.95,5,0.0
0,down,0.5,0.95,6,0.0
0,down,0.5,0.95,7,0.0
0,down,0.5,0.95,8,0.0
0,down,0.5,0.95,9,0.0
0,down,0.5,0.95,10,0.0
0,down,0.5,0.95,11,0.0
0,down,2.0,0.95,0,-5.3776216191181445e-09
0,down,2.0,0.95,1,-5.377615934776259e-09
0,down,2.0,0.95,2,-5.377616503210447e-09
0,down,2.0,0.95,3,-5.377615934776259e-09
0,down,2.0,0.95,4,-5.377615934776259e-09
0,down,2.0,0.95,5,-5.377615934776259e-09
0,down,2.0,0.95,6,-5.377615934776259e-09
0,down,2.0,0.95,7,-5.377616503210447e-09
0,down,2.0,0.95,8,-5.377615934776259e-09
0,down,2.0,0.95,9,-5.377616503210447e-09
0,down,2.0,0.95,10,-5.377616503210447e-09
0,down,2.0,0.95,11,-5.377615934776259e-09
0,fresh,0.0,0.98,0,0.0
0,fresh,0.0,0.98,1,0.0
0,fresh,0.0,0.98,2,0.0
0,fresh,0.0,0.98,3,0.0
0,fresh,0.0,0.98,4,0.0
0,fresh,0.0,0.98,5,0.0
0,fresh,0.0,0.98,6,0.0
0,fresh,0.0,0.98,7,0.0
0,fresh,0.0,0.98,8,0.0
0,fresh,0.0,0.98,9,0.0
0,fresh,0.0,0.98,10,0.0
0,fresh,0.0,0.98,11,0.0
0,fresh,0.5,0.98,0,6.5651373226671694e-12
0,fresh,0.5,0.98,1,9.95562965400154e-12
0,fresh,0.5,0.98,2,8.125673467418437e-12
0,fresh,0.5,0.98,3,8.776939175447751e-12
0,fresh,0.5,0.98,4,8.20812529056525e-12
0,fresh,0.5,0.98,5,8.298406406481717e-12
0,fresh,0.5,0.98,6,9.392422395393396e-12
0,fresh,0.5,0.98,7,4.623836868944409e-12
0,fresh,0.5,0.98,8,9.078666707296179e-12
0,fresh,0.5,0.98,9,1.0766214586510614e-11
0,fresh,0.5,0.98,10,1.2432677110041369e-11
0,fresh,0.5,0.98,11,1.0330811761605218e-11
0,fresh,2.0,0.98,0,1.2139903533237017e-06
0,fresh,2.0,0.98,1,1.5480871197803835e-06
0,fresh,2.0,0.98,2,1.2499907112184517e-06
0,fresh,2.0,0.98,3,1.3444383618854693e-06
0,fresh,2.0,0.98,4,1.2576700632860316e-06
0,fresh,2.0,0.98,5,1.2716645478128008e-06
0,fresh,2.0,0.98,6,1.404691001731795e-06
0,fresh,2.0,0.98,7,7.099725500991916e-07
0,fresh,2.0,0.98,8,1.3878203898332054e-06
0,fresh,2.0,0.98,9,5.483746441248272e-07
0,fresh,2.0,0.98,10,7.181114060794691e-07
0,fresh,2.0,0.98,11,1.6027100835636076e-06
0,up,0.0,0.98,0,0.0
0,up,0.0,0.98,1,0.0
0,up,0.0,0.98,2,0.0
0,up,0.0,0.98,3,0.0
0,up,0.0,0.98,4,0.0
0,up,0.0,0.98,5,0.0
0,up,0.0,0.98,6,0.0
0,up,0.0,0.98,7,0.0
0,up,0.0,0.98,8,0.0
0,up,0.0,0.98,9,0.0
0,up,0.0,0.98,10,0.0
0,up,0.0,0.98,11,0.0
0,up,0.5,0.98,0,2.0744828077567944e-12
0,up,0.5,0.98,1,2.0744916895409916e-12
0,up,0.5,0.98,2,2.0744828077567944e-12
0,up,0.5,0.98,3,2.0744828077567944e-12
0,up,0.5,0.98,4,2.0744828077567944e-12
0,up,0.5,0.98,5,2.0744828077567944e-12
0,up,0.5,0.98,6,2.0744828077567944e-12
0,up,0.5,0.98,7,2.0744828077567944e-12
0,up,0.5,0.98,8,2.0744828077567944e-12
0,up,0.5,0.98,9,2.0744828077567944e-12
0,up,0.5,0.98,10,2.0744828077567944e-12
0,up,0.5,0.98,11,2.0744828077567944e-12
0,up,2.0,0.98,0,3.178452216134886e-07
0,up,2.0,0.98,1,3.178452216123784e-07
0,up,2.0,0.98,2,3.178452216134886e-07
0,up,2.0,0.98,3,3.178452216134886e-07
0,up,2.0,0.98,4,3.178452216134886e-07
0,up,2.0,0.98,5,3.178452216134886e-07
0,up,2.0,0.98,6,3.178452216134886e-07
0,up,2.0,0.98,7,3.178452216134886e-07
0,up,2.0,0.98,8,3.178452216134886e-07
0,up,2.0,0.98,9,3.178452216134886e-07
0,up,2.0,0.98,10,3.178452216134886e-07
0,up,2.0,0.98,11,3.178452216134886e-07
0,down,0.0,0.98,0,0.0
0,down,0.0,0.98,1,0.0
0,down,0.0,0.98,2,0.0
0,down,0.0,0.98,3,0.0
0,down,0.0,0.98,4,0.0
0,down,0.0,0.98,5,0.0
0,down,0.0,0.98,6,0.0
0,down,0.0,0.98,7,0.0
0,down,0.0,0.98,8,0.0
0,down,0.0,0.98,9,0.0
0,down,0.0,0.98,10,0.0
0,down,0.0,0.98,11,0.0
0,down,0.5,0.98,0,-1.5370460459962487e-12
0,down,0.5,0.98,1,-1.5370460459962487e-12
0,down,0.5,0.98,2,-1.5370460459962487e-12
0,down,0.5,0.98,3,-1.5370460459962487e-12
0,down,0.5,0.98,4,-1.5381829143734648e-12
0,down,0.5,0.98,5,-1.5370460459962487e-12
0,down,0.5,0.98,6,-1.5370460459962487e-12
0,down,0.5,0.98,7,-1.5370460459962487e-12
0,down,0.5,0.98,8,-1.5381829143734648e-12
0,down,0.5,0.98,9,-1.5370460459962487e-12
0,down,0.5,0.98,10,-1.5381829143734648e-12
0,down,0.5,0.98,11,-1.5381829143734648e-12
0,down,2.0,0.98,0,-2.400469674057604e-07
0,down,2.0,0.98,1,-2.4004695376333984e-07
0,down,2.0,0.98,2,-2.400469526264715e-07
0,down,2.0,0.98,3,-2.400469526264715e-07
0,down,2.0,0.98,4,-2.4004695319490566e-07
0,down,2.0,0.98,5,-2.40046954331774e-07
0,down,2.0,0.98,6,-2.4004695319490566e-07
0,down,2.0,0.98,7,-2.400469526264715e-07
0,down,2.0,0.98,8,-2.4004695319490566e-07
0,down,2.0,0.98,9,-2.4004695319490566e-07
0,down,2.0,0.98,10,-2.400469554686424e-07
0,down,2.0,0.98,11,-2.4004695319490566e-07
0,fresh,0.0,0.99,0,1.8673951274195133e-15
0,fresh,0.0,0.99,1,1.6164847238542278e-15
0,fresh,0.0,0.99,2,5.706546346573305e-16
0,fresh,0.0,0.99,3,1.4921397450962103e-15
0,fresh,0.0,0.99,4,1.4233059175694507e-15
0,fresh,0.0,0.99,5,1.4344081478157022e-15
0,fresh,0.0,0.99,6,1.48991929904696e-15
0,fresh,0.0,0.99,7,9.43689570931383e-16
0,fresh,0.0,0.99,8,1.5321077739827161e-15
0,fresh,0.0,0.99,9,1.587618925213974e-15
0,fresh,0.0,0.99,10,1.6076029396572267e-15
0,fresh,0.0,0.99,11,1.5210055437364644e-15
0,fresh,0.5,0.99,0,1.6685351833523043e-09
0,fresh,0.5,0.99,1,2.2515741004980326e-09
0,fresh,0.5,0.99,2,1.9507683290953536e-09
0,fresh,0.5,0.99,3,2.0605128603357057e-09
0,fresh,0.5,0.99,4,1.965452756103048e-09
0,fresh,0.5,0.99,5,1.980669233070387e-09
0,fresh,0.5,0.99,6,2.1607866829143062e-09
0,fresh,0.5,0.99,7,1.3228640716178576e-09
0,fresh,0.5,0.99,8,2.110174028846501e-09
0,fresh,0.5,0.99,9,2.3787571912237127e-09
0,fresh,0.5,0.99,10,2.623534915979775e-09
0,fresh,0.5,0.99,11,2.3101686053017546e-09
0,fresh,2.0,0.99,0,9.083986196603e-06
0,fresh,2.0,0.99,1,1.078509542541406e-05
0,fresh,2.0,0.99,2,9.274459878074737e-06
0,fresh,2.0,0.99,3,9.76498004293891e-06
0,fresh,2.0,0.99,4,9.31505121624321e-06
0,fresh,2.0,0.99,5,9.388183783922699e-06
0,fresh,2.0,0.99,6,1.007172713174409e-05
0,fresh,2.0,0.99,7,6.272420210695628e-06
0,fresh,2.0,0.99,8,9.986781134008194e-06
0,fresh,2.0,0.99,9,5.224476081229223e-06
0,fresh,2.0,0.99,10,6.309577589191928e-06
0,fresh,2.0,0.99,11,1.104611761533647e-05
0,up,0.0,0.99,0,2.2870594307278225e-16
0,up,0.0,0.99,1,2.2870594307278225e-16
0,up,0.0,0.99,2,2.2870594307278225e-16
0,up,0.0,0.99,3,2.2870594307278225e-16
0,up,0.0,0.99,4,2.2870594307278225e-16
0,up,0.0,0.99,5,2.2870594307278225e-16
0,up,0.0,0.99,6,2.2870594307278225e-16
0,up,0.0,0.99,7,2.2870594307278225e-16
0,up,0.0,0.99,8,2.2870594307278225e-16
0,up,0.0,0.99,9,2.2870594307278225e-16
0,up,0.0,0.99,10,2.2870594307278225e-16
0,up,0.0,0.99,11,2.2870594307278225e-16
0,up,0.5,0.99,0,3.643424695276565e-10
0,up,0.5,0.99,1,3.643424761889946e-10
0,up,0.5,0.99,2,3.643424695276565e-10
0,up,0.5,0.99,3,3.643424695276565e-10
0,up,0.5,0.99,4,3.643424695276565e-10
0,up,0.5,0.99,5,3.643424695276565e-10
0,up,0.5,0.99,6,3.643424695276565e-10
0,up,0.5,0.99,7,3.643424695276565e-10
0,up,0.5,0.99,8,3.643424695276565e-10
0,up,0.5,0.99,9,3.643424695276565e-10
0,up,0.5,0.99,10,3.643424695276565e-10
0,up,0.5,0.99,11,3.643424695276565e-10
0,up,2.0,0.99,0,1.7223419547796048e-06
0,up,2.0,0.99,1,1.7223419547818253e-06
0,up,2.0,0.99,2,1.7223419547796048e-06
0,up,2.0,0.99,3,1.7223419547796048e-06
0,up,2.0,0.99,4,1.7223419547796048e-06
0,up,2.0,0.99,5,1.7223419547796048e-06
0,up,2.0,0.99,6,1.7223419547796048e-06
0,up,2.0,0.99,7,1.7223419547796048e-06
0,up,2.0,0.99,8,1.7223419547796048e-06
0,up,2.0,0.99,9,1.7223419547796048e-06
0,up,2.0,0.99,10,1.7223419547796048e-06
0,up,2.0,0.99,11,1.7223419547796048e-06
0,down,0.0,0.99,0,0.0
0,down,0.0,0.99,1,0.0
0,down,0.0,0.99,2,0.0
0,down,0.0,0.99,3,0.0
0,down,0.0,0.99,4,0.0
0,down,0.0,0.99,5,0.0
0,down,0.0,0.99,6,0.0
0,down,0.0,0.99,7,0.0
0,down,0.0,0.99,8,0.0
0,down,0.0,0.99,9,0.0
0,down,0.0,0.99,10,0.0
0,down,0.0,0.99,11,0.0
0,down,0.5,0.99,0,-3.6300662031862884e-10
0,down,0.5,0.99,1,-3.6300662031862884e-10
0,down,0.5,0.99,2,-3.630077571870061e-10
0,down,0.5,0.99,3,-3.6300662031862884e-10
0,down,0.5,0.99,4,-3.630077571870061e-10
0,down,0.5,0.99,5,-3.6300662031862884e-10
0,down,0.5,0.99,6,-3.6300662031862884e-10
0,down,0.5,0.99,7,-3.6300662031862884e-10
0,down,0.5,0.99,8,-3.630077571870061e-10
0,down,0.5,0.99,9,-3.6300662031862884e-10
0,down,0.5,0.99,10,-3.630077571870061e-10
0,down,0.5,0.99,11,-3.6300662031862884e-10
0,down,2.0,0.99,0,-1.7233490910939507e-06
0,down,2.0,0.99,1,-1.7163171304446223e-06
0,down,2.0,0.99,2,-1.715962877142374e-06
0,down,2.0,0.99,3,-1.715721239747836e-06
0,down,2.0,0.99,4,-1.7161350848482471e-06
0,down,2.0,0.99,5,-1.7165279041364555e-06
0,down,2.0,0.99,6,-1.7161068910809262e-06
0,down,2.0,0.99,7,-1.7160162104801202e-06
0,down,2.0,0.99,8,-1.7161110997676586e-06
0,down,2.0,0.99,9,-1.7162212776611342e-06
0,down,2.0,0.99,10,-1.7174043608747525e-06
0,down,2.0,0.99,11,-1.7162626653544066e-06
0,fresh,0.0,0.995,0,4.999944902550624e-12
0,fresh,0.0,0.995,1,4.376834450425804e-12
0,fresh,0.0,0.995,2,1.9477131019129955e-12
0,fresh,0.0,0.995,3,4.149511845241704e-12
0,fresh,0.0,0.995,4,4.008198217775316e-12
0,fresh,0.0,0.995,5,4.0376102461436855e-12
0,fresh,0.0,0.995,6,4.120936925033902e-12
0,fresh,0.0,0.995,7,3.0311131382632084e-12
0,fresh,0.0,0.995,8,4.2085046558781865e-12
0,fresh,0.0,0.995,9,4.5411496785163756e-12
0,fresh,0.0,0.995,10,4.577993539811586e-12
0,fresh,0.0,0.995,11,4.382021412396852e-12
0,fresh,0.5,0.995,0,7.765493762468267e-08
0,fresh,0.5,0.995,1,9.617793404581576e-08
0,fresh,0.5,0.995,2,8.690924584886518e-08
0,fresh,0.5,0.995,3,9.034579994349202e-08
0,fresh,0.5,0.995,4,8.738258430618373e-08
0,fresh,0.5,0.995,5,8.785973067526599e-08
0,fresh,0.5,0.995,6,9.341977461829742e-08
0,fresh,0.5,0.995,7,6.626270944831703e-08
0,fresh,0.5,0.995,8,9.187746456529311e-08
0,fresh,0.5,0.995,9,9.997442559805947e-08
0,fresh,0.5,0.995,10,1.0700673267471927e-07
0,fresh,0.5,0.995,11,9.792490454962887e-08
0,fresh,2.0,0.995,0,3.4337676324529557e-05
0,fresh,2.0,0.995,1,3.883017352762641e-05
0,fresh,2.0,0.995,2,3.485302605399143e-05
0,fresh,2.0,0.995,3,3.6164660689226305e-05
0,fresh,2.0,0.995,4,3.4962697996752114e-05
0,fresh,2.0,0.995,5,3.515909136896367e-05
0,fresh,2.0,0.995,6,3.6974486034391243e-05
0,fresh,2.0,0.995,7,2.6425912587320076e-05
0,fresh,2.0,0.995,8,3.675163109323476e-05
0,fresh,2.0,0.995,9,2.3185082967231984e-05
0,fresh,2.0,0.995,10,2.6518499830532336e-05
0,fresh,2.0,0.995,11,3.949378120014835e-05
0,up,0.0,0.995,0,7.267986212866617e-13
0,up,0.0,0.995,1,7.267986212866617e-13
0,up,0.0,0.995,2,7.267986212866617e-13
0,up,0.0,0.995,3,7.267986212866617e-13
0,up,0.0,0.995,4,7.267986212866617e-13
0,up,0.0,0.995,5,7.267986212866617e-13
0,up,0.0,0.995,6,7.267986212866617e-13
0,up,0.0,0.995,7,7.267986212866617e-13
0,up,0.0,0.995,8,7.267986212866617e-13
0,up,0.0,0.995,9,7.267986212866617e-13
0,up,0.0,0.995,10,7.267986212866617e-13
0,up,0.0,0.995,11,7.267986212866617e-13
0,up,0.5,0.995,0,1.581044672072096e-08
0,up,0.5,0.995,1,1.5810446730712967e-08
0,up,0.5,0.995,2,1.581044672072096e-08
0,up,0.5,0.995,3,1.581044672072096e-08
0,up,0.5,0.995,4,1.581044672072096e-08
0,up,0.5,0.995,5,1.581044672072096e-08
0,up,0.5,0.995,6,1.581044672072096e-08
0,up,0.5,0.995,7,1.581044672072096e-08
0,up,0.5,0.995,8,1.581044672072096e-08
0,up,0.5,0.995,9,1.581044672072096e-08
0,up,0.5,0.995,10,1.581044672072096e-08
0,up,0.5,0.995,11,1.581044672072096e-08
0,up,2.0,0.995,0,6.234502929658436e-06
0,up,2.0,0.995,1,6.2345029296528855e-06
0,up,2.0,0.995,2,6.234502929658436e-06
0,up,2.0,0.995,3,6.234502929658436e-06
0,up,2.0,0.995,4,6.234502929658436e-06
0,up,2.0,0.995,5,6.234502929658436e-06
0,up,2.0,0.995,6,6.234502929658436e-06
0,up,2.0,0.995,7,6.234502929658436e-06
0,up,2.0,0.995,8,6.234502929658436e-06
0,up,2.0,0.995,9,6.234502929658436e-06
0,up,2.0,0.995,10,6.234502929658436e-06
0,up,2.0,0.995,11,6.234502929658436e-06
0,down,0.0,0.995,0,-3.778950485866516e-12
0,down,0.0,0.995,1,-3.799414116656408e-12
0,down,0.0,0.995,2,-3.77212927560322e-12
0,down,0.0,0.995,3,-3.8039615901652725e-12
0,down,0.0,0.995,4,-3.8426151149906215e-12
0,down,0.0,0.995,5,-3.8312464312184605e-12
0,down,0.0,0.995,6,-3.719833330251276e-12
0,down,0.0,0.995,7,-3.738023224286735e-12
0,down,0.0,0.995,8,-3.8039615901652725e-12
0,down,0.0,0.995,9,-3.788045432884246e-12
0,down,0.0,0.995,10,-3.788045432884246e-12
0,down,0.0,0.995,11,-3.806235326919705e-12
0,down,0.5,0.995,0,-7.558187235190417e-08
0,down,0.5,0.995,1,-8.967324333752912e-08
0,down,0.5,0.995,2,-7.801751621627772e-08
0,down,0.5,0.995,3,-7.972500611685973e-08
0,down,0.5,0.995,4,-7.586490141875401e-08
0,down,0.5,0.995,5,-7.229930133689777e-08
0,down,0.5,0.995,6,-7.376833309535868e-08
0,down,0.5,0.995,7,-7.520400913563207e-08
0,down,0.5,0.995,8,-7.949171617838147e-08
0,down,0.5,0.995,9,-8.298243528770399e-08
0,down,0.5,0.995,10,-8.354285682798945e-08
0,down,0.5,0.995,11,-7.690921961511777e-08
0,down,2.0,0.995,0,-9.648822549024772e-05
0,down,2.0,0.995,1,-2.3664984057631953e-05
0,down,2.0,0.995,2,-1.984370011655301e-05
0,down,2.0,0.995,3,-1.7228318416755428e-05
0,down,2.0,0.995,4,-2.1703153431076318e-05
0,down,2.0,0.995,5,-2.5931393077485156e-05
0,down,2.0,0.995,6,-2.1398997717483325e-05
0,down,2.0,0.995,7,-2.0419965047722143e-05
0,down,2.0,0.995,8,-2.14443811307774e-05
0,down,2.0,0.995,9,-2.2632530005353146e-05
0,down,2.0,0.995,10,-3.529859185732675e-05
0,down,2.0,0.995,11,-2.307845250641094e-05
0,fresh,0.0,1.0,0,5.062536749251168e-05
0,fresh,0.0,1.0,1,5.013105817240904e-05
0,fresh,0.0,1.0,2,4.5887558463855174e-05
0,fresh,0.0,1.0,3,4.993460983021114e-05
0,fresh,0.0,1.0,4,4.980495639969718e-05
0,fresh,0.0,1.0,5,4.9832907487825655e-05
0,fresh,0.0,1.0,6,4.988384604335927e-05
0,fresh,0.0,1.0,7,4.878956061426188e-05
0,fresh,0.0,1.0,8,4.998604470004331e-05
0,fresh,0.0,1.0,9,5.027226351979941e-05
0,fresh,0.0,1.0,10,5.0291682575203116e-05
0,fresh,0.0,1.0,11,5.012628476031455e-05
0,fresh,0.5,1.0,0,9.74957158725931e-05
0,fresh,0.5,1.0,1,0.00010069013772632695
0,fresh,0.5,1.0,2,9.917295833155703e-05
0,fresh,0.5,1.0,3,9.975091645020751e-05
0,fresh,0.5,1.0,4,9.925534827883275e-05
0,fresh,0.5,1.0,5,9.933601506022515e-05
0,fresh,0.5,1.0,6,0.00010025062275459851
0,fresh,0.5,1.0,7,9.532592220184765e-05
0,fresh,0.5,1.0,8,0.0001000021391652206
0,fresh,0.5,1.0,9,0.00010127758530003916
0,fresh,0.5,1.0,10,0.00010230655700730118
0,fresh,0.5,1.0,11,0.00010096110955764236
0,fresh,2.0,1.0,0,0.00024372041625849052
0,fresh,2.0,1.0,1,0.0002549558309273925
0,fresh,2.0,1.0,2,0.0002450454100247579
0,fresh,2.0,1.0,3,0.00024837225398632867
0,fresh,2.0,1.0,4,0.00024532680204514935
0,fresh,2.0,1.0,5,0.0002458274965531837
0,fresh,2.0,1.0,6,0.00025039620014062126
0,fresh,2.0,1.0,7,0.00022234699190910146
0,fresh,2.0,1.0,8,0.00024984302681629655
0,fresh,2.0,1.0,9,0.00021257278022653205
0,fresh,2.0,1.0,10,0.0002225629554464459
0,fresh,2.0,1.0,11,0.00025654642103764227
0,up,0.0,1.0,0,4.329700879629916e-05
0,up,0.0,1.0,1,4.329700879629916e-05
0,up,0.0,1.0,2,4.329700879629916e-05
0,up,0.0,1.0,3,4.329700879629916e-05
0,up,0.0,1.0,4,4.329700879629916e-05
0,up,0.0,1.0,5,4.329700879629916e-05
0,up,0.0,1.0,6,4.329700879629916e-05
0,up,0.0,1.0,7,4.329700879629916e-05
0,up,0.0,1.0,8,4.329700879629916e-05
0,up,0.0,1.0,9,4.329700879629916e-05
0,up,0.0,1.0,10,4.329700879629916e-05
0,up,0.0,1.0,11,4.329700879629916e-05
0,up,0.5,1.0,0,7.577875477213781e-05
0,up,0.5,1.0,1,7.577875477213892e-05
0,up,0.5,1.0,2,7.577875477213781e-05
0,up,0.5,1.0,3,7.577875477213781e-05
0,up,0.5,1.0,4,7.577875477213781e-05
0,up,0.5,1.0,5,7.577875477213781e-05
0,up,0.5,1.0,6,7.577875477213781e-05
0,up,0.5,1.0,7,7.577875477213781e-05
0,up,0.5,1.0,8,7.577875477213781e-05
0,up,0.5,1.0,9,7.577875477213781e-05
0,up,0.5,1.0,10,7.577875477213781e-05
0,up,0.5,1.0,11,7.577875477213781e-05
0,up,2.0,1.0,0,0.00013340638929894676
0,up,2.0,1.0,1,0.00013340638929894898
0,up,2.0,1.0,2,0.00013340638929894676
0,up,2.0,1.0,3,0.00013340638929894676
0,up,2.0,1.0,4,0.00013340638929894676
0,up,2.0,1.0,5,0.00013340638929894676
0,up,2.0,1.0,6,0.00013340638929894676
0,up,2.0,1.0,7,0.00013340638929894676
0,up,2.0,1.0,8,0.00013340638929894676
0,up,2.0,1.0,9,0.00013340638929894676
0,up,2.0,1.0,10,0.00013340638929894676
0,up,2.0,1.0,11,0.00013340638929894676
0,down,0.0,1.0,0,4.373976174292693e-05
0,down,0.0,1.0,1,3.84696024434561e-05
0,down,0.0,1.0,2,4.569016032974105e-05
0,down,0.0,1.0,3,3.41280393672605e-05
0,down,0.0,1.0,4,2.535854017651218e-05
0,down,0.0,1.0,5,2.9190083466801298e-05
0,down,0.0,1.0,6,7.63340912271815e-05
0,down,0.0,1.0,7,5.973663147869957e-05
0,down,0.0,1.0,8,3.514918412520274e-05
0,down,0.0,1.0,9,4.1275273897554147e-05
0,down,0.0,1.0,10,3.992178034422977e-05
0,down,0.0,1.0,11,3.484537093527251e-05
0,down,0.5,1.0,0,9.168450825654872e-05
0,down,0.5,1.0,1,8.09289794005963e-07
0,down,0.5,1.0,2,5.5811212998833074e-05
0,down,0.5,1.0,3,3.850935202990513e-05
0,down,0.5,1.0,4,8.665619803991832e-05
0,down,0.5,1.0,5,0.0001752768032883978
0,down,0.5,1.0,6,0.0001311349913999038
0,down,0.5,1.0,7,9.882279678663508e-05
0,down,0.5,1.0,8,4.0576002966190565e-05
0,down,0.5,1.0,9,1.7152584421182835e-05
0,down,0.5,1.0,10,1.462100683056633e-05
0,down,0.5,1.0,11,7.020065714527846e-05
0,down,2.0,1.0,0,0.0002322111627807999
0,down,2.0,1.0,1,0.0001374792250300061
0,down,2.0,1.0,2,0.00038250344723110173
0,down,2.0,1.0,3,0.0008184222166681821
0,down,2.0,1.0,4,0.00023240248184492885
0,down,2.0,1.0,5,7.23564235147478e-05
0,down,2.0,1.0,6,0.0002519548294782225
0,down,2.0,1.0,7,0.00032723683141512084
0,down,2.0,1.0,8,0.0002489348656206403
0,down,2.0,1.0,9,0.00018151361852574154
0,down,2.0,1.0,10,7.318420784940826e-09
0,down,2.0,1.0,11,0.00016109012466529292
0,fresh,0.0,1.005,0,0.18978961032021996
0,fresh,0.0,1.005,1,0.18961503730347662
0,fresh,0.0,1.005,2,0.18938135014229943
0,fresh,0.0,1.005,3,0.18955788413177377
0,fresh,0.0,1.005,4,0.18952491950391676
0,fresh,0.0,1.005,5,0.18953147698580608
0,fresh,0.0,1.005,6,0.1895592365768837
0,fresh,0.0,1.005,7,0.1893303302491302
0,fresh,0.0,1.005,8,0.18957253730180978
0,fresh,0.0,1.005,9,0.18965674794453724
0,fresh,0.0,1.005,10,0.18967080087481403
0,fresh,0.0,1.005,11,0.18961978078493025
0,fresh,0.5,1.005,0,0.06178190694894067
0,fresh,0.5,1.005,1,0.12371184515230785
0,fresh,0.5,1.005,2,0.0617394007418218
0,fresh,0.5,1.005,3,0.1238735270102756
0,fresh,0.5,1.005,4,0.12388846811049582
0,fresh,0.5,1.005,5,0.12390623381229915
0,fresh,0.5,1.005,6,0.1232573560353388
0,fresh,0.5,1.005,7,0.06168797198825859
0,fresh,0.5,1.005,8,0.12382855411371421
0,fresh,0.5,1.005,9,0.12367880758472594
0,fresh,0.5,1.005,10,0.12285139815649773
0,fresh,0.5,1.005,11,0.12345890795605916
0,fresh,2.0,1.005,0,0.030272149546512927
0,fresh,2.0,1.005,1,0.06147953600562024
0,fresh,2.0,1.005,2,0.03028995765952965
0,fresh,2.0,1.005,3,0.06152104945708854
0,fresh,2.0,1.005,4,0.06151271753054478
0,fresh,2.0,1.005,5,0.06152720390784186
0,fresh,2.0,1.005,6,0.06144186583140503
0,fresh,2.0,1.005,7,0.030310134574884618
0,fresh,2.0,1.005,8,0.06151360761315203
0,fresh,2.0,1.005,9,0.030419185478492653
0,fresh,2.0,1.005,10,0.030364108047850433
0,fresh,2.0,1.005,11,0.0614434235240507
0,up,0.0,1.005,0,0.1899942409252993
0,up,0.0,1.005,1,0.1899942409252993
0,up,0.0,1.005,2,0.1899942409252993
0,up,0.0,1.005,3,0.1899942409252993
0,up,0.0,1.005,4,0.1899942409252993
0,up,0.0,1.005,5,0.1899942409252993
0,up,0.0,1.005,6,0.1899942409252993
0,up,0.0,1.005,7,0.1899942409252993
0,up,0.0,1.005,8,0.1899942409252993
0,up,0.0,1.005,9,0.1899942409252993
0,up,0.0,1.005,10,0.1899942409252993
0,up,0.0,1.005,11,0.1899942409252993
0,up,0.5,1.005,0,0.06813186581791462
0,up,0.5,1.005,1,0.0681318658179143
0,up,0.5,1.005,2,0.06813186581791462
0,up,0.5,1.005,3,0.06813186581791462
0,up,0.5,1.005,4,0.06813186581791462
0,up,0.5,1.005,5,0.06813186581791462
0,up,0.5,1.005,6,0.06813186581791462
0,up,0.5,1.005,7,0.06813186581791462
0,up,0.5,1.005,8,0.06813186581791462
0,up,0.5,1.005,9,0.06813186581791462
0,up,0.5,1.005,10,0.06813186581791462
0,up,0.5,1.005,11,0.06813186581791462
0,up,2.0,1.005,0,0.004913929566056288
0,up,2.0,1.005,1,0.0049139295660562965
0,up,2.0,1.005,2,0.004913929566056288
0,up,2.0,1.005,3,0.004913929566056288
0,up,2.0,1.005,4,0.004913929566056288
0,up,2.0,1.005,5,0.004913929566056288
0,up,2.0,1.005,6,0.004913929566056288
0,up,2.0,1.005,7,0.004913929566056288
0,up,2.0,1.005,8,0.004913929566056288
0,up,2.0,1.005,9,0.004913929566056288
0,up,2.0,1.005,10,0.004913929566056288
0,up,2.0,1.005,11,0.004913929566056288
0,down,0.0,1.005,0,0.20910819440424805
0,down,0.0,1.005,1,0.19019344651776693
0,down,0.0,1.005,2,0.19235992611442498
0,down,0.0,1.005,3,0.18949808666854323
0,down,0.0,1.005,4,0.18931962250512469
0,down,0.0,1.005,5,0.18933913175022327
0,down,0.0,1.005,6,0.1901303761956069
0,down,0.0,1.005,7,0.18927335641027185
0,down,0.0,1.005,8,0.1896421079410197
0,down,0.0,1.005,9,0.1907799662043203
0,down,0.0,1.005,10,0.1924893507863635
0,down,0.0,1.005,11,0.19078235309823868
0,down,0.5,1.005,0,0.059791246371996745
0,down,0.5,1.005,1,0.061460699026857815
0,down,0.5,1.005,2,0.06168429441932062
0,down,0.5,1.005,3,0.061578535548716215
0,down,0.5,1.005,4,0.06089875414661833
0,down,0.5,1.005,5,0.06257770218668611
0,down,0.5,1.005,6,0.03503489565496579
0,down,0.5,1.005,7,0.0406394415351383
0,down,0.5,1.005,8,0.06158995688407345
0,down,0.5,1.005,9,0.061382256995100304
0,down,0.5,1.005,10,0.0613565002788107
0,down,0.5,1.005,11,0.061741433814255516
0,down,2.0,1.005,0,0.02912093690616075
0,down,2.0,1.005,1,0.03014338717257658
0,down,2.0,1.005,2,0.003118795160760186
0,down,2.0,1.005,3,0.0048028948526769
0,down,2.0,1.005,4,0.02250439465229704
0,down,2.0,1.005,5,0.03026326086244808
0,down,2.0,1.005,6,0.00782368934836086
0,down,2.0,1.005,7,0.0033770560258705017
0,down,2.0,1.005,8,0.009425677006328782
0,down,2.0,1.005,9,0.029381756569124493
0,down,2.0,1.005,10,0.02976035074828644
0,down,2.0,1.005,11,0.02986814528375703
0,fresh,0.0,1.01,0,0.2767478987538686
0,fresh,0.0,1.01,1,0.29482298999029427
0,fresh,0.0,1.01,2,0.30245871252349826
0,fresh,0.0,1.01,3,0.3010193983084686
0,fresh,0.0,1.01,4,0.3031292092168566
0,fresh,0.0,1.01,5,0.3028279534062684
0,fresh,0.0,1.01,6,0.2969418236116612
0,fresh,0.0,1.01,7,0.3093600325162019
0,fresh,0.0,1.01,8,0.29959770418425286
0,fresh,0.0,1.01,9,0.2901527666758006
0,fresh,0.0,1.01,10,0.28718578647946896
0,fresh,0.0,1.01,11,0.2923786286948683
0,fresh,0.5,1.01,0,0.06558063306917866
0,fresh,0.5,1.01,1,0.12712221014549163
0,fresh,0.5,1.01,2,0.06496580506857788
0,fresh,0.5,1.01,3,0.12705854199572908
0,fresh,0.5,1.01,4,0.12702899220682612
0,fresh,0.5,1.01,5,0.12703554012268325
0,fresh,0.5,1.01,6,0.1271371553698143
0,fresh,0.5,1.01,7,0.06505847840239336
0,fresh,0.5,1.01,8,0.1270728764169971
0,fresh,0.5,1.01,9,0.1271668699997871
0,fresh,0.5,1.01,10,0.12740011921740413
0,fresh,0.5,1.01,11,0.12716838425880933
0,fresh,2.0,1.01,0,0.029330611121675954
0,fresh,2.0,1.01,1,0.0607198096579004
0,fresh,2.0,1.01,2,0.029603818033510407
0,fresh,2.0,1.01,3,0.06030878497919834
0,fresh,2.0,1.01,4,0.05995338213912807
0,fresh,2.0,1.01,5,0.06006586357037873
0,fresh,2.0,1.01,6,0.060252756800415544
0,fresh,2.0,1.01,7,0.018265276800263262
0,fresh,2.0,1.01,8,0.06041993166749891
0,fresh,2.0,1.01,9,0.03187633323143446
0,fresh,2.0,1.01,10,0.01736383034938304
0,fresh,2.0,1.01,11,0.06073263151691978
0,up,0.0,1.01,0,0.2547016059626287
0,up,0.0,1.01,1,0.2547016059626287
0,up,0.0,1.01,2,0.2547016059626287
0,up,0.0,1.01,3,0.2547016059626287
0,up,0.0,1.01,4,0.2547016059626287
0,up,0.0,1.01,5,0.2547016059626287
0,up,0.0,1.01,6,0.2547016059626287
0,up,0.0,1.01,7,0.2547016059626287
0,up,0.0,1.01,8,0.2547016059626287
0,up,0.0,1.01,9,0.2547016059626287
0,up,0.0,1.01,10,0.2547016059626287
0,up,0.0,1.01,11,0.2547016059626287
0,up,0.5,1.01,0,0.1819323786363784
0,up,0.5,1.01,1,0.1819323786363778
0,up,0.5,1.01,2,0.1819323786363784
0,up,0.5,1.01,3,0.1819323786363784
0,up,0.5,1.01,4,0.1819323786363784
0,up,0.5,1.01,5,0.1819323786363784
0,up,0.5,1.01,6,0.1819323786363784
0,up,0.5,1.01,7,0.1819323786363784
0,up,0.5,1.01,8,0.1819323786363784
0,up,0.5,1.01,9,0.1819323786363784
0,up,0.5,1.01,10,0.1819323786363784
0,up,0.5,1.01,11,0.1819323786363784
0,up,2.0,1.01,0,0.062395614855809765
0,up,2.0,1.01,1,0.062395614855809765
0,up,2.0,1.01,2,0.062395614855809765
0,up,2.0,1.01,3,0.062395614855809765
0,up,2.0,1.01,4,0.062395614855809765
0,up,2.0,1.01,5,0.062395614855809765
0,up,2.0,1.01,6,0.062395614855809765
0,up,2.0,1.01,7,0.062395614855809765
0,up,2.0,1.01,8,0.062395614855809765
0,up,2.0,1.01,9,0.062395614855809765
0,up,2.0,1.01,10,0.062395614855809765
0,up,2.0,1.01,11,0.062395614855809765
0,down,0.0,1.01,0,0.254809955679525
0,down,0.0,1.01,1,0.27455446941849915
0,down,0.0,1.01,2,0.2586611836512088
0,down,0.0,1.01,3,0.2915299835495193
0,down,0.0,1.01,4,0.3071923218852066
0,down,0.0,1.01,5,0.3074476672837
0,down,0.0,1.01,6,0.28327481556910244
0,down,0.0,1.01,7,0.30976051519413206
0,down,0.0,1.01,8,0.28282417538104937
0,down,0.0,1.01,9,0.25625917936875564
0,down,0.0,1.01,10,0.27091650660345296
0,down,0.0,1.01,11,0.2818287828777511
0,down,0.5,1.01,0,0.0647075804085398
0,down,0.5,1.01,1,0.12320804054609766
0,down,0.5,1.01,2,0.08862466098500249
0,down,0.5,1.01,3,0.09051355968692633
0,down,0.5,1.01,4,0.06480722215027526
0,down,0.5,1.01,5,0.09179824604853365
0,down,0.5,1.01,6,0.06755930933379772
0,down,0.5,1.01,7,0.0648722856764084
0,down,0.5,1.01,8,0.09032550608326347
0,down,0.5,1.01,9,0.09061859778106054
0,down,0.5,1.01,10,0.09071989137205265
0,down,0.5,1.01,11,0.0662454470459727
0,down,2.0,1.01,0,0.031100283434830372
0,down,2.0,1.01,1,0.029886805462757595
0,down,2.0,1.01,2,0.031193936873784762
0,down,2.0,1.01,3,0.031184086540552585
0,down,2.0,1.01,4,0.031111883656440117
0,down,2.0,1.01,5,0.029598934751904837
0,down,2.0,1.01,6,0.031149169415139115
0,down,2.0,1.01,7,0.031187114101153667
0,down,2.0,1.01,8,0.031135006688842847
0,down,2.0,1.01,9,0.030897009614831175
0,down,2.0,1.01,10,0.031009025663463488
0,down,2.0,1.01,11,0.030682248995300372
0,fresh,0.0,1.02,0,0.37997952958920217
0,fresh,0.0,1.02,1,0.38021412378628294
0,fresh,0.0,1.02,2,0.4072166116286574
0,fresh,0.0,1.02,3,0.38036269746822415
0,fresh,0.0,1.02,4,0.3804982530829534
0,fresh,0.0,1.02,5,0.3804634081411524
0,fresh,0.0,1.02,6,0.3805522820548487
0,fresh,0.0,1.02,7,0.382837526813913
0,fresh,0.0,1.02,8,0.3803224656723995
0,fresh,0.0,1.02,9,0.38011101064801645
0,fresh,0.0,1.02,10,0.38013933081611273
0,fresh,0.0,1.02,11,0.3802576394309872
0,fresh,0.5,1.02,0,0.12185331268195804
0,fresh,0.5,1.02,1,0.19089224996669807
0,fresh,0.5,1.02,2,0.10448340296551217
0,fresh,0.5,1.02,3,0.19052757359199798
0,fresh,0.5,1.02,4,0.19043476227074108
0,fresh,0.5,1.02,5,0.19043680469155755
0,fresh,0.5,1.02,6,0.19179054560774578
0,fresh,0.5,1.02,7,0.10758765558316716
0,fresh,0.5,1.02,8,0.19061160854149412
0,fresh,0.5,1.02,9,0.19106802604073536
0,fresh,0.5,1.02,10,0.1948195652822319
0,fresh,0.5,1.02,11,0.1914761418500276
0,fresh,2.0,1.02,0,0.033847026703103
0,fresh,2.0,1.02,1,0.06492112648795467
0,fresh,2.0,1.02,2,0.03394223256763142
0,fresh,2.0,1.02,3,0.06483141915053123
0,fresh,2.0,1.02,4,0.06477676276594174
0,fresh,2.0,1.02,5,0.0648007934390828
0,fresh,2.0,1.02,6,0.06482582328366358
0,fresh,2.0,1.02,7,0.034912036126999724
0,fresh,2.0,1.02,8,0.06484777351408787
0,fresh,2.0,1.02,9,0.05934088665594315
0,fresh,2.0,1.02,10,0.03708175138170315
0,fresh,2.0,1.02,11,0.06495293158684665
0,up,0.0,1.02,0,0.3805236253623181
0,up,0.0,1.02,1,0.3805236253623181
0,up,0.0,1.02,2,0.3805236253623181
0,up,0.0,1.02,3,0.3805236253623181
0,up,0.0,1.02,4,0.3805236253623181
0,up,0.0,1.02,5,0.3805236253623181
0,up,0.0,1.02,6,0.3805236253623181
0,up,0.0,1.02,7,0.3805236253623181
0,up,0.0,1.02,8,0.3805236253623181
0,up,0.0,1.02,9,0.3805236253623181
0,up,0.0,1.02,10,0.3805236253623181
0,up,0.0,1.02,11,0.3805236253623181
0,up,0.5,1.02,0,0.18979192904393813
0,up,0.5,1.02,1,0.18979192904393755
0,up,0.5,1.02,2,0.18979192904393813
0,up,0.5,1.02,3,0.18979192904393813
0,up,0.5,1.02,4,0.18979192904393813
0,up,0.5,1.02,5,0.18979192904393813
0,up,0.5,1.02,6,0.18979192904393813
0,up,0.5,1.02,7,0.18979192904393813
0,up,0.5,1.02,8,0.18979192904393813
0,up,0.5,1.02,9,0.18979192904393813
0,up,0.5,1.02,10,0.18979192904393813
0,up,0.5,1.02,11,0.18979192904393813
0,up,2.0,1.02,0,0.1090756977888148
0,up,2.0,1.02,1,0.10907569778883905
0,up,2.0,1.02,2,0.1090756977888148
0,up,2.0,1.02,3,0.1090756977888148
0,up,2.0,1.02,4,0.1090756977888148
0,up,2.0,1.02,5,0.1090756977888148
0,up,2.0,1.02,6,0.1090756977888148
0,up,2.0,1.02,7,0.1090756977888148
0,up,2.0,1.02,8,0.1090756977888148
0,up,2.0,1.02,9,0.1090756977888148
0,up,2.0,1.02,10,0.1090756977888148
0,up,2.0,1.02,11,0.1090756977888148
0,down,0.0,1.02,0,0.3801217186833105
0,down,0.0,1.02,1,0.3892489998104793
0,down,0.0,1.02,2,0.381488932623522
0,down,0.0,1.02,3,0.4063189567769587
0,down,0.0,1.02,4,0.4267219350645973
0,down,0.0,1.02,5,0.4283390730790484
0,down,0.0,1.02,6,0.4066490415378439
0,down,0.0,1.02,7,0.40370405915895846
0,down,0.0,1.02,8,0.4041094845830298
0,down,0.0,1.02,9,0.38083357018287417
0,down,0.0,1.02,10,0.38655167891411113
0,down,0.0,1.02,11,0.4058670478505701
0,down,0.5,1.02,0,0.09839122887424764
0,down,0.5,1.02,1,0.15453101016102663
0,down,0.5,1.02,2,0.1488815156674866
0,down,0.5,1.02,3,0.11979752765132162
0,down,0.5,1.02,4,0.10532292159457371
0,down,0.5,1.02,5,0.19094944992667365
0,down,0.5,1.02,6,0.12380472178703714
0,down,0.5,1.02,7,0.09818574417685226
0,down,0.5,1.02,8,0.18580992876933577
0,down,0.5,1.02,9,0.12258425628861461
0,down,0.5,1.02,10,0.11792221281750244
0,down,0.5,1.02,11,0.12042256904481065
0,down,2.0,1.02,0,0.03923373682767135
0,down,2.0,1.02,1,0.039289722329869506
0,down,2.0,1.02,2,0.03417692955529247
0,down,2.0,1.02,3,0.03526703570604809
0,down,2.0,1.02,4,0.03402757537548667
0,down,2.0,1.02,5,0.05854807970962782
0,down,2.0,1.02,6,0.03383104023770898
0,down,2.0,1.02,7,0.03402020515645859
0,down,2.0,1.02,8,0.034027471447041074
0,down,2.0,1.02,9,0.034384055512272194
0,down,2.0,1.02,10,0.049829118279398586
0,down,2.0,1.02,11,0.035237231418359445
0,fresh,0.0,1.05,0,0.6348885130847601
0,fresh,0.0,1.05,1,0.632025601481704
0,fresh,0.0,1.05,2,0.6318150086054481
0,fresh,0.0,1.05,3,0.63145436375265
0,fresh,0.0,1.05,4,0.6312065205345296
0,fresh,0.0,1.05,5,0.6312477809108766
0,fresh,0.0,1.05,6,0.6317091682499107
0,fresh,0.0,1.05,7,0.6303417093992886
0,fresh,0.0,1.05,8,0.6315922299628736
0,fresh,0.0,1.05,9,0.6324586860344765
0,fresh,0.0,1.05,10,0.6328411765675004
0,fresh,0.0,1.05,11,0.6322077136275115
0,fresh,0.5,1.05,0,0.19091383828600916
0,fresh,0.5,1.05,1,0.3243046450350026
0,fresh,0.5,1.05,2,0.1865793503949865
0,fresh,0.5,1.05,3,0.3186977767732585
0,fresh,0.5,1.05,4,0.31807470276475935
0,fresh,0.5,1.05,5,0.31797433626195676
0,fresh,0.5,1.05,6,0.3085620989609879
0,fresh,0.5,1.05,7,0.1840433151317419
0,fresh,0.5,1.05,8,0.3197490247185447
0,fresh,0.5,1.05,9,0.32723835971723986
0,fresh,0.5,1.05,10,0.31091521939037325
0,fresh,0.5,1.05,11,0.30764972557357245
0,fresh,2.0,1.05,0,0.06563992434379944
0,fresh,2.0,1.05,1,0.1293186009878082
0,fresh,2.0,1.05,2,0.0657785490986875
0,fresh,2.0,1.05,3,0.13157548923074475
0,fresh,2.0,1.05,4,0.12935769474149006
0,fresh,2.0,1.05,5,0.13025098472268518
0,fresh,2.0,1.05,6,0.11468339600389553
0,fresh,2.0,1.05,7,0.06620600847083385
0,fresh,2.0,1.05,8,0.1324948284405773
0,fresh,2.0,1.05,9,0.08563906316130905
0,fresh,2.0,1.05,10,0.08457466052394372
0,fresh,2.0,1.05,11,0.12088690860884913
0,up,0.0,1.05,0,0.6383317031962136
0,up,0.0,1.05,1,0.6383317031962136
0,up,0.0,1.05,2,0.6383317031962136
0,up,0.0,1.05,3,0.6383317031962136
0,up,0.0,1.05,4,0.6383317031962136
0,up,0.0,1.05,5,0.6383317031962136
0,up,0.0,1.05,6,0.6383317031962136
0,up,0.0,1.05,7,0.6383317031962136
0,up,0.0,1.05,8,0.6383317031962136
0,up,0.0,1.05,9,0.6383317031962136
0,up,0.0,1.05,10,0.6383317031962136
0,up,0.0,1.05,11,0.6383317031962136
0,up,0.5,1.05,0,0.3155327607708638
0,up,0.5,1.05,1,0.31553276077086967
0,up,0.5,1.05,2,0.3155327607708638
0,up,0.5,1.05,3,0.3155327607708638
0,up,0.5,1.05,4,0.3155327607708638
0,up,0.5,1.05,5,0.3155327607708638
0,up,0.5,1.05,6,0.3155327607708638
0,up,0.5,1.05,7,0.3155327607708638
0,up,0.5,1.05,8,0.3155327607708638
0,up,0.5,1.05,9,0.3155327607708638
0,up,0.5,1.05,10,0.3155327607708638
0,up,0.5,1.05,11,0.3155327607708638
0,up,2.0,1.05,0,0.12835801805249913
0,up,2.0,1.05,1,0.1283580180525
0,up,2.0,1.05,2,0.12835801805249913
0,up,2.0,1.05,3,0.12835801805249913
0,up,2.0,1.05,4,0.12835801805249913
0,up,2.0,1.05,5,0.12835801805249913
0,up,2.0,1.05,6,0.12835801805249913
0,up,2.0,1.05,7,0.12835801805249913
0,up,2.0,1.05,8,0.12835801805249913
0,up,2.0,1.05,9,0.12835801805249913
0,up,2.0,1.05,10,0.12835801805249913
0,up,2.0,1.05,11,0.12835801805249913
0,down,0.0,1.05,0,0.6450537981446995
0,down,0.0,1.05,1,0.647936180019874
0,down,0.0,1.05,2,0.6513176718741374
0,down,0.0,1.05,3,0.6388374881127084
0,down,0.0,1.05,4,0.6329455431254383
0,down,0.0,1.05,5,0.6329355537212018
0,down,0.0,1.05,6,0.6403643429120166
0,down,0.0,1.05,7,0.6302629841067915
0,down,0.0,1.05,8,0.6513980535181532
0,down,0.0,1.05,9,0.6583945602168273
0,down,0.0,1.05,10,0.6370027428483581
0,down,0.0,1.05,11,0.635347169316492
0,down,0.5,1.05,0,0.1845777136764127
0,down,0.5,1.05,1,0.2699104153955182
0,down,0.5,1.05,2,0.21965839633679707
0,down,0.5,1.05,3,0.3101802498865811
0,down,0.5,1.05,4,0.18109343334352845
0,down,0.5,1.05,5,0.31498423926113783
0,down,0.5,1.05,6,0.20726034389484085
0,down,0.5,1.05,7,0.1857649278606891
0,down,0.5,1.05,8,0.2532382897820946
0,down,0.5,1.05,9,0.1875111963460904
0,down,0.5,1.05,10,0.19058711905875952
0,down,0.5,1.05,11,0.20472465400964665
0,down,2.0,1.05,0,0.0653279916084159
0,down,2.0,1.05,1,0.07388917601176218
0,down,2.0,1.05,2,0.06575291090676387
0,down,2.0,1.05,3,0.06546054422494933
0,down,2.0,1.05,4,0.06699507464127691
0,down,2.0,1.05,5,0.06745967147141357
0,down,2.0,1.05,6,0.06754078188596452
0,down,2.0,1.05,7,0.06603209366044041
0,down,2.0,1.05,8,0.06656768368396171
0,down,2.0,1.05,9,0.08453327205672678
0,down,2.0,1.05,10,0.0653974666012519
0,down,2.0,1.05,11,0.08281933238725572
0,fresh,0.0,1.1,0,0.9241535914188205
0,fresh,0.0,1.1,1,0.9331680682949812
0,fresh,0.0,1.1,2,0.918682186910559
0,fresh,0.0,1.1,3,0.9346668932873164
0,fresh,0.0,1.1,4,0.9351730042857487
0,fresh,0.0,1.1,5,0.9351072826390758
0,fresh,0.0,1.1,6,0.9335667228015316
0,fresh,0.0,1.1,7,0.9352522566544943
0,fresh,0.0,1.1,8,0.9343214903256404
0,fresh,0.0,1.1,9,0.9320004566491473
0,fresh,0.0,1.1,10,0.9305389233975339
0,fresh,0.0,1.1,11,0.9324404365278465
0,fresh,0.5,1.1,0,0.3113014001545829
0,fresh,0.5,1.1,1,0.445038171144996
0,fresh,0.5,1.1,2,0.2883132326176966
0,fresh,0.5,1.1,3,0.44417243692998387
0,fresh,0.5,1.1,4,0.44386845219149607
0,fresh,0.5,1.1,5,0.44413225135573575
0,fresh,0.5,1.1,6,0.4319097646518987
0,fresh,0.5,1.1,7,0.2840171982452565
0,fresh,0.5,1.1,8,0.44413172000245216
0,fresh,0.5,1.1,9,0.44547092084730183
0,fresh,0.5,1.1,10,0.4355459957321187
0,fresh,0.5,1.1,11,0.44536235685750875
0,fresh,2.0,1.1,0,0.09949580459124016
0,fresh,2.0,1.1,1,0.18394885046469683
0,fresh,2.0,1.1,2,0.10135162187150035
0,fresh,2.0,1.1,3,0.18110944803165407
0,fresh,2.0,1.1,4,0.17953069014616913
0,fresh,2.0,1.1,5,0.17911637584053589
0,fresh,2.0,1.1,6,0.18327368245694564
0,fresh,2.0,1.1,7,0.11823283633873277
0,fresh,2.0,1.1,8,0.18204585336915724
0,fresh,2.0,1.1,9,0.14457384504176568
0,fresh,2.0,1.1,10,0.12166685914599132
0,fresh,2.0,1.1,11,0.18418867480311704
0,up,0.0,1.1,0,0.9290044136080615
0,up,0.0,1.1,1,0.9290044136080615
0,up,0.0,1.1,2,0.9290044136080615
0,up,0.0,1.1,3,0.9290044136080615
0,up,0.0,1.1,4,0.9290044136080615
0,up,0.0,1.1,5,0.9290044136080615
0,up,0.0,1.1,6,0.9290044136080615
0,up,0.0,1.1,7,0.9290044136080615
0,up,0.0,1.1,8,0.9290044136080615
0,up,0.0,1.1,9,0.9290044136080615
0,up,0.0,1.1,10,0.9290044136080615
0,up,0.0,1.1,11,0.9290044136080615
0,up,0.5,1.1,0,0.4733549367182792
0,up,0.5,1.1,1,0.47335493671828144
0,up,0.5,1.1,2,0.4733549367182792
0,up,0.5,1.1,3,0.4733549367182792
0,up,0.5,1.1,4,0.4733549367182792
0,up,0.5,1.1,5,0.4733549367182792
0,up,0.5,1.1,6,0.4733549367182792
0,up,0.5,1.1,7,0.4733549367182792
0,up,0.5,1.1,8,0.4733549367182792
0,up,0.5,1.1,9,0.4733549367182792
0,up,0.5,1.1,10,0.4733549367182792
0,up,0.5,1.1,11,0.4733549367182792
0,up,2.0,1.1,0,0.17251904459201994
0,up,2.0,1.1,1,0.1725190445920171
0,up,2.0,1.1,2,0.17251904459201994
0,up,2.0,1.1,3,0.17251904459201994
0,up,2.0,1.1,4,0.17251904459201994
0,up,2.0,1.1,5,0.17251904459201994
0,up,2.0,1.1,6,0.17251904459201994
0,up,2.0,1.1,7,0.17251904459201994
0,up,2.0,1.1,8,0.17251904459201994
0,up,2.0,1.1,9,0.17251904459201994
0,up,2.0,1.1,10,0.17251904459201994
0,up,2.0,1.1,11,0.17251904459201994
0,down,0.0,1.1,0,0.9216051102299456
0,down,0.0,1.1,1,0.901080760050345
0,down,0.0,1.1,2,0.9166886873910312
0,down,0.0,1.1,3,0.8925324682143742
0,down,0.0,1.1,4,0.9048393288337934
0,down,0.0,1.1,5,0.8985104099058526
0,down,0.0,1.1,6,0.9242950184327696
0,down,0.0,1.1,7,0.9356437275966891
0,down,0.0,1.1,8,0.8940528396929699
0,down,0.0,1.1,9,0.9070906823986888
0,down,0.0,1.1,10,0.9099708490212857
0,down,0.0,1.1,11,0.9133685767733528
0,down,0.5,1.1,0,0.2839035868990868
0,down,0.5,1.1,1,0.39017726185509216
0,down,0.5,1.1,2,0.3144456609584029
0,down,0.5,1.1,3,0.4150350706381778
0,down,0.5,1.1,4,0.2830337012002496
0,down,0.5,1.1,5,0.45838519466698585
0,down,0.5,1.1,6,0.3104144415843962
0,down,0.5,1.1,7,0.2752940295807502
0,down,0.5,1.1,8,0.36617195364884647
0,down,0.5,1.1,9,0.28007167327440924
0,down,0.5,1.1,10,0.36698873551621203
0,down,0.5,1.1,11,0.28399604232884823
0,down,2.0,1.1,0,0.11528216849223469
0,down,2.0,1.1,1,0.10068755548503135
0,down,2.0,1.1,2,0.11793977401462598
0,down,2.0,1.1,3,0.11614536986689301
0,down,2.0,1.1,4,0.11865586877921658
0,down,2.0,1.1,5,0.13175139129370222
0,down,2.0,1.1,6,0.11631057103007293
0,down,2.0,1.1,7,0.11792192427166412
0,down,2.0,1.1,8,0.11828718670878345
0,down,2.0,1.1,9,0.10122627930320618
0,down,2.0,1.1,10,0.11321945466190186
0,down,2.0,1.1,11,0.10871003338244307
0,fresh,0.0,1.2,0,1.3363499712026154
0,fresh,0.0,1.2,1,1.3293530312882984
0,fresh,0.0,1.2,2,1.325897323484699
0,fresh,0.0,1.2,3,1.3256050881223223
0,fresh,0.0,1.2,4,1.3244097145336562
0,fresh,0.0,1.2,5,1.324560533548733
0,fresh,0.0,1.2,6,1.3283108502069882
0,fresh,0.0,1.2,7,1.321811561927344
0,fresh,0.0,1.2,8,1.3264789491615485
0,fresh,0.0,1.2,9,1.3321223401756241
0,fresh,0.0,1.2,10,1.3330997286710635
0,fresh,0.0,1.2,11,1.3306633554854512
0,fresh,0.5,1.2,0,0.5267332520468329
0,fresh,0.5,1.2,1,0.6367662911765903
0,fresh,0.5,1.2,2,0.4446049592074235
0,fresh,0.5,1.2,3,0.6743036324727296
0,fresh,0.5,1.2,4,0.6687457790493387
0,fresh,0.5,1.2,5,0.678013084658424
0,fresh,0.5,1.2,6,0.6206738486818703
0,fresh,0.5,1.2,7,0.545446664951539
0,fresh,0.5,1.2,8,0.6541089693349407
0,fresh,0.5,1.2,9,0.6390711609981115
0,fresh,0.5,1.2,10,0.623322121259914
0,fresh,0.5,1.2,11,0.6389852702450599
0,fresh,2.0,1.2,0,0.16163854132105215
0,fresh,2.0,1.2,1,0.2605171863677576
0,fresh,2.0,1.2,2,0.16256630795058807
0,fresh,2.0,1.2,3,0.25685147555837634
0,fresh,2.0,1.2,4,0.25620846616374027
0,fresh,2.0,1.2,5,0.25642201363386985
0,fresh,2.0,1.2,6,0.24708204748833323
0,fresh,2.0,1.2,7,0.16540186826236686
0,fresh,2.0,1.2,8,0.25721063043109516
0,fresh,2.0,1.2,9,0.24415336079313027
0,fresh,2.0,1.2,10,0.19047574389660465
0,fresh,2.0,1.2,11,0.2562655620230246
0,up,0.0,1.2,0,1.3228926044587614
0,up,0.0,1.2,1,1.3228926044587614
0,up,0.0,1.2,2,1.3228926044587614
0,up,0.0,1.2,3,1.3228926044587614
0,up,0.0,1.2,4,1.3228926044587614
0,up,0.0,1.2,5,1.3228926044587614
0,up,0.0,1.2,6,1.3228926044587614
0,up,0.0,1.2,7,1.3228926044587614
0,up,0.0,1.2,8,1.3228926044587614
0,up,0.0,1.2,9,1.3228926044587614
0,up,0.0,1.2,10,1.3228926044587614
0,up,0.0,1.2,11,1.3228926044587614
0,up,0.5,1.2,0,0.6770229224034966
0,up,0.5,1.2,1,0.6770229224034933
0,up,0.5,1.2,2,0.6770229224034966
0,up,0.5,1.2,3,0.6770229224034966
0,up,0.5,1.2,4,0.6770229224034966
0,up,0.5,1.2,5,0.6770229224034966
0,up,0.5,1.2,6,0.6770229224034966
0,up,0.5,1.2,7,0.6770229224034966
0,up,0.5,1.2,8,0.6770229224034966
0,up,0.5,1.2,9,0.6770229224034966
0,up,0.5,1.2,10,0.6770229224034966
0,up,0.5,1.2,11,0.6770229224034966
0,up,2.0,1.2,0,0.2568955403459374
0,up,2.0,1.2,1,0.25689554034594064
0,up,2.0,1.2,2,0.2568955403459374
0,up,2.0,1.2,3,0.2568955403459374
0,up,2.0,1.2,4,0.2568955403459374
0,up,2.0,1.2,5,0.2568955403459374
0,up,2.0,1.2,6,0.2568955403459374
0,up,2.0,1.2,7,0.2568955403459374
0,up,2.0,1.2,8,0.2568955403459374
0,up,2.0,1.2,9,0.2568955403459374
0,up,2.0,1.2,10,0.2568955403459374
0,up,2.0,1.2,11,0.2568955403459374
0,down,0.0,1.2,0,1.3225267437091066
0,down,0.0,1.2,1,1.3218468191277566
0,down,0.0,1.2,2,1.3248906487789007
0,down,0.0,1.2,3,1.3218218984854093
0,down,0.0,1.2,4,1.3226059030547437
0,down,0.0,1.2,5,1.3222146622021431
0,down,0.0,1.2,6,1.3275543990937035
0,down,0.0,1.2,7,1.339074262962738
0,down,0.0,1.2,8,1.3218491192151736
0,down,0.0,1.2,9,1.3219085623557838
0,down,0.0,1.2,10,1.3221188529965866
0,down,0.0,1.2,11,1.3223541274055515
0,down,0.5,1.2,0,0.5073555140822452
0,down,0.5,1.2,1,0.6362102982875854
0,down,0.5,1.2,2,0.46741917474445926
0,down,0.5,1.2,3,0.632138970293745
0,down,0.5,1.2,4,0.6296746550020373
0,down,0.5,1.2,5,0.6397987856554175
0,down,0.5,1.2,6,0.5493047478360393
0,down,0.5,1.2,7,0.6076224654668148
0,down,0.5,1.2,8,0.6379963467467804
0,down,0.5,1.2,9,0.4421508178815543
0,down,0.5,1.2,10,0.5001821659811356
0,down,0.5,1.2,11,0.4369029344565513
0,down,2.0,1.2,0,0.16542076799319433
0,down,2.0,1.2,1,0.16116156191389167
0,down,2.0,1.2,2,0.16173159992161174
0,down,2.0,1.2,3,0.2538472557557276
0,down,2.0,1.2,4,0.2585872661471762
0,down,2.0,1.2,5,0.21785414044179136
0,down,2.0,1.2,6,0.16103170819221788
0,down,2.0,1.2,7,0.16167497014071358
0,down,2.0,1.2,8,0.2581947758633879
0,down,2.0,1.2,9,0.16114275552417837
0,down,2.0,1.2,10,0.16840221115547735
0,down,2.0,1.2,11,0.16279748550392753
0,fresh,0.0,1.5,0,2.232117625158537
0,fresh,0.0,1.5,1,2.2435994878406778
0,fresh,0.0,1.5,2,2.235034124744762
0,fresh,0.0,1.5,3,2.247590973493301
0,fresh,0.0,1.5,4,2.248485484465719
0,fresh,0.0,1.5,5,2.248469988926453
0,fresh,0.0,1.5,6,2.2432804329333873
0,fresh,0.0,1.5,7,2.242933421968388
0,fresh,0.0,1.5,8,2.2466541037210095
0,fresh,0.0,1.5,9,2.2406132903803355
0,fresh,0.0,1.5,10,2.238878274280081
0,fresh,0.0,1.5,11,2.2418334234213324
0,fresh,0.5,1.5,0,1.006181953328983
0,fresh,0.5,1.5,1,1.0853036066263586
0,fresh,0.5,1.5,2,0.8721537122549581
0,fresh,0.5,1.5,3,1.1220273227355664
0,fresh,0.5,1.5,4,1.1205305059045347
0,fresh,0.5,1.5,5,1.1207122607350102
0,fresh,0.5,1.5,6,1.0154348501092698
0,fresh,0.5,1.5,7,1.0781628454061851
0,fresh,0.5,1.5,8,1.119480714223435
0,fresh,0.5,1.5,9,1.1086955141857635
0,fresh,0.5,1.5,10,1.0586244423822149
0,fresh,0.5,1.5,11,1.0603320838661623
0,fresh,2.0,1.5,0,0.3100855606029157
0,fresh,2.0,1.5,1,0.43496192476421647
0,fresh,2.0,1.5,2,0.3177599667270494
0,fresh,2.0,1.5,3,0.4467585304345605
0,fresh,2.0,1.5,4,0.4419681754301461
0,fresh,2.0,1.5,5,0.44557569340133196
0,fresh,2.0,1.5,6,0.4245461057062768
0,fresh,2.0,1.5,7,0.3074172038214632
0,fresh,2.0,1.5,8,0.44660687109384944
0,fresh,2.0,1.5,9,0.42759618405609157
0,fresh,2.0,1.5,10,0.37306362473792953
0,fresh,2.0,1.5,11,0.431505989067348
0,up,0.0,1.5,0,2.235522318167236
0,up,0.0,1.5,1,2.235522318167236
0,up,0.0,1.5,2,2.235522318167236
0,up,0.0,1.5,3,2.235522318167236
0,up,0.0,1.5,4,2.235522318167236
0,up,0.0,1.5,5,2.235522318167236
0,up,0.0,1.5,6,2.235522318167236
0,up,0.0,1.5,7,2.235522318167236
0,up,0.0,1.5,8,2.235522318167236
0,up,0.0,1.5,9,2.235522318167236
0,up,0.0,1.5,10,2.235522318167236
0,up,0.0,1.5,11,2.235522318167236
0,up,0.5,1.5,0,1.114044328354315
0,up,0.5,1.5,1,1.1140443283543204
0,up,0.5,1.5,2,1.114044328354315
0,up,0.5,1.5,3,1.114044328354315
0,up,0.5,1.5,4,1.114044328354315
0,up,0.5,1.5,5,1.114044328354315
0,up,0.5,1.5,6,1.114044328354315
0,up,0.5,1.5,7,1.114044328354315
0,up,0.5,1.5,8,1.114044328354315
0,up,0.5,1.5,9,1.114044328354315
0,up,0.5,1.5,10,1.114044328354315
0,up,0.5,1.5,11,1.114044328354315
0,up,2.0,1.5,0,0.4438238731263624
0,up,2.0,1.5,1,0.4438238731263658
0,up,2.0,1.5,2,0.4438238731263624
0,up,2.0,1.5,3,0.4438238731263624
0,up,2.0,1.5,4,0.4438238731263624
0,up,2.0,1.5,5,0.4438238731263624
0,up,2.0,1.5,6,0.4438238731263624
0,up,2.0,1.5,7,0.4438238731263624
0,up,2.0,1.5,8,0.4438238731263624
0,up,2.0,1.5,9,0.4438238731263624
0,up,2.0,1.5,10,0.4438238731263624
0,up,2.0,1.5,11,0.4438238731263624
0,down,0.0,1.5,0,2.247207517965901
0,down,0.0,1.5,1,2.2476016019054406
0,down,0.0,1.5,2,2.238864674324026
0,down,0.0,1.5,3,2.2457662494027533
0,down,0.0,1.5,4,2.241274815368247
0,down,0.0,1.5,5,2.24281217058004
0,down,0.0,1.5,6,2.236695042984329
0,down,0.0,1.5,7,2.220775515734041
0,down,0.0,1.5,8,2.24622126202609
0,down,0.0,1.5,9,2.2486917157686617
0,down,0.0,1.5,10,2.2471371586979774
0,down,0.0,1.5,11,2.244820791198607
0,down,0.5,1.5,0,0.9342573838620474
0,down,0.5,1.5,1,1.0911750279025383
0,down,0.5,1.5,2,0.8799888317092922
0,down,0.5,1.5,3,1.121750073238486
0,down,0.5,1.5,4,1.121891205776061
0,down,0.5,1.5,5,1.1167378503960987
0,down,0.5,1.5,6,1.0096443879426733
0,down,0.5,1.5,7,1.11989715697108
0,down,0.5,1.5,8,1.0788431517443997
0,down,0.5,1.5,9,1.0347968277967237
0,down,0.5,1.5,10,0.9046607482611901
0,down,0.5,1.5,11,0.8856211266862237
0,down,2.0,1.5,0,0.31015459148539326
0,down,2.0,1.5,1,0.31141746841891915
0,down,2.0,1.5,2,0.3058147266816252
0,down,2.0,1.5,3,0.44663205042957826
0,down,2.0,1.5,4,0.44227985590006114
0,down,2.0,1.5,5,0.4451077685032163
0,down,2.0,1.5,6,0.3072556953222869
0,down,2.0,1.5,7,0.30659277632672144
0,down,2.0,1.5,8,0.44387681419583686
0,down,2.0,1.5,9,0.42540310191460207
0,down,2.0,1.5,10,0.31249428236381815
0,down,2.0,1.5,11,0.39251312606641076
0,fresh,0.0,2.0,0,3.4683344596316
0,fresh,0.0,2.0,1,3.466420720912327
0,fresh,0.0,2.0,2,3.4646119556698958
0,fresh,0.0,2.0,3,3.4636146567925854
0,fresh,0.0,2.0,4,3.462352981735689
0,fresh,0.0,2.0,5,3.462489058239239
0,fresh,0.0,2.0,6,3.465089148660033
0,fresh,0.0,2.0,7,3.460693676268898
0,fresh,0.0,2.0,8,3.464471340843816
0,fresh,0.0,2.0,9,3.468302064937603
0,fresh,0.0,2.0,10,3.466720142608736
0,fresh,0.0,2.0,11,3.4659782570253768
0,fresh,0.5,2.0,0,1.6539251453800397
0,fresh,0.5,2.0,1,1.7024661926325293
0,fresh,0.5,2.0,2,1.5066717774829361
0,fresh,0.5,2.0,3,1.731226653805317
0,fresh,0.5,2.0,4,1.721446528272216
0,fresh,0.5,2.0,5,1.7390680782888905
0,fresh,0.5,2.0,6,1.6077227169607011
0,fresh,0.5,2.0,7,1.7283978650479168
0,fresh,0.5,2.0,8,1.7091942539500196
0,fresh,0.5,2.0,9,1.7109444516145773
0,fresh,0.5,2.0,10,1.6489859611379298
0,fresh,0.5,2.0,11,1.6464235409447627
0,fresh,2.0,2.0,0,0.5345511768370861
0,fresh,2.0,2.0,1,0.6817679889405522
0,fresh,2.0,2.0,2,0.5415416416103296
0,fresh,2.0,2.0,3,0.691381228831845
0,fresh,2.0,2.0,4,0.681825552122496
0,fresh,2.0,2.0,5,0.6921482945682869
0,fresh,2.0,2.0,6,0.6382943927576741
0,fresh,2.0,2.0,7,0.5339153634444392
0,fresh,2.0,2.0,8,0.6853016569450734
0,fresh,2.0,2.0,9,0.6727208654959
0,fresh,2.0,2.0,10,0.6223675974463401
0,fresh,2.0,2.0,11,0.6514974716892047
0,up,0.0,2.0,0,3.463099892851562
0,up,0.0,2.0,1,3.463099892851562
0,up,0.0,2.0,2,3.463099892851562
0,up,0.0,2.0,3,3.463099892851562
0,up,0.0,2.0,4,3.463099892851562
0,up,0.0,2.0,5,3.463099892851562
0,up,0.0,2.0,6,3.463099892851562
0,up,0.0,2.0,7,3.463099892851562
0,up,0.0,2.0,8,3.463099892851562
0,up,0.0,2.0,9,3.463099892851562
0,up,0.0,2.0,10,3.463099892851562
0,up,0.0,2.0,11,3.463099892851562
0,up,0.5,2.0,0,1.740572858681753
0,up,0.5,2.0,1,1.7405728586817417
0,up,0.5,2.0,2,1.740572858681753
0,up,0.5,2.0,3,1.740572858681753
0,up,0.5,2.0,4,1.740572858681753
0,up,0.5,2.0,5,1.740572858681753
0,up,0.5,2.0,6,1.740572858681753
0,up,0.5,2.0,7,1.740572858681753
0,up,0.5,2.0,8,1.740572858681753
0,up,0.5,2.0,9,1.740572858681753
0,up,0.5,2.0,10,1.740572858681753
0,up,0.5,2.0,11,1.740572858681753
0,up,2.0,2.0,0,0.6924377021637076
0,up,2.0,2.0,1,0.6924377021637094
0,up,2.0,2.0,2,0.6924377021637076
0,up,2.0,2.0,3,0.6924377021637076
0,up,2.0,2.0,4,0.6924377021637076
0,up,2.0,2.0,5,0.6924377021637076
0,up,2.0,2.0,6,0.6924377021637076
0,up,2.0,2.0,7,0.6924377021637076
0,up,2.0,2.0,8,0.6924377021637076
0,up,2.0,2.0,9,0.6924377021637076
0,up,2.0,2.0,10,0.6924377021637076
0,up,2.0,2.0,11,0.6924377021637076
0,down,0.0,2.0,0,3.4683344596316017
0,down,0.0,2.0,1,3.4664207209122653
0,down,0.0,2.0,2,3.4646119556697945
0,down,0.0,2.0,3,3.4636146567925583
0,down,0.0,2.0,4,3.462352981735676
0,down,0.0,2.0,5,3.4624890582392025
0,down,0.0,2.0,6,3.4650891486599775
0,down,0.0,2.0,7,3.460693676268906
0,down,0.0,2.0,8,3.4644713408439265
0,down,0.0,2.0,9,3.46830206493762
0,down,0.0,2.0,10,3.4667201426087133
0,down,0.0,2.0,11,3.4659782570253355
0,down,0.5,2.0,0,1.6539251453800352
0,down,0.5,2.0,1,1.7024661926326674
0,down,0.5,2.0,2,1.5066717774829494
0,down,0.5,2.0,3,1.7312266538053172
0,down,0.5,2.0,4,1.7214465282722164
0,down,0.5,2.0,5,1.739068078288874
0,down,0.5,2.0,6,1.6077227169604638
0,down,0.5,2.0,7,1.7283978650479468
0,down,0.5,2.0,8,1.7091942539500233
0,down,0.5,2.0,9,1.71094445161457
0,down,0.5,2.0,10,1.648985961137911
0,down,0.5,2.0,11,1.64642354094474
0,down,2.0,2.0,0,0.5345511768370932
0,down,2.0,2.0,1,0.681767988940561
0,down,2.0,2.0,2,0.5415416416103438
0,down,2.0,2.0,3,0.6913812288318417
0,down,2.0,2.0,4,0.6818255521224832
0,down,2.0,2.0,5,0.6921482945682884
0,down,2.0,2.0,6,0.6382943927576734
0,down,2.0,2.0,7,0.5339153634444388
0,down,2.0,2.0,8,0.6853016569450783
0,down,2.0,2.0,9,0.672720865495902
0,down,2.0,2.0,10,0.6223675974463856
0,down,2.0,2.0,11,0.6514974716891719
200,fresh,0.0,0.0,0,1.524135552856243e-175
200,fresh,0.0,0.0,1,2.2003870160057805e-175
200,fresh,0.0,0.0,2,3.922571209456154e-176
200,fresh,0.0,0.0,3,2.8239571692715023e-176
200,fresh,0.0,0.0,4,1.3304202850063294e-176
200,fresh,0.0,0.0,5,1.4929590080525009e-176
200,fresh,0.0,0.0,6,5.403821259265426e-175
200,fresh,0.0,0.0,7,-2.0185931212971407e-176
200,fresh,0.0,0.0,8,4.389002444883815e-176
200,fresh,0.0,0.0,9,-1.1559551554955705e-174
200,fresh,0.0,0.0,10,-6.413525478323923e-176
200,fresh,0.0,0.0,11,-1.8859634762826174e-175
200,fresh,0.5,0.0,0,1.9363352132561835e-89
200,fresh,0.5,0.0,1,0.0
200,fresh,0.5,0.0,2,1.412319547692543e-89
200,fresh,0.5,0.0,3,2.010535311817819e-89
200,fresh,0.5,0.0,4,9.441783877304105e-90
200,fresh,0.5,0.0,5,1.0753938313043968e-89
200,fresh,0.5,0.0,6,8.967169552595785e-89
200,fresh,0.5,0.0,7,-1.4569798453779096e-89
200,fresh,0.5,0.0,8,2.9551278049524198e-89
200,fresh,0.5,0.0,9,-3.338997412351508e-89
200,fresh,0.5,0.0,10,-2.0276877328759617e-89
200,fresh,0.5,0.0,11,-5.2383589259220765e-89
200,fresh,2.0,0.0,0,1.003645929580209e-37
200,fresh,2.0,0.0,1,0.0
200,fresh,2.0,0.0,2,1.215552454358584e-37
200,fresh,2.0,0.0,3,2.5941330092273844e-37
200,fresh,2.0,0.0,4,1.2174844292123788e-37
200,fresh,2.0,0.0,5,1.3996688656351858e-37
200,fresh,2.0,0.0,6,5.116972755856134e-37
200,fresh,2.0,0.0,7,-1.898722758832879e-37
200,fresh,2.0,0.0,8,3.646180846223219e-37
200,fresh,2.0,0.0,9,-1.3820877636041952e-37
200,fresh,2.0,0.0,10,-1.6291915350143139e-37
200,fresh,2.0,0.0,11,-3.779043134051831e-37
200,up,0.0,0.0,0,1.524135552856243e-175
200,up,0.0,0.0,1,2.2003870160057805e-175
200,up,0.0,0.0,2,3.922571209456154e-176
200,up,0.0,0.0,3,2.8239571692715023e-176
200,up,0.0,0.0,4,1.3304202850063294e-176
200,up,0.0,0.0,5,1.4929590080525009e-176
200,up,0.0,0.0,6,5.403821259265426e-175
200,up,0.0,0.0,7,-2.0185931212971407e-176
200,up,0.0,0.0,8,4.389002444883815e-176
200,up,0.0,0.0,9,-1.1559551554955705e-174
200,up,0.0,0.0,10,-6.413525478323923e-176
200,up,0.0,0.0,11,-1.8859634762826174e-175
200,up,0.5,0.0,0,1.9363352132561835e-89
200,up,0.5,0.0,1,0.0
200,up,0.5,0.0,2,1.412319547692543e-89
200,up,0.5,0.0,3,2.010535311817819e-89
200,up,0.5,0.0,4,9.441783877304105e-90
200,up,0.5,0.0,5,1.0753938313043968e-89
200,up,0.5,0.0,6,8.967169552595785e-89
200,up,0.5,0.0,7,-1.4569798453779096e-89
200,up,0.5,0.0,8,2.9551278049524198e-89
200,up,0.5,0.0,9,-3.338997412351508e-89
200,up,0.5,0.0,10,-2.0276877328759617e-89
200,up,0.5,0.0,11,-5.2383589259220765e-89
200,up,2.0,0.0,0,1.003645929580209e-37
200,up,2.0,0.0,1,0.0
200,up,2.0,0.0,2,1.215552454358584e-37
200,up,2.0,0.0,3,2.5941330092273844e-37
200,up,2.0,0.0,4,1.2174844292123788e-37
200,up,2.0,0.0,5,1.3996688656351858e-37
200,up,2.0,0.0,6,5.116972755856134e-37
200,up,2.0,0.0,7,-1.898722758832879e-37
200,up,2.0,0.0,8,3.646180846223219e-37
200,up,2.0,0.0,9,-1.3820877636041952e-37
200,up,2.0,0.0,10,-1.6291915350143139e-37
200,up,2.0,0.0,11,-3.779043134051831e-37
200,down,0.0,0.0,0,0.0
200,down,0.0,0.0,1,0.0
200,down,0.0,0.0,2,0.0
200,down,0.0,0.0,3,0.0
200,down,0.0,0.0,4,0.0
200,down,0.0,0.0,5,0.0
200,down,0.0,0.0,6,0.0
200,down,0.0,0.0,7,0.0
200,down,0.0,0.0,8,0.0
200,down,0.0,0.0,9,0.0
200,down,0.0,0.0,10,0.0
200,down,0.0,0.0,11,0.0
200,down,0.5,0.0,0,0.0
200,down,0.5,0.0,1,0.0
200,down,0.5,0.0,2,0.0
200,down,0.5,0.0,3,0.0
200,down,0.5,0.0,4,0.0
200,down,0.5,0.0,5,0.0
200,down,0.5,0.0,6,0.0
200,down,0.5,0.0,7,0.0
200,down,0.5,0.0,8,0.0
200,down,0.5,0.0,9,0.0
200,down,0.5,0.0,10,0.0
200,down,0.5,0.0,11,0.0
200,down,2.0,0.0,0,0.0
200,down,2.0,0.0,1,0.0
200,down,2.0,0.0,2,0.0
200,down,2.0,0.0,3,0.0
200,down,2.0,0.0,4,0.0
200,down,2.0,0.0,5,0.0
200,down,2.0,0.0,6,0.0
200,down,2.0,0.0,7,0.0
200,down,2.0,0.0,8,0.0
200,down,2.0,0.0,9,0.0
200,down,2.0,0.0,10,0.0
200,down,2.0,0.0,11,0.0
200,fresh,0.0,0.5,0,0.0
200,fresh,0.0,0.5,1,0.0
200,fresh,0.0,0.5,2,0.0
200,fresh,0.0,0.5,3,0.0
200,fresh,0.0,0.5,4,0.0
200,fresh,0.0,0.5,5,0.0
200,fresh,0.0,0.5,6,0.0
200,fresh,0.0,0.5,7,0.0
200,fresh,0.0,0.5,8,0.0
200,fresh,0.0,0.5,9,0.0
200,fresh,0.0,0.5,10,0.0
200,fresh,0.0,0.5,11,0.0
200,fresh,0.5,0.5,0,0.0
200,fresh,0.5,0.5,1,0.0
200,fresh,0.5,0.5,2,0.0
200,fresh,0.5,0.5,3,0.0
200,fresh,0.5,0.5,4,0.0
200,fresh,0.5,0.5,5,0.0
200,fresh,0.5,0.5,6,0.0
200,fresh,0.5,0.5,7,0.0
200,fresh,0.5,0.5,8,0.0
200,fresh,0.5,0.5,9,0.0
200,fresh,0.5,0.5,10,0.0
200,fresh,0.5,0.5,11,0.0
200,fresh,2.0,0.5,0,0.0
200,fresh,2.0,0.5,1,0.0
200,fresh,2.0,0.5,2,0.0
200,fresh,2.0,0.5,3,0.0
200,fresh,2.0,0.5,4,0.0
200,fresh,2.0,0.5,5,0.0
200,fresh,2.0,0.5,6,0.0
200,fresh,2.0,0.5,7,0.0
200,fresh,2.0,0.5,8,0.0
200,fresh,2.0,0.5,9,0.0
200,fresh,2.0,0.5,10,0.0
200,fresh,2.0,0.5,11,0.0
200,up,0.0,0.5,0,0.0
200,up,0.0,0.5,1,0.0
200,up,0.0,0.5,2,0.0
200,up,0.0,0.5,3,0.0
200,up,0.0,0.5,4,0.0
200,up,0.0,0.5,5,0.0
200,up,0.0,0.5,6,0.0
200,up,0.0,0.5,7,0.0
200,up,0.0,0.5,8,0.0
200,up,0.0,0.5,9,0.0
200,up,0.0,0.5,10,0.0
200,up,0.0,0.5,11,0.0
200,up,0.5,0.5,0,0.0
200,up,0.5,0.5,1,0.0
200,up,0.5,0.5,2,0.0
200,up,0.5,0.5,3,0.0
200,up,0.5,0.5,4,0.0
200,up,0.5,0.5,5,0.0
200,up,0.5,0.5,6,0.0
200,up,0.5,0.5,7,0.0
200,up,0.5,0.5,8,0.0
200,up,0.5,0.5,9,0.0
200,up,0.5,0.5,10,0.0
200,up,0.5,0.5,11,0.0
200,up,2.0,0.5,0,0.0
200,up,2.0,0.5,1,0.0
200,up,2.0,0.5,2,0.0
200,up,2.0,0.5,3,0.0
200,up,2.0,0.5,4,0.0
200,up,2.0,0.5,5,0.0
200,up,2.0,0.5,6,0.0
200,up,2.0,0.5,7,0.0
200,up,2.0,0.5,8,0.0
200,up,2.0,0.5,9,0.0
200,up,2.0,0.5,10,0.0
200,up,2.0,0.5,11,0.0
200,down,0.0,0.5,0,0.0
200,down,0.0,0.5,1,0.0
200,down,0.0,0.5,2,0.0
200,down,0.0,0.5,3,0.0
200,down,0.0,0.5,4,0.0
200,down,0.0,0.5,5,0.0
200,down,0.0,0.5,6,0.0
200,down,0.0,0.5,7,0.0
200,down,0.0,0.5,8,0.0
200,down,0.0,0.5,9,0.0
200,down,0.0,0.5,10,0.0
200,down,0.0,0.5,11,0.0
200,down,0.5,0.5,0,0.0
200,down,0.5,0.5,1,0.0
200,down,0.5,0.5,2,0.0
200,down,0.5,0.5,3,0.0
200,down,0.5,0.5,4,0.0
200,down,0.5,0.5,5,0.0
200,down,0.5,0.5,6,0.0
200,down,0.5,0.5,7,0.0
200,down,0.5,0.5,8,0.0
200,down,0.5,0.5,9,0.0
200,down,0.5,0.5,10,0.0
200,down,0.5,0.5,11,0.0
200,down,2.0,0.5,0,0.0
200,down,2.0,0.5,1,0.0
200,down,2.0,0.5,2,0.0
200,down,2.0,0.5,3,0.0
200,down,2.0,0.5,4,0.0
200,down,2.0,0.5,5,0.0
200,down,2.0,0.5,6,0.0
200,down,2.0,0.5,7,0.0
200,down,2.0,0.5,8,0.0
200,down,2.0,0.5,9,0.0
200,down,2.0,0.5,10,0.0
200,down,2.0,0.5,11,0.0
200,fresh,0.0,0.8,0,0.0
200,fresh,0.0,0.8,1,0.0
200,fresh,0.0,0.8,2,0.0
200,fresh,0.0,0.8,3,0.0
200,fresh,0.0,0.8,4,0.0
200,fresh,0.0,0.8,5,0.0
200,fresh,0.0,0.8,6,0.0
200,fresh,0.0,0.8,7,0.0
200,fresh,0.0,0.8,8,0.0
200,fresh,0.0,0.8,9,0.0
200,fresh,0.0,0.8,10,0.0
200,fresh,0.0,0.8,11,0.0
200,fresh,0.5,0.8,0,0.0
200,fresh,0.5,0.8,1,0.0
200,fresh,0.5,0.8,2,0.0
200,fresh,0.5,0.8,3,0.0
200,fresh,0.5,0.8,4,0.0
200,fresh,0.5,0.8,5,0.0
200,fresh,0.5,0.8,6,0.0
200,fresh,0.5,0.8,7,0.0
200,fresh,0.5,0.8,8,0.0
200,fresh,0.5,0.8,9,0.0
200,fresh,0.5,0.8,10,0.0
200,fresh,0.5,0.8,11,0.0
200,fresh,2.0,0.8,0,0.0
200,fresh,2.0,0.8,1,0.0
200,fresh,2.0,0.8,2,0.0
200,fresh,2.0,0.8,3,0.0
200,fresh,2.0,0.8,4,0.0
200,fresh,2.0,0.8,5,0.0
200,fresh,2.0,0.8,6,0.0
200,fresh,2.0,0.8,7,0.0
200,fresh,2.0,0.8,8,0.0
200,fresh,2.0,0.8,9,0.0
200,fresh,2.0,0.8,10,0.0
200,fresh,2.0,0.8,11,0.0
200,up,0.0,0.8,0,0.0
200,up,0.0,0.8,1,0.0
200,up,0.0,0.8,2,0.0
200,up,0.0,0.8,3,0.0
200,up,0.0,0.8,4,0.0
200,up,0.0,0.8,5,0.0
200,up,0.0,0.8,6,0.0
200,up,0.0,0.8,7,0.0
200,up,0.0,0.8,8,0.0
200,up,0.0,0.8,9,0.0
200,up,0.0,0.8,10,0.0
200,up,0.0,0.8,11,0.0
200,up,0.5,0.8,0,0.0
200,up,0.5,0.8,1,0.0
200,up,0.5,0.8,2,0.0
200,up,0.5,0.8,3,0.0
200,up,0.5,0.8,4,0.0
200,up,0.5,0.8,5,0.0
200,up,0.5,0.8,6,0.0
200,up,0.5,0.8,7,0.0
200,up,0.5,0.8,8,0.0
200,up,0.5,0.8,9,0.0
200,up,0.5,0.8,10,0.0
200,up,0.5,0.8,11,0.0
200,up,2.0,0.8,0,0.0
200,up,2.0,0.8,1,0.0
200,up,2.0,0.8,2,0.0
200,up,2.0,0.8,3,0.0
200,up,2.0,0.8,4,0.0
200,up,2.0,0.8,5,0.0
200,up,2.0,0.8,6,0.0
200,up,2.0,0.8,7,0.0
200,up,2.0,0.8,8,0.0
200,up,2.0,0.8,9,0.0
200,up,2.0,0.8,10,0.0
200,up,2.0,0.8,11,0.0
200,down,0.0,0.8,0,0.0
200,down,0.0,0.8,1,0.0
200,down,0.0,0.8,2,0.0
200,down,0.0,0.8,3,0.0
200,down,0.0,0.8,4,0.0
200,down,0.0,0.8,5,0.0
200,down,0.0,0.8,6,0.0
200,down,0.0,0.8,7,0.0
200,down,0.0,0.8,8,0.0
200,down,0.0,0.8,9,0.0
200,down,0.0,0.8,10,0.0
200,down,0.0,0.8,11,0.0
200,down,0.5,0.8,0,0.0
200,down,0.5,0.8,1,0.0
200,down,0.5,0.8,2,0.0
200,down,0.5,0.8,3,0.0
200,down,0.5,0.8,4,0.0
200,down,0.5,0.8,5,0.0
200,down,0.5,0.8,6,0.0
200,down,0.5,0.8,7,0.0
200,down,0.5,0.8,8,0.0
200,down,0.5,0.8,9,0.0
200,down,0.5,0.8,10,0.0
200,down,0.5,0.8,11,0.0
200,down,2.0,0.8,0,0.0
200,down,2.0,0.8,1,0.0
200,down,2.0,0.8,2,0.0
200,down,2.0,0.8,3,0.0
200,down,2.0,0.8,4,0.0
200,down,2.0,0.8,5,0.0
200,down,2.0,0.8,6,0.0
200,down,2.0,0.8,7,0.0
200,down,2.0,0.8,8,0.0
200,down,2.0,0.8,9,0.0
200,down,2.0,0.8,10,0.0
200,down,2.0,0.8,11,0.0
200,fresh,0.0,0.9,0,0.0
200,fresh,0.0,0.9,1,0.0
200,fresh,0.0,0.9,2,0.0
200,fresh,0.0,0.9,3,0.0
200,fresh,0.0,0.9,4,0.0
200,fresh,0.0,0.9,5,0.0
200,fresh,0.0,0.9,6,0.0
200,fresh,0.0,0.9,7,0.0
200,fresh,0.0,0.9,8,0.0
200,fresh,0.0,0.9,9,0.0
200,fresh,0.0,0.9,10,0.0
200,fresh,0.0,0.9,11,0.0
200,fresh,0.5,0.9,0,0.0
200,fresh,0.5,0.9,1,0.0
200,fresh,0.5,0.9,2,0.0
200,fresh,0.5,0.9,3,0.0
200,fresh,0.5,0.9,4,0.0
200,fresh,0.5,0.9,5,0.0
200,fresh,0.5,0.9,6,0.0
200,fresh,0.5,0.9,7,0.0
200,fresh,0.5,0.9,8,0.0
200,fresh,0.5,0.9,9,0.0
200,fresh,0.5,0.9,10,0.0
200,fresh,0.5,0.9,11,0.0
200,fresh,2.0,0.9,0,2.220446049250313e-18
200,fresh,2.0,0.9,1,2.220446049250313e-18
200,fresh,2.0,0.9,2,2.220446049250313e-18
200,fresh,2.0,0.9,3,2.220446049250313e-18
200,fresh,2.0,0.9,4,2.220446049250313e-18
200,fresh,2.0,0.9,5,2.220446049250313e-18
200,fresh,2.0,0.9,6,2.220446049250313e-18
200,fresh,2.0,0.9,7,0.0
200,fresh,2.0,0.9,8,2.220446049250313e-18
200,fresh,2.0,0.9,9,0.0
200,fresh,2.0,0.9,10,0.0
200,fresh,2.0,0.9,11,8.881784197001253e-18
200,up,0.0,0.9,0,0.0
200,up,0.0,0.9,1,0.0
200,up,0.0,0.9,2,0.0
200,up,0.0,0.9,3,0.0
200,up,0.0,0.9,4,0.0
200,up,0.0,0.9,5,0.0
200,up,0.0,0.9,6,0.0
200,up,0.0,0.9,7,0.0
200,up,0.0,0.9,8,0.0
200,up,0.0,0.9,9,0.0
200,up,0.0,0.9,10,0.0
200,up,0.0,0.9,11,0.0
200,up,0.5,0.9,0,0.0
200,up,0.5,0.9,1,0.0
200,up,0.5,0.9,2,0.0
200,up,0.5,0.9,3,0.0
200,up,0.5,0.9,4,0.0
200,up,0.5,0.9,5,0.0
200,up,0.5,0.9,6,0.0
200,up,0.5,0.9,7,0.0
200,up,0.5,0.9,8,0.0
200,up,0.5,0.9,9,0.0
200,up,0.5,0.9,10,0.0
200,up,0.5,0.9,11,0.0
200,up,2.0,0.9,0,0.0
200,up,2.0,0.9,1,0.0
200,up,2.0,0.9,2,0.0
200,up,2.0,0.9,3,0.0
200,up,2.0,0.9,4,0.0
200,up,2.0,0.9,5,0.0
200,up,2.0,0.9,6,0.0
200,up,2.0,0.9,7,0.0
200,up,2.0,0.9,8,0.0
200,up,2.0,0.9,9,0.0
200,up,2.0,0.9,10,0.0
200,up,2.0,0.9,11,0.0
200,down,0.0,0.9,0,0.0
200,down,0.0,0.9,1,0.0
200,down,0.0,0.9,2,0.0
200,down,0.0,0.9,3,0.0
200,down,0.0,0.9,4,0.0
200,down,0.0,0.9,5,0.0
200,down,0.0,0.9,6,0.0
200,down,0.0,0.9,7,0.0
200,down,0.0,0.9,8,0.0
200,down,0.0,0.9,9,0.0
200,down,0.0,0.9,10,0.0
200,down,0.0,0.9,11,0.0
200,down,0.5,0.9,0,0.0
200,down,0.5,0.9,1,0.0
200,down,0.5,0.9,2,0.0
200,down,0.5,0.9,3,0.0
200,down,0.5,0.9,4,0.0
200,down,0.5,0.9,5,0.0
200,down,0.5,0.9,6,0.0
200,down,0.5,0.9,7,0.0
200,down,0.5,0.9,8,0.0
200,down,0.5,0.9,9,0.0
200,down,0.5,0.9,10,0.0
200,down,0.5,0.9,11,0.0
200,down,2.0,0.9,0,0.0
200,down,2.0,0.9,1,0.0
200,down,2.0,0.9,2,0.0
200,down,2.0,0.9,3,0.0
200,down,2.0,0.9,4,0.0
200,down,2.0,0.9,5,0.0
200,down,2.0,0.9,6,0.0
200,down,2.0,0.9,7,0.0
200,down,2.0,0.9,8,0.0
200,down,2.0,0.9,9,0.0
200,down,2.0,0.9,10,0.0
200,down,2.0,0.9,11,0.0
200,fresh,0.0,0.95,0,0.0
200,fresh,0.0,0.95,1,0.0
200,fresh,0.0,0.95,2,0.0
200,fresh,0.0,0.95,3,0.0
200,fresh,0.0,0.95,4,0.0
200,fresh,0.0,0.95,5,0.0
200,fresh,0.0,0.95,6,0.0
200,fresh,0.0,0.95,7,0.0
200,fresh,0.0,0.95,8,0.0
200,fresh,0.0,0.95,9,0.0
200,fresh,0.0,0.95,10,0.0
200,fresh,0.0,0.95,11,0.0
200,fresh,0.5,0.95,0,0.0
200,fresh,0.5,0.95,1,0.0
200,fresh,0.5,0.95,2,0.0
200,fresh,0.5,0.95,3,0.0
200,fresh,0.5,0.95,4,0.0
200,fresh,0.5,0.95,5,0.0
200,fresh,0.5,0.95,6,0.0
200,fresh,0.5,0.95,7,0.0
200,fresh,0.5,0.95,8,0.0
200,fresh,0.5,0.95,9,0.0
200,fresh,0.5,0.95,10,0.0
200,fresh,0.5,0.95,11,0.0
200,fresh,2.0,0.95,0,7.12874204111813e-14
200,fresh,2.0,0.95,1,1.0531575611594235e-13
200,fresh,2.0,0.95,2,7.464695528369703e-14
200,fresh,2.0,0.95,3,8.385070415783957e-14
200,fresh,2.0,0.95,4,7.536637980365413e-14
200,fresh,2.0,0.95,5,7.669864743320432e-14
200,fresh,2.0,0.95,6,8.995915123932718e-14
200,fresh,2.0,0.95,7,2.8186342149183474e-14
200,fresh,2.0,0.95,8,8.819833752227168e-14
200,fresh,2.0,0.95,9,1.8434143100876098e-14
200,fresh,2.0,0.95,10,2.9207747331838616e-14
200,fresh,2.0,0.95,11,1.1151968237754773e-13
200,up,0.0,0.95,0,0.0
200,up,0.0,0.95,1,0.0
200,up,0.0,0.95,2,0.0
200,up,0.0,0.95,3,0.0
200,up,0.0,0.95,4,0.0
200,up,0.0,0.95,5,0.0
200,up,0.0,0.95,6,0.0
200,up,0.0,0.95,7,0.0
200,up,0.0,0.95,8,0.0
200,up,0.0,0.95,9,0.0
200,up,0.0,0.95,10,0.0
200,up,0.0,0.95,11,0.0
200,up,0.5,0.95,0,0.0
200,up,0.5,0.95,1,0.0
200,up,0.5,0.95,2,0.0
200,up,0.5,0.95,3,0.0
200,up,0.5,0.95,4,0.0
200,up,0.5,0.95,5,0.0
200,up,0.5,0.95,6,0.0
200,up,0.5,0.95,7,0.0
200,up,0.5,0.95,8,0.0
200,up,0.5,0.95,9,0.0
200,up,0.5,0.95,10,0.0
200,up,0.5,0.95,11,0.0
200,up,2.0,0.95,0,1.5643042416968456e-14
200,up,2.0,0.95,1,1.564859353209158e-14
200,up,2.0,0.95,2,1.5643042416968456e-14
200,up,2.0,0.95,3,1.5643042416968456e-14
200,up,2.0,0.95,4,1.5643042416968456e-14
200,up,2.0,0.95,5,1.5643042416968456e-14
200,up,2.0,0.95,6,1.5643042416968456e-14
200,up,2.0,0.95,7,1.5643042416968456e-14
200,up,2.0,0.95,8,1.5643042416968456e-14
200,up,2.0,0.95,9,1.5643042416968456e-14
200,up,2.0,0.95,10,1.5643042416968456e-14
200,up,2.0,0.95,11,1.5643042416968456e-14
200,down,0.0,0.95,0,0.0
200,down,0.0,0.95,1,0.0
200,down,0.0,0.95,2,0.0
200,down,0.0,0.95,3,0.0
200,down,0.0,0.95,4,0.0
200,down,0.0,0.95,5,0.0
200,down,0.0,0.95,6,0.0
200,down,0.0,0.95,7,0.0
200,down,0.0,0.95,8,0.0
200,down,0.0,0.95,9,0.0
200,down,0.0,0.95,10,0.0
200,down,0.0,0.95,11,0.0
200,down,0.5,0.95,0,0.0
200,down,0.5,0.95,1,0.0
200,down,0.5,0.95,2,0.0
200,down,0.5,0.95,3,0.0
200,down,0.5,0.95,4,0.0
200,down,0.5,0.95,5,0.0
200,down,0.5,0.95,6,0.0
200,down,0.5,0.95,7,0.0
200,down,0.5,0.95,8,0.0
200,down,0.5,0.95,9,0.0
200,down,0.5,0.95,10,0.0
200,down,0.5,0.95,11,0.0
200,down,2.0,0.95,0,-7.958078640513123e-15
200,down,2.0,0.95,1,-1.7053025658242404e-15
200,down,2.0,0.95,2,-1.7053025658242404e-15
200,down,2.0,0.95,3,-1.7053025658242404e-15
200,down,2.0,0.95,4,-1.7053025658242404e-15
200,down,2.0,0.95,5,-1.7053025658242404e-15
200,down,2.0,0.95,6,-2.2737367544323206e-15
200,down,2.0,0.95,7,-1.7053025658242404e-15
200,down,2.0,0.95,8,-1.7053025658242404e-15
200,down,2.0,0.95,9,-1.7053025658242404e-15
200,down,2.0,0.95,10,-1.7053025658242404e-15
200,down,2.0,0.95,11,-1.7053025658242404e-15
200,fresh,0.0,0.98,0,0.0
200,fresh,0.0,0.98,1,0.0
200,fresh,0.0,0.98,2,0.0
200,fresh,0.0,0.98,3,0.0
200,fresh,0.0,0.98,4,0.0
200,fresh,0.0,0.98,5,0.0
200,fresh,0.0,0.98,6,0.0
200,fresh,0.0,0.98,7,0.0
200,fresh,0.0,0.98,8,0.0
200,fresh,0.0,0.98,9,0.0
200,fresh,0.0,0.98,10,0.0
200,fresh,0.0,0.98,11,0.0
200,fresh,0.5,0.98,0,0.0
200,fresh,0.5,0.98,1,0.0
200,fresh,0.5,0.98,2,0.0
200,fresh,0.5,0.98,3,0.0
200,fresh,0.5,0.98,4,0.0
200,fresh,0.5,0.98,5,0.0
200,fresh,0.5,0.98,6,0.0
200,fresh,0.5,0.98,7,0.0
200,fresh,0.5,0.98,8,0.0
200,fresh,0.5,0.98,9,0.0
200,fresh,0.5,0.98,10,0.0
200,fresh,0.5,0.98,11,0.0
200,fresh,2.0,0.98,0,4.2378439646384436e-10
200,fresh,2.0,0.98,1,5.403677083570813e-10
200,fresh,2.0,0.98,2,4.363476624469342e-10
200,fresh,2.0,0.98,3,4.693066202321461e-10
200,fresh,2.0,0.98,4,4.3902754098823494e-10
200,fresh,2.0,0.98,5,4.4391122999698495e-10
200,fresh,2.0,0.98,6,4.903318795435041e-10
200,fresh,2.0,0.98,7,2.478706884190274e-10
200,fresh,2.0,0.98,8,4.844448997509687e-10
200,fresh,2.0,0.98,9,1.91460114429276e-10
200,fresh,2.0,0.98,10,2.507116825256617e-10
200,fresh,2.0,0.98,11,5.594265850561441e-10
200,up,0.0,0.98,0,0.0
200,up,0.0,0.98,1,0.0
200,up,0.0,0.98,2,0.0
200,up,0.0,0.98,3,0.0
200,up,0.0,0.98,4,0.0
200,up,0.0,0.98,5,0.0
200,up,0.0,0.98,6,0.0
200,up,0.0,0.98,7,0.0
200,up,0.0,0.98,8,0.0
200,up,0.0,0.98,9,0.0
200,up,0.0,0.98,10,0.0
200,up,0.0,0.98,11,0.0
200,up,0.5,0.98,0,0.0
200,up,0.5,0.98,1,0.0
200,up,0.5,0.98,2,0.0
200,up,0.5,0.98,3,0.0
200,up,0.5,0.98,4,0.0
200,up,0.5,0.98,5,0.0
200,up,0.5,0.98,6,0.0
200,up,0.5,0.98,7,0.0
200,up,0.5,0.98,8,0.0
200,up,0.5,0.98,9,0.0
200,up,0.5,0.98,10,0.0
200,up,0.5,0.98,11,0.0
200,up,2.0,0.98,0,1.1097911034596563e-10
200,up,2.0,0.98,1,1.1097911034596563e-10
200,up,2.0,0.98,2,1.1097911034596563e-10
200,up,2.0,0.98,3,1.1097911034596563e-10
200,up,2.0,0.98,4,1.1097911034596563e-10
200,up,2.0,0.98,5,1.1097911034596563e-10
200,up,2.0,0.98,6,1.1097911034596563e-10
200,up,2.0,0.98,7,1.1097911034596563e-10
200,up,2.0,0.98,8,1.1097911034596563e-10
200,up,2.0,0.98,9,1.1097911034596563e-10
200,up,2.0,0.98,10,1.1097911034596563e-10
200,up,2.0,0.98,11,1.1097911034596563e-10
200,down,0.0,0.98,0,0.0
200,down,0.0,0.98,1,0.0
200,down,0.0,0.98,2,0.0
200,down,0.0,0.98,3,0.0
200,down,0.0,0.98,4,0.0
200,down,0.0,0.98,5,0.0
200,down,0.0,0.98,6,0.0
200,down,0.0,0.98,7,0.0
200,down,0.0,0.98,8,0.0
200,down,0.0,0.98,9,0.0
200,down,0.0,0.98,10,0.0
200,down,0.0,0.98,11,0.0
200,down,0.5,0.98,0,0.0
200,down,0.5,0.98,1,0.0
200,down,0.5,0.98,2,0.0
200,down,0.5,0.98,3,0.0
200,down,0.5,0.98,4,0.0
200,down,0.5,0.98,5,0.0
200,down,0.5,0.98,6,0.0
200,down,0.5,0.98,7,0.0
200,down,0.5,0.98,8,0.0
200,down,0.5,0.98,9,0.0
200,down,0.5,0.98,10,0.0
200,down,0.5,0.98,11,0.0
200,down,2.0,0.98,0,-8.382770033676934e-11
200,down,2.0,0.98,1,-8.381732641282724e-11
200,down,2.0,0.98,2,-8.381732641282724e-11
200,down,2.0,0.98,3,-8.381732641282724e-11
200,down,2.0,0.98,4,-8.381732641282724e-11
200,down,2.0,0.98,5,-8.381732641282724e-11
200,down,2.0,0.98,6,-8.381732641282724e-11
200,down,2.0,0.98,7,-8.381732641282724e-11
200,down,2.0,0.98,8,-8.381732641282724e-11
200,down,2.0,0.98,9,-8.381732641282724e-11
200,down,2.0,0.98,10,-8.381732641282724e-11
200,down,2.0,0.98,11,-8.381789484701585e-11
200,fresh,0.0,0.99,0,0.0
200,fresh,0.0,0.99,1,0.0
200,fresh,0.0,0.99,2,0.0
200,fresh,0.0,0.99,3,0.0
200,fresh,0.0,0.99,4,0.0
200,fresh,0.0,0.99,5,0.0
200,fresh,0.0,0.99,6,0.0
200,fresh,0.0,0.99,7,0.0
200,fresh,0.0,0.99,8,0.0
200,fresh,0.0,0.99,9,0.0
200,fresh,0.0,0.99,10,0.0
200,fresh,0.0,0.99,11,0.0
200,fresh,0.5,0.99,0,1.1590728377086634e-15
200,fresh,0.5,0.99,1,1.6009416015094757e-15
200,fresh,0.5,0.99,2,1.3700152123874432e-15
200,fresh,0.5,0.99,3,1.4632739464559563e-15
200,fresh,0.5,0.99,4,1.3855583347321954e-15
200,fresh,0.5,0.99,5,1.396660564978447e-15
200,fresh,0.5,0.99,6,1.5210055437364644e-15
200,fresh,0.5,0.99,7,9.059419880941278e-16
200,fresh,0.5,0.99,8,1.5054624213917123e-15
200,fresh,0.5,0.99,9,1.4210854715202005e-15
200,fresh,0.5,0.99,10,1.652011860642233e-15
200,fresh,0.5,0.99,11,1.3855583347321954e-15
200,fresh,2.0,0.99,0,3.208473501103981e-08
200,fresh,2.0,0.99,1,3.807033988501019e-08
200,fresh,2.0,0.99,2,3.2755300189979406e-08
200,fresh,2.0,0.99,3,3.448177046561085e-08
200,fresh,2.0,0.99,4,3.289819098251101e-08
200,fresh,2.0,0.99,5,3.315562401295935e-08
200,fresh,2.0,0.99,6,3.556111773272974e-08
200,fresh,2.0,0.99,7,2.217613886079661e-08
200,fresh,2.0,0.99,8,3.5262242537026366e-08
200,fresh,2.0,0.99,9,1.8477936314376108e-08
200,fresh,2.0,0.99,10,2.2307217526496005e-08
200,fresh,2.0,0.99,11,3.898815303493563e-08
200,up,0.0,0.99,0,0.0
200,up,0.0,0.99,1,0.0
200,up,0.0,0.99,2,0.0
200,up,0.0,0.99,3,0.0
200,up,0.0,0.99,4,0.0
200,up,0.0,0.99,5,0.0
200,up,0.0,0.99,6,0.0
200,up,0.0,0.99,7,0.0
200,up,0.0,0.99,8,0.0
200,up,0.0,0.99,9,0.0
200,up,0.0,0.99,10,0.0
200,up,0.0,0.99,11,0.0
200,up,0.5,0.99,0,1.9539925233402755e-16
200,up,0.5,0.99,1,1.8762769116165145e-16
200,up,0.5,0.99,2,1.9539925233402755e-16
200,up,0.5,0.99,3,1.9539925233402755e-16
200,up,0.5,0.99,4,1.9539925233402755e-16
200,up,0.5,0.99,5,1.9539925233402755e-16
200,up,0.5,0.99,6,1.9539925233402755e-16
200,up,0.5,0.99,7,1.9539925233402755e-16
200,up,0.5,0.99,8,1.9539925233402755e-16
200,up,0.5,0.99,9,1.9539925233402755e-16
200,up,0.5,0.99,10,1.9539925233402755e-16
200,up,0.5,0.99,11,1.9539925233402755e-16
200,up,2.0,0.99,0,6.099089737698904e-09
200,up,2.0,0.99,1,6.099089733258012e-09
200,up,2.0,0.99,2,6.099089737698904e-09
200,up,2.0,0.99,3,6.099089737698904e-09
200,up,2.0,0.99,4,6.099089737698904e-09
200,up,2.0,0.99,5,6.099089737698904e-09
200,up,2.0,0.99,6,6.099089737698904e-09
200,up,2.0,0.99,7,6.099089737698904e-09
200,up,2.0,0.99,8,6.099089737698904e-09
200,up,2.0,0.99,9,6.099089737698904e-09
200,up,2.0,0.99,10,6.099089737698904e-09
200,up,2.0,0.99,11,6.099089737698904e-09
200,down,0.0,0.99,0,0.0
200,down,0.0,0.99,1,0.0
200,down,0.0,0.99,2,0.0
200,down,0.0,0.99,3,0.0
200,down,0.0,0.99,4,0.0
200,down,0.0,0.99,5,0.0
200,down,0.0,0.99,6,0.0
200,down,0.0,0.99,7,0.0
200,down,0.0,0.99,8,0.0
200,down,0.0,0.99,9,0.0
200,down,0.0,0.99,10,0.0
200,down,0.0,0.99,11,0.0
200,down,0.5,0.99,0,-1.1368683772161603e-15
200,down,0.5,0.99,1,-1.1368683772161603e-15
200,down,0.5,0.99,2,-1.1368683772161603e-15
200,down,0.5,0.99,3,-1.1368683772161603e-15
200,down,0.5,0.99,4,0.0
200,down,0.5,0.99,5,-1.1368683772161603e-15
200,down,0.5,0.99,6,-1.1368683772161603e-15
200,down,0.5,0.99,7,-1.1368683772161603e-15
200,down,0.5,0.99,8,0.0
200,down,0.5,0.99,9,-1.1368683772161603e-15
200,down,0.5,0.99,10,0.0
200,down,0.5,0.99,11,-1.1368683772161603e-15
200,down,2.0,0.99,0,-6.110064987296937e-09
200,down,2.0,0.99,1,-6.085116410758928e-09
200,down,2.0,0.99,2,-6.083864150241425e-09
200,down,2.0,0.99,3,-6.083000698708929e-09
200,down,2.0,0.99,4,-6.084472374823235e-09
200,down,2.0,0.99,5,-6.085862764848571e-09
200,down,2.0,0.99,6,-6.084374604142795e-09
200,down,2.0,0.99,7,-6.08405400726042e-09
200,down,2.0,0.99,8,-6.084387109694944e-09
200,down,2.0,0.99,9,-6.084776487114141e-09
200,down,2.0,0.99,10,-6.088976647333766e-09
200,down,2.0,0.99,11,-6.084922574700613e-09
200,fresh,0.0,0.995,0,0.0
200,fresh,0.0,0.995,1,0.0
200,fresh,0.0,0.995,2,0.0
200,fresh,0.0,0.995,3,0.0
200,fresh,0.0,0.995,4,0.0
200,fresh,0.0,0.995,5,0.0
200,fresh,0.0,0.995,6,0.0
200,fresh,0.0,0.995,7,0.0
200,fresh,0.0,0.995,8,0.0
200,fresh,0.0,0.995,9,0.0
200,fresh,0.0,0.995,10,0.0
200,fresh,0.0,0.995,11,0.0
200,fresh,0.5,0.995,0,3.5697778066889897e-12
200,fresh,0.5,0.995,1,4.421225607842416e-12
200,fresh,0.5,0.995,2,3.995181963034611e-12
200,fresh,0.5,0.995,3,4.153135613194081e-12
200,fresh,0.5,0.995,4,4.016922350302821e-12
200,fresh,0.5,0.995,5,4.038869239053611e-12
200,fresh,0.5,0.995,6,4.294431477092076e-12
200,fresh,0.5,0.995,7,3.046101149095648e-12
200,fresh,0.5,0.995,8,4.223539296077661e-12
200,fresh,0.5,0.995,9,4.595444025312645e-12
200,fresh,0.5,0.995,10,4.918723206515096e-12
200,fresh,0.5,0.995,11,4.5012082949824615e-12
200,fresh,2.0,0.995,0,6.212532127913839e-07
200,fresh,2.0,0.995,1,7.009646406519465e-07
200,fresh,2.0,0.995,2,6.304152905967087e-07
200,fresh,2.0,0.995,3,6.537128167294348e-07
200,fresh,2.0,0.995,4,6.323644721306643e-07
200,fresh,2.0,0.995,5,6.358544076312533e-07
200,fresh,2.0,0.995,6,6.680819245419301e-07
200,fresh,2.0,0.995,7,4.800022072215526e-07
200,fresh,2.0,0.995,8,6.641288601749729e-07
200,fresh,2.0,0.995,9,4.2181949143182963e-07
200,fresh,2.0,0.995,10,4.816616576408528e-07
200,fresh,2.0,0.995,11,7.127090299530181e-07
200,up,0.0,0.995,0,0.0
200,up,0.0,0.995,1,0.0
200,up,0.0,0.995,2,0.0
200,up,0.0,0.995,3,0.0
200,up,0.0,0.995,4,0.0
200,up,0.0,0.995,5,0.0
200,up,0.0,0.995,6,0.0
200,up,0.0,0.995,7,0.0
200,up,0.0,0.995,8,0.0
200,up,0.0,0.995,9,0.0
200,up,0.0,0.995,10,0.0
200,up,0.0,0.995,11,0.0
200,up,0.5,0.995,0,7.26729787459135e-13
200,up,0.5,0.995,1,7.267320079051842e-13
200,up,0.5,0.995,2,7.26729787459135e-13
200,up,0.5,0.995,3,7.26729787459135e-13
200,up,0.5,0.995,4,7.26729787459135e-13
200,up,0.5,0.995,5,7.26729787459135e-13
200,up,0.5,0.995,6,7.26729787459135e-13
200,up,0.5,0.995,7,7.26729787459135e-13
200,up,0.5,0.995,8,7.26729787459135e-13
200,up,0.5,0.995,9,7.26729787459135e-13
200,up,0.5,0.995,10,7.26729787459135e-13
200,up,0.5,0.995,11,7.26729787459135e-13
200,up,2.0,0.995,0,1.1439984844319184e-07
200,up,2.0,0.995,1,1.1439984845096341e-07
200,up,2.0,0.995,2,1.1439984844319184e-07
200,up,2.0,0.995,3,1.1439984844319184e-07
200,up,2.0,0.995,4,1.1439984844319184e-07
200,up,2.0,0.995,5,1.1439984844319184e-07
200,up,2.0,0.995,6,1.1439984844319184e-07
200,up,2.0,0.995,7,1.1439984844319184e-07
200,up,2.0,0.995,8,1.1439984844319184e-07
200,up,2.0,0.995,9,1.1439984844319184e-07
200,up,2.0,0.995,10,1.1439984844319184e-07
200,up,2.0,0.995,11,1.1439984844319184e-07
200,down,0.0,0.995,0,0.0
200,down,0.0,0.995,1,0.0
200,down,0.0,0.995,2,0.0
200,down,0.0,0.995,3,0.0
200,down,0.0,0.995,4,0.0
200,down,0.0,0.995,5,0.0
200,down,0.0,0.995,6,0.0
200,down,0.0,0.995,7,0.0
200,down,0.0,0.995,8,0.0
200,down,0.0,0.995,9,0.0
200,down,0.0,0.995,10,0.0
200,down,0.0,0.995,11,0.0
200,down,0.5,0.995,0,-3.4151526051573454e-12
200,down,0.5,0.995,1,-4.0597569750389085e-12
200,down,0.5,0.995,2,-3.526565706124529e-12
200,down,0.5,0.995,3,-3.6061464925296603e-12
200,down,0.5,0.995,4,-3.4287950256839395e-12
200,down,0.5,0.995,5,-3.2650859793648122e-12
200,down,0.5,0.995,6,-3.3321612136205657e-12
200,down,0.5,0.995,7,-3.398099579499103e-12
200,down,0.5,0.995,8,-3.5970515455119312e-12
200,down,0.5,0.995,9,-3.752802513190545e-12
200,down,0.5,0.995,10,-3.781224222620949e-12
200,down,0.5,0.995,11,-3.4788172342814507e-12
200,down,2.0,0.995,0,-1.867625505695969e-06
200,down,2.0,0.995,1,-4.409078167100233e-07
200,down,2.0,0.995,2,-3.689882510116149e-07
200,down,2.0,0.995,3,-3.199269713149988e-07
200,down,2.0,0.995,4,-4.0394938196186557e-07
200,down,2.0,0.995,5,-4.836970060750901e-07
200,down,2.0,0.995,6,-3.9822613530304806e-07
200,down,2.0,0.995,7,-3.798159593770833e-07
200,down,2.0,0.995,8,-3.990799973507819e-07
200,down,2.0,0.995,9,-4.2144839483171383e-07
200,down,2.0,0.995,10,-6.616109476453858e-07
200,down,2.0,0.995,11,-4.2985049162780344e-07
200,fresh,0.0,1.0,0,1.6781897144486634e-05
200,fresh,0.0,1.0,1,1.66909332630194e-05
200,fresh,0.0,1.0,2,1.5854726880804026e-05
200,fresh,0.0,1.0,3,1.6654608665165327e-05
200,fresh,0.0,1.0,4,1.6630548629301692e-05
200,fresh,0.0,1.0,5,1.6635746616566748e-05
200,fresh,0.0,1.0,6,1.6644912464447437e-05
200,fresh,0.0,1.0,7,1.644057337185645e-05
200,fresh,0.0,1.0,8,1.6664123877321302e-05
200,fresh,0.0,1.0,9,1.6717033046533825e-05
200,fresh,0.0,1.0,10,1.672049634698025e-05
200,fresh,0.0,1.0,11,1.6689947933390402e-05
200,fresh,0.5,1.0,0,3.2865873125018654e-05
200,fresh,0.5,1.0,1,3.34613238806325e-05
200,fresh,0.5,1.0,2,3.318021203595701e-05
200,fresh,0.5,1.0,3,3.3287657508513925e-05
200,fresh,0.5,1.0,4,3.31955558648378e-05
200,fresh,0.5,1.0,5,3.32105700342189e-05
200,fresh,0.5,1.0,6,3.3380199685086875e-05
200,fresh,0.5,1.0,7,3.245352555217851e-05
200,fresh,0.5,1.0,8,3.333422333067438e-05
200,fresh,0.5,1.0,9,3.35693596538289e-05
200,fresh,0.5,1.0,10,3.375752022868994e-05
200,fresh,0.5,1.0,11,3.3511213256332e-05
200,fresh,2.0,1.0,0,8.216731980532632e-05
200,fresh,2.0,1.0,1,8.425265873420739e-05
200,fresh,2.0,1.0,2,8.241674098192541e-05
200,fresh,2.0,1.0,3,8.303882718212918e-05
200,fresh,2.0,1.0,4,8.246958867754727e-05
200,fresh,2.0,1.0,5,8.256351746741109e-05
200,fresh,2.0,1.0,6,8.34144014633087e-05
200,fresh,2.0,1.0,7,7.800674326104983e-05
200,fresh,2.0,1.0,8,8.331196641117255e-05
200,fresh,2.0,1.0,9,7.601252231310474e-05
200,fresh,2.0,1.0,10,7.805013055675269e-05
200,fresh,2.0,1.0,11,8.454255572416081e-05
200,up,0.0,1.0,0,1.536245589498497e-05
200,up,0.0,1.0,1,1.536245589498497e-05
200,up,0.0,1.0,2,1.536245589498497e-05
200,up,0.0,1.0,3,1.536245589498497e-05
200,up,0.0,1.0,4,1.536245589498497e-05
200,up,0.0,1.0,5,1.536245589498497e-05
200,up,0.0,1.0,6,1.536245589498497e-05
200,up,0.0,1.0,7,1.536245589498497e-05
200,up,0.0,1.0,8,1.536245589498497e-05
200,up,0.0,1.0,9,1.536245589498497e-05
200,up,0.0,1.0,10,1.536245589498497e-05
200,up,0.0,1.0,11,1.536245589498497e-05
200,up,0.5,1.0,0,2.8414120076420967e-05
200,up,0.5,1.0,1,2.8414120076415417e-05
200,up,0.5,1.0,2,2.8414120076420967e-05
200,up,0.5,1.0,3,2.8414120076420967e-05
200,up,0.5,1.0,4,2.8414120076420967e-05
200,up,0.5,1.0,5,2.8414120076420967e-05
200,up,0.5,1.0,6,2.8414120076420967e-05
200,up,0.5,1.0,7,2.8414120076420967e-05
200,up,0.5,1.0,8,2.8414120076420967e-05
200,up,0.5,1.0,9,2.8414120076420967e-05
200,up,0.5,1.0,10,2.8414120076420967e-05
200,up,0.5,1.0,11,2.8414120076420967e-05
200,up,2.0,1.0,0,5.7165413993003343e-05
200,up,2.0,1.0,1,5.716541399300112e-05
200,up,2.0,1.0,2,5.7165413993003343e-05
200,up,2.0,1.0,3,5.7165413993003343e-05
200,up,2.0,1.0,4,5.7165413993003343e-05
200,up,2.0,1.0,5,5.7165413993003343e-05
200,up,2.0,1.0,6,5.7165413993003343e-05
200,up,2.0,1.0,7,5.7165413993003343e-05
200,up,2.0,1.0,8,5.7165413993003343e-05
200,up,2.0,1.0,9,5.7165413993003343e-05
200,up,2.0,1.0,10,5.7165413993003343e-05
200,up,2.0,1.0,11,5.7165413993003343e-05
200,down,0.0,1.0,0,1.5447392895566738e-05
200,down,0.0,1.0,1,1.4313812305317696e-05
200,down,0.0,1.0,2,1.580095264444026e-05
200,down,0.0,1.0,3,1.3328026179806329e-05
200,down,0.0,1.0,4,1.0897828474298876e-05
200,down,0.0,1.0,5,1.2093171678770888e-05
200,down,0.0,1.0,6,1.9905029078017832e-05
200,down,0.0,1.0,7,1.834881610875527e-05
200,down,0.0,1.0,8,1.354832833612818e-05
200,down,0.0,1.0,9,1.4938993565465353e-05
200,down,0.0,1.0,10,1.4620689757975924e-05
200,down,0.0,1.0,11,1.336055944875625e-05
200,down,0.5,1.0,0,3.1746560819101435e-05
200,down,0.5,1.0,1,6.974154837280366e-07
200,down,0.5,1.0,2,2.3531299804062654e-05
200,down,0.5,1.0,3,1.8416585850218325e-05
200,down,0.5,1.0,4,3.07379164064514e-05
200,down,0.5,1.0,5,4.44466317367187e-05
200,down,0.5,1.0,6,3.8537642102483e-05
200,down,0.5,1.0,7,3.311489901193454e-05
200,down,0.5,1.0,8,1.9083124300323107e-05
200,down,0.5,1.0,9,1.0223783590390667e-05
200,down,0.5,1.0,10,9.032079824464744e-06
200,down,0.5,1.0,11,2.713819309065002e-05
200,down,2.0,1.0,0,0.02759906381966289
200,down,2.0,1.0,1,5.8277875519365805e-05
200,down,2.0,1.0,2,0.0001041195593535349
200,down,2.0,1.0,3,0.0001442861012975527
200,down,2.0,1.0,4,7.999709778289344e-05
200,down,2.0,1.0,5,3.7702554465681714e-05
200,down,2.0,1.0,6,8.370216068954051e-05
200,down,2.0,1.0,7,9.626361571235976e-05
200,down,2.0,1.0,8,8.314344577854626e-05
200,down,2.0,1.0,9,6.92431787933856e-05
200,down,2.0,1.0,10,7.262734698088025e-09
200,down,2.0,1.0,11,6.438205093445504e-05
200,fresh,0.0,1.005,0,0.18912402291165387
200,fresh,0.0,1.005,1,0.1891098054334833
200,fresh,0.0,1.005,2,0.1895074823253391
200,fresh,0.0,1.005,3,0.18910575075943867
200,fresh,0.0,1.005,4,0.18910385694441587
200,fresh,0.0,1.005,5,0.18910416548934433
200,fresh,0.0,1.005,6,0.18910750337457471
200,fresh,0.0,1.005,7,0.18910288068472944
200,fresh,0.0,1.005,8,0.18910677051053804
200,fresh,0.0,1.005,9,0.18911281135256164
200,fresh,0.0,1.005,10,0.1891143782352053
200,fresh,0.0,1.005,11,0.18911064184277981
200,fresh,0.5,1.005,0,0.05782873324374596
200,fresh,0.5,1.005,1,0.06558134051125954
200,fresh,0.5,1.005,2,0.04079827187940597
200,fresh,0.5,1.005,3,0.06553242867767062
200,fresh,0.5,1.005,4,0.06552054305155369
200,fresh,0.5,1.005,5,0.06552486012345213
200,fresh,0.5,1.005,6,0.06579686086800951
200,fresh,0.5,1.005,7,0.049708848328439095
200,fresh,0.5,1.005,8,0.06553983512999281
200,fresh,0.5,1.005,9,0.0656093813333068
200,fresh,0.5,1.005,10,0.06616111261622912
200,fresh,0.5,1.005,11,0.06569844482238577
200,fresh,2.0,1.005,0,0.007452780200603719
200,fresh,2.0,1.005,1,0.003963999633730513
200,fresh,2.0,1.005,2,0.007738465184263016
200,fresh,2.0,1.005,3,0.004434099881058025
200,fresh,2.0,1.005,4,0.004522024190578814
200,fresh,2.0,1.005,5,0.004609091675119706
200,fresh,2.0,1.005,6,0.0039236673104676
200,fresh,2.0,1.005,7,0.025727600612669235
200,fresh,2.0,1.005,8,0.004319515286616511
200,fresh,2.0,1.005,9,0.02966245502272421
200,fresh,2.0,1.005,10,0.027901315340591336
200,fresh,2.0,1.005,11,0.003781199320458928
200,up,0.0,1.005,0,0.242627057911319
200,up,0.0,1.005,1,0.242627057911319
200,up,0.0,1.005,2,0.242627057911319
200,up,0.0,1.005,3,0.242627057911319
200,up,0.0,1.005,4,0.242627057911319
200,up,0.0,1.005,5,0.242627057911319
200,up,0.0,1.005,6,0.242627057911319
200,up,0.0,1.005,7,0.242627057911319
200,up,0.0,1.005,8,0.242627057911319
200,up,0.0,1.005,9,0.242627057911319
200,up,0.0,1.005,10,0.242627057911319
200,up,0.0,1.005,11,0.242627057911319
200,up,0.5,1.005,0,0.12413495036512576
200,up,0.5,1.005,1,0.12413495036512581
200,up,0.5,1.005,2,0.12413495036512576
200,up,0.5,1.005,3,0.12413495036512576
200,up,0.5,1.005,4,0.12413495036512576
200,up,0.5,1.005,5,0.12413495036512576
200,up,0.5,1.005,6,0.12413495036512576
200,up,0.5,1.005,7,0.12413495036512576
200,up,0.5,1.005,8,0.12413495036512576
200,up,0.5,1.005,9,0.12413495036512576
200,up,0.5,1.005,10,0.12413495036512576
200,up,0.5,1.005,11,0.12413495036512576
200,up,2.0,1.005,0,0.061536457355144354
200,up,2.0,1.005,1,0.06153645735514429
200,up,2.0,1.005,2,0.061536457355144354
200,up,2.0,1.005,3,0.061536457355144354
200,up,2.0,1.005,4,0.061536457355144354
200,up,2.0,1.005,5,0.061536457355144354
200,up,2.0,1.005,6,0.061536457355144354
200,up,2.0,1.005,7,0.061536457355144354
200,up,2.0,1.005,8,0.061536457355144354
200,up,2.0,1.005,9,0.061536457355144354
200,up,2.0,1.005,10,0.061536457355144354
200,up,2.0,1.005,11,0.061536457355144354
200,down,0.0,1.005,0,0.18941893210003627
200,down,0.0,1.005,1,0.18915736654023702
200,down,0.0,1.005,2,0.21564250319938083
200,down,0.0,1.005,3,0.18910440864101474
200,down,0.0,1.005,4,0.18911141846406737
200,down,0.0,1.005,5,0.18910290912392158
200,down,0.0,1.005,6,0.1892790113845126
200,down,0.0,1.005,7,0.19250726674601992
200,down,0.0,1.005,8,0.18911723839453543
200,down,0.0,1.005,9,0.18919916020613528
200,down,0.0,1.005,10,0.18924504604525738
200,down,0.0,1.005,11,0.1891975650074778
200,down,0.5,1.005,0,0.03567761783464448
200,down,0.5,1.005,1,0.061407567871933674
200,down,0.5,1.005,2,0.05579523364048896
200,down,0.5,1.005,3,0.05993510184975207
200,down,0.5,1.005,4,0.03461584422792043
200,down,0.5,1.005,5,0.06260136278901995
200,down,0.5,1.005,6,0.06160750027260292
200,down,0.5,1.005,7,0.05475563145905425
200,down,0.5,1.005,8,0.05973878111487693
200,down,0.5,1.005,9,0.06078042263460816
200,down,0.5,1.005,10,0.06083369052146281
200,down,0.5,1.005,11,0.036845960074593904
200,down,2.0,1.005,0,0.030090001506644627
200,down,2.0,1.005,1,0.0035204974191407248
200,down,2.0,1.005,2,0.02979753490431051
200,down,2.0,1.005,3,0.030263875170365964
200,down,2.0,1.005,4,0.009968679265753622
200,down,2.0,1.005,5,0.024842121442047754
200,down,2.0,1.005,6,0.02467421735005985
200,down,2.0,1.005,7,0.029320525342451872
200,down,2.0,1.005,8,0.023052184089419822
200,down,2.0,1.005,9,0.003312841824808288
200,down,2.0,1.005,10,0.0297497609168704
200,down,2.0,1.005,11,0.0031155317778870997
200,fresh,0.0,1.01,0,0.28885299982206714
200,fresh,0.0,1.01,1,0.2707778807942786
200,fresh,0.0,1.01,2,0.26341948492263734
200,fresh,0.0,1.01,3,0.2645819806659129
200,fresh,0.0,1.01,4,0.2624727782503583
200,fresh,0.0,1.01,5,0.26277386698124294
200,fresh,0.0,1.01,6,0.268660682870691
200,fresh,0.0,1.01,7,0.25625202886581133
200,fresh,0.0,1.01,8,0.2660035281098828
200,fresh,0.0,1.01,9,0.27544776957740597
200,fresh,0.0,1.01,10,0.2784150854683137
200,fresh,0.0,1.01,11,0.2732225732932006
200,fresh,0.5,1.01,0,0.09078021215141543
200,fresh,0.5,1.01,1,0.1269865319775676
200,fresh,0.5,1.01,2,0.09088069886263034
200,fresh,0.5,1.01,3,0.12719652348407634
200,fresh,0.5,1.01,4,0.12719523679311265
200,fresh,0.5,1.01,5,0.1272449340361796
200,fresh,0.5,1.01,6,0.1266470937224012
200,fresh,0.5,1.01,7,0.09059373215033253
200,fresh,0.5,1.01,8,0.12712140123264493
200,fresh,0.5,1.01,9,0.1269844365662211
200,fresh,0.5,1.01,10,0.1266348487195305
200,fresh,0.5,1.01,11,0.1267775930930971
200,fresh,2.0,1.01,0,0.03042041075745752
200,fresh,2.0,1.01,1,0.06196853917008552
200,fresh,2.0,1.01,2,0.030480381469543395
200,fresh,2.0,1.01,3,0.06188250227328018
200,fresh,2.0,1.01,4,0.06183073768069267
200,fresh,2.0,1.01,5,0.061839867467554814
200,fresh,2.0,1.01,6,0.06190112468934657
200,fresh,2.0,1.01,7,0.028940760043913986
200,fresh,2.0,1.01,8,0.06190464779217439
200,fresh,2.0,1.01,9,0.03187954056112824
200,fresh,2.0,1.01,10,0.03787385099110868
200,fresh,2.0,1.01,11,0.06197770497177711
200,up,0.0,1.01,0,0.31093417371070187
200,up,0.0,1.01,1,0.31093417371070187
200,up,0.0,1.01,2,0.31093417371070187
200,up,0.0,1.01,3,0.31093417371070187
200,up,0.0,1.01,4,0.31093417371070187
200,up,0.0,1.01,5,0.31093417371070187
200,up,0.0,1.01,6,0.31093417371070187
200,up,0.0,1.01,7,0.31093417371070187
200,up,0.0,1.01,8,0.31093417371070187
200,up,0.0,1.01,9,0.31093417371070187
200,up,0.0,1.01,10,0.31093417371070187
200,up,0.0,1.01,11,0.31093417371070187
200,up,0.5,1.01,0,0.12838028280507247
200,up,0.5,1.01,1,0.1283802828050723
200,up,0.5,1.01,2,0.12838028280507247
200,up,0.5,1.01,3,0.12838028280507247
200,up,0.5,1.01,4,0.12838028280507247
200,up,0.5,1.01,5,0.12838028280507247
200,up,0.5,1.01,6,0.12838028280507247
200,up,0.5,1.01,7,0.12838028280507247
200,up,0.5,1.01,8,0.12838028280507247
200,up,0.5,1.01,9,0.12838028280507247
200,up,0.5,1.01,10,0.12838028280507247
200,up,0.5,1.01,11,0.12838028280507247
200,up,2.0,1.01,0,0.06236578706605602
200,up,2.0,1.01,1,0.06236578706605602
200,up,2.0,1.01,2,0.06236578706605602
200,up,2.0,1.01,3,0.06236578706605602
200,up,2.0,1.01,4,0.06236578706605602
200,up,2.0,1.01,5,0.06236578706605602
200,up,2.0,1.01,6,0.06236578706605602
200,up,2.0,1.01,7,0.06236578706605602
200,up,2.0,1.01,8,0.06236578706605602
200,up,2.0,1.01,9,0.06236578706605602
200,up,2.0,1.01,10,0.06236578706605602
200,up,2.0,1.01,11,0.06236578706605602
200,down,0.0,1.01,0,0.31085558521520623
200,down,0.0,1.01,1,0.29105581347693255
200,down,0.0,1.01,2,0.3083620693847433
200,down,0.0,1.01,3,0.27407179620660144
200,down,0.0,1.01,4,0.2584187409502442
200,down,0.0,1.01,5,0.25815867617687216
200,down,0.0,1.01,6,0.28239656676509867
200,down,0.0,1.01,7,0.2570837202090366
200,down,0.0,1.01,8,0.28277963630619296
200,down,0.0,1.01,9,0.3093583761145169
200,down,0.0,1.01,10,0.2947132812029326
200,down,0.0,1.01,11,0.28379480076790287
200,down,0.5,1.01,0,0.0886389627117194
200,down,0.5,1.01,1,0.09571821301115278
200,down,0.5,1.01,2,0.06743407538343946
200,down,0.5,1.01,3,0.06552100860300243
200,down,0.5,1.01,4,0.09058470899757708
200,down,0.5,1.01,5,0.09315827081072939
200,down,0.5,1.01,6,0.06520251643449683
200,down,0.5,1.01,7,0.07590673432153949
200,down,0.5,1.01,8,0.06555189694570913
200,down,0.5,1.01,9,0.0649456408018807
200,down,0.5,1.01,10,0.06494314395156267
200,down,0.5,1.01,11,0.09009005245839717
200,down,2.0,1.01,0,0.031014398617751765
200,down,2.0,1.01,1,0.030591205918281048
200,down,2.0,1.01,2,0.03119522538722606
200,down,2.0,1.01,3,0.03116626252493859
200,down,2.0,1.01,4,0.031155135366721536
200,down,2.0,1.01,5,0.02585621408906377
200,down,2.0,1.01,6,0.031176776125811326
200,down,2.0,1.01,7,0.031195012526942487
200,down,2.0,1.01,8,0.03116757288979784
200,down,2.0,1.01,9,0.031035911863066305
200,down,2.0,1.01,10,0.030845472649821206
200,down,2.0,1.01,11,0.03092721361473252
200,fresh,0.0,1.02,0,0.43366150576508034
200,fresh,0.0,1.02,1,0.4342658002283609
200,fresh,0.0,1.02,2,0.4074529968370234
200,fresh,0.0,1.02,3,0.43433820307283144
200,fresh,0.0,1.02,4,0.43431420774883134
200,fresh,0.0,1.02,5,0.4343286081451934
200,fresh,0.0,1.02,6,0.43409434210605014
200,fresh,0.0,1.02,7,0.4324835157458209
200,fresh,0.0,1.02,8,0.4343232142559923
200,fresh,0.0,1.02,9,0.43420493424876483
200,fresh,0.0,1.02,10,0.43408329784006866
200,fresh,0.0,1.02,11,0.4341800327173992
200,fresh,0.5,1.02,0,0.09884823201315633
200,fresh,0.5,1.02,1,0.1897030798804885
200,fresh,0.5,1.02,2,0.11550777020036776
200,fresh,0.5,1.02,3,0.189767838108857
200,fresh,0.5,1.02,4,0.1897386327784215
200,fresh,0.5,1.02,5,0.18977641986628813
200,fresh,0.5,1.02,6,0.1897757520387399
200,fresh,0.5,1.02,7,0.11190516891923571
200,fresh,0.5,1.02,8,0.18973445112381954
200,fresh,0.5,1.02,9,0.18973551426023005
200,fresh,0.5,1.02,10,0.19021604175131668
200,fresh,0.5,1.02,11,0.18970291267461825
200,fresh,2.0,1.02,0,0.05629558880761146
200,fresh,2.0,1.02,1,0.06535021579053818
200,fresh,2.0,1.02,2,0.0572226563028357
200,fresh,2.0,1.02,3,0.06607438617883038
200,fresh,2.0,1.02,4,0.06590326444504203
200,fresh,2.0,1.02,5,0.06625939626945536
200,fresh,2.0,1.02,6,0.06489645646519443
200,fresh,2.0,1.02,7,0.057879345463865126
200,fresh,2.0,1.02,8,0.06589804740713767
200,fresh,2.0,1.02,9,0.03523203499989885
200,fresh,2.0,1.02,10,0.056521756747838825
200,fresh,2.0,1.02,11,0.0649734283389633
200,up,0.0,1.02,0,0.3971746052912695
200,up,0.0,1.02,1,0.3971746052912695
200,up,0.0,1.02,2,0.3971746052912695
200,up,0.0,1.02,3,0.3971746052912695
200,up,0.0,1.02,4,0.3971746052912695
200,up,0.0,1.02,5,0.3971746052912695
200,up,0.0,1.02,6,0.3971746052912695
200,up,0.0,1.02,7,0.3971746052912695
200,up,0.0,1.02,8,0.3971746052912695
200,up,0.0,1.02,9,0.3971746052912695
200,up,0.0,1.02,10,0.3971746052912695
200,up,0.0,1.02,11,0.3971746052912695
200,up,0.5,1.02,0,0.19029785033694765
200,up,0.5,1.02,1,0.19029785033694865
200,up,0.5,1.02,2,0.19029785033694765
200,up,0.5,1.02,3,0.19029785033694765
200,up,0.5,1.02,4,0.19029785033694765
200,up,0.5,1.02,5,0.19029785033694765
200,up,0.5,1.02,6,0.19029785033694765
200,up,0.5,1.02,7,0.19029785033694765
200,up,0.5,1.02,8,0.19029785033694765
200,up,0.5,1.02,9,0.19029785033694765
200,up,0.5,1.02,10,0.19029785033694765
200,up,0.5,1.02,11,0.19029785033694765
200,up,2.0,1.02,0,0.07605722065375772
200,up,2.0,1.02,1,0.07605722065373544
200,up,2.0,1.02,2,0.07605722065375772
200,up,2.0,1.02,3,0.07605722065375772
200,up,2.0,1.02,4,0.07605722065375772
200,up,2.0,1.02,5,0.07605722065375772
200,up,2.0,1.02,6,0.07605722065375772
200,up,2.0,1.02,7,0.07605722065375772
200,up,2.0,1.02,8,0.07605722065375772
200,up,2.0,1.02,9,0.07605722065375772
200,up,2.0,1.02,10,0.07605722065375772
200,up,2.0,1.02,11,0.07605722065375772
200,down,0.0,1.02,0,0.43239271065094276
200,down,0.0,1.02,1,0.42584115396265587
200,down,0.0,1.02,2,0.4091890801578961
200,down,0.0,1.02,3,0.40915162284568624
200,down,0.0,1.02,4,0.38861429868122965
200,down,0.0,1.02,5,0.38708941969315674
200,down,0.0,1.02,6,0.4070929346787875
200,down,0.0,1.02,7,0.3804409356154883
200,down,0.0,1.02,8,0.4112740870939797
200,down,0.0,1.02,9,0.43394392645902147
200,down,0.0,1.02,10,0.42772926634221453
200,down,0.0,1.02,11,0.40882575574346447
200,down,0.5,1.02,0,0.12194883301330037
200,down,0.5,1.02,1,0.15661929830584767
200,down,0.5,1.02,2,0.12807042651542133
200,down,0.5,1.02,3,0.09804373233479281
200,down,0.5,1.02,4,0.1143133523228562
200,down,0.5,1.02,5,0.189657801749089
200,down,0.5,1.02,6,0.12453902128425398
200,down,0.5,1.02,7,0.12261853458287533
200,down,0.5,1.02,8,0.17872972131910048
200,down,0.5,1.02,9,0.11991562421072102
200,down,0.5,1.02,10,0.09985453478103182
200,down,0.5,1.02,11,0.09980721194626199
200,down,2.0,1.02,0,0.034269678430299565
200,down,2.0,1.02,1,0.0534172388578952
200,down,2.0,1.02,2,0.03866606977299597
200,down,2.0,1.02,3,0.03657897543770673
200,down,2.0,1.02,4,0.0576387632903851
200,down,2.0,1.02,5,0.03430909377402827
200,down,2.0,1.02,6,0.053406984702981504
200,down,2.0,1.02,7,0.041354228370420576
200,down,2.0,1.02,8,0.0569865359697792
200,down,2.0,1.02,9,0.057576146183674834
200,down,2.0,1.02,10,0.034041777010650094
200,down,2.0,1.02,11,0.057128442742173324
200,fresh,0.0,1.05,0,0.6305219014877406
200,fresh,0.0,1.05,1,0.630293573050419
200,fresh,0.0,1.05,2,0.6419074296592475
200,fresh,0.0,1.05,3,0.6302537628287627
200,fresh,0.0,1.05,4,0.6302512587821842
200,fresh,0.0,1.05,5,0.6302488186489277
200,fresh,0.0,1.05,6,0.6303278210057635
200,fresh,0.0,1.05,7,0.6306375881782689
200,fresh,0.0,1.05,8,0.6302628619705652
200,fresh,0.0,1.05,9,0.6303250376868701
200,fresh,0.0,1.05,10,0.6303656594026994
200,fresh,0.0,1.05,11,0.6303214365705847
200,fresh,0.5,1.05,0,0.18983096927116272
200,fresh,0.5,1.05,1,0.3186353069045301
200,fresh,0.5,1.05,2,0.18732529288774735
200,fresh,0.5,1.05,3,0.3161285018617127
200,fresh,0.5,1.05,4,0.31601252074728525
200,fresh,0.5,1.05,5,0.31593822230096036
200,fresh,0.5,1.05,6,0.31211011355629426
200,fresh,0.5,1.05,7,0.18659898909204975
200,fresh,0.5,1.05,8,0.3164857088408182
200,fresh,0.5,1.05,9,0.31902942149478164
200,fresh,0.5,1.05,10,0.31251744308783025
200,fresh,0.5,1.05,11,0.31104373588288897
200,fresh,2.0,1.05,0,0.06585762629004108
200,fresh,2.0,1.05,1,0.12973843134215873
200,fresh,2.0,1.05,2,0.06709398804095795
200,fresh,2.0,1.05,3,0.12879524265382508
200,fresh,2.0,1.05,4,0.1282205994495889
200,fresh,2.0,1.05,5,0.12821925762100217
200,fresh,2.0,1.05,6,0.11925938918135637
200,fresh,2.0,1.05,7,0.08560078774479903
200,fresh,2.0,1.05,8,0.12938776561548598
200,fresh,2.0,1.05,9,0.09221454833856607
200,fresh,2.0,1.05,10,0.07197313439558123
200,fresh,2.0,1.05,11,0.12206632338263791
200,up,0.0,1.05,0,0.6710131214681633
200,up,0.0,1.05,1,0.6710131214681633
200,up,0.0,1.05,2,0.6710131214681633
200,up,0.0,1.05,3,0.6710131214681633
200,up,0.0,1.05,4,0.6710131214681633
200,up,0.0,1.05,5,0.6710131214681633
200,up,0.0,1.05,6,0.6710131214681633
200,up,0.0,1.05,7,0.6710131214681633
200,up,0.0,1.05,8,0.6710131214681633
200,up,0.0,1.05,9,0.6710131214681633
200,up,0.0,1.05,10,0.6710131214681633
200,up,0.0,1.05,11,0.6710131214681633
200,up,0.5,1.05,0,0.3165539118876859
200,up,0.5,1.05,1,0.3165539118876967
200,up,0.5,1.05,2,0.3165539118876859
200,up,0.5,1.05,3,0.3165539118876859
200,up,0.5,1.05,4,0.3165539118876859
200,up,0.5,1.05,5,0.3165539118876859
200,up,0.5,1.05,6,0.3165539118876859
200,up,0.5,1.05,7,0.3165539118876859
200,up,0.5,1.05,8,0.3165539118876859
200,up,0.5,1.05,9,0.3165539118876859
200,up,0.5,1.05,10,0.3165539118876859
200,up,0.5,1.05,11,0.3165539118876859
200,up,2.0,1.05,0,0.12732954662929644
200,up,2.0,1.05,1,0.12732954662930027
200,up,2.0,1.05,2,0.12732954662929644
200,up,2.0,1.05,3,0.12732954662929644
200,up,2.0,1.05,4,0.12732954662929644
200,up,2.0,1.05,5,0.12732954662929644
200,up,2.0,1.05,6,0.12732954662929644
200,up,2.0,1.05,7,0.12732954662929644
200,up,2.0,1.05,8,0.12732954662929644
200,up,2.0,1.05,9,0.12732954662929644
200,up,2.0,1.05,10,0.12732954662929644
200,up,2.0,1.05,11,0.12732954662929644
200,down,0.0,1.05,0,0.6557863769233359
200,down,0.0,1.05,1,0.641707118470547
200,down,0.0,1.05,2,0.6343334383732031
200,down,0.0,1.05,3,0.6307653009480032
200,down,0.0,1.05,4,0.6303773529674186
200,down,0.0,1.05,5,0.6303671333097349
200,down,0.0,1.05,6,0.6453032441057576
200,down,0.0,1.05,7,0.6309762864200229
200,down,0.0,1.05,8,0.6316487310359526
200,down,0.0,1.05,9,0.6500778553482905
200,down,0.0,1.05,10,0.6514008223622545
200,down,0.0,1.05,11,0.6505791024284986
200,down,0.5,1.05,0,0.18667970593435143
200,down,0.5,1.05,1,0.2618464804886923
200,down,0.5,1.05,2,0.22040999567156178
200,down,0.5,1.05,3,0.30909624670684477
200,down,0.5,1.05,4,0.17227191936016878
200,down,0.5,1.05,5,0.31497804006573005
200,down,0.5,1.05,6,0.22611502984185108
200,down,0.5,1.05,7,0.1867189970511322
200,down,0.5,1.05,8,0.253881505292286
200,down,0.5,1.05,9,0.18714030610380292
200,down,0.5,1.05,10,0.19046846424279237
200,down,0.5,1.05,11,0.19266612001088562
200,down,2.0,1.05,0,0.067239951895437
200,down,2.0,1.05,1,0.0654695385378136
200,down,2.0,1.05,2,0.0805848621433958
200,down,2.0,1.05,3,0.06976319819418678
200,down,2.0,1.05,4,0.0864578676406427
200,down,2.0,1.05,5,0.06563602005556163
200,down,2.0,1.05,6,0.08398509300974807
200,down,2.0,1.05,7,0.082572731459193
200,down,2.0,1.05,8,0.0860756941269426
200,down,2.0,1.05,9,0.06755745685179079
200,down,2.0,1.05,10,0.06657902989048807
200,down,2.0,1.05,11,0.06609656334505701
200,fresh,0.0,1.1,0,0.9005958857098222
200,fresh,0.0,1.1,1,0.8920994508109603
200,fresh,0.0,1.1,2,0.9136018682537701
200,fresh,0.0,1.1,3,0.8909926577044851
200,fresh,0.0,1.1,4,0.8909146102154097
200,fresh,0.0,1.1,5,0.8908591675210511
200,fresh,0.0,1.1,6,0.8929580471506824
200,fresh,0.0,1.1,7,0.9025636817726601
200,fresh,0.0,1.1,8,0.8912318633902763
200,fresh,0.0,1.1,9,0.8929996510582865
200,fresh,0.0,1.1,10,0.8945744129175256
200,fresh,0.0,1.1,11,0.8929995564643343
200,fresh,0.5,1.1,0,0.31229638142340366
200,fresh,0.5,1.1,1,0.4426886243642879
200,fresh,0.5,1.1,2,0.27934448705022774
200,fresh,0.5,1.1,3,0.44757887643088834
200,fresh,0.5,1.1,4,0.4458757461267695
200,fresh,0.5,1.1,5,0.4499289578973057
200,fresh,0.5,1.1,6,0.4368920444368356
200,fresh,0.5,1.1,7,0.28324482202335616
200,fresh,0.5,1.1,8,0.4444125368770975
200,fresh,0.5,1.1,9,0.443028183001533
200,fresh,0.5,1.1,10,0.43760455585516955
200,fresh,0.5,1.1,11,0.4459189847392574
200,fresh,2.0,1.1,0,0.11613506180829616
200,fresh,2.0,1.1,1,0.18617996858669414
200,fresh,2.0,1.1,2,0.11734524156639775
200,fresh,2.0,1.1,3,0.18532853304517283
200,fresh,2.0,1.1,4,0.1852676768550146
200,fresh,2.0,1.1,5,0.18479822710107868
200,fresh,2.0,1.1,6,0.18496191488207323
200,fresh,2.0,1.1,7,0.10177443464070386
200,fresh,2.0,1.1,8,0.18565325519622
200,fresh,2.0,1.1,9,0.13194250833926813
200,fresh,2.0,1.1,10,0.12340829253137187
200,fresh,2.0,1.1,11,0.1857859739368512
200,up,0.0,1.1,0,0.8957421303490685
200,up,0.0,1.1,1,0.8957421303490685
200,up,0.0,1.1,2,0.8957421303490685
200,up,0.0,1.1,3,0.8957421303490685
200,up,0.0,1.1,4,0.8957421303490685
200,up,0.0,1.1,5,0.8957421303490685
200,up,0.0,1.1,6,0.8957421303490685
200,up,0.0,1.1,7,0.8957421303490685
200,up,0.0,1.1,8,0.8957421303490685
200,up,0.0,1.1,9,0.8957421303490685
200,up,0.0,1.1,10,0.8957421303490685
200,up,0.0,1.1,11,0.8957421303490685
200,up,0.5,1.1,0,0.4444820875439109
200,up,0.5,1.1,1,0.4444820875439109
200,up,0.5,1.1,2,0.4444820875439109
200,up,0.5,1.1,3,0.4444820875439109
200,up,0.5,1.1,4,0.4444820875439109
200,up,0.5,1.1,5,0.4444820875439109
200,up,0.5,1.1,6,0.4444820875439109
200,up,0.5,1.1,7,0.4444820875439109
200,up,0.5,1.1,8,0.4444820875439109
200,up,0.5,1.1,9,0.4444820875439109
200,up,0.5,1.1,10,0.4444820875439109
200,up,0.5,1.1,11,0.4444820875439109
200,up,2.0,1.1,0,0.16931442516301573
200,up,2.0,1.1,1,0.16931442516302225
200,up,2.0,1.1,2,0.16931442516301573
200,up,2.0,1.1,3,0.16931442516301573
200,up,2.0,1.1,4,0.16931442516301573
200,up,2.0,1.1,5,0.16931442516301573
200,up,2.0,1.1,6,0.16931442516301573
200,up,2.0,1.1,7,0.16931442516301573
200,up,2.0,1.1,8,0.16931442516301573
200,up,2.0,1.1,9,0.16931442516301573
200,up,2.0,1.1,10,0.16931442516301573
200,up,2.0,1.1,11,0.16931442516301573
200,down,0.0,1.1,0,0.9286360986505338
200,down,0.0,1.1,1,0.9343096335353471
200,down,0.0,1.1,2,0.9157644792190331
200,down,0.0,1.1,3,0.9328587024537434
200,down,0.0,1.1,4,0.9199058103644847
200,down,0.0,1.1,5,0.9261894823610487
200,down,0.0,1.1,6,0.9128874255404207
200,down,0.0,1.1,7,0.8912502323406761
200,down,0.0,1.1,8,0.9328171962661553
200,down,0.0,1.1,9,0.9346418183739729
200,down,0.0,1.1,10,0.932046941113092
200,down,0.0,1.1,11,0.9268890906016304
200,down,0.5,1.1,0,0.281449152665723
200,down,0.5,1.1,1,0.42925123375682916
200,down,0.5,1.1,2,0.3144285890751257
200,down,0.5,1.1,3,0.40585025662019913
200,down,0.5,1.1,4,0.2829903493534755
200,down,0.5,1.1,5,0.4613527409090443
200,down,0.5,1.1,6,0.3056632481819872
200,down,0.5,1.1,7,0.26813720613795683
200,down,0.5,1.1,8,0.35539691345336677
200,down,0.5,1.1,9,0.28010049488028016
200,down,0.5,1.1,10,0.34228186437541697
200,down,0.5,1.1,11,0.2841011080705743
200,down,2.0,1.1,0,0.1021828541267402
200,down,2.0,1.1,1,0.11843566100594587
200,down,2.0,1.1,2,0.10028256050938184
200,down,2.0,1.1,3,0.10145100011319472
200,down,2.0,1.1,4,0.10084590360866799
200,down,2.0,1.1,5,0.15277764755771217
200,down,2.0,1.1,6,0.10115979650498985
200,down,2.0,1.1,7,0.10052042374709116
200,down,2.0,1.1,8,0.10068501492088387
200,down,2.0,1.1,9,0.10374882438943758
200,down,2.0,1.1,10,0.10419534746317424
200,down,2.0,1.1,11,0.1202497139255945
200,fresh,0.0,1.2,0,1.3295657004507888
200,fresh,0.0,1.2,1,1.323737386795397
200,fresh,0.0,1.2,2,1.3236445099146021
200,fresh,0.0,1.2,3,1.3226806386401955
200,fresh,0.0,1.2,4,1.322327798399436
200,fresh,0.0,1.2,5,1.3223749294002067
200,fresh,0.0,1.2,6,1.3234351734424599
200,fresh,0.0,1.2,7,1.3216898808166315
200,fresh,0.0,1.2,8,1.3229222422419582
200,fresh,0.0,1.2,9,1.3245606502340381
200,fresh,0.0,1.2,10,1.3255711825451941
200,fresh,0.0,1.2,11,1.3242588866906386
200,fresh,0.5,1.2,0,0.5100456547132665
200,fresh,0.5,1.2,1,0.6712193498080548
200,fresh,0.5,1.2,2,0.44333280562987215
200,fresh,0.5,1.2,3,0.6467495371256146
200,fresh,0.5,1.2,4,0.6508128550772554
200,fresh,0.5,1.2,5,0.6437208538832875
200,fresh,0.5,1.2,6,0.6235638567805641
200,fresh,0.5,1.2,7,0.5186697674247022
200,fresh,0.5,1.2,8,0.664692381595928
200,fresh,0.5,1.2,9,0.6765772883437461
200,fresh,0.5,1.2,10,0.6254596613644232
200,fresh,0.5,1.2,11,0.634162638698671
200,fresh,2.0,1.2,0,0.1605015410003903
200,fresh,2.0,1.2,1,0.2552583660761042
200,fresh,2.0,1.2,2,0.1673109358161465
200,fresh,2.0,1.2,3,0.25572820723445794
200,fresh,2.0,1.2,4,0.2546023661989174
200,fresh,2.0,1.2,5,0.2559075300358738
200,fresh,2.0,1.2,6,0.2451027121533524
200,fresh,2.0,1.2,7,0.17567733040223243
200,fresh,2.0,1.2,8,0.25527701149914866
200,fresh,2.0,1.2,9,0.2254465138261591
200,fresh,2.0,1.2,10,0.19003681729287591
200,fresh,2.0,1.2,11,0.2576402322636484
200,up,0.0,1.2,0,1.3218678729873
200,up,0.0,1.2,1,1.3218678729873
200,up,0.0,1.2,2,1.3218678729873
200,up,0.0,1.2,3,1.3218678729873
200,up,0.0,1.2,4,1.3218678729873
200,up,0.0,1.2,5,1.3218678729873
200,up,0.0,1.2,6,1.3218678729873
200,up,0.0,1.2,7,1.3218678729873
200,up,0.0,1.2,8,1.3218678729873
200,up,0.0,1.2,9,1.3218678729873
200,up,0.0,1.2,10,1.3218678729873
200,up,0.0,1.2,11,1.3218678729873
200,up,0.5,1.2,0,0.6594909975925668
200,up,0.5,1.2,1,0.6594909975925668
200,up,0.5,1.2,2,0.6594909975925668
200,up,0.5,1.2,3,0.6594909975925668
200,up,0.5,1.2,4,0.6594909975925668
200,up,0.5,1.2,5,0.6594909975925668
200,up,0.5,1.2,6,0.6594909975925668
200,up,0.5,1.2,7,0.6594909975925668
200,up,0.5,1.2,8,0.6594909975925668
200,up,0.5,1.2,9,0.6594909975925668
200,up,0.5,1.2,10,0.6594909975925668
200,up,0.5,1.2,11,0.6594909975925668
200,up,2.0,1.2,0,0.25593984332347874
200,up,2.0,1.2,1,0.25593984332347847
200,up,2.0,1.2,2,0.25593984332347874
200,up,2.0,1.2,3,0.25593984332347874
200,up,2.0,1.2,4,0.25593984332347874
200,up,2.0,1.2,5,0.25593984332347874
200,up,2.0,1.2,6,0.25593984332347874
200,up,2.0,1.2,7,0.25593984332347874
200,up,2.0,1.2,8,0.25593984332347874
200,up,2.0,1.2,9,0.25593984332347874
200,up,2.0,1.2,10,0.25593984332347874
200,up,2.0,1.2,11,0.25593984332347874
200,down,0.0,1.2,0,1.321793279294909
200,down,0.0,1.2,1,1.3220442450609609
200,down,0.0,1.2,2,1.3225279738273277
200,down,0.0,1.2,3,1.3226883634160003
200,down,0.0,1.2,4,1.3254232421449479
200,down,0.0,1.2,5,1.3240349870390902
200,down,0.0,1.2,6,1.331093302922802
200,down,0.0,1.2,7,1.3277590760113116
200,down,0.0,1.2,8,1.322593033752546
200,down,0.0,1.2,9,1.3216961025331693
200,down,0.0,1.2,10,1.3220352274251446
200,down,0.0,1.2,11,1.3232961594833865
200,down,0.5,1.2,0,0.5053904477700006
200,down,0.5,1.2,1,0.6636413239554304
200,down,0.5,1.2,2,0.4664284272700695
200,down,0.5,1.2,3,0.6366972564583226
200,down,0.5,1.2,4,0.6295590340616513
200,down,0.5,1.2,5,0.6781770554016839
200,down,0.5,1.2,6,0.5208581916136484
200,down,0.5,1.2,7,0.5978270097089512
200,down,0.5,1.2,8,0.6324254872229107
200,down,0.5,1.2,9,0.4434460475355752
200,down,0.5,1.2,10,0.5002484459057962
200,down,0.5,1.2,11,0.43713701860506604
200,down,2.0,1.2,0,0.1613126197052432
200,down,2.0,1.2,1,0.16523078613329917
200,down,2.0,1.2,2,0.1605039791656668
200,down,2.0,1.2,3,0.25329496887847197
200,down,2.0,1.2,4,0.2550467741099055
200,down,2.0,1.2,5,0.21644195123460636
200,down,2.0,1.2,6,0.16060084851400658
200,down,2.0,1.2,7,0.1605319903763291
200,down,2.0,1.2,8,0.25506976756661515
200,down,2.0,1.2,9,0.16487823554548697
200,down,2.0,1.2,10,0.16155464325018554
200,down,2.0,1.2,11,0.16228993952069376
200,fresh,0.0,1.5,0,2.2342643719648274
200,fresh,0.0,1.5,1,2.223565643513372
200,fresh,0.0,1.5,2,2.2359231732447977
200,fresh,0.0,1.5,3,2.220645783520573
200,fresh,0.0,1.5,4,2.221296038932317
200,fresh,0.0,1.5,5,2.2208443893856855
200,fresh,0.0,1.5,6,2.22822046511599
200,fresh,0.0,1.5,7,2.2403375507682255
200,fresh,0.0,1.5,8,2.2212886493558424
200,fresh,0.0,1.5,9,2.2258469242774357
200,fresh,0.0,1.5,10,2.228133469392987
200,fresh,0.0,1.5,11,2.2261429675127697
200,fresh,0.5,1.5,0,1.0062319230384422
200,fresh,0.5,1.5,1,1.1096080446911583
200,fresh,0.5,1.5,2,0.8650222678009427
200,fresh,0.5,1.5,3,1.1232542944932105
200,fresh,0.5,1.5,4,1.1171400762828145
200,fresh,0.5,1.5,5,1.1245314763725953
200,fresh,0.5,1.5,6,1.0273223051768348
200,fresh,0.5,1.5,7,1.092634539971296
200,fresh,0.5,1.5,8,1.096271212060655
200,fresh,0.5,1.5,9,1.0955490399759622
200,fresh,0.5,1.5,10,1.0452384355814277
200,fresh,0.5,1.5,11,1.063310912718106
200,fresh,2.0,1.5,0,0.3106980248101982
200,fresh,2.0,1.5,1,0.4361763876847257
200,fresh,2.0,1.5,2,0.3169927653581308
200,fresh,2.0,1.5,3,0.4441565597808463
200,fresh,2.0,1.5,4,0.4417355590148375
200,fresh,2.0,1.5,5,0.44366052405299994
200,fresh,2.0,1.5,6,0.4016252865325616
200,fresh,2.0,1.5,7,0.3086231495375174
200,fresh,2.0,1.5,8,0.4445131209338017
200,fresh,2.0,1.5,9,0.40902039315933325
200,fresh,2.0,1.5,10,0.37396612949559893
200,fresh,2.0,1.5,11,0.4295302269485405
200,up,0.0,1.5,0,2.245966381687367
200,up,0.0,1.5,1,2.245966381687367
200,up,0.0,1.5,2,2.245966381687367
200,up,0.0,1.5,3,2.245966381687367
200,up,0.0,1.5,4,2.245966381687367
200,up,0.0,1.5,5,2.245966381687367
200,up,0.0,1.5,6,2.245966381687367
200,up,0.0,1.5,7,2.245966381687367
200,up,0.0,1.5,8,2.245966381687367
200,up,0.0,1.5,9,2.245966381687367
200,up,0.0,1.5,10,2.245966381687367
200,up,0.0,1.5,11,2.245966381687367
200,up,0.5,1.5,0,1.1070145634122184
200,up,0.5,1.5,1,1.1070145634122184
200,up,0.5,1.5,2,1.1070145634122184
200,up,0.5,1.5,3,1.1070145634122184
200,up,0.5,1.5,4,1.1070145634122184
200,up,0.5,1.5,5,1.1070145634122184
200,up,0.5,1.5,6,1.1070145634122184
200,up,0.5,1.5,7,1.1070145634122184
200,up,0.5,1.5,8,1.1070145634122184
200,up,0.5,1.5,9,1.1070145634122184
200,up,0.5,1.5,10,1.1070145634122184
200,up,0.5,1.5,11,1.1070145634122184
200,up,2.0,1.5,0,0.44587066425777894
200,up,2.0,1.5,1,0.4458706642577809
200,up,2.0,1.5,2,0.44587066425777894
200,up,2.0,1.5,3,0.44587066425777894
200,up,2.0,1.5,4,0.44587066425777894
200,up,2.0,1.5,5,0.44587066425777894
200,up,2.0,1.5,6,0.44587066425777894
200,up,2.0,1.5,7,0.44587066425777894
200,up,2.0,1.5,8,0.44587066425777894
200,up,2.0,1.5,9,0.44587066425777894
200,up,2.0,1.5,10,0.44587066425777894
200,up,2.0,1.5,11,0.44587066425777894
200,down,0.0,1.5,0,2.2217032251390973
200,down,0.0,1.5,1,2.2282098720879913
200,down,0.0,1.5,2,2.2307753554329066
200,down,0.0,1.5,3,2.235424601289017
200,down,0.0,1.5,4,2.2413583569962907
200,down,0.0,1.5,5,2.2406188779855962
200,down,0.0,1.5,6,2.235089385893125
200,down,0.0,1.5,7,2.247143391705356
200,down,0.0,1.5,8,2.233027479648231
200,down,0.0,1.5,9,2.2231062472933854
200,down,0.0,1.5,10,2.227047022310576
200,down,0.0,1.5,11,2.231541066077855
200,down,0.5,1.5,0,0.9356570862215665
200,down,0.5,1.5,1,1.1040936483370536
200,down,0.5,1.5,2,0.8799995143658554
200,down,0.5,1.5,3,1.123334126877421
200,down,0.5,1.5,4,1.1106743159816643
200,down,0.5,1.5,5,1.1240765023028962
200,down,0.5,1.5,6,1.0086897997879465
200,down,0.5,1.5,7,1.1067579601843442
200,down,0.5,1.5,8,1.0805712909616387
200,down,0.5,1.5,9,1.051200672787246
200,down,0.5,1.5,10,0.9039970860345423
200,down,0.5,1.5,11,0.8910202039096042
200,down,2.0,1.5,0,0.3111183446051703
200,down,2.0,1.5,1,0.3106203750773793
200,down,2.0,1.5,2,0.30860149507297563
200,down,2.0,1.5,3,0.44410210736330497
200,down,2.0,1.5,4,0.4422713886079035
200,down,2.0,1.5,5,0.443463246297683
200,down,2.0,1.5,6,0.3053165782303472
200,down,2.0,1.5,7,0.30901784938197774
200,down,2.0,1.5,8,0.44387367674962774
200,down,2.0,1.5,9,0.40584661215589335
200,down,2.0,1.5,10,0.31266544043463174
200,down,2.0,1.5,11,0.4134863844720468
200,fresh,0.0,2.0,0,3.4671707475282734
200,fresh,0.0,2.0,1,3.4630287835531783
200,fresh,0.0,2.0,2,3.463995433548499
200,fresh,0.0,2.0,3,3.4613022401697027
200,fresh,0.0,2.0,4,3.4608697446195174
200,fresh,0.0,2.0,5,3.460888053770235
200,fresh,0.0,2.0,6,3.4629816656421983
200,fresh,0.0,2.0,7,3.461751188993163
200,fresh,0.0,2.0,8,3.46172284519045
200,fresh,0.0,2.0,9,3.4642973001811903
200,fresh,0.0,2.0,10,3.4647580019459427
200,fresh,0.0,2.0,11,3.463647583492382
200,fresh,0.5,2.0,0,1.6452104122786897
200,fresh,0.5,2.0,1,1.7021291078915568
200,fresh,0.5,2.0,2,1.5067537727113223
200,fresh,0.5,2.0,3,1.725017467979169
200,fresh,0.5,2.0,4,1.7287480658564793
200,fresh,0.5,2.0,5,1.720632339823411
200,fresh,0.5,2.0,6,1.6003287252432097
200,fresh,0.5,2.0,7,1.7172784329862525
200,fresh,0.5,2.0,8,1.7201893950983358
200,fresh,0.5,2.0,9,1.7111659150343534
200,fresh,0.5,2.0,10,1.643917889247487
200,fresh,0.5,2.0,11,1.6440081345172017
200,fresh,2.0,2.0,0,0.536609355428957
200,fresh,2.0,2.0,1,0.6811915507063315
200,fresh,2.0,2.0,2,0.5388829495532481
200,fresh,2.0,2.0,3,0.691380670238278
200,fresh,2.0,2.0,4,0.6835027322040864
200,fresh,2.0,2.0,5,0.6921159121397056
200,fresh,2.0,2.0,6,0.6364865039074646
200,fresh,2.0,2.0,7,0.533713859350439
200,fresh,2.0,2.0,8,0.6862762727038318
200,fresh,2.0,2.0,9,0.6597880426845422
200,fresh,2.0,2.0,10,0.6238023676327752
200,fresh,2.0,2.0,11,0.6640003721530692
200,up,0.0,2.0,0,3.4672443417940055
200,up,0.0,2.0,1,3.4672443417940055
200,up,0.0,2.0,2,3.4672443417940055
200,up,0.0,2.0,3,3.4672443417940055
200,up,0.0,2.0,4,3.4672443417940055
200,up,0.0,2.0,5,3.4672443417940055
200,up,0.0,2.0,6,3.4672443417940055
200,up,0.0,2.0,7,3.4672443417940055
200,up,0.0,2.0,8,3.4672443417940055
200,up,0.0,2.0,9,3.4672443417940055
200,up,0.0,2.0,10,3.4672443417940055
200,up,0.0,2.0,11,3.4672443417940055
200,up,0.5,2.0,0,1.7213699224596166
200,up,0.5,2.0,1,1.721369922459636
200,up,0.5,2.0,2,1.7213699224596166
200,up,0.5,2.0,3,1.7213699224596166
200,up,0.5,2.0,4,1.7213699224596166
200,up,0.5,2.0,5,1.7213699224596166
200,up,0.5,2.0,6,1.7213699224596166
200,up,0.5,2.0,7,1.7213699224596166
200,up,0.5,2.0,8,1.7213699224596166
200,up,0.5,2.0,9,1.7213699224596166
200,up,0.5,2.0,10,1.7213699224596166
200,up,0.5,2.0,11,1.7213699224596166
200,up,2.0,2.0,0,0.6925393424235881
200,up,2.0,2.0,1,0.6925393424235853
200,up,2.0,2.0,2,0.6925393424235881
200,up,2.0,2.0,3,0.6925393424235881
200,up,2.0,2.0,4,0.6925393424235881
200,up,2.0,2.0,5,0.6925393424235881
200,up,2.0,2.0,6,0.6925393424235881
200,up,2.0,2.0,7,0.6925393424235881
200,up,2.0,2.0,8,0.6925393424235881
200,up,2.0,2.0,9,0.6925393424235881
200,up,2.0,2.0,10,0.6925393424235881
200,up,2.0,2.0,11,0.6925393424235881
200,down,0.0,2.0,0,3.467170747528204
200,down,0.0,2.0,1,3.4630287835530646
200,down,0.0,2.0,2,3.4639954335483436
200,down,0.0,2.0,3,3.461302240169714
200,down,0.0,2.0,4,3.4608697446195116
200,down,0.0,2.0,5,3.4608880537702245
200,down,0.0,2.0,6,3.4629816656421246
200,down,0.0,2.0,7,3.461751188993178
200,down,0.0,2.0,8,3.4617228451904962
200,down,0.0,2.0,9,3.464297300181162
200,down,0.0,2.0,10,3.4647580019459134
200,down,0.0,2.0,11,3.4636475834923077
200,down,0.5,2.0,0,1.6452104122787035
200,down,0.5,2.0,1,1.7021291078916994
200,down,0.5,2.0,2,1.5067537727113438
200,down,0.5,2.0,3,1.7250174679791677
200,down,0.5,2.0,4,1.7287480658564807
200,down,0.5,2.0,5,1.7206323398234167
200,down,0.5,2.0,6,1.6003287252431369
200,down,0.5,2.0,7,1.7172784329862525
200,down,0.5,2.0,8,1.720189395098355
200,down,0.5,2.0,9,1.7111659150343512
200,down,0.5,2.0,10,1.6439178892474058
200,down,0.5,2.0,11,1.644008134517128
200,down,2.0,2.0,0,0.5366093554289604
200,down,2.0,2.0,1,0.6811915507063537
200,down,2.0,2.0,2,0.5388829495532692
200,down,2.0,2.0,3,0.6913806702382714
200,down,2.0,2.0,4,0.683502732204093
200,down,2.0,2.0,5,0.692115912139717
200,down,2.0,2.0,6,0.6364865039074208
200,down,2.0,2.0,7,0.5337138593504461
200,down,2.0,2.0,8,0.686276272703835
200,down,2.0,2.0,9,0.6597880426845714
200,down,2.0,2.0,10,0.6238023676328441
200,down,2.0,2.0,11,0.6640003721530314
400,fresh,0.0,0.0,0,2.10924589788468e-262
400,fresh,0.0,0.0,1,3.045107948942807e-262
400,fresh,0.0,0.0,2,5.428432672672091e-263
400,fresh,0.0,0.0,3,3.908064518228428e-263
400,fresh,0.0,0.0,4,1.8411640115299122e-263
400,fresh,0.0,0.0,5,2.066100785814909e-263
400,fresh,0.0,0.0,6,7.478329471842379e-262
400,fresh,0.0,0.0,7,-2.7935240094722877e-263
400,fresh,0.0,0.0,8,6.0739252393453156e-263
400,fresh,0.0,0.0,9,-1.5997223247620516e-261
400,fresh,0.0,0.0,10,-8.875655633636132e-263
400,fresh,0.0,0.0,11,-2.6099783043933996e-262
400,fresh,0.5,0.0,0,7.203314108357544e-133
400,fresh,0.5,0.0,1,0.0
400,fresh,0.5,0.0,2,5.253936019835645e-133
400,fresh,0.5,0.0,3,7.479344112435047e-133
400,fresh,0.5,0.0,4,3.512415337273999e-133
400,fresh,0.5,0.0,5,4.000546756596511e-133
400,fresh,0.5,0.0,6,3.335855202551736e-132
400,fresh,0.5,0.0,7,-5.420075720336938e-133
400,fresh,0.5,0.0,8,1.0993299953274717e-132
400,fresh,0.5,0.0,9,-1.242132405768465e-132
400,fresh,0.5,0.0,10,-7.543152421944068e-133
400,fresh,0.5,0.0,11,-1.9487093194097145e-132
400,fresh,2.0,0.0,0,4.2638434557381544e-55
400,fresh,2.0,0.0,1,0.0
400,fresh,2.0,0.0,2,5.164097442004423e-55
400,fresh,2.0,0.0,3,1.1020796008543497e-54
400,fresh,2.0,0.0,4,5.1723051555956585e-55
400,fresh,2.0,0.0,5,5.946289181320375e-55
400,fresh,2.0,0.0,6,2.1738712981552513e-54
400,fresh,2.0,0.0,7,-8.066446912106627e-55
400,fresh,2.0,0.0,8,1.5490267913615114e-54
400,fresh,2.0,0.0,9,-5.8715984316942944e-55
400,fresh,2.0,0.0,10,-6.921382790463106e-55
400,fresh,2.0,0.0,11,-1.605471397947953e-54
400,up,0.0,0.0,0,2.10924589788468e-262
400,up,0.0,0.0,1,3.045107948942807e-262
400,up,0.0,0.0,2,5.428432672672091e-263
400,up,0.0,0.0,3,3.908064518228428e-263
400,up,0.0,0.0,4,1.8411640115299122e-263
400,up,0.0,0.0,5,2.066100785814909e-263
400,up,0.0,0.0,6,7.478329471842379e-262
400,up,0.0,0.0,7,-2.7935240094722877e-263
400,up,0.0,0.0,8,6.0739252393453156e-263
400,up,0.0,0.0,9,-1.5997223247620516e-261
400,up,0.0,0.0,10,-8.875655633636132e-263
400,up,0.0,0.0,11,-2.6099783043933996e-262
400,up,0.5,0.0,0,7.203314108357544e-133
400,up,0.5,0.0,1,0.0
400,up,0.5,0.0,2,5.253936019835645e-133
400,up,0.5,0.0,3,7.479344112435047e-133
400,up,0.5,0.0,4,3.512415337273999e-133
400,up,0.5,0.0,5,4.000546756596511e-133
400,up,0.5,0.0,6,3.335855202551736e-132
400,up,0.5,0.0,7,-5.420075720336938e-133
400,up,0.5,0.0,8,1.0993299953274717e-132
400,up,0.5,0.0,9,-1.242132405768465e-132
400,up,0.5,0.0,10,-7.543152421944068e-133
400,up,0.5,0.0,11,-1.9487093194097145e-132
400,up,2.0,0.0,0,4.2638434557381544e-55
400,up,2.0,0.0,1,0.0
400,up,2.0,0.0,2,5.164097442004423e-55
400,up,2.0,0.0,3,1.1020796008543497e-54
400,up,2.0,0.0,4,5.1723051555956585e-55
400,up,2.0,0.0,5,5.946289181320375e-55
400,up,2.0,0.0,6,2.1738712981552513e-54
400,up,2.0,0.0,7,-8.066446912106627e-55
400,up,2.0,0.0,8,1.5490267913615114e-54
400,up,2.0,0.0,9,-5.8715984316942944e-55
400,up,2.0,0.0,10,-6.921382790463106e-55
400,up,2.0,0.0,11,-1.605471397947953e-54
400,down,0.0,0.0,0,0.0
400,down,0.0,0.0,1,0.0
400,down,0.0,0.0,2,0.0
400,down,0.0,0.0,3,0.0
400,down,0.0,0.0,4,0.0
400,down,0.0,0.0,5,0.0
400,down,0.0,0.0,6,0.0
400,down,0.0,0.0,7,0.0
400,down,0.0,0.0,8,0.0
400,down,0.0,0.0,9,0.0
400,down,0.0,0.0,10,0.0
400,down,0.0,0.0,11,0.0
400,down,0.5,0.0,0,0.0
400,down,0.5,0.0,1,0.0
400,down,0.5,0.0,2,0.0
400,down,0.5,0.0,3,0.0
400,down,0.5,0.0,4,0.0
400,down,0.5,0.0,5,0.0
400,down,0.5,0.0,6,0.0
400,down,0.5,0.0,7,0.0
400,down,0.5,0.0,8,0.0
400,down,0.5,0.0,9,0.0
400,down,0.5,0.0,10,0.0
400,down,0.5,0.0,11,0.0
400,down,2.0,0.0,0,0.0
400,down,2.0,0.0,1,0.0
400,down,2.0,0.0,2,0.0
400,down,2.0,0.0,3,0.0
400,down,2.0,0.0,4,0.0
400,down,2.0,0.0,5,0.0
400,down,2.0,0.0,6,0.0
400,down,2.0,0.0,7,0.0
400,down,2.0,0.0,8,0.0
400,down,2.0,0.0,9,0.0
400,down,2.0,0.0,10,0.0
400,down,2.0,0.0,11,0.0
400,fresh,0.0,0.5,0,0.0
400,fresh,0.0,0.5,1,0.0
400,fresh,0.0,0.5,2,0.0
400,fresh,0.0,0.5,3,0.0
400,fresh,0.0,0.5,4,0.0
400,fresh,0.0,0.5,5,0.0
400,fresh,0.0,0.5,6,0.0
400,fresh,0.0,0.5,7,0.0
400,fresh,0.0,0.5,8,0.0
400,fresh,0.0,0.5,9,0.0
400,fresh,0.0,0.5,10,0.0
400,fresh,0.0,0.5,11,0.0
400,fresh,0.5,0.5,0,0.0
400,fresh,0.5,0.5,1,0.0
400,fresh,0.5,0.5,2,0.0
400,fresh,0.5,0.5,3,0.0
400,fresh,0.5,0.5,4,0.0
400,fresh,0.5,0.5,5,0.0
400,fresh,0.5,0.5,6,0.0
400,fresh,0.5,0.5,7,0.0
400,fresh,0.5,0.5,8,0.0
400,fresh,0.5,0.5,9,0.0
400,fresh,0.5,0.5,10,0.0
400,fresh,0.5,0.5,11,0.0
400,fresh,2.0,0.5,0,0.0
400,fresh,2.0,0.5,1,0.0
400,fresh,2.0,0.5,2,0.0
400,fresh,2.0,0.5,3,0.0
400,fresh,2.0,0.5,4,0.0
400,fresh,2.0,0.5,5,0.0
400,fresh,2.0,0.5,6,0.0
400,fresh,2.0,0.5,7,0.0
400,fresh,2.0,0.5,8,0.0
400,fresh,2.0,0.5,9,0.0
400,fresh,2.0,0.5,10,0.0
400,fresh,2.0,0.5,11,0.0
400,up,0.0,0.5,0,0.0
400,up,0.0,0.5,1,0.0
400,up,0.0,0.5,2,0.0
400,up,0.0,0.5,3,0.0
400,up,0.0,0.5,4,0.0
400,up,0.0,0.5,5,0.0
400,up,0.0,0.5,6,0.0
400,up,0.0,0.5,7,0.0
400,up,0.0,0.5,8,0.0
400,up,0.0,0.5,9,0.0
400,up,0.0,0.5,10,0.0
400,up,0.0,0.5,11,0.0
400,up,0.5,0.5,0,0.0
400,up,0.5,0.5,1,0.0
400,up,0.5,0.5,2,0.0
400,up,0.5,0.5,3,0.0
400,up,0.5,0.5,4,0.0
400,up,0.5,0.5,5,0.0
400,up,0.5,0.5,6,0.0
400,up,0.5,0.5,7,0.0
400,up,0.5,0.5,8,0.0
400,up,0.5,0.5,9,0.0
400,up,0.5,0.5,10,0.0
400,up,0.5,0.5,11,0.0
400,up,2.0,0.5,0,0.0
400,up,2.0,0.5,1,0.0
400,up,2.0,0.5,2,0.0
400,up,2.0,0.5,3,0.0
400,up,2.0,0.5,4,0.0
400,up,2.0,0.5,5,0.0
400,up,2.0,0.5,6,0.0
400,up,2.0,0.5,7,0.0
400,up,2.0,0.5,8,0.0
400,up,2.0,0.5,9,0.0
400,up,2.0,0.5,10,0.0
400,up,2.0,0.5,11,0.0
400,down,0.0,0.5,0,0.0
400,down,0.0,0.5,1,0.0
400,down,0.0,0.5,2,0.0
400,down,0.0,0.5,3,0.0
400,down,0.0,0.5,4,0.0
400,down,0.0,0.5,5,0.0
400,down,0.0,0.5,6,0.0
400,down,0.0,0.5,7,0.0
400,down,0.0,0.5,8,0.0
400,down,0.0,0.5,9,0.0
400,down,0.0,0.5,10,0.0
400,down,0.0,0.5,11,0.0
400,down,0.5,0.5,0,0.0
400,down,0.5,0.5,1,0.0
400,down,0.5,0.5,2,0.0
400,down,0.5,0.5,3,0.0
400,down,0.5,0.5,4,0.0
400,down,0.5,0.5,5,0.0
400,down,0.5,0.5,6,0.0
400,down,0.5,0.5,7,0.0
400,down,0.5,0.5,8,0.0
400,down,0.5,0.5,9,0.0
400,down,0.5,0.5,10,0.0
400,down,0.5,0.5,11,0.0
400,down,2.0,0.5,0,0.0
400,down,2.0,0.5,1,0.0
400,down,2.0,0.5,2,0.0
400,down,2.0,0.5,3,0.0
400,down,2.0,0.5,4,0.0
400,down,2.0,0.5,5,0.0
400,down,2.0,0.5,6,0.0
400,down,2.0,0.5,7,0.0
400,down,2.0,0.5,8,0.0
400,down,2.0,0.5,9,0.0
400,down,2.0,0.5,10,0.0
400,down,2.0,0.5,11,0.0
400,fresh,0.0,0.8,0,0.0
400,fresh,0.0,0.8,1,0.0
400,fresh,0.0,0.8,2,0.0
400,fresh,0.0,0.8,3,0.0
400,fresh,0.0,0.8,4,0.0
400,fresh,0.0,0.8,5,0.0
400,fresh,0.0,0.8,6,0.0
400,fresh,0.0,0.8,7,0.0
400,fresh,0.0,0.8,8,0.0
400,fresh,0.0,0.8,9,0.0
400,fresh,0.0,0.8,10,0.0
400,fresh,0.0,0.8,11,0.0
400,fresh,0.5,0.8,0,0.0
400,fresh,0.5,0.8,1,0.0
400,fresh,0.5,0.8,2,0.0
400,fresh,0.5,0.8,3,0.0
400,fresh,0.5,0.8,4,0.0
400,fresh,0.5,0.8,5,0.0
400,fresh,0.5,0.8,6,0.0
400,fresh,0.5,0.8,7,0.0
400,fresh,0.5,0.8,8,0.0
400,fresh,0.5,0.8,9,0.0
400,fresh,0.5,0.8,10,0.0
400,fresh,0.5,0.8,11,0.0
400,fresh,2.0,0.8,0,0.0
400,fresh,2.0,0.8,1,0.0
400,fresh,2.0,0.8,2,0.0
400,fresh,2.0,0.8,3,0.0
400,fresh,2.0,0.8,4,0.0
400,fresh,2.0,0.8,5,0.0
400,fresh,2.0,0.8,6,0.0
400,fresh,2.0,0.8,7,0.0
400,fresh,2.0,0.8,8,0.0
400,fresh,2.0,0.8,9,0.0
400,fresh,2.0,0.8,10,0.0
400,fresh,2.0,0.8,11,0.0
400,up,0.0,0.8,0,0.0
400,up,0.0,0.8,1,0.0
400,up,0.0,0.8,2,0.0
400,up,0.0,0.8,3,0.0
400,up,0.0,0.8,4,0.0
400,up,0.0,0.8,5,0.0
400,up,0.0,0.8,6,0.0
400,up,0.0,0.8,7,0.0
400,up,0.0,0.8,8,0.0
400,up,0.0,0.8,9,0.0
400,up,0.0,0.8,10,0.0
400,up,0.0,0.8,11,0.0
400,up,0.5,0.8,0,0.0
400,up,0.5,0.8,1,0.0
400,up,0.5,0.8,2,0.0
400,up,0.5,0.8,3,0.0
400,up,0.5,0.8,4,0.0
400,up,0.5,0.8,5,0.0
400,up,0.5,0.8,6,0.0
400,up,0.5,0.8,7,0.0
400,up,0.5,0.8,8,0.0
400,up,0.5,0.8,9,0.0
400,up,0.5,0.8,10,0.0
400,up,0.5,0.8,11,0.0
400,up,2.0,0.8,0,0.0
400,up,2.0,0.8,1,0.0
400,up,2.0,0.8,2,0.0
400,up,2.0,0.8,3,0.0
400,up,2.0,0.8,4,0.0
400,up,2.0,0.8,5,0.0
400,up,2.0,0.8,6,0.0
400,up,2.0,0.8,7,0.0
400,up,2.0,0.8,8,0.0
400,up,2.0,0.8,9,0.0
400,up,2.0,0.8,10,0.0
400,up,2.0,0.8,11,0.0
400,down,0.0,0.8,0,0.0
400,down,0.0,0.8,1,0.0
400,down,0.0,0.8,2,0.0
400,down,0.0,0.8,3,0.0
400,down,0.0,0.8,4,0.0
400,down,0.0,0.8,5,0.0
400,down,0.0,0.8,6,0.0
400,down,0.0,0.8,7,0.0
400,down,0.0,0.8,8,0.0
400,down,0.0,0.8,9,0.0
400,down,0.0,0.8,10,0.0
400,down,0.0,0.8,11,0.0
400,down,0.5,0.8,0,0.0
400,down,0.5,0.8,1,0.0
400,down,0.5,0.8,2,0.0
400,down,0.5,0.8,3,0.0
400,down,0.5,0.8,4,0.0
400,down,0.5,0.8,5,0.0
400,down,0.5,0.8,6,0.0
400,down,0.5,0.8,7,0.0
400,down,0.5,0.8,8,0.0
400,down,0.5,0.8,9,0.0
400,down,0.5,0.8,10,0.0
400,down,0.5,0.8,11,0.0
400,down,2.0,0.8,0,-1.4210854715202004e-16
400,down,2.0,0.8,1,0.0
400,down,2.0,0.8,2,0.0
400,down,2.0,0.8,3,0.0
400,down,2.0,0.8,4,0.0
400,down,2.0,0.8,5,0.0
400,down,2.0,0.8,6,0.0
400,down,2.0,0.8,7,0.0
400,down,2.0,0.8,8,0.0
400,down,2.0,0.8,9,-5.684341886080802e-16
400,down,2.0,0.8,10,0.0
400,down,2.0,0.8,11,0.0
400,fresh,0.0,0.9,0,0.0
400,fresh,0.0,0.9,1,0.0
400,fresh,0.0,0.9,2,0.0
400,fresh,0.0,0.9,3,0.0
400,fresh,0.0,0.9,4,0.0
400,fresh,0.0,0.9,5,0.0
400,fresh,0.0,0.9,6,0.0
400,fresh,0.0,0.9,7,0.0
400,fresh,0.0,0.9,8,0.0
400,fresh,0.0,0.9,9,0.0
400,fresh,0.0,0.9,10,0.0
400,fresh,0.0,0.9,11,0.0
400,fresh,0.5,0.9,0,0.0
400,fresh,0.5,0.9,1,0.0
400,fresh,0.5,0.9,2,0.0
400,fresh,0.5,0.9,3,0.0
400,fresh,0.5,0.9,4,0.0
400,fresh,0.5,0.9,5,0.0
400,fresh,0.5,0.9,6,0.0
400,fresh,0.5,0.9,7,0.0
400,fresh,0.5,0.9,8,0.0
400,fresh,0.5,0.9,9,0.0
400,fresh,0.5,0.9,10,0.0
400,fresh,0.5,0.9,11,0.0
400,fresh,2.0,0.9,0,0.0
400,fresh,2.0,0.9,1,0.0
400,fresh,2.0,0.9,2,0.0
400,fresh,2.0,0.9,3,0.0
400,fresh,2.0,0.9,4,0.0
400,fresh,2.0,0.9,5,0.0
400,fresh,2.0,0.9,6,0.0
400,fresh,2.0,0.9,7,0.0
400,fresh,2.0,0.9,8,0.0
400,fresh,2.0,0.9,9,0.0
400,fresh,2.0,0.9,10,0.0
400,fresh,2.0,0.9,11,0.0
400,up,0.0,0.9,0,0.0
400,up,0.0,0.9,1,0.0
400,up,0.0,0.9,2,0.0
400,up,0.0,0.9,3,0.0
400,up,0.0,0.9,4,0.0
400,up,0.0,0.9,5,0.0
400,up,0.0,0.9,6,0.0
400,up,0.0,0.9,7,0.0
400,up,0.0,0.9,8,0.0
400,up,0.0,0.9,9,0.0
400,up,0.0,0.9,10,0.0
400,up,0.0,0.9,11,0.0
400,up,0.5,0.9,0,0.0
400,up,0.5,0.9,1,0.0
400,up,0.5,0.9,2,0.0
400,up,0.5,0.9,3,0.0
400,up,0.5,0.9,4,0.0
400,up,0.5,0.9,5,0.0
400,up,0.5,0.9,6,0.0
400,up,0.5,0.9,7,0.0
400,up,0.5,0.9,8,0.0
400,up,0.5,0.9,9,0.0
400,up,0.5,0.9,10,0.0
400,up,0.5,0.9,11,0.0
400,up,2.0,0.9,0,0.0
400,up,2.0,0.9,1,0.0
400,up,2.0,0.9,2,0.0
400,up,2.0,0.9,3,0.0
400,up,2.0,0.9,4,0.0
400,up,2.0,0.9,5,0.0
400,up,2.0,0.9,6,0.0
400,up,2.0,0.9,7,0.0
400,up,2.0,0.9,8,0.0
400,up,2.0,0.9,9,0.0
400,up,2.0,0.9,10,0.0
400,up,2.0,0.9,11,0.0
400,down,0.0,0.9,0,0.0
400,down,0.0,0.9,1,0.0
400,down,0.0,0.9,2,0.0
400,down,0.0,0.9,3,0.0
400,down,0.0,0.9,4,0.0
400,down,0.0,0.9,5,0.0
400,down,0.0,0.9,6,0.0
400,down,0.0,0.9,7,0.0
400,down,0.0,0.9,8,0.0
400,down,0.0,0.9,9,0.0
400,down,0.0,0.9,10,0.0
400,down,0.0,0.9,11,0.0
400,down,0.5,0.9,0,0.0
400,down,0.5,0.9,1,0.0
400,down,0.5,0.9,2,0.0
400,down,0.5,0.9,3,0.0
400,down,0.5,0.9,4,0.0
400,down,0.5,0.9,5,0.0
400,down,0.5,0.9,6,0.0
400,down,0.5,0.9,7,0.0
400,down,0.5,0.9,8,0.0
400,down,0.5,0.9,9,0.0
400,down,0.5,0.9,10,0.0
400,down,0.5,0.9,11,0.0
400,down,2.0,0.9,0,0.0
400,down,2.0,0.9,1,0.0
400,down,2.0,0.9,2,0.0
400,down,2.0,0.9,3,0.0
400,down,2.0,0.9,4,0.0
400,down,2.0,0.9,5,0.0
400,down,2.0,0.9,6,0.0
400,down,2.0,0.9,7,0.0
400,down,2.0,0.9,8,0.0
400,down,2.0,0.9,9,-5.684341886080802e-16
400,down,2.0,0.9,10,0.0
400,down,2.0,0.9,11,0.0
400,fresh,0.0,0.95,0,0.0
400,fresh,0.0,0.95,1,0.0
400,fresh,0.0,0.95,2,0.0
400,fresh,0.0,0.95,3,0.0
400,fresh,0.0,0.95,4,0.0
400,fresh,0.0,0.95,5,0.0
400,fresh,0.0,0.95,6,0.0
400,fresh,0.0,0.95,7,0.0
400,fresh,0.0,0.95,8,0.0
400,fresh,0.0,0.95,9,0.0
400,fresh,0.0,0.95,10,0.0
400,fresh,0.0,0.95,11,0.0
400,fresh,0.5,0.95,0,0.0
400,fresh,0.5,0.95,1,0.0
400,fresh,0.5,0.95,2,0.0
400,fresh,0.5,0.95,3,0.0
400,fresh,0.5,0.95,4,0.0
400,fresh,0.5,0.95,5,0.0
400,fresh,0.5,0.95,6,0.0
400,fresh,0.5,0.95,7,0.0
400,fresh,0.5,0.95,8,0.0
400,fresh,0.5,0.95,9,0.0
400,fresh,0.5,0.95,10,0.0
400,fresh,0.5,0.95,11,0.0
400,fresh,2.0,0.95,0,0.0
400,fresh,2.0,0.95,1,0.0
400,fresh,2.0,0.95,2,0.0
400,fresh,2.0,0.95,3,0.0
400,fresh,2.0,0.95,4,0.0
400,fresh,2.0,0.95,5,0.0
400,fresh,2.0,0.95,6,0.0
400,fresh,2.0,0.95,7,0.0
400,fresh,2.0,0.95,8,0.0
400,fresh,2.0,0.95,9,0.0
400,fresh,2.0,0.95,10,0.0
400,fresh,2.0,0.95,11,0.0
400,up,0.0,0.95,0,0.0
400,up,0.0,0.95,1,0.0
400,up,0.0,0.95,2,0.0
400,up,0.0,0.95,3,0.0
400,up,0.0,0.95,4,0.0
400,up,0.0,0.95,5,0.0
400,up,0.0,0.95,6,0.0
400,up,0.0,0.95,7,0.0
400,up,0.0,0.95,8,0.0
400,up,0.0,0.95,9,0.0
400,up,0.0,0.95,10,0.0
400,up,0.0,0.95,11,0.0
400,up,0.5,0.95,0,0.0
400,up,0.5,0.95,1,0.0
400,up,0.5,0.95,2,0.0
400,up,0.5,0.95,3,0.0
400,up,0.5,0.95,4,0.0
400,up,0.5,0.95,5,0.0
400,up,0.5,0.95,6,0.0
400,up,0.5,0.95,7,0.0
400,up,0.5,0.95,8,0.0
400,up,0.5,0.95,9,0.0
400,up,0.5,0.95,10,0.0
400,up,0.5,0.95,11,0.0
400,up,2.0,0.95,0,0.0
400,up,2.0,0.95,1,0.0
400,up,2.0,0.95,2,0.0
400,up,2.0,0.95,3,0.0
400,up,2.0,0.95,4,0.0
400,up,2.0,0.95,5,0.0
400,up,2.0,0.95,6,0.0
400,up,2.0,0.95,7,0.0
400,up,2.0,0.95,8,0.0
400,up,2.0,0.95,9,0.0
400,up,2.0,0.95,10,0.0
400,up,2.0,0.95,11,0.0
400,down,0.0,0.95,0,0.0
400,down,0.0,0.95,1,0.0
400,down,0.0,0.95,2,0.0
400,down,0.0,0.95,3,0.0
400,down,0.0,0.95,4,0.0
400,down,0.0,0.95,5,0.0
400,down,0.0,0.95,6,0.0
400,down,0.0,0.95,7,0.0
400,down,0.0,0.95,8,0.0
400,down,0.0,0.95,9,0.0
400,down,0.0,0.95,10,0.0
400,down,0.0,0.95,11,0.0
400,down,0.5,0.95,0,0.0
400,down,0.5,0.95,1,0.0
400,down,0.5,0.95,2,0.0
400,down,0.5,0.95,3,0.0
400,down,0.5,0.95,4,0.0
400,down,0.5,0.95,5,0.0
400,down,0.5,0.95,6,0.0
400,down,0.5,0.95,7,0.0
400,down,0.5,0.95,8,0.0
400,down,0.5,0.95,9,0.0
400,down,0.5,0.95,10,0.0
400,down,0.5,0.95,11,0.0
400,down,2.0,0.95,0,-4.263256414560601e-16
400,down,2.0,0.95,1,0.0
400,down,2.0,0.95,2,0.0
400,down,2.0,0.95,3,0.0
400,down,2.0,0.95,4,0.0
400,down,2.0,0.95,5,-5.684341886080802e-16
400,down,2.0,0.95,6,0.0
400,down,2.0,0.95,7,0.0
400,down,2.0,0.95,8,0.0
400,down,2.0,0.95,9,0.0
400,down,2.0,0.95,10,0.0
400,down,2.0,0.95,11,0.0
400,fresh,0.0,0.98,0,0.0
400,fresh,0.0,0.98,1,0.0
400,fresh,0.0,0.98,2,0.0
400,fresh,0.0,0.98,3,0.0
400,fresh,0.0,0.98,4,0.0
400,fresh,0.0,0.98,5,0.0
400,fresh,0.0,0.98,6,0.0
400,fresh,0.0,0.98,7,0.0
400,fresh,0.0,0.98,8,0.0
400,fresh,0.0,0.98,9,0.0
400,fresh,0.0,0.98,10,0.0
400,fresh,0.0,0.98,11,0.0
400,fresh,0.5,0.98,0,0.0
400,fresh,0.5,0.98,1,0.0
400,fresh,0.5,0.98,2,0.0
400,fresh,0.5,0.98,3,0.0
400,fresh,0.5,0.98,4,0.0
400,fresh,0.5,0.98,5,0.0
400,fresh,0.5,0.98,6,0.0
400,fresh,0.5,0.98,7,0.0
400,fresh,0.5,0.98,8,0.0
400,fresh,0.5,0.98,9,0.0
400,fresh,0.5,0.98,10,0.0
400,fresh,0.5,0.98,11,0.0
400,fresh,2.0,0.98,0,1.4788170688007085e-13
400,fresh,2.0,0.98,1,1.8860912831542008e-13
400,fresh,2.0,0.98,2,1.5226042648919247e-13
400,fresh,2.0,0.98,3,1.6377788014665385e-13
400,fresh,2.0,0.98,4,1.532063365061731e-13
400,fresh,2.0,0.98,5,1.5490719817989884e-13
400,fresh,2.0,0.98,6,1.711275565696724e-13
400,fresh,2.0,0.98,7,8.644418514336394e-14
400,fresh,2.0,0.98,8,1.6907142352806658e-13
400,fresh,2.0,0.98,9,6.671774244182416e-14
400,fresh,2.0,0.98,10,8.743228363528033e-14
400,fresh,2.0,0.98,11,1.9482193636122246e-13
400,up,0.0,0.98,0,0.0
400,up,0.0,0.98,1,0.0
400,up,0.0,0.98,2,0.0
400,up,0.0,0.98,3,0.0
400,up,0.0,0.98,4,0.0
400,up,0.0,0.98,5,0.0
400,up,0.0,0.98,6,0.0
400,up,0.0,0.98,7,0.0
400,up,0.0,0.98,8,0.0
400,up,0.0,0.98,9,0.0
400,up,0.0,0.98,10,0.0
400,up,0.0,0.98,11,0.0
400,up,0.5,0.98,0,0.0
400,up,0.5,0.98,1,0.0
400,up,0.5,0.98,2,0.0
400,up,0.5,0.98,3,0.0
400,up,0.5,0.98,4,0.0
400,up,0.5,0.98,5,0.0
400,up,0.5,0.98,6,0.0
400,up,0.5,0.98,7,0.0
400,up,0.5,0.98,8,0.0
400,up,0.5,0.98,9,0.0
400,up,0.5,0.98,10,0.0
400,up,0.5,0.98,11,0.0
400,up,2.0,0.98,0,3.8613556796462946e-14
400,up,2.0,0.98,1,3.8615777242512194e-14
400,up,2.0,0.98,2,3.8613556796462946e-14
400,up,2.0,0.98,3,3.8613556796462946e-14
400,up,2.0,0.98,4,3.8613556796462946e-14
400,up,2.0,0.98,5,3.8613556796462946e-14
400,up,2.0,0.98,6,3.8613556796462946e-14
400,up,2.0,0.98,7,3.8613556796462946e-14
400,up,2.0,0.98,8,3.8613556796462946e-14
400,up,2.0,0.98,9,3.8613556796462946e-14
400,up,2.0,0.98,10,3.8613556796462946e-14
400,up,2.0,0.98,11,3.8613556796462946e-14
400,down,0.0,0.98,0,0.0
400,down,0.0,0.98,1,0.0
400,down,0.0,0.98,2,0.0
400,down,0.0,0.98,3,0.0
400,down,0.0,0.98,4,0.0
400,down,0.0,0.98,5,0.0
400,down,0.0,0.98,6,0.0
400,down,0.0,0.98,7,0.0
400,down,0.0,0.98,8,0.0
400,down,0.0,0.98,9,0.0
400,down,0.0,0.98,10,0.0
400,down,0.0,0.98,11,0.0
400,down,0.5,0.98,0,0.0
400,down,0.5,0.98,1,0.0
400,down,0.5,0.98,2,0.0
400,down,0.5,0.98,3,0.0
400,down,0.5,0.98,4,0.0
400,down,0.5,0.98,5,0.0
400,down,0.5,0.98,6,0.0
400,down,0.5,0.98,7,0.0
400,down,0.5,0.98,8,0.0
400,down,0.5,0.98,9,-1.1368683772161603e-15
400,down,0.5,0.98,10,0.0
400,down,0.5,0.98,11,0.0
400,down,2.0,0.98,0,-9.663381206337363e-15
400,down,2.0,0.98,1,-2.842170943040401e-15
400,down,2.0,0.98,2,-2.842170943040401e-15
400,down,2.0,0.98,3,-2.842170943040401e-15
400,down,2.0,0.98,4,-2.842170943040401e-15
400,down,2.0,0.98,5,-2.842170943040401e-15
400,down,2.0,0.98,6,-2.842170943040401e-15
400,down,2.0,0.98,7,-2.842170943040401e-15
400,down,2.0,0.98,8,-2.842170943040401e-15
400,down,2.0,0.98,9,-2.842170943040401e-15
400,down,2.0,0.98,10,-2.842170943040401e-15
400,down,2.0,0.98,11,-2.842170943040401e-15
400,fresh,0.0,0.99,0,0.0
400,fresh,0.0,0.99,1,0.0
400,fresh,0.0,0.99,2,0.0
400,fresh,0.0,0.99,3,0.0
400,fresh,0.0,0.99,4,0.0
400,fresh,0.0,0.99,5,0.0
400,fresh,0.0,0.99,6,0.0
400,fresh,0.0,0.99,7,0.0
400,fresh,0.0,0.99,8,0.0
400,fresh,0.0,0.99,9,0.0
400,fresh,0.0,0.99,10,0.0
400,fresh,0.0,0.99,11,0.0
400,fresh,0.5,0.99,0,0.0
400,fresh,0.5,0.99,1,0.0
400,fresh,0.5,0.99,2,0.0
400,fresh,0.5,0.99,3,0.0
400,fresh,0.5,0.99,4,0.0
400,fresh,0.5,0.99,5,0.0
400,fresh,0.5,0.99,6,0.0
400,fresh,0.5,0.99,7,0.0
400,fresh,0.5,0.99,8,0.0
400,fresh,0.5,0.99,9,0.0
400,fresh,0.5,0.99,10,0.0
400,fresh,0.5,0.99,11,0.0
400,fresh,2.0,0.99,0,1.1368481933615726e-10
400,fresh,2.0,0.99,1,1.348931433220457e-10
400,fresh,2.0,0.99,2,1.1606079208803522e-10
400,fresh,2.0,0.99,3,1.2217806766301464e-10
400,fresh,2.0,0.99,4,1.1656708043261687e-10
400,fresh,2.0,0.99,5,1.1747923300831077e-10
400,fresh,2.0,0.99,6,1.2600240850701994e-10
400,fresh,2.0,0.99,7,7.857628769869507e-11
400,fresh,2.0,0.99,8,1.2494344669988777e-10
400,fresh,2.0,0.99,9,6.54726117765847e-11
400,fresh,2.0,0.99,10,7.904072951703256e-11
400,fresh,2.0,0.99,11,1.381451575355186e-10
400,up,0.0,0.99,0,0.0
400,up,0.0,0.99,1,0.0
400,up,0.0,0.99,2,0.0
400,up,0.0,0.99,3,0.0
400,up,0.0,0.99,4,0.0
400,up,0.0,0.99,5,0.0
400,up,0.0,0.99,6,0.0
400,up,0.0,0.99,7,0.0
400,up,0.0,0.99,8,0.0
400,up,0.0,0.99,9,0.0
400,up,0.0,0.99,10,0.0
400,up,0.0,0.99,11,0.0
400,up,0.5,0.99,0,0.0
400,up,0.5,0.99,1,0.0
400,up,0.5,0.99,2,0.0
400,up,0.5,0.99,3,0.0
400,up,0.5,0.99,4,0.0
400,up,0.5,0.99,5,0.0
400,up,0.5,0.99,6,0.0
400,up,0.5,0.99,7,0.0
400,up,0.5,0.99,8,0.0
400,up,0.5,0.99,9,0.0
400,up,0.5,0.99,10,0.0
400,up,0.5,0.99,11,0.0
400,up,2.0,0.99,0,2.161090639773988e-11
400,up,2.0,0.99,1,2.1610899736401733e-11
400,up,2.0,0.99,2,2.161090639773988e-11
400,up,2.0,0.99,3,2.161090639773988e-11
400,up,2.0,0.99,4,2.161090639773988e-11
400,up,2.0,0.99,5,2.161090639773988e-11
400,up,2.0,0.99,6,2.161090639773988e-11
400,up,2.0,0.99,7,2.161090639773988e-11
400,up,2.0,0.99,8,2.161090639773988e-11
400,up,2.0,0.99,9,2.161090639773988e-11
400,up,2.0,0.99,10,2.161090639773988e-11
400,up,2.0,0.99,11,2.161090639773988e-11
400,down,0.0,0.99,0,0.0
400,down,0.0,0.99,1,0.0
400,down,0.0,0.99,2,0.0
400,down,0.0,0.99,3,0.0
400,down,0.0,0.99,4,0.0
400,down,0.0,0.99,5,0.0
400,down,0.0,0.99,6,0.0
400,down,0.0,0.99,7,0.0
400,down,0.0,0.99,8,0.0
400,down,0.0,0.99,9,0.0
400,down,0.0,0.99,10,0.0
400,down,0.0,0.99,11,0.0
400,down,0.5,0.99,0,0.0
400,down,0.5,0.99,1,0.0
400,down,0.5,0.99,2,0.0
400,down,0.5,0.99,3,0.0
400,down,0.5,0.99,4,-1.1368683772161603e-15
400,down,0.5,0.99,5,0.0
400,down,0.5,0.99,6,0.0
400,down,0.5,0.99,7,0.0
400,down,0.5,0.99,8,-1.1368683772161603e-15
400,down,0.5,0.99,9,0.0
400,down,0.5,0.99,10,-1.1368683772161603e-15
400,down,0.5,0.99,11,0.0
400,down,2.0,0.99,0,-2.1647679204761515e-11
400,down,2.0,0.99,1,-2.1569803720922208e-11
400,down,2.0,0.99,2,-2.156298251065891e-11
400,down,2.0,0.99,3,-2.156070877390448e-11
400,down,2.0,0.99,4,-2.1565824681601952e-11
400,down,2.0,0.99,5,-2.1572077457676642e-11
400,down,2.0,0.99,6,-2.1564687813224737e-11
400,down,2.0,0.99,7,-2.156411937903613e-11
400,down,2.0,0.99,8,-2.1565256247413344e-11
400,down,2.0,0.99,9,-2.1567529984167778e-11
400,down,2.0,0.99,10,-2.1582877707260195e-11
400,down,2.0,0.99,11,-2.15692352867336e-11
400,fresh,0.0,0.995,0,8.881784197001253e-18
400,fresh,0.0,0.995,1,0.0
400,fresh,0.0,0.995,2,0.0
400,fresh,0.0,0.995,3,0.0
400,fresh,0.0,0.995,4,0.0
400,fresh,0.0,0.995,5,0.0
400,fresh,0.0,0.995,6,0.0
400,fresh,0.0,0.995,7,0.0
400,fresh,0.0,0.995,8,0.0
400,fresh,0.0,0.995,9,8.881784197001253e-18
400,fresh,0.0,0.995,10,8.881784197001253e-18
400,fresh,0.0,0.995,11,8.881784197001253e-18
400,fresh,0.5,0.995,0,3.3306690738754695e-17
400,fresh,0.5,0.995,1,9.103828801926283e-17
400,fresh,0.5,0.995,2,5.551115123125783e-17
400,fresh,0.5,0.995,3,6.661338147750939e-17
400,fresh,0.5,0.995,4,5.995204332975846e-17
400,fresh,0.5,0.995,5,5.995204332975846e-17
400,fresh,0.5,0.995,6,7.771561172376095e-17
400,fresh,0.5,0.995,7,1.1102230246251566e-17
400,fresh,0.5,0.995,8,7.327471962526034e-17
400,fresh,0.5,0.995,9,2.6645352591003756e-17
400,fresh,0.5,0.995,10,2.6645352591003756e-17
400,fresh,0.5,0.995,11,2.6645352591003756e-17
400,fresh,2.0,0.995,0,1.1432118116605494e-08
400,fresh,2.0,0.995,1,1.289842286311682e-08
400,fresh,2.0,0.995,2,1.1600662064292777e-08
400,fresh,2.0,0.995,3,1.2029232161481217e-08
400,fresh,2.0,0.995,4,1.1636518661983786e-08
400,fresh,2.0,0.995,5,1.1700718367535501e-08
400,fresh,2.0,0.995,6,1.2293554283449027e-08
400,fresh,2.0,0.995,7,8.833491600412912e-09
400,fresh,2.0,0.995,8,1.2220837408705165e-08
400,fresh,2.0,0.995,9,7.762982812131725e-09
400,fresh,2.0,0.995,10,8.864023053334336e-09
400,fresh,2.0,0.995,11,1.3114452750428996e-08
400,up,0.0,0.995,0,0.0
400,up,0.0,0.995,1,0.0
400,up,0.0,0.995,2,0.0
400,up,0.0,0.995,3,0.0
400,up,0.0,0.995,4,0.0
400,up,0.0,0.995,5,0.0
400,up,0.0,0.995,6,0.0
400,up,0.0,0.995,7,0.0
400,up,0.0,0.995,8,0.0
400,up,0.0,0.995,9,0.0
400,up,0.0,0.995,10,0.0
400,up,0.0,0.995,11,0.0
400,up,0.5,0.995,0,6.661338147750939e-18
400,up,0.5,0.995,1,7.771561172376097e-18
400,up,0.5,0.995,2,6.661338147750939e-18
400,up,0.5,0.995,3,6.661338147750939e-18
400,up,0.5,0.995,4,6.661338147750939e-18
400,up,0.5,0.995,5,6.661338147750939e-18
400,up,0.5,0.995,6,6.661338147750939e-18
400,up,0.5,0.995,7,6.661338147750939e-18
400,up,0.5,0.995,8,6.661338147750939e-18
400,up,0.5,0.995,9,6.661338147750939e-18
400,up,0.5,0.995,10,6.661338147750939e-18
400,up,0.5,0.995,11,6.661338147750939e-18
400,up,2.0,0.995,0,2.1056934706997765e-09
400,up,2.0,0.995,1,2.1056934662588845e-09
400,up,2.0,0.995,2,2.1056934706997765e-09
400,up,2.0,0.995,3,2.1056934706997765e-09
400,up,2.0,0.995,4,2.1056934706997765e-09
400,up,2.0,0.995,5,2.1056934706997765e-09
400,up,2.0,0.995,6,2.1056934706997765e-09
400,up,2.0,0.995,7,2.1056934706997765e-09
400,up,2.0,0.995,8,2.1056934706997765e-09
400,up,2.0,0.995,9,2.1056934706997765e-09
400,up,2.0,0.995,10,2.1056934706997765e-09
400,up,2.0,0.995,11,2.1056934706997765e-09
400,down,0.0,0.995,0,0.0
400,down,0.0,0.995,1,0.0
400,down,0.0,0.995,2,0.0
400,down,0.0,0.995,3,0.0
400,down,0.0,0.995,4,0.0
400,down,0.0,0.995,5,0.0
400,down,0.0,0.995,6,0.0
400,down,0.0,0.995,7,0.0
400,down,0.0,0.995,8,0.0
400,down,0.0,0.995,9,0.0
400,down,0.0,0.995,10,0.0
400,down,0.0,0.995,11,0.0
400,down,0.5,0.995,0,-1.1368683772161603e-15
400,down,0.5,0.995,1,-1.1368683772161603e-15
400,down,0.5,0.995,2,-1.1368683772161603e-15
400,down,0.5,0.995,3,-1.1368683772161603e-15
400,down,0.5,0.995,4,0.0
400,down,0.5,0.995,5,-1.1368683772161603e-15
400,down,0.5,0.995,6,-1.1368683772161603e-15
400,down,0.5,0.995,7,-1.1368683772161603e-15
400,down,0.5,0.995,8,0.0
400,down,0.5,0.995,9,-1.1368683772161603e-15
400,down,0.5,0.995,10,0.0
400,down,0.5,0.995,11,0.0
400,down,2.0,0.995,0,-3.441092545131142e-08
400,down,2.0,0.995,1,-8.117827405840216e-09
400,down,2.0,0.995,2,-6.793428042328742e-09
400,down,2.0,0.995,3,-5.890010470466223e-09
400,down,2.0,0.995,4,-7.4372229619257266e-09
400,down,2.0,0.995,5,-8.905839194994769e-09
400,down,2.0,0.995,6,-7.331831284318469e-09
400,down,2.0,0.995,7,-6.992813155193289e-09
400,down,2.0,0.995,8,-7.347550763370236e-09
400,down,2.0,0.995,9,-7.759470577184401e-09
400,down,2.0,0.995,10,-1.2182695741103089e-08
400,down,2.0,0.995,11,-7.914195521152578e-09
400,fresh,0.0,1.0,0,8.373591323456164e-06
400,fresh,0.0,1.0,1,8.341826201692104e-06
400,fresh,0.0,1.0,2,8.04222931113152e-06
400,fresh,0.0,1.0,3,8.32911953675186e-06
400,fresh,0.0,1.0,4,8.320692189283107e-06
400,fresh,0.0,1.0,5,8.322514255687529e-06
400,fresh,0.0,1.0,6,8.325688357186944e-06
400,fresh,0.0,1.0,7,8.253952669727838e-06
400,fresh,0.0,1.0,8,8.332448614638555e-06
400,fresh,0.0,1.0,9,8.350954873410644e-06
400,fresh,0.0,1.0,10,8.352150342707532e-06
400,fresh,0.0,1.0,11,8.341468552259812e-06
400,fresh,0.5,1.0,0,1.6502582719772895e-05
400,fresh,0.5,1.0,1,1.6711486581357793e-05
400,fresh,0.5,1.0,2,1.6613079078968693e-05
400,fresh,0.5,1.0,3,1.6650737386858515e-05
400,fresh,0.5,1.0,4,1.6618460347306298e-05
400,fresh,0.5,1.0,5,1.662372488759445e-05
400,fresh,0.5,1.0,6,1.668312722961529e-05
400,fresh,0.5,1.0,7,1.635689448525657e-05
400,fresh,0.5,1.0,8,1.6667040667568412e-05
400,fresh,0.5,1.0,9,1.6749204224524307e-05
400,fresh,0.5,1.0,10,1.6814760877936762e-05
400,fresh,0.5,1.0,11,1.6728911058558893e-05
400,fresh,2.0,1.0,0,4.125818355717348e-05
400,fresh,2.0,1.0,1,4.1988610294303455e-05
400,fresh,2.0,1.0,2,4.1345994979824495e-05
400,fresh,2.0,1.0,3,4.156447488812498e-05
400,fresh,2.0,1.0,4,4.1364584861516286e-05
400,fresh,2.0,1.0,5,4.139761202086367e-05
400,fresh,2.0,1.0,6,4.169601261667433e-05
400,fresh,2.0,1.0,7,3.977499649369554e-05
400,fresh,2.0,1.0,8,4.1660163912673464e-05
400,fresh,2.0,1.0,9,3.905141604149343e-05
400,fresh,2.0,1.0,10,3.979064615815986e-05
400,fresh,2.0,1.0,11,4.2089485314837914e-05
400,up,0.0,1.0,0,7.86836223177545e-06
400,up,0.0,1.0,1,7.86836223177545e-06
400,up,0.0,1.0,2,7.86836223177545e-06
400,up,0.0,1.0,3,7.86836223177545e-06
400,up,0.0,1.0,4,7.86836223177545e-06
400,up,0.0,1.0,5,7.86836223177545e-06
400,up,0.0,1.0,6,7.86836223177545e-06
400,up,0.0,1.0,7,7.86836223177545e-06
400,up,0.0,1.0,8,7.86836223177545e-06
400,up,0.0,1.0,9,7.86836223177545e-06
400,up,0.0,1.0,10,7.86836223177545e-06
400,up,0.0,1.0,11,7.86836223177545e-06
400,up,0.5,1.0,0,1.4882888724234712e-05
400,up,0.5,1.0,1,1.4882888724235821e-05
400,up,0.5,1.0,2,1.4882888724234712e-05
400,up,0.5,1.0,3,1.4882888724234712e-05
400,up,0.5,1.0,4,1.4882888724234712e-05
400,up,0.5,1.0,5,1.4882888724234712e-05
400,up,0.5,1.0,6,1.4882888724234712e-05
400,up,0.5,1.0,7,1.4882888724234712e-05
400,up,0.5,1.0,8,1.4882888724234712e-05
400,up,0.5,1.0,9,1.4882888724234712e-05
400,up,0.5,1.0,10,1.4882888724234712e-05
400,up,0.5,1.0,11,1.4882888724234712e-05
400,up,2.0,1.0,0,3.175577130322349e-05
400,up,2.0,1.0,1,3.175577130322127e-05
400,up,2.0,1.0,2,3.175577130322349e-05
400,up,2.0,1.0,3,3.175577130322349e-05
400,up,2.0,1.0,4,3.175577130322349e-05
400,up,2.0,1.0,5,3.175577130322349e-05
400,up,2.0,1.0,6,3.175577130322349e-05
400,up,2.0,1.0,7,3.175577130322349e-05
400,up,2.0,1.0,8,3.175577130322349e-05
400,up,2.0,1.0,9,3.175577130322349e-05
400,up,2.0,1.0,10,3.175577130322349e-05
400,up,2.0,1.0,11,3.175577130322349e-05
400,down,0.0,1.0,0,7.898437374933564e-06
400,down,0.0,1.0,1,7.478169370642718e-06
400,down,0.0,1.0,2,8.0209290899802e-06
400,down,0.0,1.0,3,7.104593832991668e-06
400,down,0.0,1.0,4,6.095999717672384e-06
400,down,0.0,1.0,5,6.617298261062388e-06
400,down,0.0,1.0,6,9.327703180588287e-06
400,down,0.0,1.0,7,8.90814176045751e-06
400,down,0.0,1.0,8,7.186099753653253e-06
400,down,0.0,1.0,9,7.713127340593928e-06
400,down,0.0,1.0,10,7.591177281938144e-06
400,down,0.0,1.0,11,7.094766056070511e-06
400,down,0.5,1.0,0,1.6105129387824493e-05
400,down,0.5,1.0,1,6.110649940183066e-07
400,down,0.5,1.0,2,1.2974265923730855e-05
400,down,0.5,1.0,3,1.0795632563258551e-05
400,down,0.5,1.0,4,1.5741487591185432e-05
400,down,0.5,1.0,5,2.0287015498752225e-05
400,down,0.5,1.0,6,1.842582916424362e-05
400,down,0.5,1.0,7,1.6590160118994393e-05
400,down,0.5,1.0,8,1.109144919382743e-05
400,down,0.5,1.0,9,6.787852888692214e-06
400,down,0.5,1.0,10,6.133538523727111e-06
400,down,0.5,1.0,11,1.439842962668081e-05
400,down,2.0,1.0,0,0.002905392705852137
400,down,2.0,1.0,1,3.2211763831924144e-05
400,down,2.0,1.0,2,4.8556613584196385e-05
400,down,2.0,1.0,3,6.009623531383568e-05
400,down,2.0,1.0,4,4.048891003264998e-05
400,down,2.0,1.0,5,2.313403891321286e-05
400,down,2.0,1.0,6,4.1796609399398224e-05
400,down,2.0,1.0,7,4.603936758599048e-05
400,down,2.0,1.0,8,4.160114315197916e-05
400,down,2.0,1.0,9,3.653028179087414e-05
400,down,2.0,1.0,10,7.207675594145257e-09
400,down,2.0,1.0,11,3.4653745771606737e-05
400,fresh,0.0,1.005,0,0.18922450833467624
400,fresh,0.0,1.005,1,0.18927354996111723
400,fresh,0.0,1.005,2,0.21541085493990236
400,fresh,0.0,1.005,3,0.1892967084328538
400,fresh,0.0,1.005,4,0.18931414607627167
400,fresh,0.0,1.005,5,0.18931008876141497
400,fresh,0.0,1.005,6,0.18931082758074225
400,fresh,0.0,1.005,7,0.18950083175929536
400,fresh,0.0,1.005,8,0.18929055030199074
400,fresh,0.0,1.005,9,0.18925713239382486
400,fresh,0.0,1.005,10,0.18925763336944862
400,fresh,0.0,1.005,11,0.18927653280339699
400,fresh,0.5,1.005,0,0.03759833181564463
400,fresh,0.5,1.005,1,0.12407989272067095
400,fresh,0.5,1.005,2,0.05454761420424355
400,fresh,0.5,1.005,3,0.12402880815303022
400,fresh,0.5,1.005,4,0.12401343145054476
400,fresh,0.5,1.005,5,0.12400790704510115
400,fresh,0.5,1.005,6,0.12402205943773786
400,fresh,0.5,1.005,7,0.04556334936453174
400,fresh,0.5,1.005,8,0.12404714919096718
400,fresh,0.5,1.005,9,0.1240942711197178
400,fresh,0.5,1.005,10,0.12399609616372832
400,fresh,0.5,1.005,11,0.12407871032837019
400,fresh,2.0,1.005,0,0.02502033433143571
400,fresh,2.0,1.005,1,0.059895525646664144
400,fresh,2.0,1.005,2,0.024749203195493952
400,fresh,2.0,1.005,3,0.05940229205301786
400,fresh,2.0,1.005,4,0.05929992886830311
400,fresh,2.0,1.005,5,0.05921819292355478
400,fresh,2.0,1.005,6,0.05991110957994428
400,fresh,2.0,1.005,7,0.006790428757534519
400,fresh,2.0,1.005,8,0.05952168879236156
400,fresh,2.0,1.005,9,0.00323144362608093
400,fresh,2.0,1.005,10,0.0047043750272865465
400,fresh,2.0,1.005,11,0.06008359012843426
400,up,0.0,1.005,0,0.19398915740701297
400,up,0.0,1.005,1,0.19398915740701297
400,up,0.0,1.005,2,0.19398915740701297
400,up,0.0,1.005,3,0.19398915740701297
400,up,0.0,1.005,4,0.19398915740701297
400,up,0.0,1.005,5,0.19398915740701297
400,up,0.0,1.005,6,0.19398915740701297
400,up,0.0,1.005,7,0.19398915740701297
400,up,0.0,1.005,8,0.19398915740701297
400,up,0.0,1.005,9,0.19398915740701297
400,up,0.0,1.005,10,0.19398915740701297
400,up,0.0,1.005,11,0.19398915740701297
400,up,0.5,1.005,0,0.06570344963374104
400,up,0.5,1.005,1,0.06570344963374078
400,up,0.5,1.005,2,0.06570344963374104
400,up,0.5,1.005,3,0.06570344963374104
400,up,0.5,1.005,4,0.06570344963374104
400,up,0.5,1.005,5,0.06570344963374104
400,up,0.5,1.005,6,0.06570344963374104
400,up,0.5,1.005,7,0.06570344963374104
400,up,0.5,1.005,8,0.06570344963374104
400,up,0.5,1.005,9,0.06570344963374104
400,up,0.5,1.005,10,0.06570344963374104
400,up,0.5,1.005,11,0.06570344963374104
400,up,2.0,1.005,0,0.018012374039909032
400,up,2.0,1.005,1,0.01801237403990907
400,up,2.0,1.005,2,0.018012374039909032
400,up,2.0,1.005,3,0.018012374039909032
400,up,2.0,1.005,4,0.018012374039909032
400,up,2.0,1.005,5,0.018012374039909032
400,up,2.0,1.005,6,0.018012374039909032
400,up,2.0,1.005,7,0.018012374039909032
400,up,2.0,1.005,8,0.018012374039909032
400,up,2.0,1.005,9,0.018012374039909032
400,up,2.0,1.005,10,0.018012374039909032
400,up,2.0,1.005,11,0.018012374039909032
400,down,0.0,1.005,0,0.18911904212860237
400,down,0.0,1.005,1,0.18922295376131387
400,down,0.0,1.005,2,0.18955460546816538
400,down,0.0,1.005,3,0.18934582764987454
400,down,0.0,1.005,4,0.18958483934390868
400,down,0.0,1.005,5,0.1894923241625861
400,down,0.0,1.005,6,0.19120665545056909
400,down,0.0,1.005,7,0.24333079655205664
400,down,0.0,1.005,8,0.18931562764262935
400,down,0.0,1.005,9,0.1891444079728376
400,down,0.0,1.005,10,0.18919994577636318
400,down,0.0,1.005,11,0.18933821816575347
400,down,0.5,1.005,0,0.06168891750117268
400,down,0.5,1.005,1,0.03464526280696077
400,down,0.5,1.005,2,0.03949364912067722
400,down,0.5,1.005,3,0.03543495282201434
400,down,0.5,1.005,4,0.06147520067385244
400,down,0.5,1.005,5,0.06259515801362794
400,down,0.5,1.005,6,0.060650852114566764
400,down,0.5,1.005,7,0.06177395487977151
400,down,0.5,1.005,8,0.03561428718261368
400,down,0.5,1.005,9,0.03469901104164933
400,down,0.5,1.005,10,0.034659846564935606
400,down,0.5,1.005,11,0.05858641459379442
400,down,2.0,1.005,0,0.003333120148899411
400,down,2.0,1.005,1,0.029118024467392162
400,down,2.0,1.005,2,0.029894076102822853
400,down,2.0,1.005,3,0.02721230831221021
400,down,2.0,1.005,4,0.030284311715435025
400,down,2.0,1.005,5,0.00763569977738598
400,down,2.0,1.005,6,0.03029570852847712
400,down,2.0,1.005,7,0.030112174019849364
400,down,2.0,1.005,8,0.030280285345295966
400,down,2.0,1.005,9,0.030072283321200644
400,down,2.0,1.005,10,0.0031234327858163623
400,down,2.0,1.005,11,0.029796278041391133
400,fresh,0.0,1.01,0,0.2908074961927096
400,fresh,0.0,1.01,1,0.3041289582038955
400,fresh,0.0,1.01,2,0.3070275124363742
400,fresh,0.0,1.01,3,0.3062849611193902
400,fresh,0.0,1.01,4,0.30712769862182426
400,fresh,0.0,1.01,5,0.3069917024918095
400,fresh,0.0,1.01,6,0.30512172295420015
400,fresh,0.0,1.01,7,0.31020962676436437
400,fresh,0.0,1.01,8,0.30578641903089376
400,fresh,0.0,1.01,9,0.30244941267176273
400,fresh,0.0,1.01,10,0.30026969159188666
400,fresh,0.0,1.01,11,0.303158655541835
400,fresh,0.5,1.01,0,0.0648652203533414
400,fresh,0.5,1.01,1,0.14056302606784543
400,fresh,0.5,1.01,2,0.06500905011008887
400,fresh,0.5,1.01,3,0.17232168511367454
400,fresh,0.5,1.01,4,0.17160469249640614
400,fresh,0.5,1.01,5,0.17508940489903196
400,fresh,0.5,1.01,6,0.12767777680623937
400,fresh,0.5,1.01,7,0.06492460727331935
400,fresh,0.5,1.01,8,0.16331669580939362
400,fresh,0.5,1.01,9,0.140037092472228
400,fresh,0.5,1.01,10,0.12728401168687092
400,fresh,0.5,1.01,11,0.12939087372432162
400,fresh,2.0,1.01,0,0.03081075176690355
400,fresh,2.0,1.01,1,0.06227752929715803
400,fresh,2.0,1.01,2,0.030827910665205707
400,fresh,2.0,1.01,3,0.06225611658865052
400,fresh,2.0,1.01,4,0.06223709001697241
400,fresh,2.0,1.01,5,0.06224283652035394
400,fresh,2.0,1.01,6,0.06224030776251682
400,fresh,2.0,1.01,7,0.030189731007041233
400,fresh,2.0,1.01,8,0.0622623375945501
400,fresh,2.0,1.01,9,0.031742781257984964
400,fresh,2.0,1.01,10,0.021066194299341028
400,fresh,2.0,1.01,11,0.06227023087060406
400,up,0.0,1.01,0,0.25510053773070224
400,up,0.0,1.01,1,0.25510053773070224
400,up,0.0,1.01,2,0.25510053773070224
400,up,0.0,1.01,3,0.25510053773070224
400,up,0.0,1.01,4,0.25510053773070224
400,up,0.0,1.01,5,0.25510053773070224
400,up,0.0,1.01,6,0.25510053773070224
400,up,0.0,1.01,7,0.25510053773070224
400,up,0.0,1.01,8,0.25510053773070224
400,up,0.0,1.01,9,0.25510053773070224
400,up,0.0,1.01,10,0.25510053773070224
400,up,0.0,1.01,11,0.25510053773070224
400,up,0.5,1.01,0,0.12686821047093474
400,up,0.5,1.01,1,0.1268682104709346
400,up,0.5,1.01,2,0.12686821047093474
400,up,0.5,1.01,3,0.12686821047093474
400,up,0.5,1.01,4,0.12686821047093474
400,up,0.5,1.01,5,0.12686821047093474
400,up,0.5,1.01,6,0.12686821047093474
400,up,0.5,1.01,7,0.12686821047093474
400,up,0.5,1.01,8,0.12686821047093474
400,up,0.5,1.01,9,0.12686821047093474
400,up,0.5,1.01,10,0.12686821047093474
400,up,0.5,1.01,11,0.12686821047093474
400,up,2.0,1.01,0,0.062218048489291494
400,up,2.0,1.01,1,0.06221804848929141
400,up,2.0,1.01,2,0.062218048489291494
400,up,2.0,1.01,3,0.062218048489291494
400,up,2.0,1.01,4,0.062218048489291494
400,up,2.0,1.01,5,0.062218048489291494
400,up,2.0,1.01,6,0.062218048489291494
400,up,2.0,1.01,7,0.062218048489291494
400,up,2.0,1.01,8,0.062218048489291494
400,up,2.0,1.01,9,0.062218048489291494
400,up,2.0,1.01,10,0.062218048489291494
400,up,2.0,1.01,11,0.062218048489291494
400,down,0.0,1.01,0,0.2552227830631568
400,down,0.0,1.01,1,0.2799340264910984
400,down,0.0,1.01,2,0.25827037403497344
400,down,0.0,1.01,3,0.30261571417108146
400,down,0.0,1.01,4,0.30915127697197475
400,down,0.0,1.01,5,0.30915883914010234
400,down,0.0,1.01,6,0.2835790218545913
400,down,0.0,1.01,7,0.30852701917263625
400,down,0.0,1.01,8,0.28659984077384026
400,down,0.0,1.01,9,0.25793741524020564
400,down,0.0,1.01,10,0.27807480213483127
400,down,0.0,1.01,11,0.2825137612838807
400,down,0.5,1.01,0,0.06748484482982348
400,down,0.5,1.01,1,0.09576233253640226
400,down,0.5,1.01,2,0.0652762837973512
400,down,0.5,1.01,3,0.06761037989192117
400,down,0.5,1.01,4,0.06527838985664061
400,down,0.5,1.01,5,0.09177555124062792
400,down,0.5,1.01,6,0.09054250791268714
400,down,0.5,1.01,7,0.08020639901378104
400,down,0.5,1.01,8,0.0664756672626936
400,down,0.5,1.01,9,0.07054010305741144
400,down,0.5,1.01,10,0.07386610396052334
400,down,0.5,1.01,11,0.0648423126361024
400,down,2.0,1.01,0,0.030855942924018647
400,down,2.0,1.01,1,0.030882220700124207
400,down,2.0,1.01,2,0.0311855249304557
400,down,2.0,1.01,3,0.03113126460910735
400,down,2.0,1.01,4,0.031178396621760952
400,down,2.0,1.01,5,0.01773657627232751
400,down,2.0,1.01,6,0.031189617240871142
400,down,2.0,1.01,7,0.031191916496899806
400,down,2.0,1.01,8,0.03118339263602593
400,down,2.0,1.01,9,0.03111179634747487
400,down,2.0,1.01,10,0.030501768899738976
400,down,2.0,1.01,11,0.031052295068799935
400,fresh,0.0,1.02,0,0.3814685842269256
400,fresh,0.0,1.02,1,0.3805823539300266
400,fresh,0.0,1.02,2,0.38734730989723815
400,fresh,0.0,1.02,3,0.38035508272408036
400,fresh,0.0,1.02,4,0.3802456311063648
400,fresh,0.0,1.02,5,0.3802648133228162
400,fresh,0.0,1.02,6,0.38043032569436164
400,fresh,0.0,1.02,7,0.3798694132722632
400,fresh,0.0,1.02,8,0.3804116241040404
400,fresh,0.0,1.02,9,0.38075158137679554
400,fresh,0.0,1.02,10,0.38085470236804764
400,fresh,0.0,1.02,11,0.3806318811110613
400,fresh,0.5,1.02,0,0.12278621317234617
400,fresh,0.5,1.02,1,0.18982497659441527
400,fresh,0.5,1.02,2,0.11267846987289323
400,fresh,0.5,1.02,3,0.19048026600944923
400,fresh,0.5,1.02,4,0.19038946943325313
400,fresh,0.5,1.02,5,0.19063005917670559
400,fresh,0.5,1.02,6,0.18930195418218496
400,fresh,0.5,1.02,7,0.09986793481726089
400,fresh,0.5,1.02,8,0.1902024701126645
400,fresh,0.5,1.02,9,0.18986425526598422
400,fresh,0.5,1.02,10,0.18942622758857514
400,fresh,0.5,1.02,11,0.18941474990325624
400,fresh,2.0,1.02,0,0.03617925124342095
400,fresh,2.0,1.02,1,0.11352188502414953
400,fresh,2.0,1.02,2,0.03536162866947444
400,fresh,2.0,1.02,3,0.11713320969076328
400,fresh,2.0,1.02,4,0.11639282509946021
400,fresh,2.0,1.02,5,0.11723377644065806
400,fresh,2.0,1.02,6,0.09206963990425554
400,fresh,2.0,1.02,7,0.03403882519455583
400,fresh,2.0,1.02,8,0.11682656691731903
400,fresh,2.0,1.02,9,0.05977578921496911
400,fresh,2.0,1.02,10,0.03460963745659338
400,fresh,2.0,1.02,11,0.09703410243604163
400,up,0.0,1.02,0,0.4183132883154025
400,up,0.0,1.02,1,0.4183132883154025
400,up,0.0,1.02,2,0.4183132883154025
400,up,0.0,1.02,3,0.4183132883154025
400,up,0.0,1.02,4,0.4183132883154025
400,up,0.0,1.02,5,0.4183132883154025
400,up,0.0,1.02,6,0.4183132883154025
400,up,0.0,1.02,7,0.4183132883154025
400,up,0.0,1.02,8,0.4183132883154025
400,up,0.0,1.02,9,0.4183132883154025
400,up,0.0,1.02,10,0.4183132883154025
400,up,0.0,1.02,11,0.4183132883154025
400,up,0.5,1.02,0,0.20237930613155142
400,up,0.5,1.02,1,0.2023793061315618
400,up,0.5,1.02,2,0.20237930613155142
400,up,0.5,1.02,3,0.20237930613155142
400,up,0.5,1.02,4,0.20237930613155142
400,up,0.5,1.02,5,0.20237930613155142
400,up,0.5,1.02,6,0.20237930613155142
400,up,0.5,1.02,7,0.20237930613155142
400,up,0.5,1.02,8,0.20237930613155142
400,up,0.5,1.02,9,0.20237930613155142
400,up,0.5,1.02,10,0.20237930613155142
400,up,0.5,1.02,11,0.20237930613155142
400,up,2.0,1.02,0,0.06474628822172378
400,up,2.0,1.02,1,0.06474628822172371
400,up,2.0,1.02,2,0.06474628822172378
400,up,2.0,1.02,3,0.06474628822172378
400,up,2.0,1.02,4,0.06474628822172378
400,up,2.0,1.02,5,0.06474628822172378
400,up,2.0,1.02,6,0.06474628822172378
400,up,2.0,1.02,7,0.06474628822172378
400,up,2.0,1.02,8,0.06474628822172378
400,up,2.0,1.02,9,0.06474628822172378
400,up,2.0,1.02,10,0.06474628822172378
400,up,2.0,1.02,11,0.06474628822172378
400,down,0.0,1.02,0,0.3826638685582747
400,down,0.0,1.02,1,0.3802579415808941
400,down,0.0,1.02,2,0.4054696602855552
400,down,0.0,1.02,3,0.38035928386435447
400,down,0.0,1.02,4,0.38296673903636247
400,down,0.0,1.02,5,0.3814348244896064
400,down,0.0,1.02,6,0.40577140733723355
400,down,0.0,1.02,7,0.43427382351094135
400,down,0.0,1.02,8,0.38037565666621276
400,down,0.0,1.02,9,0.38031118827778077
400,down,0.0,1.02,10,0.38106573981320935
400,down,0.0,1.02,11,0.3816282442169313
400,down,0.5,1.02,0,0.09965994658151885
400,down,0.5,1.02,1,0.12986060511596406
400,down,0.5,1.02,2,0.1530155578539768
400,down,0.5,1.02,3,0.12135408753509068
400,down,0.5,1.02,4,0.1002290500073343
400,down,0.5,1.02,5,0.18957970974311478
400,down,0.5,1.02,6,0.12431649145430923
400,down,0.5,1.02,7,0.09913320231014608
400,down,0.5,1.02,8,0.1412925545299868
400,down,0.5,1.02,9,0.1012009139782765
400,down,0.5,1.02,10,0.11983394075590241
400,down,0.5,1.02,11,0.12172680719447271
400,down,2.0,1.02,0,0.05785261328180326
400,down,2.0,1.02,1,0.03386182999304708
400,down,2.0,1.02,2,0.054005372009722524
400,down,2.0,1.02,3,0.05645380743397766
400,down,2.0,1.02,4,0.03538582225075686
400,down,2.0,1.02,5,0.05484560918751186
400,down,2.0,1.02,6,0.03924144769237785
400,down,2.0,1.02,7,0.05132747744542215
400,down,2.0,1.02,8,0.0360732339133142
400,down,2.0,1.02,9,0.03434267287383704
400,down,2.0,1.02,10,0.057681438791561276
400,down,2.0,1.02,11,0.033959110658702794
400,fresh,0.0,1.05,0,0.6304608653524246
400,fresh,0.0,1.05,1,0.6308258111988057
400,fresh,0.0,1.05,2,0.6438485054121923
400,fresh,0.0,1.05,3,0.6310614369755524
400,fresh,0.0,1.05,4,0.6312891737581112
400,fresh,0.0,1.05,5,0.6312284683214469
400,fresh,0.0,1.05,6,0.6314310561216161
400,fresh,0.0,1.05,7,0.6363092598611033
400,fresh,0.0,1.05,8,0.6309977545912784
400,fresh,0.0,1.05,9,0.6306629829001951
400,fresh,0.0,1.05,10,0.630712258341055
400,fresh,0.0,1.05,11,0.630904310419613
400,fresh,0.5,1.05,0,0.18963241182969887
400,fresh,0.5,1.05,1,0.31648743845347727
400,fresh,0.5,1.05,2,0.18759968327167442
400,fresh,0.5,1.05,3,0.3153873718212946
400,fresh,0.5,1.05,4,0.31533542413006344
400,fresh,0.5,1.05,5,0.3153251548016827
400,fresh,0.5,1.05,6,0.31272415516854324
400,fresh,0.5,1.05,7,0.18680632415177667
400,fresh,0.5,1.05,8,0.3155144205813807
400,fresh,0.5,1.05,9,0.31647410152907746
400,fresh,0.5,1.05,10,0.31282860096730586
400,fresh,0.5,1.05,11,0.31235948256526735
400,fresh,2.0,1.05,0,0.08155800207452056
400,fresh,2.0,1.05,1,0.12996289895183138
400,fresh,2.0,1.05,2,0.08512153449337234
400,fresh,2.0,1.05,3,0.12755483273892168
400,fresh,2.0,1.05,4,0.12749518613669936
400,fresh,2.0,1.05,5,0.12727764440406625
400,fresh,2.0,1.05,6,0.12246682571867887
400,fresh,2.0,1.05,7,0.06814161928567247
400,fresh,2.0,1.05,8,0.1278979074201102
400,fresh,2.0,1.05,9,0.09068309270227704
400,fresh,2.0,1.05,10,0.06982234291434769
400,fresh,2.0,1.05,11,0.12305698501308811
400,up,0.0,1.05,0,0.6334323295007426
400,up,0.0,1.05,1,0.6334323295007426
400,up,0.0,1.05,2,0.6334323295007426
400,up,0.0,1.05,3,0.6334323295007426
400,up,0.0,1.05,4,0.6334323295007426
400,up,0.0,1.05,5,0.6334323295007426
400,up,0.0,1.05,6,0.6334323295007426
400,up,0.0,1.05,7,0.6334323295007426
400,up,0.0,1.05,8,0.6334323295007426
400,up,0.0,1.05,9,0.6334323295007426
400,up,0.0,1.05,10,0.6334323295007426
400,up,0.0,1.05,11,0.6334323295007426
400,up,0.5,1.05,0,0.3208286587030847
400,up,0.5,1.05,1,0.32082865870310684
400,up,0.5,1.05,2,0.3208286587030847
400,up,0.5,1.05,3,0.3208286587030847
400,up,0.5,1.05,4,0.3208286587030847
400,up,0.5,1.05,5,0.3208286587030847
400,up,0.5,1.05,6,0.3208286587030847
400,up,0.5,1.05,7,0.3208286587030847
400,up,0.5,1.05,8,0.3208286587030847
400,up,0.5,1.05,9,0.3208286587030847
400,up,0.5,1.05,10,0.3208286587030847
400,up,0.5,1.05,11,0.3208286587030847
400,up,2.0,1.05,0,0.1268085395941891
400,up,2.0,1.05,1,0.12680853959418983
400,up,2.0,1.05,2,0.1268085395941891
400,up,2.0,1.05,3,0.1268085395941891
400,up,2.0,1.05,4,0.1268085395941891
400,up,2.0,1.05,5,0.1268085395941891
400,up,2.0,1.05,6,0.1268085395941891
400,up,2.0,1.05,7,0.1268085395941891
400,up,2.0,1.05,8,0.1268085395941891
400,up,2.0,1.05,9,0.1268085395941891
400,up,2.0,1.05,10,0.1268085395941891
400,up,2.0,1.05,11,0.1268085395941891
400,down,0.0,1.05,0,0.6412552430408823
400,down,0.0,1.05,1,0.6308810882402189
400,down,0.0,1.05,2,0.6493538903621197
400,down,0.0,1.05,3,0.6303456306577595
400,down,0.0,1.05,4,0.6307415343958656
400,down,0.0,1.05,5,0.6305819053474829
400,down,0.0,1.05,6,0.632641101167112
400,down,0.0,1.05,7,0.6419146433426317
400,down,0.0,1.05,8,0.6304176156196195
400,down,0.0,1.05,9,0.6314083181616116
400,down,0.0,1.05,10,0.6335803004641867
400,down,0.0,1.05,11,0.6320455997651901
400,down,0.5,1.05,0,0.18684579746227997
400,down,0.5,1.05,1,0.2538168132394878
400,down,0.5,1.05,2,0.2197661090858776
400,down,0.5,1.05,3,0.2703117620259343
400,down,0.5,1.05,4,0.18547786025574964
400,down,0.5,1.05,5,0.3149760050451448
400,down,0.5,1.05,6,0.19997668684486142
400,down,0.5,1.05,7,0.18618986267618765
400,down,0.5,1.05,8,0.26159210582455444
400,down,0.5,1.05,9,0.185964212102125
400,down,0.5,1.05,10,0.19273873215004528
400,down,0.5,1.05,11,0.19031822520527725
400,down,2.0,1.05,0,0.08397552155586765
400,down,2.0,1.05,1,0.06618850652710706
400,down,2.0,1.05,2,0.07159943074281841
400,down,2.0,1.05,3,0.08283326139945871
400,down,2.0,1.05,4,0.0666776848069088
400,down,2.0,1.05,5,0.07806987791221673
400,down,2.0,1.05,6,0.06667361918728829
400,down,2.0,1.05,7,0.0694315497215601
400,down,2.0,1.05,8,0.06718563966746216
400,down,2.0,1.05,9,0.06551817703077631
400,down,2.0,1.05,10,0.08380862921022925
400,down,2.0,1.05,11,0.06551183402779087
400,fresh,0.0,1.1,0,0.9353505523490986
400,fresh,0.0,1.1,1,0.93572285021732
400,fresh,0.0,1.1,2,0.9133642450710642
400,fresh,0.0,1.1,3,0.9354795119044734
400,fresh,0.0,1.1,4,0.9350627048882103
400,fresh,0.0,1.1,5,0.9351919552449749
400,fresh,0.0,1.1,6,0.9343500670351688
400,fresh,0.0,1.1,7,0.9220577644873527
400,fresh,0.0,1.1,8,0.9355520107094093
400,fresh,0.0,1.1,9,0.9358724277156154
400,fresh,0.0,1.1,10,0.9356007978619028
400,fresh,0.0,1.1,11,0.9354454124229852
400,fresh,0.5,1.1,0,0.31247906179214313
400,fresh,0.5,1.1,1,0.443724557738027
400,fresh,0.5,1.1,2,0.289945074055302
400,fresh,0.5,1.1,3,0.4854266958761144
400,fresh,0.5,1.1,4,0.48246539109523123
400,fresh,0.5,1.1,5,0.48465854405627484
400,fresh,0.5,1.1,6,0.4377377778563422
400,fresh,0.5,1.1,7,0.2835075690957939
400,fresh,0.5,1.1,8,0.47131434403096506
400,fresh,0.5,1.1,9,0.445759737164216
400,fresh,0.5,1.1,10,0.4381958372613874
400,fresh,0.5,1.1,11,0.4446090291831393
400,fresh,2.0,1.1,0,0.10065556270222883
400,fresh,2.0,1.1,1,0.18665686552074406
400,fresh,2.0,1.1,2,0.1003115549645188
400,fresh,2.0,1.1,3,0.18661872321771766
400,fresh,2.0,1.1,4,0.186543247585438
400,fresh,2.0,1.1,5,0.18643372151515175
400,fresh,2.0,1.1,6,0.17826885880097948
400,fresh,2.0,1.1,7,0.11834983921987138
400,fresh,2.0,1.1,8,0.18672771811582095
400,fresh,2.0,1.1,9,0.15213243775061364
400,fresh,2.0,1.1,10,0.12359678364628231
400,fresh,2.0,1.1,11,0.18467867055545278
400,up,0.0,1.1,0,0.9357985629311975
400,up,0.0,1.1,1,0.9357985629311975
400,up,0.0,1.1,2,0.9357985629311975
400,up,0.0,1.1,3,0.9357985629311975
400,up,0.0,1.1,4,0.9357985629311975
400,up,0.0,1.1,5,0.9357985629311975
400,up,0.0,1.1,6,0.9357985629311975
400,up,0.0,1.1,7,0.9357985629311975
400,up,0.0,1.1,8,0.9357985629311975
400,up,0.0,1.1,9,0.9357985629311975
400,up,0.0,1.1,10,0.9357985629311975
400,up,0.0,1.1,11,0.9357985629311975
400,up,0.5,1.1,0,0.4475461012539654
400,up,0.5,1.1,1,0.44754610125397504
400,up,0.5,1.1,2,0.4475461012539654
400,up,0.5,1.1,3,0.4475461012539654
400,up,0.5,1.1,4,0.4475461012539654
400,up,0.5,1.1,5,0.4475461012539654
400,up,0.5,1.1,6,0.4475461012539654
400,up,0.5,1.1,7,0.4475461012539654
400,up,0.5,1.1,8,0.4475461012539654
400,up,0.5,1.1,9,0.4475461012539654
400,up,0.5,1.1,10,0.4475461012539654
400,up,0.5,1.1,11,0.4475461012539654
400,up,2.0,1.1,0,0.1812207880346054
400,up,2.0,1.1,1,0.18122078803460923
400,up,2.0,1.1,2,0.1812207880346054
400,up,2.0,1.1,3,0.1812207880346054
400,up,2.0,1.1,4,0.1812207880346054
400,up,2.0,1.1,5,0.1812207880346054
400,up,2.0,1.1,6,0.1812207880346054
400,up,2.0,1.1,7,0.1812207880346054
400,up,2.0,1.1,8,0.1812207880346054
400,up,2.0,1.1,9,0.1812207880346054
400,up,2.0,1.1,10,0.1812207880346054
400,up,2.0,1.1,11,0.1812207880346054
400,down,0.0,1.1,0,0.8964494794341112
400,down,0.0,1.1,1,0.902673767593767
400,down,0.0,1.1,2,0.910030102457024
400,down,0.0,1.1,3,0.9160192685628386
400,down,0.0,1.1,4,0.9301109792109241
400,down,0.0,1.1,5,0.930508649444264
400,down,0.0,1.1,6,0.9135930555089771
400,down,0.0,1.1,7,0.9342085305882211
400,down,0.0,1.1,8,0.9108396575467896
400,down,0.0,1.1,9,0.8916872959131479
400,down,0.0,1.1,10,0.9026261218028822
400,down,0.0,1.1,11,0.9127885940548913
400,down,0.5,1.1,0,0.28395798198162314
400,down,0.5,1.1,1,0.4035280782452787
400,down,0.5,1.1,2,0.31441517590362533
400,down,0.5,1.1,3,0.43317803439274144
400,down,0.5,1.1,4,0.2830113919331382
400,down,0.5,1.1,5,0.44710064847641207
400,down,0.5,1.1,6,0.2965468429767395
400,down,0.5,1.1,7,0.2793075988459657
400,down,0.5,1.1,8,0.3726586029443001
400,down,0.5,1.1,9,0.2773229049709755
400,down,0.5,1.1,10,0.355984547611622
400,down,0.5,1.1,11,0.2862609685560301
400,down,2.0,1.1,0,0.10213570565109478
400,down,2.0,1.1,1,0.10094002147577782
400,down,2.0,1.1,2,0.11806124137367817
400,down,2.0,1.1,3,0.10410525497884635
400,down,2.0,1.1,4,0.11845993134947434
400,down,2.0,1.1,5,0.152541019777932
400,down,2.0,1.1,6,0.11781640645523425
400,down,2.0,1.1,7,0.118352829377842
400,down,2.0,1.1,8,0.11761064917318606
400,down,2.0,1.1,9,0.11386417854554792
400,down,2.0,1.1,10,0.10062053091226772
400,down,2.0,1.1,11,0.10218014098578408
400,fresh,0.0,1.2,0,1.3238174187009282
400,fresh,0.0,1.2,1,1.3221254223798018
400,fresh,0.0,1.2,2,1.3252600757736452
400,fresh,0.0,1.2,3,1.3218077802278638
400,fresh,0.0,1.2,4,1.3217185929932862
400,fresh,0.0,1.2,5,1.321725302190592
400,fresh,0.0,1.2,6,1.322112442704054
400,fresh,0.0,1.2,7,1.3221762829950396
400,fresh,0.0,1.2,8,1.3218817145632529
400,fresh,0.0,1.2,9,1.3223713182531078
400,fresh,0.0,1.2,10,1.3226440975874374
400,fresh,0.0,1.2,11,1.3222833147524171
400,fresh,0.5,1.2,0,0.5250260866190757
400,fresh,0.5,1.2,1,0.6427838237462076
400,fresh,0.5,1.2,2,0.44491788408656874
400,fresh,0.5,1.2,3,0.6790461664452855
400,fresh,0.5,1.2,4,0.6693900906260424
400,fresh,0.5,1.2,5,0.6808547607964348
400,fresh,0.5,1.2,6,0.6176394057796464
400,fresh,0.5,1.2,7,0.5390150833496024
400,fresh,0.5,1.2,8,0.648964255917858
400,fresh,0.5,1.2,9,0.638421849371859
400,fresh,0.5,1.2,10,0.6261339489227424
400,fresh,0.5,1.2,11,0.6315455194188665
400,fresh,2.0,1.2,0,0.16187029494284205
400,fresh,2.0,1.2,1,0.2541058272723177
400,fresh,2.0,1.2,2,0.17306015022589974
400,fresh,2.0,1.2,3,0.2611717262267007
400,fresh,2.0,1.2,4,0.2551758168305113
400,fresh,2.0,1.2,5,0.26330702622204893
400,fresh,2.0,1.2,6,0.24611498993326664
400,fresh,2.0,1.2,7,0.16295861078584367
400,fresh,2.0,1.2,8,0.25752756027676726
400,fresh,2.0,1.2,9,0.22525183204202903
400,fresh,2.0,1.2,10,0.18999803757530614
400,fresh,2.0,1.2,11,0.25631546500538094
400,up,0.0,1.2,0,1.3216597919772448
400,up,0.0,1.2,1,1.3216597919772448
400,up,0.0,1.2,2,1.3216597919772448
400,up,0.0,1.2,3,1.3216597919772448
400,up,0.0,1.2,4,1.3216597919772448
400,up,0.0,1.2,5,1.3216597919772448
400,up,0.0,1.2,6,1.3216597919772448
400,up,0.0,1.2,7,1.3216597919772448
400,up,0.0,1.2,8,1.3216597919772448
400,up,0.0,1.2,9,1.3216597919772448
400,up,0.0,1.2,10,1.3216597919772448
400,up,0.0,1.2,11,1.3216597919772448
400,up,0.5,1.2,0,0.6621654688729853
400,up,0.5,1.2,1,0.6621654688729853
400,up,0.5,1.2,2,0.6621654688729853
400,up,0.5,1.2,3,0.6621654688729853
400,up,0.5,1.2,4,0.6621654688729853
400,up,0.5,1.2,5,0.6621654688729853
400,up,0.5,1.2,6,0.6621654688729853
400,up,0.5,1.2,7,0.6621654688729853
400,up,0.5,1.2,8,0.6621654688729853
400,up,0.5,1.2,9,0.6621654688729853
400,up,0.5,1.2,10,0.6621654688729853
400,up,0.5,1.2,11,0.6621654688729853
400,up,2.0,1.2,0,0.26300993874070033
400,up,2.0,1.2,1,0.26300993874070144
400,up,2.0,1.2,2,0.26300993874070033
400,up,2.0,1.2,3,0.26300993874070033
400,up,2.0,1.2,4,0.26300993874070033
400,up,2.0,1.2,5,0.26300993874070033
400,up,2.0,1.2,6,0.26300993874070033
400,up,2.0,1.2,7,0.26300993874070033
400,up,2.0,1.2,8,0.26300993874070033
400,up,2.0,1.2,9,0.26300993874070033
400,up,2.0,1.2,10,0.26300993874070033
400,up,2.0,1.2,11,0.26300993874070033
400,down,0.0,1.2,0,1.3217930297506837
400,down,0.0,1.2,1,1.3233398659808904
400,down,0.0,1.2,2,1.322128287530759
400,down,0.0,1.2,3,1.3256752352079775
400,down,0.0,1.2,4,1.3332248448035013
400,down,0.0,1.2,5,1.3304188044330272
400,down,0.0,1.2,6,1.325297419730218
400,down,0.0,1.2,7,1.3232847925758369
400,down,0.0,1.2,8,1.325388085497
400,down,0.0,1.2,9,1.3220985119747364
400,down,0.0,1.2,10,1.3230110439396139
400,down,0.0,1.2,11,1.327603528104753
400,down,0.5,1.2,0,0.5046264869582717
400,down,0.5,1.2,1,0.6502111508751648
400,down,0.5,1.2,2,0.4531145587816081
400,down,0.5,1.2,3,0.6438457635009502
400,down,0.5,1.2,4,0.6295429984725001
400,down,0.5,1.2,5,0.6404070614205171
400,down,0.5,1.2,6,0.5497902463139269
400,down,0.5,1.2,7,0.5981665932220619
400,down,0.5,1.2,8,0.6322040484874708
400,down,0.5,1.2,9,0.4454057828660507
400,down,0.5,1.2,10,0.49899981546277905
400,down,0.5,1.2,11,0.43615718474294796
400,down,2.0,1.2,0,0.1629353512574781
400,down,2.0,1.2,1,0.17154798217368636
400,down,2.0,1.2,2,0.1617870498073441
400,down,2.0,1.2,3,0.2531708896212564
400,down,2.0,1.2,4,0.2551004252626302
400,down,2.0,1.2,5,0.2124940391347292
400,down,2.0,1.2,6,0.16303103473100977
400,down,2.0,1.2,7,0.16197434633044225
400,down,2.0,1.2,8,0.25552784362660763
400,down,2.0,1.2,9,0.17188244837088062
400,down,2.0,1.2,10,0.1628988104264522
400,down,2.0,1.2,11,0.17356926416329826
400,fresh,0.0,1.5,0,2.2451116303599576
400,fresh,0.0,1.5,1,2.2482963081450915
400,fresh,0.0,1.5,2,2.2348326624300614
400,fresh,0.0,1.5,3,2.2478677270348966
400,fresh,0.0,1.5,4,2.246185198678546
400,fresh,0.0,1.5,5,2.246748204823824
400,fresh,0.0,1.5,6,2.2428974255918694
400,fresh,0.0,1.5,7,2.226028979947557
400,fresh,0.0,1.5,8,2.248025659835686
400,fresh,0.0,1.5,9,2.2484759533680663
400,fresh,0.0,1.5,10,2.247066922821524
400,fresh,0.0,1.5,11,2.2468274439168305
400,fresh,0.5,1.5,0,1.0062793858900916
400,fresh,0.5,1.5,1,1.0828264898900342
400,fresh,0.5,1.5,2,0.8711348211356505
400,fresh,0.5,1.5,3,1.1121255013592184
400,fresh,0.5,1.5,4,1.0966263230978257
400,fresh,0.5,1.5,5,1.121394556833386
400,fresh,0.5,1.5,6,1.0314881994667815
400,fresh,0.5,1.5,7,1.0876485953326271
400,fresh,0.5,1.5,8,1.1115721324871441
400,fresh,0.5,1.5,9,1.1171785114856778
400,fresh,0.5,1.5,10,1.0427785734954522
400,fresh,0.5,1.5,11,1.0635640390270884
400,fresh,2.0,1.5,0,0.3104131520794976
400,fresh,2.0,1.5,1,0.43702817061908944
400,fresh,2.0,1.5,2,0.31643085492019185
400,fresh,2.0,1.5,3,0.4430791418308317
400,fresh,2.0,1.5,4,0.44152075863871176
400,fresh,2.0,1.5,5,0.44294046761008987
400,fresh,2.0,1.5,6,0.4234436727535521
400,fresh,2.0,1.5,7,0.31046374520766906
400,fresh,2.0,1.5,8,0.44317797227071143
400,fresh,2.0,1.5,9,0.42055328458967833
400,fresh,2.0,1.5,10,0.37459440134210553
400,fresh,2.0,1.5,11,0.41605993827519133
400,up,0.0,1.5,0,2.22126885951046
400,up,0.0,1.5,1,2.22126885951046
400,up,0.0,1.5,2,2.22126885951046
400,up,0.0,1.5,3,2.22126885951046
400,up,0.0,1.5,4,2.22126885951046
400,up,0.0,1.5,5,2.22126885951046
400,up,0.0,1.5,6,2.22126885951046
400,up,0.0,1.5,7,2.22126885951046
400,up,0.0,1.5,8,2.22126885951046
400,up,0.0,1.5,9,2.22126885951046
400,up,0.0,1.5,10,2.22126885951046
400,up,0.0,1.5,11,2.22126885951046
400,up,0.5,1.5,0,1.1213276322930255
400,up,0.5,1.5,1,1.1213276322930243
400,up,0.5,1.5,2,1.1213276322930255
400,up,0.5,1.5,3,1.1213276322930255
400,up,0.5,1.5,4,1.1213276322930255
400,up,0.5,1.5,5,1.1213276322930255
400,up,0.5,1.5,6,1.1213276322930255
400,up,0.5,1.5,7,1.1213276322930255
400,up,0.5,1.5,8,1.1213276322930255
400,up,0.5,1.5,9,1.1213276322930255
400,up,0.5,1.5,10,1.1213276322930255
400,up,0.5,1.5,11,1.1213276322930255
400,up,2.0,1.5,0,0.45091679712960797
400,up,2.0,1.5,1,0.4509167971296074
400,up,2.0,1.5,2,0.45091679712960797
400,up,2.0,1.5,3,0.45091679712960797
400,up,2.0,1.5,4,0.45091679712960797
400,up,2.0,1.5,5,0.45091679712960797
400,up,2.0,1.5,6,0.45091679712960797
400,up,2.0,1.5,7,0.45091679712960797
400,up,2.0,1.5,8,0.45091679712960797
400,up,2.0,1.5,9,0.45091679712960797
400,up,2.0,1.5,10,0.45091679712960797
400,up,2.0,1.5,11,0.45091679712960797
400,down,0.0,1.5,0,2.246970140958774
400,down,0.0,1.5,1,2.2383503937639557
400,down,0.0,1.5,2,2.243683305101899
400,down,0.0,1.5,3,2.230752804529593
400,down,0.0,1.5,4,2.225208368274818
400,down,0.0,1.5,5,2.225753156374565
400,down,0.0,1.5,6,2.2336290539793637
400,down,0.0,1.5,7,2.231948687764391
400,down,0.0,1.5,8,2.2332433983893702
400,down,0.0,1.5,9,2.2437749179763298
400,down,0.0,1.5,10,2.24029972101727
400,down,0.0,1.5,11,2.235580234919057
400,down,0.5,1.5,0,0.9378174550588472
400,down,0.5,1.5,1,1.0837550307515413
400,down,0.5,1.5,2,0.8800103856600663
400,down,0.5,1.5,3,1.1127970215283483
400,down,0.5,1.5,4,1.1013034089297116
400,down,0.5,1.5,5,1.1226647111113561
400,down,0.5,1.5,6,1.007917082496872
400,down,0.5,1.5,7,1.101508075008461
400,down,0.5,1.5,8,1.0801930776635755
400,down,0.5,1.5,9,1.0283186459830493
400,down,0.5,1.5,10,0.9030120412225937
400,down,0.5,1.5,11,0.888324299785819
400,down,2.0,1.5,0,0.31147125627145983
400,down,2.0,1.5,1,0.30897218222793044
400,down,2.0,1.5,2,0.3103998576624173
400,down,2.0,1.5,3,0.44305683051997163
400,down,2.0,1.5,4,0.44224254290671183
400,down,2.0,1.5,5,0.4428533668594986
400,down,2.0,1.5,6,0.3092021472792365
400,down,2.0,1.5,7,0.31062273513314154
400,down,2.0,1.5,8,0.44388241390390076
400,down,2.0,1.5,9,0.4170320289329481
400,down,2.0,1.5,10,0.3127672703201918
400,down,2.0,1.5,11,0.3974807064448507
400,fresh,0.0,2.0,0,3.4637324037640838
400,fresh,0.0,2.0,1,3.461187133333285
400,fresh,0.0,2.0,2,3.465129775598082
400,fresh,0.0,2.0,3,3.4606473217904545
400,fresh,0.0,2.0,4,3.46077850068282
400,fresh,0.0,2.0,5,3.460694473029928
400,fresh,0.0,2.0,6,3.462030612413687
400,fresh,0.0,2.0,7,3.464693080430611
400,fresh,0.0,2.0,8,3.4607653507462643
400,fresh,0.0,2.0,9,3.46161661302704
400,fresh,0.0,2.0,10,3.4621662200905146
400,fresh,0.0,2.0,11,3.461703998477692
400,fresh,0.5,2.0,0,1.6520062991100555
400,fresh,0.5,2.0,1,1.7013094870019632
400,fresh,0.5,2.0,2,1.5068264521739918
400,fresh,0.5,2.0,3,1.732103450733049
400,fresh,0.5,2.0,4,1.7147412199180554
400,fresh,0.5,2.0,5,1.74064979842001
400,fresh,0.5,2.0,6,1.610694146475268
400,fresh,0.5,2.0,7,1.7144468540167974
400,fresh,0.5,2.0,8,1.721876135402698
400,fresh,0.5,2.0,9,1.7255794877163577
400,fresh,0.5,2.0,10,1.650836110132804
400,fresh,0.5,2.0,11,1.6519090638151892
400,fresh,2.0,2.0,0,0.5346797925185611
400,fresh,2.0,2.0,1,0.6725865400320455
400,fresh,2.0,2.0,2,0.5387107064395815
400,fresh,2.0,2.0,3,0.6913800766153188
400,fresh,2.0,2.0,4,0.6856418377355056
400,fresh,2.0,2.0,5,0.6920827351623996
400,fresh,2.0,2.0,6,0.6408627319019846
400,fresh,2.0,2.0,7,0.5339268102421758
400,fresh,2.0,2.0,8,0.6872389201341011
400,fresh,2.0,2.0,9,0.6750842403873807
400,fresh,2.0,2.0,10,0.6243371645577861
400,fresh,2.0,2.0,11,0.6485546004066757
400,up,0.0,2.0,0,3.4697553504403684
400,up,0.0,2.0,1,3.4697553504403684
400,up,0.0,2.0,2,3.4697553504403684
400,up,0.0,2.0,3,3.4697553504403684
400,up,0.0,2.0,4,3.4697553504403684
400,up,0.0,2.0,5,3.4697553504403684
400,up,0.0,2.0,6,3.4697553504403684
400,up,0.0,2.0,7,3.4697553504403684
400,up,0.0,2.0,8,3.4697553504403684
400,up,0.0,2.0,9,3.4697553504403684
400,up,0.0,2.0,10,3.4697553504403684
400,up,0.0,2.0,11,3.4697553504403684
400,up,0.5,2.0,0,1.7415697165081339
400,up,0.5,2.0,1,1.7415697165081339
400,up,0.5,2.0,2,1.7415697165081339
400,up,0.5,2.0,3,1.7415697165081339
400,up,0.5,2.0,4,1.7415697165081339
400,up,0.5,2.0,5,1.7415697165081339
400,up,0.5,2.0,6,1.7415697165081339
400,up,0.5,2.0,7,1.7415697165081339
400,up,0.5,2.0,8,1.7415697165081339
400,up,0.5,2.0,9,1.7415697165081339
400,up,0.5,2.0,10,1.7415697165081339
400,up,0.5,2.0,11,1.7415697165081339
400,up,2.0,2.0,0,0.6926602059839859
400,up,2.0,2.0,1,0.6926602059839752
400,up,2.0,2.0,2,0.6926602059839859
400,up,2.0,2.0,3,0.6926602059839859
400,up,2.0,2.0,4,0.6926602059839859
400,up,2.0,2.0,5,0.6926602059839859
400,up,2.0,2.0,6,0.6926602059839859
400,up,2.0,2.0,7,0.6926602059839859
400,up,2.0,2.0,8,0.6926602059839859
400,up,2.0,2.0,9,0.6926602059839859
400,up,2.0,2.0,10,0.6926602059839859
400,up,2.0,2.0,11,0.6926602059839859
400,down,0.0,2.0,0,3.4637324037640633
400,down,0.0,2.0,1,3.4611871333332553
400,down,0.0,2.0,2,3.4651297755979087
400,down,0.0,2.0,3,3.4606473217904727
400,down,0.0,2.0,4,3.4607785006828182
400,down,0.0,2.0,5,3.460694473029921
400,down,0.0,2.0,6,3.462030612413739
400,down,0.0,2.0,7,3.4646930804306635
400,down,0.0,2.0,8,3.460765350746292
400,down,0.0,2.0,9,3.46161661302704
400,down,0.0,2.0,10,3.4621662200905416
400,down,0.0,2.0,11,3.461703998477687
400,down,0.5,2.0,0,1.6520062991099382
400,down,0.5,2.0,1,1.7013094870020842
400,down,0.5,2.0,2,1.5068264521740513
400,down,0.5,2.0,3,1.7321034507330502
400,down,0.5,2.0,4,1.714741219918054
400,down,0.5,2.0,5,1.7406497984200007
400,down,0.5,2.0,6,1.610694146475139
400,down,0.5,2.0,7,1.714446854016901
400,down,0.5,2.0,8,1.721876135402705
400,down,0.5,2.0,9,1.7255794877162498
400,down,0.5,2.0,10,1.6508361101324898
400,down,0.5,2.0,11,1.6519090638150318
400,down,2.0,2.0,0,0.5346797925185538
400,down,2.0,2.0,1,0.6725865400321029
400,down,2.0,2.0,2,0.5387107064396247
400,down,2.0,2.0,3,0.6913800766153266
400,down,2.0,2.0,4,0.6856418377355138
400,down,2.0,2.0,5,0.6920827351623942
400,down,2.0,2.0,6,0.6408627319018939
400,down,2.0,2.0,7,0.5339268102421846
400,down,2.0,2.0,8,0.6872389201341063
400,down,2.0,2.0,9,0.6750842403874073
400,down,2.0,2.0,10,0.6243371645578737
400,down,2.0,2.0,11,0.6485546004065904
600,fresh,0.0,0.0,0,0.0
600,fresh,0.0,0.0,1,0.0
600,fresh,0.0,0.0,2,0.0
600,fresh,0.0,0.0,3,0.0
600,fresh,0.0,0.0,4,0.0
600,fresh,0.0,0.0,5,0.0
600,fresh,0.0,0.0,6,0.0
600,fresh,0.0,0.0,7,0.0
600,fresh,0.0,0.0,8,0.0
600,fresh,0.0,0.0,9,0.0
600,fresh,0.0,0.0,10,0.0
600,fresh,0.0,0.0,11,0.0
600,fresh,0.5,0.0,0,2.6796875762233243e-176
600,fresh,0.5,0.0,1,0.0
600,fresh,0.5,0.0,2,1.954504116694136e-176
600,fresh,0.5,0.0,3,2.7823728349062742e-176
600,fresh,0.5,0.0,4,1.3066451914000226e-176
600,fresh,0.5,0.0,5,1.4882337880162883e-176
600,fresh,0.5,0.0,6,1.2409634798497001e-175
600,fresh,0.5,0.0,7,-2.0163093475439488e-176
600,fresh,0.5,0.0,8,4.089591105336865e-176
600,fresh,0.5,0.0,9,-4.620826921736286e-176
600,fresh,0.5,0.0,10,-2.8061100108337782e-176
600,fresh,0.5,0.0,11,-7.24934672338408e-176
600,fresh,2.0,0.0,0,1.811431748908235e-72
600,fresh,2.0,0.0,1,0.0
600,fresh,2.0,0.0,2,2.193891534247985e-72
600,fresh,2.0,0.0,3,4.682024561959631e-72
600,fresh,2.0,0.0,4,2.197378461744141e-72
600,fresh,2.0,0.0,5,2.5261942946656706e-72
600,fresh,2.0,0.0,6,9.235375379974097e-72
600,fresh,2.0,0.0,7,-3.4269124064131684e-72
600,fresh,2.0,0.0,8,6.580814560641344e-72
600,fresh,2.0,0.0,9,-2.494463018265186e-72
600,fresh,2.0,0.0,10,-2.9404486030365816e-72
600,fresh,2.0,0.0,11,-6.820611245221106e-72
600,up,0.0,0.0,0,0.0
600,up,0.0,0.0,1,0.0
600,up,0.0,0.0,2,0.0
600,up,0.0,0.0,3,0.0
600,up,0.0,0.0,4,0.0
600,up,0.0,0.0,5,0.0
600,up,0.0,0.0,6,0.0
600,up,0.0,0.0,7,0.0
600,up,0.0,0.0,8,0.0
600,up,0.0,0.0,9,0.0
600,up,0.0,0.0,10,0.0
600,up,0.0,0.0,11,0.0
600,up,0.5,0.0,0,2.6796875762233243e-176
600,up,0.5,0.0,1,0.0
600,up,0.5,0.0,2,1.954504116694136e-176
600,up,0.5,0.0,3,2.7823728349062742e-176
600,up,0.5,0.0,4,1.3066451914000226e-176
600,up,0.5,0.0,5,1.4882337880162883e-176
600,up,0.5,0.0,6,1.2409634798497001e-175
600,up,0.5,0.0,7,-2.0163093475439488e-176
600,up,0.5,0.0,8,4.089591105336865e-176
600,up,0.5,0.0,9,-4.620826921736286e-176
600,up,0.5,0.0,10,-2.8061100108337782e-176
600,up,0.5,0.0,11,-7.24934672338408e-176
600,up,2.0,0.0,0,1.811431748908235e-72
600,up,2.0,0.0,1,0.0
600,up,2.0,0.0,2,2.193891534247985e-72
600,up,2.0,0.0,3,4.682024561959631e-72
600,up,2.0,0.0,4,2.197378461744141e-72
600,up,2.0,0.0,5,2.5261942946656706e-72
600,up,2.0,0.0,6,9.235375379974097e-72
600,up,2.0,0.0,7,-3.4269124064131684e-72
600,up,2.0,0.0,8,6.580814560641344e-72
600,up,2.0,0.0,9,-2.494463018265186e-72
600,up,2.0,0.0,10,-2.9404486030365816e-72
600,up,2.0,0.0,11,-6.820611245221106e-72
600,down,0.0,0.0,0,0.0
600,down,0.0,0.0,1,0.0
600,down,0.0,0.0,2,0.0
600,down,0.0,0.0,3,0.0
600,down,0.0,0.0,4,0.0
600,down,0.0,0.0,5,0.0
600,down,0.0,0.0,6,0.0
600,down,0.0,0.0,7,0.0
600,down,0.0,0.0,8,0.0
600,down,0.0,0.0,9,0.0
600,down,0.0,0.0,10,0.0
600,down,0.0,0.0,11,0.0
600,down,0.5,0.0,0,0.0
600,down,0.5,0.0,1,0.0
600,down,0.5,0.0,2,0.0
600,down,0.5,0.0,3,0.0
600,down,0.5,0.0,4,0.0
600,down,0.5,0.0,5,0.0
600,down,0.5,0.0,6,0.0
600,down,0.5,0.0,7,0.0
600,down,0.5,0.0,8,0.0
600,down,0.5,0.0,9,0.0
600,down,0.5,0.0,10,0.0
600,down,0.5,0.0,11,0.0
600,down,2.0,0.0,0,0.0
600,down,2.0,0.0,1,0.0
600,down,2.0,0.0,2,0.0
600,down,2.0,0.0,3,0.0
600,down,2.0,0.0,4,0.0
600,down,2.0,0.0,5,0.0
600,down,2.0,0.0,6,0.0
600,down,2.0,0.0,7,0.0
600,down,2.0,0.0,8,0.0
600,down,2.0,0.0,9,0.0
600,down,2.0,0.0,10,0.0
600,down,2.0,0.0,11,0.0
600,fresh,0.0,0.5,0,0.0
600,fresh,0.0,0.5,1,0.0
600,fresh,0.0,0.5,2,0.0
600,fresh,0.0,0.5,3,0.0
600,fresh,0.0,0.5,4,0.0
600,fresh,0.0,0.5,5,0.0
600,fresh,0.0,0.5,6,0.0
600,fresh,0.0,0.5,7,0.0
600,fresh,0.0,0.5,8,0.0
600,fresh,0.0,0.5,9,0.0
600,fresh,0.0,0.5,10,0.0
600,fresh,0.0,0.5,11,0.0
600,fresh,0.5,0.5,0,0.0
600,fresh,0.5,0.5,1,0.0
600,fresh,0.5,0.5,2,0.0
600,fresh,0.5,0.5,3,0.0
600,fresh,0.5,0.5,4,0.0
600,fresh,0.5,0.5,5,0.0
600,fresh,0.5,0.5,6,0.0
600,fresh,0.5,0.5,7,0.0
600,fresh,0.5,0.5,8,0.0
600,fresh,0.5,0.5,9,0.0
600,fresh,0.5,0.5,10,0.0
600,fresh,0.5,0.5,11,0.0
600,fresh,2.0,0.5,0,0.0
600,fresh,2.0,0.5,1,0.0
600,fresh,2.0,0.5,2,0.0
600,fresh,2.0,0.5,3,0.0
600,fresh,2.0,0.5,4,0.0
600,fresh,2.0,0.5,5,0.0
600,fresh,2.0,0.5,6,0.0
600,fresh,2.0,0.5,7,0.0
600,fresh,2.0,0.5,8,0.0
600,fresh,2.0,0.5,9,0.0
600,fresh,2.0,0.5,10,0.0
600,fresh,2.0,0.5,11,0.0
600,up,0.0,0.5,0,0.0
600,up,0.0,0.5,1,0.0
600,up,0.0,0.5,2,0.0
600,up,0.0,0.5,3,0.0
600,up,0.0,0.5,4,0.0
600,up,0.0,0.5,5,0.0
600,up,0.0,0.5,6,0.0
600,up,0.0,0.5,7,0.0
600,up,0.0,0.5,8,0.0
600,up,0.0,0.5,9,0.0
600,up,0.0,0.5,10,0.0
600,up,0.0,0.5,11,0.0
600,up,0.5,0.5,0,0.0
600,up,0.5,0.5,1,0.0
600,up,0.5,0.5,2,0.0
600,up,0.5,0.5,3,0.0
600,up,0.5,0.5,4,0.0
600,up,0.5,0.5,5,0.0
600,up,0.5,0.5,6,0.0
600,up,0.5,0.5,7,0.0
600,up,0.5,0.5,8,0.0
600,up,0.5,0.5,9,0.0
600,up,0.5,0.5,10,0.0
600,up,0.5,0.5,11,0.0
600,up,2.0,0.5,0,0.0
600,up,2.0,0.5,1,0.0
600,up,2.0,0.5,2,0.0
600,up,2.0,0.5,3,0.0
600,up,2.0,0.5,4,0.0
600,up,2.0,0.5,5,0.0
600,up,2.0,0.5,6,0.0
600,up,2.0,0.5,7,0.0
600,up,2.0,0.5,8,0.0
600,up,2.0,0.5,9,0.0
600,up,2.0,0.5,10,0.0
600,up,2.0,0.5,11,0.0
600,down,0.0,0.5,0,0.0
600,down,0.0,0.5,1,0.0
600,down,0.0,0.5,2,0.0
600,down,0.0,0.5,3,0.0
600,down,0.0,0.5,4,0.0
600,down,0.0,0.5,5,0.0
600,down,0.0,0.5,6,0.0
600,down,0.0,0.5,7,0.0
600,down,0.0,0.5,8,0.0
600,down,0.0,0.5,9,0.0
600,down,0.0,0.5,10,0.0
600,down,0.0,0.5,11,0.0
600,down,0.5,0.5,0,0.0
600,down,0.5,0.5,1,0.0
600,down,0.5,0.5,2,0.0
600,down,0.5,0.5,3,0.0
600,down,0.5,0.5,4,0.0
600,down,0.5,0.5,5,0.0
600,down,0.5,0.5,6,0.0
600,down,0.5,0.5,7,0.0
600,down,0.5,0.5,8,0.0
600,down,0.5,0.5,9,0.0
600,down,0.5,0.5,10,0.0
600,down,0.5,0.5,11,0.0
600,down,2.0,0.5,0,0.0
600,down,2.0,0.5,1,0.0
600,down,2.0,0.5,2,0.0
600,down,2.0,0.5,3,0.0
600,down,2.0,0.5,4,0.0
600,down,2.0,0.5,5,0.0
600,down,2.0,0.5,6,0.0
600,down,2.0,0.5,7,0.0
600,down,2.0,0.5,8,0.0
600,down,2.0,0.5,9,0.0
600,down,2.0,0.5,10,0.0
600,down,2.0,0.5,11,0.0
600,fresh,0.0,0.8,0,0.0
600,fresh,0.0,0.8,1,0.0
600,fresh,0.0,0.8,2,0.0
600,fresh,0.0,0.8,3,0.0
600,fresh,0.0,0.8,4,0.0
600,fresh,0.0,0.8,5,0.0
600,fresh,0.0,0.8,6,0.0
600,fresh,0.0,0.8,7,0.0
600,fresh,0.0,0.8,8,0.0
600,fresh,0.0,0.8,9,0.0
600,fresh,0.0,0.8,10,0.0
600,fresh,0.0,0.8,11,0.0
600,fresh,0.5,0.8,0,0.0
600,fresh,0.5,0.8,1,0.0
600,fresh,0.5,0.8,2,0.0
600,fresh,0.5,0.8,3,0.0
600,fresh,0.5,0.8,4,0.0
600,fresh,0.5,0.8,5,0.0
600,fresh,0.5,0.8,6,0.0
600,fresh,0.5,0.8,7,0.0
600,fresh,0.5,0.8,8,0.0
600,fresh,0.5,0.8,9,0.0
600,fresh,0.5,0.8,10,0.0
600,fresh,0.5,0.8,11,0.0
600,fresh,2.0,0.8,0,0.0
600,fresh,2.0,0.8,1,0.0
600,fresh,2.0,0.8,2,0.0
600,fresh,2.0,0.8,3,0.0
600,fresh,2.0,0.8,4,0.0
600,fresh,2.0,0.8,5,0.0
600,fresh,2.0,0.8,6,0.0
600,fresh,2.0,0.8,7,0.0
600,fresh,2.0,0.8,8,0.0
600,fresh,2.0,0.8,9,0.0
600,fresh,2.0,0.8,10,0.0
600,fresh,2.0,0.8,11,0.0
600,up,0.0,0.8,0,0.0
600,up,0.0,0.8,1,0.0
600,up,0.0,0.8,2,0.0
600,up,0.0,0.8,3,0.0
600,up,0.0,0.8,4,0.0
600,up,0.0,0.8,5,0.0
600,up,0.0,0.8,6,0.0
600,up,0.0,0.8,7,0.0
600,up,0.0,0.8,8,0.0
600,up,0.0,0.8,9,0.0
600,up,0.0,0.8,10,0.0
600,up,0.0,0.8,11,0.0
600,up,0.5,0.8,0,0.0
600,up,0.5,0.8,1,0.0
600,up,0.5,0.8,2,0.0
600,up,0.5,0.8,3,0.0
600,up,0.5,0.8,4,0.0
600,up,0.5,0.8,5,0.0
600,up,0.5,0.8,6,0.0
600,up,0.5,0.8,7,0.0
600,up,0.5,0.8,8,0.0
600,up,0.5,0.8,9,0.0
600,up,0.5,0.8,10,0.0
600,up,0.5,0.8,11,0.0
600,up,2.0,0.8,0,0.0
600,up,2.0,0.8,1,0.0
600,up,2.0,0.8,2,0.0
600,up,2.0,0.8,3,0.0
600,up,2.0,0.8,4,0.0
600,up,2.0,0.8,5,0.0
600,up,2.0,0.8,6,0.0
600,up,2.0,0.8,7,0.0
600,up,2.0,0.8,8,0.0
600,up,2.0,0.8,9,0.0
600,up,2.0,0.8,10,0.0
600,up,2.0,0.8,11,0.0
600,down,0.0,0.8,0,0.0
600,down,0.0,0.8,1,0.0
600,down,0.0,0.8,2,0.0
600,down,0.0,0.8,3,0.0
600,down,0.0,0.8,4,0.0
600,down,0.0,0.8,5,0.0
600,down,0.0,0.8,6,0.0
600,down,0.0,0.8,7,0.0
600,down,0.0,0.8,8,0.0
600,down,0.0,0.8,9,0.0
600,down,0.0,0.8,10,0.0
600,down,0.0,0.8,11,0.0
600,down,0.5,0.8,0,0.0
600,down,0.5,0.8,1,0.0
600,down,0.5,0.8,2,0.0
600,down,0.5,0.8,3,0.0
600,down,0.5,0.8,4,0.0
600,down,0.5,0.8,5,0.0
600,down,0.5,0.8,6,0.0
600,down,0.5,0.8,7,0.0
600,down,0.5,0.8,8,0.0
600,down,0.5,0.8,9,0.0
600,down,0.5,0.8,10,0.0
600,down,0.5,0.8,11,0.0
600,down,2.0,0.8,0,0.0
600,down,2.0,0.8,1,0.0
600,down,2.0,0.8,2,0.0
600,down,2.0,0.8,3,0.0
600,down,2.0,0.8,4,0.0
600,down,2.0,0.8,5,0.0
600,down,2.0,0.8,6,0.0
600,down,2.0,0.8,7,0.0
600,down,2.0,0.8,8,0.0
600,down,2.0,0.8,9,0.0
600,down,2.0,0.8,10,0.0
600,down,2.0,0.8,11,0.0
600,fresh,0.0,0.9,0,0.0
600,fresh,0.0,0.9,1,0.0
600,fresh,0.0,0.9,2,0.0
600,fresh,0.0,0.9,3,0.0
600,fresh,0.0,0.9,4,0.0
600,fresh,0.0,0.9,5,0.0
600,fresh,0.0,0.9,6,0.0
600,fresh,0.0,0.9,7,0.0
600,fresh,0.0,0.9,8,0.0
600,fresh,0.0,0.9,9,0.0
600,fresh,0.0,0.9,10,0.0
600,fresh,0.0,0.9,11,0.0
600,fresh,0.5,0.9,0,0.0
600,fresh,0.5,0.9,1,0.0
600,fresh,0.5,0.9,2,0.0
600,fresh,0.5,0.9,3,0.0
600,fresh,0.5,0.9,4,0.0
600,fresh,0.5,0.9,5,0.0
600,fresh,0.5,0.9,6,0.0
600,fresh,0.5,0.9,7,0.0
600,fresh,0.5,0.9,8,0.0
600,fresh,0.5,0.9,9,0.0
600,fresh,0.5,0.9,10,0.0
600,fresh,0.5,0.9,11,0.0
600,fresh,2.0,0.9,0,0.0
600,fresh,2.0,0.9,1,0.0
600,fresh,2.0,0.9,2,0.0
600,fresh,2.0,0.9,3,0.0
600,fresh,2.0,0.9,4,0.0
600,fresh,2.0,0.9,5,0.0
600,fresh,2.0,0.9,6,0.0
600,fresh,2.0,0.9,7,0.0
600,fresh,2.0,0.9,8,0.0
600,fresh,2.0,0.9,9,0.0
600,fresh,2.0,0.9,10,0.0
600,fresh,2.0,0.9,11,0.0
600,up,0.0,0.9,0,0.0
600,up,0.0,0.9,1,0.0
600,up,0.0,0.9,2,0.0
600,up,0.0,0.9,3,0.0
600,up,0.0,0.9,4,0.0
600,up,0.0,0.9,5,0.0
600,up,0.0,0.9,6,0.0
600,up,0.0,0.9,7,0.0
600,up,0.0,0.9,8,0.0
600,up,0.0,0.9,9,0.0
600,up,0.0,0.9,10,0.0
600,up,0.0,0.9,11,0.0
600,up,0.5,0.9,0,0.0
600,up,0.5,0.9,1,0.0
600,up,0.5,0.9,2,0.0
600,up,0.5,0.9,3,0.0
600,up,0.5,0.9,4,0.0
600,up,0.5,0.9,5,0.0
600,up,0.5,0.9,6,0.0
600,up,0.5,0.9,7,0.0
600,up,0.5,0.9,8,0.0
600,up,0.5,0.9,9,0.0
600,up,0.5,0.9,10,0.0
600,up,0.5,0.9,11,0.0
600,up,2.0,0.9,0,0.0
600,up,2.0,0.9,1,0.0
600,up,2.0,0.9,2,0.0
600,up,2.0,0.9,3,0.0
600,up,2.0,0.9,4,0.0
600,up,2.0,0.9,5,0.0
600,up,2.0,0.9,6,0.0
600,up,2.0,0.9,7,0.0
600,up,2.0,0.9,8,0.0
600,up,2.0,0.9,9,0.0
600,up,2.0,0.9,10,0.0
600,up,2.0,0.9,11,0.0
600,down,0.0,0.9,0,0.0
600,down,0.0,0.9,1,0.0
600,down,0.0,0.9,2,0.0
600,down,0.0,0.9,3,0.0
600,down,0.0,0.9,4,0.0
600,down,0.0,0.9,5,0.0
600,down,0.0,0.9,6,0.0
600,down,0.0,0.9,7,0.0
600,down,0.0,0.9,8,0.0
600,down,0.0,0.9,9,0.0
600,down,0.0,0.9,10,0.0
600,down,0.0,0.9,11,0.0
600,down,0.5,0.9,0,0.0
600,down,0.5,0.9,1,0.0
600,down,0.5,0.9,2,0.0
600,down,0.5,0.9,3,0.0
600,down,0.5,0.9,4,0.0
600,down,0.5,0.9,5,0.0
600,down,0.5,0.9,6,0.0
600,down,0.5,0.9,7,0.0
600,down,0.5,0.9,8,0.0
600,down,0.5,0.9,9,0.0
600,down,0.5,0.9,10,0.0
600,down,0.5,0.9,11,0.0
600,down,2.0,0.9,0,0.0
600,down,2.0,0.9,1,0.0
600,down,2.0,0.9,2,0.0
600,down,2.0,0.9,3,0.0
600,down,2.0,0.9,4,0.0
600,down,2.0,0.9,5,0.0
600,down,2.0,0.9,6,0.0
600,down,2.0,0.9,7,0.0
600,down,2.0,0.9,8,0.0
600,down,2.0,0.9,9,0.0
600,down,2.0,0.9,10,0.0
600,down,2.0,0.9,11,0.0
600,fresh,0.0,0.95,0,0.0
600,fresh,0.0,0.95,1,0.0
600,fresh,0.0,0.95,2,0.0
600,fresh,0.0,0.95,3,0.0
600,fresh,0.0,0.95,4,0.0
600,fresh,0.0,0.95,5,0.0
600,fresh,0.0,0.95,6,0.0
600,fresh,0.0,0.95,7,0.0
600,fresh,0.0,0.95,8,0.0
600,fresh,0.0,0.95,9,0.0
600,fresh,0.0,0.95,10,0.0
600,fresh,0.0,0.95,11,0.0
600,fresh,0.5,0.95,0,0.0
600,fresh,0.5,0.95,1,0.0
600,fresh,0.5,0.95,2,0.0
600,fresh,0.5,0.95,3,0.0
600,fresh,0.5,0.95,4,0.0
600,fresh,0.5,0.95,5,0.0
600,fresh,0.5,0.95,6,0.0
600,fresh,0.5,0.95,7,0.0
600,fresh,0.5,0.95,8,0.0
600,fresh,0.5,0.95,9,0.0
600,fresh,0.5,0.95,10,0.0
600,fresh,0.5,0.95,11,0.0
600,fresh,2.0,0.95,0,0.0
600,fresh,2.0,0.95,1,0.0
600,fresh,2.0,0.95,2,0.0
600,fresh,2.0,0.95,3,0.0
600,fresh,2.0,0.95,4,0.0
600,fresh,2.0,0.95,5,0.0
600,fresh,2.0,0.95,6,0.0
600,fresh,2.0,0.95,7,0.0
600,fresh,2.0,0.95,8,0.0
600,fresh,2.0,0.95,9,0.0
600,fresh,2.0,0.95,10,0.0
600,fresh,2.0,0.95,11,0.0
600,up,0.0,0.95,0,0.0
600,up,0.0,0.95,1,0.0
600,up,0.0,0.95,2,0.0
600,up,0.0,0.95,3,0.0
600,up,0.0,0.95,4,0.0
600,up,0.0,0.95,5,0.0
600,up,0.0,0.95,6,0.0
600,up,0.0,0.95,7,0.0
600,up,0.0,0.95,8,0.0
600,up,0.0,0.95,9,0.0
600,up,0.0,0.95,10,0.0
600,up,0.0,0.95,11,0.0
600,up,0.5,0.95,0,0.0
600,up,0.5,0.95,1,0.0
600,up,0.5,0.95,2,0.0
600,up,0.5,0.95,3,0.0
600,up,0.5,0.95,4,0.0
600,up,0.5,0.95,5,0.0
600,up,0.5,0.95,6,0.0
600,up,0.5,0.95,7,0.0
600,up,0.5,0.95,8,0.0
600,up,0.5,0.95,9,0.0
600,up,0.5,0.95,10,0.0
600,up,0.5,0.95,11,0.0
600,up,2.0,0.95,0,0.0
600,up,2.0,0.95,1,0.0
600,up,2.0,0.95,2,0.0
600,up,2.0,0.95,3,0.0
600,up,2.0,0.95,4,0.0
600,up,2.0,0.95,5,0.0
600,up,2.0,0.95,6,0.0
600,up,2.0,0.95,7,0.0
600,up,2.0,0.95,8,0.0
600,up,2.0,0.95,9,0.0
600,up,2.0,0.95,10,0.0
600,up,2.0,0.95,11,0.0
600,down,0.0,0.95,0,0.0
600,down,0.0,0.95,1,0.0
600,down,0.0,0.95,2,0.0
600,down,0.0,0.95,3,0.0
600,down,0.0,0.95,4,0.0
600,down,0.0,0.95,5,0.0
600,down,0.0,0.95,6,0.0
600,down,0.0,0.95,7,0.0
600,down,0.0,0.95,8,0.0
600,down,0.0,0.95,9,0.0
600,down,0.0,0.95,10,0.0
600,down,0.0,0.95,11,0.0
600,down,0.5,0.95,0,0.0
600,down,0.5,0.95,1,0.0
600,down,0.5,0.95,2,0.0
600,down,0.5,0.95,3,0.0
600,down,0.5,0.95,4,0.0
600,down,0.5,0.95,5,0.0
600,down,0.5,0.95,6,0.0
600,down,0.5,0.95,7,0.0
600,down,0.5,0.95,8,0.0
600,down,0.5,0.95,9,0.0
600,down,0.5,0.95,10,0.0
600,down,0.5,0.95,11,0.0
600,down,2.0,0.95,0,0.0
600,down,2.0,0.95,1,0.0
600,down,2.0,0.95,2,0.0
600,down,2.0,0.95,3,0.0
600,down,2.0,0.95,4,0.0
600,down,2.0,0.95,5,0.0
600,down,2.0,0.95,6,0.0
600,down,2.0,0.95,7,0.0
600,down,2.0,0.95,8,0.0
600,down,2.0,0.95,9,0.0
600,down,2.0,0.95,10,0.0
600,down,2.0,0.95,11,0.0
600,fresh,0.0,0.98,0,0.0
600,fresh,0.0,0.98,1,0.0
600,fresh,0.0,0.98,2,0.0
600,fresh,0.0,0.98,3,0.0
600,fresh,0.0,0.98,4,0.0
600,fresh,0.0,0.98,5,0.0
600,fresh,0.0,0.98,6,0.0
600,fresh,0.0,0.98,7,0.0
600,fresh,0.0,0.98,8,0.0
600,fresh,0.0,0.98,9,0.0
600,fresh,0.0,0.98,10,0.0
600,fresh,0.0,0.98,11,0.0
600,fresh,0.5,0.98,0,0.0
600,fresh,0.5,0.98,1,0.0
600,fresh,0.5,0.98,2,0.0
600,fresh,0.5,0.98,3,0.0
600,fresh,0.5,0.98,4,0.0
600,fresh,0.5,0.98,5,0.0
600,fresh,0.5,0.98,6,0.0
600,fresh,0.5,0.98,7,0.0
600,fresh,0.5,0.98,8,0.0
600,fresh,0.5,0.98,9,0.0
600,fresh,0.5,0.98,10,0.0
600,fresh,0.5,0.98,11,0.0
600,fresh,2.0,0.98,0,4.440892098500626e-18
600,fresh,2.0,0.98,1,4.440892098500626e-18
600,fresh,2.0,0.98,2,4.440892098500626e-18
600,fresh,2.0,0.98,3,4.440892098500626e-18
600,fresh,2.0,0.98,4,4.440892098500626e-18
600,fresh,2.0,0.98,5,4.440892098500626e-18
600,fresh,2.0,0.98,6,4.440892098500626e-18
600,fresh,2.0,0.98,7,4.440892098500626e-18
600,fresh,2.0,0.98,8,4.440892098500626e-18
600,fresh,2.0,0.98,9,4.440892098500626e-18
600,fresh,2.0,0.98,10,4.440892098500626e-18
600,fresh,2.0,0.98,11,1.7763568394002505e-17
600,up,0.0,0.98,0,0.0
600,up,0.0,0.98,1,0.0
600,up,0.0,0.98,2,0.0
600,up,0.0,0.98,3,0.0
600,up,0.0,0.98,4,0.0
600,up,0.0,0.98,5,0.0
600,up,0.0,0.98,6,0.0
600,up,0.0,0.98,7,0.0
600,up,0.0,0.98,8,0.0
600,up,0.0,0.98,9,0.0
600,up,0.0,0.98,10,0.0
600,up,0.0,0.98,11,0.0
600,up,0.5,0.98,0,0.0
600,up,0.5,0.98,1,0.0
600,up,0.5,0.98,2,0.0
600,up,0.5,0.98,3,0.0
600,up,0.5,0.98,4,0.0
600,up,0.5,0.98,5,0.0
600,up,0.5,0.98,6,0.0
600,up,0.5,0.98,7,0.0
600,up,0.5,0.98,8,0.0
600,up,0.5,0.98,9,0.0
600,up,0.5,0.98,10,0.0
600,up,0.5,0.98,11,0.0
600,up,2.0,0.98,0,2.220446049250313e-18
600,up,2.0,0.98,1,2.220446049250313e-18
600,up,2.0,0.98,2,2.220446049250313e-18
600,up,2.0,0.98,3,2.220446049250313e-18
600,up,2.0,0.98,4,2.220446049250313e-18
600,up,2.0,0.98,5,2.220446049250313e-18
600,up,2.0,0.98,6,2.220446049250313e-18
600,up,2.0,0.98,7,2.220446049250313e-18
600,up,2.0,0.98,8,2.220446049250313e-18
600,up,2.0,0.98,9,2.220446049250313e-18
600,up,2.0,0.98,10,2.220446049250313e-18
600,up,2.0,0.98,11,2.220446049250313e-18
600,down,0.0,0.98,0,0.0
600,down,0.0,0.98,1,0.0
600,down,0.0,0.98,2,0.0
600,down,0.0,0.98,3,0.0
600,down,0.0,0.98,4,0.0
600,down,0.0,0.98,5,0.0
600,down,0.0,0.98,6,0.0
600,down,0.0,0.98,7,0.0
600,down,0.0,0.98,8,0.0
600,down,0.0,0.98,9,0.0
600,down,0.0,0.98,10,0.0
600,down,0.0,0.98,11,0.0
600,down,0.5,0.98,0,0.0
600,down,0.5,0.98,1,0.0
600,down,0.5,0.98,2,0.0
600,down,0.5,0.98,3,0.0
600,down,0.5,0.98,4,0.0
600,down,0.5,0.98,5,0.0
600,down,0.5,0.98,6,0.0
600,down,0.5,0.98,7,0.0
600,down,0.5,0.98,8,0.0
600,down,0.5,0.98,9,0.0
600,down,0.5,0.98,10,0.0
600,down,0.5,0.98,11,0.0
600,down,2.0,0.98,0,0.0
600,down,2.0,0.98,1,0.0
600,down,2.0,0.98,2,-5.684341886080802e-16
600,down,2.0,0.98,3,0.0
600,down,2.0,0.98,4,0.0
600,down,2.0,0.98,5,0.0
600,down,2.0,0.98,6,0.0
600,down,2.0,0.98,7,-5.684341886080802e-16
600,down,2.0,0.98,8,0.0
600,down,2.0,0.98,9,-5.684341886080802e-16
600,down,2.0,0.98,10,-5.684341886080802e-16
600,down,2.0,0.98,11,0.0
600,fresh,0.0,0.99,0,0.0
600,fresh,0.0,0.99,1,0.0
600,fresh,0.0,0.99,2,0.0
600,fresh,0.0,0.99,3,0.0
600,fresh,0.0,0.99,4,0.0
600,fresh,0.0,0.99,5,0.0
600,fresh,0.0,0.99,6,0.0
600,fresh,0.0,0.99,7,0.0
600,fresh,0.0,0.99,8,0.0
600,fresh,0.0,0.99,9,0.0
600,fresh,0.0,0.99,10,0.0
600,fresh,0.0,0.99,11,0.0
600,fresh,0.5,0.99,0,0.0
600,fresh,0.5,0.99,1,0.0
600,fresh,0.5,0.99,2,0.0
600,fresh,0.5,0.99,3,0.0
600,fresh,0.5,0.99,4,0.0
600,fresh,0.5,0.99,5,0.0
600,fresh,0.5,0.99,6,0.0
600,fresh,0.5,0.99,7,0.0
600,fresh,0.5,0.99,8,0.0
600,fresh,0.5,0.99,9,0.0
600,fresh,0.5,0.99,10,0.0
600,fresh,0.5,0.99,11,0.0
600,fresh,2.0,0.99,0,4.0281777913264707e-13
600,fresh,2.0,0.99,1,4.779709961155732e-13
600,fresh,2.0,0.99,2,4.112377105514042e-13
600,fresh,2.0,0.99,3,4.3290704354603806e-13
600,fresh,2.0,0.99,4,4.1301406739080447e-13
600,fresh,2.0,0.99,5,4.1626035951480846e-13
600,fresh,2.0,0.99,6,4.4648729158325294e-13
600,fresh,2.0,0.99,7,2.7840840743920124e-13
600,fresh,2.0,0.99,8,4.4270587196137967e-13
600,fresh,2.0,0.99,9,2.319833214414757e-13
600,fresh,2.0,0.99,10,2.800693010840405e-13
600,fresh,2.0,0.99,11,4.89421836391557e-13
600,up,0.0,0.99,0,0.0
600,up,0.0,0.99,1,0.0
600,up,0.0,0.99,2,0.0
600,up,0.0,0.99,3,0.0
600,up,0.0,0.99,4,0.0
600,up,0.0,0.99,5,0.0
600,up,0.0,0.99,6,0.0
600,up,0.0,0.99,7,0.0
600,up,0.0,0.99,8,0.0
600,up,0.0,0.99,9,0.0
600,up,0.0,0.99,10,0.0
600,up,0.0,0.99,11,0.0
600,up,0.5,0.99,0,0.0
600,up,0.5,0.99,1,0.0
600,up,0.5,0.99,2,0.0
600,up,0.5,0.99,3,0.0
600,up,0.5,0.99,4,0.0
600,up,0.5,0.99,5,0.0
600,up,0.5,0.99,6,0.0
600,up,0.5,0.99,7,0.0
600,up,0.5,0.99,8,0.0
600,up,0.5,0.99,9,0.0
600,up,0.5,0.99,10,0.0
600,up,0.5,0.99,11,0.0
600,up,2.0,0.99,0,7.66009478070373e-14
600,up,2.0,0.99,1,7.661205003728355e-14
600,up,2.0,0.99,2,7.66009478070373e-14
600,up,2.0,0.99,3,7.66009478070373e-14
600,up,2.0,0.99,4,7.66009478070373e-14
600,up,2.0,0.99,5,7.66009478070373e-14
600,up,2.0,0.99,6,7.66009478070373e-14
600,up,2.0,0.99,7,7.66009478070373e-14
600,up,2.0,0.99,8,7.66009478070373e-14
600,up,2.0,0.99,9,7.66009478070373e-14
600,up,2.0,0.99,10,7.66009478070373e-14
600,up,2.0,0.99,11,7.66009478070373e-14
600,down,0.0,0.99,0,0.0
600,down,0.0,0.99,1,0.0
600,down,0.0,0.99,2,0.0
600,down,0.0,0.99,3,0.0
600,down,0.0,0.99,4,0.0
600,down,0.0,0.99,5,0.0
600,down,0.0,0.99,6,0.0
600,down,0.0,0.99,7,0.0
600,down,0.0,0.99,8,0.0
600,down,0.0,0.99,9,0.0
600,down,0.0,0.99,10,0.0
600,down,0.0,0.99,11,0.0
600,down,0.5,0.99,0,0.0
600,down,0.5,0.99,1,0.0
600,down,0.5,0.99,2,0.0
600,down,0.5,0.99,3,0.0
600,down,0.5,0.99,4,0.0
600,down,0.5,0.99,5,0.0
600,down,0.5,0.99,6,0.0
600,down,0.5,0.99,7,0.0
600,down,0.5,0.99,8,0.0
600,down,0.5,0.99,9,0.0
600,down,0.5,0.99,10,0.0
600,down,0.5,0.99,11,0.0
600,down,2.0,0.99,0,-5.186961971048732e-14
600,down,2.0,0.99,1,-1.7053025658242404e-14
600,down,2.0,0.99,2,-1.7621459846850484e-14
600,down,2.0,0.99,3,-1.7053025658242404e-14
600,down,2.0,0.99,4,-1.7053025658242404e-14
600,down,2.0,0.99,5,-1.7053025658242404e-14
600,down,2.0,0.99,6,-1.7621459846850484e-14
600,down,2.0,0.99,7,-1.7621459846850484e-14
600,down,2.0,0.99,8,-1.7053025658242404e-14
600,down,2.0,0.99,9,-1.7621459846850484e-14
600,down,2.0,0.99,10,-1.7621459846850484e-14
600,down,2.0,0.99,11,-1.7053025658242404e-14
600,fresh,0.0,0.995,0,0.0
600,fresh,0.0,0.995,1,0.0
600,fresh,0.0,0.995,2,0.0
600,fresh,0.0,0.995,3,0.0
600,fresh,0.0,0.995,4,0.0
600,fresh,0.0,0.995,5,0.0
600,fresh,0.0,0.995,6,0.0
600,fresh,0.0,0.995,7,0.0
600,fresh,0.0,0.995,8,0.0
600,fresh,0.0,0.995,9,0.0
600,fresh,0.0,0.995,10,0.0
600,fresh,0.0,0.995,11,0.0
600,fresh,0.5,0.995,0,0.0
600,fresh,0.5,0.995,1,0.0
600,fresh,0.5,0.995,2,0.0
600,fresh,0.5,0.995,3,0.0
600,fresh,0.5,0.995,4,0.0
600,fresh,0.5,0.995,5,0.0
600,fresh,0.5,0.995,6,0.0
600,fresh,0.5,0.995,7,0.0
600,fresh,0.5,0.995,8,0.0
600,fresh,0.5,0.995,9,0.0
600,fresh,0.5,0.995,10,0.0
600,fresh,0.5,0.995,11,0.0
600,fresh,2.0,0.995,0,2.104355467658081e-10
600,fresh,2.0,0.995,1,2.3742623200817546e-10
600,fresh,2.0,0.995,2,2.1353799173340349e-10
600,fresh,2.0,0.995,3,2.214267702527195e-10
600,fresh,2.0,0.995,4,2.141979904557445e-10
600,fresh,2.0,0.995,5,2.1537972738627788e-10
600,fresh,2.0,0.995,6,2.2629223161985123e-10
600,fresh,2.0,0.995,7,1.6260181867622236e-10
600,fresh,2.0,0.995,8,2.249537134346724e-10
600,fresh,2.0,0.995,9,1.4289657679356082e-10
600,fresh,2.0,0.995,10,1.6316379358727318e-10
600,fresh,2.0,0.995,11,2.4140275556305826e-10
600,up,0.0,0.995,0,0.0
600,up,0.0,0.995,1,0.0
600,up,0.0,0.995,2,0.0
600,up,0.0,0.995,3,0.0
600,up,0.0,0.995,4,0.0
600,up,0.0,0.995,5,0.0
600,up,0.0,0.995,6,0.0
600,up,0.0,0.995,7,0.0
600,up,0.0,0.995,8,0.0
600,up,0.0,0.995,9,0.0
600,up,0.0,0.995,10,0.0
600,up,0.0,0.995,11,0.0
600,up,0.5,0.995,0,0.0
600,up,0.5,0.995,1,0.0
600,up,0.5,0.995,2,0.0
600,up,0.5,0.995,3,0.0
600,up,0.5,0.995,4,0.0
600,up,0.5,0.995,5,0.0
600,up,0.5,0.995,6,0.0
600,up,0.5,0.995,7,0.0
600,up,0.5,0.995,8,0.0
600,up,0.5,0.995,9,0.0
600,up,0.5,0.995,10,0.0
600,up,0.5,0.995,11,0.0
600,up,2.0,0.995,0,3.8760523679570725e-11
600,up,2.0,0.995,1,3.876053034090887e-11
600,up,2.0,0.995,2,3.8760523679570725e-11
600,up,2.0,0.995,3,3.8760523679570725e-11
600,up,2.0,0.995,4,3.8760523679570725e-11
600,up,2.0,0.995,5,3.8760523679570725e-11
600,up,2.0,0.995,6,3.8760523679570725e-11
600,up,2.0,0.995,7,3.8760523679570725e-11
600,up,2.0,0.995,8,3.8760523679570725e-11
600,up,2.0,0.995,9,3.8760523679570725e-11
600,up,2.0,0.995,10,3.8760523679570725e-11
600,up,2.0,0.995,11,3.8760523679570725e-11
600,down,0.0,0.995,0,0.0
600,down,0.0,0.995,1,0.0
600,down,0.0,0.995,2,0.0
600,down,0.0,0.995,3,0.0
600,down,0.0,0.995,4,0.0
600,down,0.0,0.995,5,0.0
600,down,0.0,0.995,6,0.0
600,down,0.0,0.995,7,0.0
600,down,0.0,0.995,8,0.0
600,down,0.0,0.995,9,0.0
600,down,0.0,0.995,10,0.0
600,down,0.0,0.995,11,0.0
600,down,0.5,0.995,0,0.0
600,down,0.5,0.995,1,0.0
600,down,0.5,0.995,2,0.0
600,down,0.5,0.995,3,0.0
600,down,0.5,0.995,4,0.0
600,down,0.5,0.995,5,0.0
600,down,0.5,0.995,6,0.0
600,down,0.5,0.995,7,0.0
600,down,0.5,0.995,8,0.0
600,down,0.5,0.995,9,0.0
600,down,0.5,0.995,10,0.0
600,down,0.5,0.995,11,0.0
600,down,2.0,0.995,0,-6.334316537959239e-10
600,down,2.0,0.995,1,-1.4943168480385793e-10
600,down,2.0,0.995,2,-1.250532477570232e-10
600,down,2.0,0.995,3,-1.084225687009166e-10
600,down,2.0,0.995,4,-1.368994162476156e-10
600,down,2.0,0.995,5,-1.6393130408687283e-10
600,down,2.0,0.995,6,-1.34958213493519e-10
600,down,2.0,0.995,7,-1.2872078514192253e-10
600,down,2.0,0.995,8,-1.3525095710065217e-10
600,down,2.0,0.995,9,-1.428315954399295e-10
600,down,2.0,0.995,10,-2.2425467705033953e-10
600,down,2.0,0.995,11,-1.4568570350093068e-10
600,fresh,0.0,1.0,0,5.018616027836486e-06
600,fresh,0.0,1.0,1,5.003930876934515e-06
600,fresh,0.0,1.0,2,4.863514445401229e-06
600,fresh,0.0,1.0,3,4.998051201077214e-06
600,fresh,0.0,1.0,4,4.994148999668547e-06
600,fresh,0.0,1.0,5,4.99499303205031e-06
600,fresh,0.0,1.0,6,4.996453899392961e-06
600,fresh,0.0,1.0,7,4.963197359417749e-06
600,fresh,0.0,1.0,8,4.999591783654278e-06
600,fresh,0.0,1.0,9,5.008154622798689e-06
600,fresh,0.0,1.0,10,5.008703897906308e-06
600,fresh,0.0,1.0,11,5.003762223827479e-06
600,fresh,0.5,1.0,0,9.923936887397122e-06
600,fresh,0.5,1.0,1,1.0020750834189851e-05
600,fresh,0.5,1.0,2,9.975197836014083e-06
600,fresh,0.5,1.0,3,9.99264099923014e-06
600,fresh,0.5,1.0,4,9.977691257765375e-06
600,fresh,0.5,1.0,5,9.980130321642911e-06
600,fresh,0.5,1.0,6,1.0007632848716418e-05
600,fresh,0.5,1.0,7,9.856167593578215e-06
600,fresh,0.5,1.0,8,1.0000188347152327e-05
600,fresh,0.5,1.0,9,1.0038185597263105e-05
600,fresh,0.5,1.0,10,1.0068456205942766e-05
600,fresh,0.5,1.0,11,1.0028806902502297e-05
600,fresh,2.0,1.0,0,2.4810840139088962e-05
600,fresh,2.0,1.0,1,2.5149055834723376e-05
600,fresh,2.0,1.0,2,2.4851609697864596e-05
600,fresh,2.0,1.0,3,2.4952916468687914e-05
600,fresh,2.0,1.0,4,2.4860236852035644e-05
600,fresh,2.0,1.0,5,2.4875560708841338e-05
600,fresh,2.0,1.0,6,2.5013819767909505e-05
600,fresh,2.0,1.0,7,2.4117620864048117e-05
600,fresh,2.0,1.0,8,2.499722809480076e-05
600,fresh,2.0,1.0,9,2.3776224042901806e-05
600,fresh,2.0,1.0,10,2.4124981133566425e-05
600,fresh,2.0,1.0,11,2.5195603040133463e-05
600,up,0.0,1.0,0,4.782658151647467e-06
600,up,0.0,1.0,1,4.782658151647467e-06
600,up,0.0,1.0,2,4.782658151647467e-06
600,up,0.0,1.0,3,4.782658151647467e-06
600,up,0.0,1.0,4,4.782658151647467e-06
600,up,0.0,1.0,5,4.782658151647467e-06
600,up,0.0,1.0,6,4.782658151647467e-06
600,up,0.0,1.0,7,4.782658151647467e-06
600,up,0.0,1.0,8,4.782658151647467e-06
600,up,0.0,1.0,9,4.782658151647467e-06
600,up,0.0,1.0,10,4.782658151647467e-06
600,up,0.0,1.0,11,4.782658151647467e-06
600,up,0.5,1.0,0,9.158452630340097e-06
600,up,0.5,1.0,1,9.158452630340097e-06
600,up,0.5,1.0,2,9.158452630340097e-06
600,up,0.5,1.0,3,9.158452630340097e-06
600,up,0.5,1.0,4,9.158452630340097e-06
600,up,0.5,1.0,5,9.158452630340097e-06
600,up,0.5,1.0,6,9.158452630340097e-06
600,up,0.5,1.0,7,9.158452630340097e-06
600,up,0.5,1.0,8,9.158452630340097e-06
600,up,0.5,1.0,9,9.158452630340097e-06
600,up,0.5,1.0,10,9.158452630340097e-06
600,up,0.5,1.0,11,9.158452630340097e-06
600,up,2.0,1.0,0,2.0207084367984683e-05
600,up,2.0,1.0,1,2.0207084367981356e-05
600,up,2.0,1.0,2,2.0207084367984683e-05
600,up,2.0,1.0,3,2.0207084367984683e-05
600,up,2.0,1.0,4,2.0207084367984683e-05
600,up,2.0,1.0,5,2.0207084367984683e-05
600,up,2.0,1.0,6,2.0207084367984683e-05
600,up,2.0,1.0,7,2.0207084367984683e-05
600,up,2.0,1.0,8,2.0207084367984683e-05
600,up,2.0,1.0,9,2.0207084367984683e-05
600,up,2.0,1.0,10,2.0207084367984683e-05
600,up,2.0,1.0,11,2.0207084367984683e-05
600,down,0.0,1.0,0,4.796660011834319e-06
600,down,0.0,1.0,1,4.595996135776659e-06
600,down,0.0,1.0,2,4.853018222092942e-06
600,down,0.0,1.0,3,4.415457692630297e-06
600,down,0.0,1.0,4,3.901540030710748e-06
600,down,0.0,1.0,5,4.1745728208297805e-06
600,down,0.0,1.0,6,5.430485539363872e-06
600,down,0.0,1.0,7,5.262771514935593e-06
600,down,0.0,1.0,8,4.454296208677988e-06
600,down,0.0,1.0,9,4.709006302618946e-06
600,down,0.0,1.0,10,4.649759341646132e-06
600,down,0.0,1.0,11,4.4045286995242346e-06
600,down,0.5,1.0,0,9.738561432186542e-06
600,down,0.5,1.0,1,5.42109676189284e-07
600,down,0.5,1.0,2,8.219985360256033e-06
600,down,0.5,1.0,3,7.094149485737944e-06
600,down,0.5,1.0,4,9.567574970787973e-06
600,down,0.5,1.0,5,1.161624401561312e-05
600,down,0.5,1.0,6,1.0799761391808715e-05
600,down,0.5,1.0,7,9.964575144749688e-06
600,down,0.5,1.0,8,7.250749840750359e-06
600,down,0.5,1.0,9,4.834822594830257e-06
600,down,0.5,1.0,10,4.437353908315345e-06
600,down,0.5,1.0,11,8.924140773842737e-06
600,down,2.0,1.0,0,0.00020263344290015085
600,down,2.0,1.0,1,2.0437376494442106e-05
600,down,2.0,1.0,2,2.810194961000434e-05
600,down,2.0,1.0,3,3.2949658782399637e-05
600,down,2.0,1.0,4,2.4452383908055708e-05
600,down,2.0,1.0,5,1.5642280162637688e-05
600,down,2.0,1.0,6,2.506035194812739e-05
600,down,2.0,1.0,7,2.69883910613089e-05
600,down,2.0,1.0,8,2.4969900974269876e-05
600,down,2.0,1.0,9,2.2569665432001785e-05
600,down,2.0,1.0,10,7.153265642045881e-09
600,down,2.0,1.0,11,2.1653667515693088e-05
600,fresh,0.0,1.005,0,0.19110090371471172
600,fresh,0.0,1.005,1,0.19197499382172722
600,fresh,0.0,1.005,2,0.1934635387234263
600,fresh,0.0,1.005,3,0.1924665652136514
600,fresh,0.0,1.005,4,0.19291951083158054
600,fresh,0.0,1.005,5,0.19279971829028142
600,fresh,0.0,1.005,6,0.19318826506401449
600,fresh,0.0,1.005,7,0.2063625962350386
600,fresh,0.0,1.005,8,0.19233516374239643
600,fresh,0.0,1.005,9,0.19163265126876766
600,fresh,0.0,1.005,10,0.1917005284435585
600,fresh,0.0,1.005,11,0.1921106559567231
600,fresh,0.5,1.005,0,0.061757657535289424
600,fresh,0.5,1.005,1,0.06826821732190352
600,fresh,0.5,1.005,2,0.061739888860714916
600,fresh,0.5,1.005,3,0.07243003092743877
600,fresh,0.5,1.005,4,0.07248119536851881
600,fresh,0.5,1.005,5,0.07406687961670315
600,fresh,0.5,1.005,6,0.06569875507751774
600,fresh,0.5,1.005,7,0.061690891347252974
600,fresh,0.5,1.005,8,0.07054892934727804
600,fresh,0.5,1.005,9,0.06815752518743863
600,fresh,0.5,1.005,10,0.06549702390774215
600,fresh,0.5,1.005,11,0.06634427865523058
600,fresh,2.0,1.005,0,0.03025260394416521
600,fresh,2.0,1.005,1,0.06099703545880683
600,fresh,2.0,1.005,2,0.03027985118919107
600,fresh,2.0,1.005,3,0.06118992557899024
600,fresh,2.0,1.005,4,0.061154081871462276
600,fresh,2.0,1.005,5,0.06121803161632654
600,fresh,2.0,1.005,6,0.06075151609707721
600,fresh,2.0,1.005,7,0.03031078592471423
600,fresh,2.0,1.005,8,0.06115690792717693
600,fresh,2.0,1.005,9,0.03018257383081064
600,fresh,2.0,1.005,10,0.03032553898724207
600,fresh,2.0,1.005,11,0.06078948537843398
600,up,0.0,1.005,0,0.1893493182745709
600,up,0.0,1.005,1,0.1893493182745709
600,up,0.0,1.005,2,0.1893493182745709
600,up,0.0,1.005,3,0.1893493182745709
600,up,0.0,1.005,4,0.1893493182745709
600,up,0.0,1.005,5,0.1893493182745709
600,up,0.0,1.005,6,0.1893493182745709
600,up,0.0,1.005,7,0.1893493182745709
600,up,0.0,1.005,8,0.1893493182745709
600,up,0.0,1.005,9,0.1893493182745709
600,up,0.0,1.005,10,0.1893493182745709
600,up,0.0,1.005,11,0.1893493182745709
600,up,0.5,1.005,0,0.1235848993692091
600,up,0.5,1.005,1,0.12358489936920933
600,up,0.5,1.005,2,0.1235848993692091
600,up,0.5,1.005,3,0.1235848993692091
600,up,0.5,1.005,4,0.1235848993692091
600,up,0.5,1.005,5,0.1235848993692091
600,up,0.5,1.005,6,0.1235848993692091
600,up,0.5,1.005,7,0.1235848993692091
600,up,0.5,1.005,8,0.1235848993692091
600,up,0.5,1.005,9,0.1235848993692091
600,up,0.5,1.005,10,0.1235848993692091
600,up,0.5,1.005,11,0.1235848993692091
600,up,2.0,1.005,0,0.04574146631696594
600,up,2.0,1.005,1,0.04574146631696593
600,up,2.0,1.005,2,0.04574146631696594
600,up,2.0,1.005,3,0.04574146631696594
600,up,2.0,1.005,4,0.04574146631696594
600,up,2.0,1.005,5,0.04574146631696594
600,up,2.0,1.005,6,0.04574146631696594
600,up,2.0,1.005,7,0.04574146631696594
600,up,2.0,1.005,8,0.04574146631696594
600,up,2.0,1.005,9,0.04574146631696594
600,up,2.0,1.005,10,0.04574146631696594
600,up,2.0,1.005,11,0.04574146631696594
600,down,0.0,1.005,0,0.1895501480774237
600,down,0.0,1.005,1,0.19143113703294373
600,down,0.0,1.005,2,0.18968456796579403
600,down,0.0,1.005,3,0.19454087142212756
600,down,0.0,1.005,4,0.21718416615735123
600,down,0.0,1.005,5,0.20634627924750704
600,down,0.0,1.005,6,0.21650139178455674
600,down,0.0,1.005,7,0.1907939151408914
600,down,0.0,1.005,8,0.19451341987051135
600,down,0.0,1.005,9,0.19002733657952603
600,down,0.0,1.005,10,0.19097996687932436
600,down,0.0,1.005,11,0.20346971756553556
600,down,0.5,1.005,0,0.06043816680462442
600,down,0.5,1.005,1,0.061153324235310724
600,down,0.5,1.005,2,0.06169909778206147
600,down,0.5,1.005,3,0.06163514032013381
600,down,0.5,1.005,4,0.06044796698394635
600,down,0.5,1.005,5,0.06255428141389643
600,down,0.5,1.005,6,0.03488542286718143
600,down,0.5,1.005,7,0.05481719004561114
600,down,0.5,1.005,8,0.061645544260550196
600,down,0.5,1.005,9,0.06151199178080788
600,down,0.5,1.005,10,0.06149637168348363
600,down,0.5,1.005,11,0.06177132488382085
600,down,2.0,1.005,0,0.029362279568712776
600,down,2.0,1.005,1,0.0300853823204028
600,down,2.0,1.005,2,0.0031160153763875086
600,down,2.0,1.005,3,0.005309248634146684
600,down,2.0,1.005,4,0.013056860187981556
600,down,2.0,1.005,5,0.030278787033548724
600,down,2.0,1.005,6,0.006708970495402582
600,down,2.0,1.005,7,0.003342773412925339
600,down,2.0,1.005,8,0.006741438998293461
600,down,2.0,1.005,9,0.02903700957603121
600,down,2.0,1.005,10,0.029900357157069946
600,down,2.0,1.005,11,0.029736099742542592
600,fresh,0.0,1.01,0,0.2747935024021275
600,fresh,0.0,1.01,1,0.261473703496808
600,fresh,0.0,1.01,2,0.2590129336222876
600,fresh,0.0,1.01,3,0.25931891131920537
600,fresh,0.0,1.01,4,0.2584772711141926
600,fresh,0.0,1.01,5,0.25861299093388695
600,fresh,0.0,1.01,6,0.2604835600193471
600,fresh,0.0,1.01,7,0.25541000070807074
600,fresh,0.0,1.01,8,0.25981712201409923
600,fresh,0.0,1.01,9,0.2631524117904668
600,fresh,0.0,1.01,10,0.26533242467638174
600,fresh,0.0,1.01,11,0.26244438014631644
600,fresh,0.5,1.01,0,0.09083083523424323
600,fresh,0.5,1.01,1,0.17065469611527917
600,fresh,0.5,1.01,2,0.08401802910512873
600,fresh,0.5,1.01,3,0.13907860032698757
600,fresh,0.5,1.01,4,0.13975388709497566
600,fresh,0.5,1.01,5,0.13629595132667616
600,fresh,0.5,1.01,6,0.1742578995976539
600,fresh,0.5,1.01,7,0.07064828392405798
600,fresh,0.5,1.01,8,0.14805230733480834
600,fresh,0.5,1.01,9,0.1712214926636225
600,fresh,0.5,1.01,10,0.15859655156296085
600,fresh,0.5,1.01,11,0.18049480971037227
600,fresh,2.0,1.01,0,0.030991352656417098
600,fresh,2.0,1.01,1,0.062366175924896655
600,fresh,2.0,1.01,2,0.030998433054346127
600,fresh,2.0,1.01,3,0.06237645907375011
600,fresh,2.0,1.01,4,0.062360746918424324
600,fresh,2.0,1.01,5,0.0623724729755622
600,fresh,2.0,1.01,6,0.062311364933814985
600,fresh,2.0,1.01,7,0.030673604868043238
600,fresh,2.0,1.01,8,0.062375951797737986
600,fresh,2.0,1.01,9,0.03168912249002878
600,fresh,2.0,1.01,10,0.030486763766986495
600,fresh,2.0,1.01,11,0.06233757007083447
600,up,0.0,1.01,0,0.3105235768559623
600,up,0.0,1.01,1,0.3105235768559623
600,up,0.0,1.01,2,0.3105235768559623
600,up,0.0,1.01,3,0.3105235768559623
600,up,0.0,1.01,4,0.3105235768559623
600,up,0.0,1.01,5,0.3105235768559623
600,up,0.0,1.01,6,0.3105235768559623
600,up,0.0,1.01,7,0.3105235768559623
600,up,0.0,1.01,8,0.3105235768559623
600,up,0.0,1.01,9,0.3105235768559623
600,up,0.0,1.01,10,0.3105235768559623
600,up,0.0,1.01,11,0.3105235768559623
600,up,0.5,1.01,0,0.12920787109248622
600,up,0.5,1.01,1,0.1292078710924848
600,up,0.5,1.01,2,0.12920787109248622
600,up,0.5,1.01,3,0.12920787109248622
600,up,0.5,1.01,4,0.12920787109248622
600,up,0.5,1.01,5,0.12920787109248622
600,up,0.5,1.01,6,0.12920787109248622
600,up,0.5,1.01,7,0.12920787109248622
600,up,0.5,1.01,8,0.12920787109248622
600,up,0.5,1.01,9,0.12920787109248622
600,up,0.5,1.01,10,0.12920787109248622
600,up,0.5,1.01,11,0.12920787109248622
600,up,2.0,1.01,0,0.061757523915096826
600,up,2.0,1.01,1,0.06175752391509802
600,up,2.0,1.01,2,0.061757523915096826
600,up,2.0,1.01,3,0.061757523915096826
600,up,2.0,1.01,4,0.061757523915096826
600,up,2.0,1.01,5,0.061757523915096826
600,up,2.0,1.01,6,0.061757523915096826
600,up,2.0,1.01,7,0.061757523915096826
600,up,2.0,1.01,8,0.061757523915096826
600,up,2.0,1.01,9,0.061757523915096826
600,up,2.0,1.01,10,0.061757523915096826
600,up,2.0,1.01,11,0.061757523915096826
600,down,0.0,1.01,0,0.3104236376020003
600,down,0.0,1.01,1,0.2856731904664844
600,down,0.0,1.01,2,0.3080456008999613
600,down,0.0,1.01,3,0.2629881359816204
600,down,0.0,1.01,4,0.2564665304490359
600,down,0.0,1.01,5,0.2564527509736331
600,down,0.0,1.01,6,0.2821104996996314
600,down,0.0,1.01,7,0.2596111062983391
600,down,0.0,1.01,8,0.2790048125084013
600,down,0.0,1.01,9,0.30767339014432993
600,down,0.0,1.01,10,0.2875468276021479
600,down,0.0,1.01,11,0.28310714290671285
600,down,0.5,1.01,0,0.06540163978866986
600,down,0.5,1.01,1,0.12351058079497307
600,down,0.5,1.01,2,0.09053234092859838
600,down,0.5,1.01,3,0.08857723448263073
600,down,0.5,1.01,4,0.06790053128408999
600,down,0.5,1.01,5,0.06966630088808984
600,down,0.5,1.01,6,0.06483716995891882
600,down,0.5,1.01,7,0.06480329338111232
600,down,0.5,1.01,8,0.08952350173709989
600,down,0.5,1.01,9,0.08554541232318798
600,down,0.5,1.01,10,0.08229880585194564
600,down,0.5,1.01,11,0.09086364278058909
600,down,2.0,1.01,0,0.030526898183728123
600,down,2.0,1.01,1,0.03102801097976112
600,down,2.0,1.01,2,0.031162809453687147
600,down,2.0,1.01,3,0.0310694655645068
600,down,2.0,1.01,4,0.03118744693201393
600,down,2.0,1.01,5,0.028112707278507967
600,down,2.0,1.01,6,0.031190538918860398
600,down,2.0,1.01,7,0.03117719205748358
600,down,2.0,1.01,8,0.03118619763962556
600,down,2.0,1.01,9,0.03115470331417953
600,down,2.0,1.01,10,0.029592355556528106
600,down,2.0,1.01,11,0.03112233271095761
600,fresh,0.0,1.02,0,0.38729852177817237
600,fresh,0.0,1.02,1,0.39740479977062937
600,fresh,0.0,1.02,2,0.4077896749230342
600,fresh,0.0,1.02,3,0.404852200675883
600,fresh,0.0,1.02,4,0.41138233031357285
600,fresh,0.0,1.02,5,0.41010566790375547
600,fresh,0.0,1.02,6,0.40764913469651787
600,fresh,0.0,1.02,7,0.43171420129668037
600,fresh,0.0,1.02,8,0.4026843560819796
600,fresh,0.0,1.02,9,0.39222061752501136
600,fresh,0.0,1.02,10,0.3946078964960793
600,fresh,0.0,1.02,11,0.40014792808651123
600,fresh,0.5,1.02,0,0.0983220386820598
600,fresh,0.5,1.02,1,0.19210354285291828
600,fresh,0.5,1.02,2,0.10731253206594112
600,fresh,0.5,1.02,3,0.21126100051659719
600,fresh,0.5,1.02,4,0.20590732220112357
600,fresh,0.5,1.02,5,0.21975986903049274
600,fresh,0.5,1.02,6,0.18916984873692527
600,fresh,0.5,1.02,7,0.1196024373126359
600,fresh,0.5,1.02,8,0.1987345014184399
600,fresh,0.5,1.02,9,0.1924570843726451
600,fresh,0.5,1.02,10,0.18919609394258957
600,fresh,0.5,1.02,11,0.1895889932124855
600,fresh,2.0,1.02,0,0.03449375828369277
600,fresh,2.0,1.02,1,0.07113663764384065
600,fresh,2.0,1.02,2,0.03532968558794782
600,fresh,2.0,1.02,3,0.06707175519165233
600,fresh,2.0,1.02,4,0.06781799375835526
600,fresh,2.0,1.02,5,0.06678738405897355
600,fresh,2.0,1.02,6,0.092217477144666
600,fresh,2.0,1.02,7,0.055171064974500764
600,fresh,2.0,1.02,8,0.06751503952511739
600,fresh,2.0,1.02,9,0.03484033119631892
600,fresh,2.0,1.02,10,0.058833717569061326
600,fresh,2.0,1.02,11,0.08753710495904692
600,up,0.0,1.02,0,0.3801357293462513
600,up,0.0,1.02,1,0.3801357293462513
600,up,0.0,1.02,2,0.3801357293462513
600,up,0.0,1.02,3,0.3801357293462513
600,up,0.0,1.02,4,0.3801357293462513
600,up,0.0,1.02,5,0.3801357293462513
600,up,0.0,1.02,6,0.3801357293462513
600,up,0.0,1.02,7,0.3801357293462513
600,up,0.0,1.02,8,0.3801357293462513
600,up,0.0,1.02,9,0.3801357293462513
600,up,0.0,1.02,10,0.3801357293462513
600,up,0.0,1.02,11,0.3801357293462513
600,up,0.5,1.02,0,0.2318211381796641
600,up,0.5,1.02,1,0.2318211381796526
600,up,0.5,1.02,2,0.2318211381796641
600,up,0.5,1.02,3,0.2318211381796641
600,up,0.5,1.02,4,0.2318211381796641
600,up,0.5,1.02,5,0.2318211381796641
600,up,0.5,1.02,6,0.2318211381796641
600,up,0.5,1.02,7,0.2318211381796641
600,up,0.5,1.02,8,0.2318211381796641
600,up,0.5,1.02,9,0.2318211381796641
600,up,0.5,1.02,10,0.2318211381796641
600,up,0.5,1.02,11,0.2318211381796641
600,up,2.0,1.02,0,0.06690762197603056
600,up,2.0,1.02,1,0.06690762197604251
600,up,2.0,1.02,2,0.06690762197603056
600,up,2.0,1.02,3,0.06690762197603056
600,up,2.0,1.02,4,0.06690762197603056
600,up,2.0,1.02,5,0.06690762197603056
600,up,2.0,1.02,6,0.06690762197603056
600,up,2.0,1.02,7,0.06690762197603056
600,up,2.0,1.02,8,0.06690762197603056
600,up,2.0,1.02,9,0.06690762197603056
600,up,2.0,1.02,10,0.06690762197603056
600,up,2.0,1.02,11,0.06690762197603056
600,down,0.0,1.02,0,0.3931410307538249
600,down,0.0,1.02,1,0.4192163968430509
600,down,0.0,1.02,2,0.4032428430676146
600,down,0.0,1.02,3,0.434082646588115
600,down,0.0,1.02,4,0.43217914571261645
600,down,0.0,1.02,5,0.4336982031594539
600,down,0.0,1.02,6,0.3907261867969737
600,down,0.0,1.02,7,0.38034686733120454
600,down,0.0,1.02,8,0.4327528408386047
600,down,0.0,1.02,9,0.41073036031468746
600,down,0.0,1.02,10,0.4090098606612582
600,down,0.0,1.02,11,0.41043365088002703
600,down,0.5,1.02,0,0.12062755666238217
600,down,0.5,1.02,1,0.1559771576753235
600,down,0.5,1.02,2,0.13087359291097186
600,down,0.5,1.02,3,0.09748825763278432
600,down,0.5,1.02,4,0.11939699125818037
600,down,0.5,1.02,5,0.19036973121250184
600,down,0.5,1.02,6,0.12174662400234183
600,down,0.5,1.02,7,0.12143173119330754
600,down,0.5,1.02,8,0.18345958306685248
600,down,0.5,1.02,9,0.12313566547692062
600,down,0.5,1.02,10,0.09874530634561779
600,down,0.5,1.02,11,0.09853736411120963
600,down,2.0,1.02,0,0.0344036493820937
600,down,2.0,1.02,1,0.05632452022772668
600,down,2.0,1.02,2,0.03384033888914587
600,down,2.0,1.02,3,0.034018113313071585
600,down,2.0,1.02,4,0.036707273146352574
600,down,2.0,1.02,5,0.03844878328286143
600,down,2.0,1.02,6,0.034103049633675935
600,down,2.0,1.02,7,0.03386719432875864
600,down,2.0,1.02,8,0.03573236318915406
600,down,2.0,1.02,9,0.03690293697166453
600,down,2.0,1.02,10,0.03485940099438437
600,down,2.0,1.02,11,0.04227612422913012
600,fresh,0.0,1.05,0,0.6340712638820316
600,fresh,0.0,1.05,1,0.6393876950304156
600,fresh,0.0,1.05,2,0.6346379576294132
600,fresh,0.0,1.05,3,0.6434952915789179
600,fresh,0.0,1.05,4,0.6484789802025378
600,fresh,0.0,1.05,5,0.6470778620649571
600,fresh,0.0,1.05,6,0.6504178726635885
600,fresh,0.0,1.05,7,0.6717141217928897
600,fresh,0.0,1.05,8,0.6423951524544003
600,fresh,0.0,1.05,9,0.6366122418735598
600,fresh,0.0,1.05,10,0.6379099238054199
600,fresh,0.0,1.05,11,0.6416232331462752
600,fresh,0.5,1.05,0,0.1897883902200657
600,fresh,0.5,1.05,1,0.3155992920755234
600,fresh,0.5,1.05,2,0.18769886210119083
600,fresh,0.5,1.05,3,0.3151188546054696
600,fresh,0.5,1.05,4,0.315060098291261
600,fresh,0.5,1.05,5,0.3151122739767709
600,fresh,0.5,1.05,6,0.31262104645273014
600,fresh,0.5,1.05,7,0.18572674894001495
600,fresh,0.5,1.05,8,0.3151267540214194
600,fresh,0.5,1.05,9,0.31554776417663566
600,fresh,0.5,1.05,10,0.3125973972236838
600,fresh,0.5,1.05,11,0.31296572211915247
600,fresh,2.0,1.05,0,0.0705670067183005
600,fresh,2.0,1.05,1,0.1293087907130606
600,fresh,2.0,1.05,2,0.06676953421319953
600,fresh,2.0,1.05,3,0.12693644288850983
600,fresh,2.0,1.05,4,0.12702800870227043
600,fresh,2.0,1.05,5,0.1267867604491962
600,fresh,2.0,1.05,6,0.12379069619117622
600,fresh,2.0,1.05,7,0.06623300951221354
600,fresh,2.0,1.05,8,0.12714458361950504
600,fresh,2.0,1.05,9,0.07038523758213451
600,fresh,2.0,1.05,10,0.08671520843138236
600,fresh,2.0,1.05,11,0.12373977817643013
600,up,0.0,1.05,0,0.6304114374040347
600,up,0.0,1.05,1,0.6304114374040347
600,up,0.0,1.05,2,0.6304114374040347
600,up,0.0,1.05,3,0.6304114374040347
600,up,0.0,1.05,4,0.6304114374040347
600,up,0.0,1.05,5,0.6304114374040347
600,up,0.0,1.05,6,0.6304114374040347
600,up,0.0,1.05,7,0.6304114374040347
600,up,0.0,1.05,8,0.6304114374040347
600,up,0.0,1.05,9,0.6304114374040347
600,up,0.0,1.05,10,0.6304114374040347
600,up,0.0,1.05,11,0.6304114374040347
600,up,0.5,1.05,0,0.3424778482446604
600,up,0.5,1.05,1,0.34247784824470273
600,up,0.5,1.05,2,0.3424778482446604
600,up,0.5,1.05,3,0.3424778482446604
600,up,0.5,1.05,4,0.3424778482446604
600,up,0.5,1.05,5,0.3424778482446604
600,up,0.5,1.05,6,0.3424778482446604
600,up,0.5,1.05,7,0.3424778482446604
600,up,0.5,1.05,8,0.3424778482446604
600,up,0.5,1.05,9,0.3424778482446604
600,up,0.5,1.05,10,0.3424778482446604
600,up,0.5,1.05,11,0.3424778482446604
600,up,2.0,1.05,0,0.12651489760366671
600,up,2.0,1.05,1,0.1265148976036673
600,up,2.0,1.05,2,0.12651489760366671
600,up,2.0,1.05,3,0.12651489760366671
600,up,2.0,1.05,4,0.12651489760366671
600,up,2.0,1.05,5,0.12651489760366671
600,up,2.0,1.05,6,0.12651489760366671
600,up,2.0,1.05,7,0.12651489760366671
600,up,2.0,1.05,8,0.12651489760366671
600,up,2.0,1.05,9,0.12651489760366671
600,up,2.0,1.05,10,0.12651489760366671
600,up,2.0,1.05,11,0.12651489760366671
600,down,0.0,1.05,0,0.6308281085263274
600,down,0.0,1.05,1,0.6311410333132972
600,down,0.0,1.05,2,0.636122526027998
600,down,0.0,1.05,3,0.6325837691985885
600,down,0.0,1.05,4,0.6386107865146551
600,down,0.0,1.05,5,0.6355384394021166
600,down,0.0,1.05,6,0.6506285545672972
600,down,0.0,1.05,7,0.6679660258737112
600,down,0.0,1.05,8,0.6323498006275485
600,down,0.0,1.05,9,0.6303547461717676
600,down,0.0,1.05,10,0.6312169667545049
600,down,0.0,1.05,11,0.633917078368454
600,down,0.5,1.05,0,0.18582309984228346
600,down,0.5,1.05,1,0.25337331524875706
600,down,0.5,1.05,2,0.22029254262377548
600,down,0.5,1.05,3,0.3018875103565495
600,down,0.5,1.05,4,0.18681874926434033
600,down,0.5,1.05,5,0.3149782962991776
600,down,0.5,1.05,6,0.21885497794711684
600,down,0.5,1.05,7,0.17901577088226417
600,down,0.5,1.05,8,0.26140998778374414
600,down,0.5,1.05,9,0.17760601593180014
600,down,0.5,1.05,10,0.2093337014751569
600,down,0.5,1.05,11,0.18972693046181005
600,down,2.0,1.05,0,0.06691756298378407
600,down,2.0,1.05,1,0.08308633917795305
600,down,2.0,1.05,2,0.06539446603563107
600,down,2.0,1.05,3,0.06592973332060069
600,down,2.0,1.05,4,0.06742621535865283
600,down,2.0,1.05,5,0.07495929558621185
600,down,2.0,1.05,6,0.06541544428200041
600,down,2.0,1.05,7,0.06532672910076372
600,down,2.0,1.05,8,0.06646854766211446
600,down,2.0,1.05,9,0.0722225906356283
600,down,2.0,1.05,10,0.067738813874426
600,down,2.0,1.05,11,0.07522894808138289
600,fresh,0.0,1.1,0,0.8918917432226323
600,fresh,0.0,1.1,1,0.8960827396943916
600,fresh,0.0,1.1,2,0.9147592997261165
600,fresh,0.0,1.1,3,0.8999512901726701
600,fresh,0.0,1.1,4,0.9048299688249426
600,fresh,0.0,1.1,5,0.9034432163846311
600,fresh,0.0,1.1,6,0.9072271583223284
600,fresh,0.0,1.1,7,0.93237584911353
600,fresh,0.0,1.1,8,0.898906552567895
600,fresh,0.0,1.1,9,0.8934882861541531
600,fresh,0.0,1.1,10,0.8949535545661484
600,fresh,0.0,1.1,11,0.8983953624717168
600,fresh,0.5,1.1,0,0.3121308696551074
600,fresh,0.5,1.1,1,0.45831881966881494
600,fresh,0.5,1.1,2,0.27867312534768574
600,fresh,0.5,1.1,3,0.4472026221358118
600,fresh,0.5,1.1,4,0.4508909437122881
600,fresh,0.5,1.1,5,0.4458325471059334
600,fresh,0.5,1.1,6,0.4374898828768832
600,fresh,0.5,1.1,7,0.28319145172959526
600,fresh,0.5,1.1,8,0.46265751194669774
600,fresh,0.5,1.1,9,0.47718490979031486
600,fresh,0.5,1.1,10,0.4382820263317069
600,fresh,0.5,1.1,11,0.4430118070452076
600,fresh,2.0,1.1,0,0.10315773394003586
600,fresh,2.0,1.1,1,0.18642243105850725
600,fresh,2.0,1.1,2,0.11804204228427514
600,fresh,2.0,1.1,3,0.18711140833421597
600,fresh,2.0,1.1,4,0.18685175194247122
600,fresh,2.0,1.1,5,0.1870374926001604
600,fresh,2.0,1.1,6,0.15064505488879845
600,fresh,2.0,1.1,7,0.10165881742877922
600,fresh,2.0,1.1,8,0.18711008665837994
600,fresh,2.0,1.1,9,0.15219690786309378
600,fresh,2.0,1.1,10,0.1227176849452966
600,fresh,2.0,1.1,11,0.1713803170830019
600,up,0.0,1.1,0,0.8915538065513954
600,up,0.0,1.1,1,0.8915538065513954
600,up,0.0,1.1,2,0.8915538065513954
600,up,0.0,1.1,3,0.8915538065513954
600,up,0.0,1.1,4,0.8915538065513954
600,up,0.0,1.1,5,0.8915538065513954
600,up,0.0,1.1,6,0.8915538065513954
600,up,0.0,1.1,7,0.8915538065513954
600,up,0.0,1.1,8,0.8915538065513954
600,up,0.0,1.1,9,0.8915538065513954
600,up,0.0,1.1,10,0.8915538065513954
600,up,0.0,1.1,11,0.8915538065513954
600,up,0.5,1.1,0,0.48607080361801425
600,up,0.5,1.1,1,0.48607080361801025
600,up,0.5,1.1,2,0.48607080361801425
600,up,0.5,1.1,3,0.48607080361801425
600,up,0.5,1.1,4,0.48607080361801425
600,up,0.5,1.1,5,0.48607080361801425
600,up,0.5,1.1,6,0.48607080361801425
600,up,0.5,1.1,7,0.48607080361801425
600,up,0.5,1.1,8,0.48607080361801425
600,up,0.5,1.1,9,0.48607080361801425
600,up,0.5,1.1,10,0.48607080361801425
600,up,0.5,1.1,11,0.48607080361801425
600,up,2.0,1.1,0,0.18531849966164912
600,up,2.0,1.1,1,0.18531849966164912
600,up,2.0,1.1,2,0.18531849966164912
600,up,2.0,1.1,3,0.18531849966164912
600,up,2.0,1.1,4,0.18531849966164912
600,up,2.0,1.1,5,0.18531849966164912
600,up,2.0,1.1,6,0.18531849966164912
600,up,2.0,1.1,7,0.18531849966164912
600,up,2.0,1.1,8,0.18531849966164912
600,up,2.0,1.1,9,0.18531849966164912
600,up,2.0,1.1,10,0.18531849966164912
600,up,2.0,1.1,11,0.18531849966164912
600,down,0.0,1.1,0,0.935447130473126
600,down,0.0,1.1,1,0.9229216014666985
600,down,0.0,1.1,2,0.9319084726617939
600,down,0.0,1.1,3,0.9086188509118278
600,down,0.0,1.1,4,0.8950625735990048
600,down,0.0,1.1,5,0.8943772051691485
600,down,0.0,1.1,6,0.9154012426715076
600,down,0.0,1.1,7,0.9130756350813705
600,down,0.0,1.1,8,0.9140044834061518
600,down,0.0,1.1,9,0.9347118234258482
600,down,0.0,1.1,10,0.9252053735113464
600,down,0.0,1.1,11,0.9140385002003768
600,down,0.5,1.1,0,0.28139064548036913
600,down,0.5,1.1,1,0.41511754678406304
600,down,0.5,1.1,2,0.31440471015533034
600,down,0.5,1.1,3,0.4018125905750537
600,down,0.5,1.1,4,0.2829934895382735
600,down,0.5,1.1,5,0.4427146604710367
600,down,0.5,1.1,6,0.31028092396123724
600,down,0.5,1.1,7,0.2805209652943074
600,down,0.5,1.1,8,0.3726835463629823
600,down,0.5,1.1,9,0.2656851919574376
600,down,0.5,1.1,10,0.3495503191974183
600,down,0.5,1.1,11,0.28536273686502567
600,down,2.0,1.1,0,0.11532458046983549
600,down,2.0,1.1,1,0.11801866035028695
600,down,2.0,1.1,2,0.10059953472725085
600,down,2.0,1.1,3,0.11368220954126343
600,down,2.0,1.1,4,0.10107080662511293
600,down,2.0,1.1,5,0.13207068295846228
600,down,2.0,1.1,6,0.10048321068175425
600,down,2.0,1.1,7,0.10044402188092207
600,down,2.0,1.1,8,0.10149127539421443
600,down,2.0,1.1,9,0.09965717088724432
600,down,2.0,1.1,10,0.11636211006033192
600,down,2.0,1.1,11,0.12019000241150876
600,fresh,0.0,1.2,0,1.322152345848283
600,fresh,0.0,1.2,1,1.3217046407681914
600,fresh,0.0,1.2,2,1.330963644632019
600,fresh,0.0,1.2,3,1.3216795429798025
600,fresh,0.0,1.2,4,1.3217499729659312
600,fresh,0.0,1.2,5,1.3217232187437913
600,fresh,0.0,1.2,6,1.3219907364787118
600,fresh,0.0,1.2,7,1.323907361610277
600,fresh,0.0,1.2,8,1.3216819814001257
600,fresh,0.0,1.2,9,1.3217321327471017
600,fresh,0.0,1.2,10,1.3218515898055057
600,fresh,0.0,1.2,11,1.3218037788715002
600,fresh,0.5,1.2,0,0.5206473145450763
600,fresh,0.5,1.2,1,0.641403448367646
600,fresh,0.5,1.2,2,0.45488181541483613
600,fresh,0.5,1.2,3,0.6423442774282182
600,fresh,0.5,1.2,4,0.650168969702309
600,fresh,0.5,1.2,5,0.6419240840378342
600,fresh,0.5,1.2,6,0.6014793851987661
600,fresh,0.5,1.2,7,0.5266176544444952
600,fresh,0.5,1.2,8,0.6698161310987438
600,fresh,0.5,1.2,9,0.6724169971240593
600,fresh,0.5,1.2,10,0.6262147443379471
600,fresh,0.5,1.2,11,0.6304953997567235
600,fresh,2.0,1.2,0,0.17030615546341452
600,fresh,2.0,1.2,1,0.25422427479552967
600,fresh,2.0,1.2,2,0.16251168614711192
600,fresh,2.0,1.2,3,0.28572320953175023
600,fresh,2.0,1.2,4,0.2599172398671004
600,fresh,2.0,1.2,5,0.2855365840947002
600,fresh,2.0,1.2,6,0.24775263416934395
600,fresh,2.0,1.2,7,0.17148365169948776
600,fresh,2.0,1.2,8,0.2760283172721111
600,fresh,2.0,1.2,9,0.24393708108347
600,fresh,2.0,1.2,10,0.19024871333510573
600,fresh,2.0,1.2,11,0.25476704813599016
600,up,0.0,1.2,0,1.3220263835221613
600,up,0.0,1.2,1,1.3220263835221613
600,up,0.0,1.2,2,1.3220263835221613
600,up,0.0,1.2,3,1.3220263835221613
600,up,0.0,1.2,4,1.3220263835221613
600,up,0.0,1.2,5,1.3220263835221613
600,up,0.0,1.2,6,1.3220263835221613
600,up,0.0,1.2,7,1.3220263835221613
600,up,0.0,1.2,8,1.3220263835221613
600,up,0.0,1.2,9,1.3220263835221613
600,up,0.0,1.2,10,1.3220263835221613
600,up,0.0,1.2,11,1.3220263835221613
600,up,0.5,1.2,0,0.6759757373157111
600,up,0.5,1.2,1,0.6759757373156623
600,up,0.5,1.2,2,0.6759757373157111
600,up,0.5,1.2,3,0.6759757373157111
600,up,0.5,1.2,4,0.6759757373157111
600,up,0.5,1.2,5,0.6759757373157111
600,up,0.5,1.2,6,0.6759757373157111
600,up,0.5,1.2,7,0.6759757373157111
600,up,0.5,1.2,8,0.6759757373157111
600,up,0.5,1.2,9,0.6759757373157111
600,up,0.5,1.2,10,0.6759757373157111
600,up,0.5,1.2,11,0.6759757373157111
600,up,2.0,1.2,0,0.28630265303927305
600,up,2.0,1.2,1,0.2863026530392716
600,up,2.0,1.2,2,0.28630265303927305
600,up,2.0,1.2,3,0.28630265303927305
600,up,2.0,1.2,4,0.28630265303927305
600,up,2.0,1.2,5,0.28630265303927305
600,up,2.0,1.2,6,0.28630265303927305
600,up,2.0,1.2,7,0.28630265303927305
600,up,2.0,1.2,8,0.28630265303927305
600,up,2.0,1.2,9,0.28630265303927305
600,up,2.0,1.2,10,0.28630265303927305
600,up,2.0,1.2,11,0.28630265303927305
600,down,0.0,1.2,0,1.322525675142731
600,down,0.0,1.2,1,1.3280277064606298
600,down,0.0,1.2,2,1.32289678588671
600,down,0.0,1.2,3,1.3345692259890485
600,down,0.0,1.2,4,1.3362565916195968
600,down,0.0,1.2,5,1.3402177178605916
600,down,0.0,1.2,6,1.3232243880713712
600,down,0.0,1.2,7,1.321987293922796
600,down,0.0,1.2,8,1.3327374173795374
600,down,0.0,1.2,9,1.323647805562555
600,down,0.0,1.2,10,1.3268793423833314
600,down,0.0,1.2,11,1.3314354125877321
600,down,0.5,1.2,0,0.5043206447383136
600,down,0.5,1.2,1,0.6371752866809084
600,down,0.5,1.2,2,0.4668681891826679
600,down,0.5,1.2,3,0.6438390551124633
600,down,0.5,1.2,4,0.6296216721525297
600,down,0.5,1.2,5,0.6771752850099676
600,down,0.5,1.2,6,0.5212146792212673
600,down,0.5,1.2,7,0.6069195762004063
600,down,0.5,1.2,8,0.6362105691847284
600,down,0.5,1.2,9,0.4447806139843544
600,down,0.5,1.2,10,0.4943783146082831
600,down,0.5,1.2,11,0.4306114655334704
600,down,2.0,1.2,0,0.17327139451950102
600,down,2.0,1.2,1,0.1619135716331664
600,down,2.0,1.2,2,0.17012319098621076
600,down,2.0,1.2,3,0.253380121204267
600,down,2.0,1.2,4,0.2589698604957107
600,down,2.0,1.2,5,0.22072690012093915
600,down,2.0,1.2,6,0.17112333400763757
600,down,2.0,1.2,7,0.17056336874676048
600,down,2.0,1.2,8,0.2617547155684917
600,down,2.0,1.2,9,0.16207174119231468
600,down,2.0,1.2,10,0.1736604036850346
600,down,2.0,1.2,11,0.16513024887408675
600,fresh,0.0,1.5,0,2.2227824019235864
600,fresh,0.0,1.5,1,2.2247611838593273
600,fresh,0.0,1.5,2,2.234527384362586
600,fresh,0.0,1.5,3,2.229402377310305
600,fresh,0.0,1.5,4,2.2344106883422805
600,fresh,0.0,1.5,5,2.233396592913506
600,fresh,0.0,1.5,6,2.2328196543693717
600,fresh,0.0,1.5,7,2.2485480521534065
600,fresh,0.0,1.5,8,2.227962497550436
600,fresh,0.0,1.5,9,2.221632144700236
600,fresh,0.0,1.5,10,2.224667215526082
600,fresh,0.0,1.5,11,2.2277737292518087
600,fresh,0.5,1.5,0,1.006321287604873
600,fresh,0.5,1.5,1,1.1096679541798937
600,fresh,0.5,1.5,2,0.873370524535785
600,fresh,0.5,1.5,3,1.1046929815494337
600,fresh,0.5,1.5,4,1.118320975482387
600,fresh,0.5,1.5,5,1.1059664403620597
600,fresh,0.5,1.5,6,1.0168520923972397
600,fresh,0.5,1.5,7,1.0761456907967641
600,fresh,0.5,1.5,8,1.1175690248423389
600,fresh,0.5,1.5,9,1.0900889538474245
600,fresh,0.5,1.5,10,1.0578914756373121
600,fresh,0.5,1.5,11,1.0615514166427147
600,fresh,2.0,1.5,0,0.308943387253825
600,fresh,2.0,1.5,1,0.4375847646819321
600,fresh,2.0,1.5,2,0.31604726035389036
600,fresh,2.0,1.5,3,0.4427552798244804
600,fresh,2.0,1.5,4,0.4413317920321552
600,fresh,2.0,1.5,5,0.4428737574010492
600,fresh,2.0,1.5,6,0.411154814219347
600,fresh,2.0,1.5,7,0.31129980365449694
600,fresh,2.0,1.5,8,0.44241433951991527
600,fresh,2.0,1.5,9,0.4280618591601888
600,fresh,2.0,1.5,10,0.3750153528151702
600,fresh,2.0,1.5,11,0.4193158303859963
600,up,0.0,1.5,0,2.248737718235334
600,up,0.0,1.5,1,2.248737718235334
600,up,0.0,1.5,2,2.248737718235334
600,up,0.0,1.5,3,2.248737718235334
600,up,0.0,1.5,4,2.248737718235334
600,up,0.0,1.5,5,2.248737718235334
600,up,0.0,1.5,6,2.248737718235334
600,up,0.0,1.5,7,2.248737718235334
600,up,0.0,1.5,8,2.248737718235334
600,up,0.0,1.5,9,2.248737718235334
600,up,0.0,1.5,10,2.248737718235334
600,up,0.0,1.5,11,2.248737718235334
600,up,0.5,1.5,0,1.1249758718670944
600,up,0.5,1.5,1,1.1249758718670966
600,up,0.5,1.5,2,1.1249758718670944
600,up,0.5,1.5,3,1.1249758718670944
600,up,0.5,1.5,4,1.1249758718670944
600,up,0.5,1.5,5,1.1249758718670944
600,up,0.5,1.5,6,1.1249758718670944
600,up,0.5,1.5,7,1.1249758718670944
600,up,0.5,1.5,8,1.1249758718670944
600,up,0.5,1.5,9,1.1249758718670944
600,up,0.5,1.5,10,1.1249758718670944
600,up,0.5,1.5,11,1.1249758718670944
600,up,2.0,1.5,0,0.45565539683061557
600,up,2.0,1.5,1,0.4556553968306122
600,up,2.0,1.5,2,0.45565539683061557
600,up,2.0,1.5,3,0.45565539683061557
600,up,2.0,1.5,4,0.45565539683061557
600,up,2.0,1.5,5,0.45565539683061557
600,up,2.0,1.5,6,0.45565539683061557
600,up,2.0,1.5,7,0.45565539683061557
600,up,2.0,1.5,8,0.45565539683061557
600,up,2.0,1.5,9,0.45565539683061557
600,up,2.0,1.5,10,0.45565539683061557
600,up,2.0,1.5,11,0.45565539683061557
600,down,0.0,1.5,0,2.2308750686684995
600,down,0.0,1.5,1,2.242296316814875
600,down,0.0,1.5,2,2.2316555084047582
600,down,0.0,1.5,3,2.247458545473403
600,down,0.0,1.5,4,2.248517295859135
600,down,0.0,1.5,5,2.2486125724855013
600,down,0.0,1.5,6,2.2407978701907565
600,down,0.0,1.5,7,2.2341997018544593
600,down,0.0,1.5,8,2.2461266990094853
600,down,0.0,1.5,9,2.2385625519752557
600,down,0.0,1.5,10,2.2379598932766473
600,down,0.0,1.5,11,2.240712838551831
600,down,0.5,1.5,0,0.9375323864433187
600,down,0.5,1.5,1,1.1101531125291273
600,down,0.5,1.5,2,0.880021347045589
600,down,0.5,1.5,3,1.1041155998348415
600,down,0.5,1.5,4,1.1210320864043761
600,down,0.5,1.5,5,1.1089230438084985
600,down,0.5,1.5,6,1.0074131599051737
600,down,0.5,1.5,7,1.120180754179338
600,down,0.5,1.5,8,1.0755717567239027
600,down,0.5,1.5,9,1.0521400289128746
600,down,0.5,1.5,10,0.904202684917625
600,down,0.5,1.5,11,0.8853242287022374
600,down,2.0,1.5,0,0.31141564441403374
600,down,2.0,1.5,1,0.3077673790645912
600,down,2.0,1.5,2,0.31101067114439185
600,down,2.0,1.5,3,0.44274937671453585
600,down,2.0,1.5,4,0.4422477896389614
600,down,2.0,1.5,5,0.4428395323189909
600,down,2.0,1.5,6,0.3104279285478262
600,down,2.0,1.5,7,0.3112760460798367
600,down,2.0,1.5,8,0.44384967998098146
600,down,2.0,1.5,9,0.4155783378530424
600,down,2.0,1.5,10,0.31281365969901515
600,down,2.0,1.5,11,0.4058872943205307
600,fresh,0.0,2.0,0,3.4614567815171178
600,fresh,0.0,2.0,1,3.460906541796007
600,fresh,0.0,2.0,2,3.464592767337131
600,fresh,0.0,2.0,3,3.461233205397809
600,fresh,0.0,2.0,4,3.4620186640098787
600,fresh,0.0,2.0,5,3.461775064689207
600,fresh,0.0,2.0,6,3.463086253431793
600,fresh,0.0,2.0,7,3.468982482437027
600,fresh,0.0,2.0,8,3.4611308987896514
600,fresh,0.0,2.0,9,3.460717029335683
600,fresh,0.0,2.0,10,3.461187441151458
600,fresh,0.0,2.0,11,3.461488576344948
600,fresh,0.5,2.0,0,1.6572799712705557
600,fresh,0.5,2.0,1,1.7003837925184508
600,fresh,0.5,2.0,2,1.5068877628223878
600,fresh,0.5,2.0,3,1.7241451638829983
600,fresh,0.5,2.0,4,1.7338204531977839
600,fresh,0.5,2.0,5,1.720155412214567
600,fresh,0.5,2.0,6,1.598207899675415
600,fresh,0.5,2.0,7,1.7301337758947557
600,fresh,0.5,2.0,8,1.7092535383637677
600,fresh,0.5,2.0,9,1.7132686956599308
600,fresh,0.5,2.0,10,1.6548492697073323
600,fresh,0.5,2.0,11,1.6540828600284327
600,fresh,2.0,2.0,0,0.536067861400296
600,fresh,2.0,2.0,1,0.6710746565038045
600,fresh,2.0,2.0,2,0.5401156605192146
600,fresh,2.0,2.0,3,0.6913794480592622
600,fresh,2.0,2.0,4,0.6869326604994235
600,fresh,2.0,2.0,5,0.692049301502879
600,fresh,2.0,2.0,6,0.6442257171447303
600,fresh,2.0,2.0,7,0.5336849345632462
600,fresh,2.0,2.0,8,0.6879518822778812
600,fresh,2.0,2.0,9,0.6684941629805741
600,fresh,2.0,2.0,10,0.6242162036487935
600,fresh,2.0,2.0,11,0.6658793919956741
600,up,0.0,2.0,0,3.4660823101793086
600,up,0.0,2.0,1,3.4660823101793086
600,up,0.0,2.0,2,3.4660823101793086
600,up,0.0,2.0,3,3.4660823101793086
600,up,0.0,2.0,4,3.4660823101793086
600,up,0.0,2.0,5,3.4660823101793086
600,up,0.0,2.0,6,3.4660823101793086
600,up,0.0,2.0,7,3.4660823101793086
600,up,0.0,2.0,8,3.4660823101793086
600,up,0.0,2.0,9,3.4660823101793086
600,up,0.0,2.0,10,3.4660823101793086
600,up,0.0,2.0,11,3.4660823101793086
600,up,0.5,2.0,0,1.7235643598898218
600,up,0.5,2.0,1,1.7235643598898218
600,up,0.5,2.0,2,1.7235643598898218
600,up,0.5,2.0,3,1.7235643598898218
600,up,0.5,2.0,4,1.7235643598898218
600,up,0.5,2.0,5,1.7235643598898218
600,up,0.5,2.0,6,1.7235643598898218
600,up,0.5,2.0,7,1.7235643598898218
600,up,0.5,2.0,8,1.7235643598898218
600,up,0.5,2.0,9,1.7235643598898218
600,up,0.5,2.0,10,1.7235643598898218
600,up,0.5,2.0,11,1.7235643598898218
600,up,2.0,2.0,0,0.6928018741955134
600,up,2.0,2.0,1,0.6928018741955168
600,up,2.0,2.0,2,0.6928018741955134
600,up,2.0,2.0,3,0.6928018741955134
600,up,2.0,2.0,4,0.6928018741955134
600,up,2.0,2.0,5,0.6928018741955134
600,up,2.0,2.0,6,0.6928018741955134
600,up,2.0,2.0,7,0.6928018741955134
600,up,2.0,2.0,8,0.6928018741955134
600,up,2.0,2.0,9,0.6928018741955134
600,up,2.0,2.0,10,0.6928018741955134
600,up,2.0,2.0,11,0.6928018741955134
600,down,0.0,2.0,0,3.4614567815171133
600,down,0.0,2.0,1,3.4609065417960485
600,down,0.0,2.0,2,3.4645927673372876
600,down,0.0,2.0,3,3.4612332053978454
600,down,0.0,2.0,4,3.462018664009852
600,down,0.0,2.0,5,3.461775064689166
600,down,0.0,2.0,6,3.4630862534318725
600,down,0.0,2.0,7,3.468982482437079
600,down,0.0,2.0,8,3.4611308987895746
600,down,0.0,2.0,9,3.460717029335697
600,down,0.0,2.0,10,3.4611874411514645
600,down,0.0,2.0,11,3.4614885763449275
600,down,0.5,2.0,0,1.657279971270401
600,down,0.5,2.0,1,1.700383792518511
600,down,0.5,2.0,2,1.50688776282243
600,down,0.5,2.0,3,1.7241451638829983
600,down,0.5,2.0,4,1.733820453197767
600,down,0.5,2.0,5,1.7201554122145797
600,down,0.5,2.0,6,1.5982078996757867
600,down,0.5,2.0,7,1.730133775894743
600,down,0.5,2.0,8,1.7092535383638177
600,down,0.5,2.0,9,1.7132686956598888
600,down,0.5,2.0,10,1.6548492697072321
600,down,0.5,2.0,11,1.6540828600287398
600,down,2.0,2.0,0,0.5360678614002874
600,down,2.0,2.0,1,0.6710746565038619
600,down,2.0,2.0,2,0.5401156605193052
600,down,2.0,2.0,3,0.6913794480592781
600,down,2.0,2.0,4,0.6869326604994523
600,down,2.0,2.0,5,0.6920493015028706
600,down,2.0,2.0,6,0.6442257171445243
600,down,2.0,2.0,7,0.5336849345632533
600,down,2.0,2.0,8,0.6879518822778641
600,down,2.0,2.0,9,0.6684941629808452
600,down,2.0,2.0,10,0.6242162036489551
600,down,2.0,2.0,11,0.6658793919955945
