settle,window,mode,alpha,bias,initialization_id,v1,v2,total_voltage
100,200,fresh,0.0,0.0,0,-8.761305179763475e-46,3.8366516457489835e-45,2.960521127772636e-45
100,200,fresh,0.0,0.0,1,3.9880248213255236e-45,2.8606499827997877e-46,4.274089819605502e-45
100,200,fresh,0.0,0.0,2,-3.4429720810311037e-46,1.1062277935438218e-45,7.619305854407114e-46
100,200,fresh,0.0,0.0,3,1.8672587529069793e-46,3.618070191677926e-46,5.485328944584905e-46
100,200,fresh,0.0,0.0,4,2.0598763033782275e-46,5.243671749641687e-47,2.5842434783423963e-46
100,200,fresh,0.0,0.0,5,1.776538707784514e-46,1.123424276449341e-46,2.899962984233855e-46
100,200,fresh,0.0,0.0,6,1.0578691121657228e-44,-8.216607256853755e-47,1.049652504908869e-44
100,200,fresh,0.0,0.0,7,-2.170543498720354e-46,-1.7504250613118847e-46,-3.920968560032239e-46
100,200,fresh,0.0,0.0,8,6.790482252294121e-46,1.7348319453662463e-46,8.525314197660368e-46
100,200,fresh,0.0,0.0,9,-2.3356378710152545e-44,9.028006528135177e-46,-2.2453578057339026e-44
100,200,fresh,0.0,0.0,10,-1.5618355527916288e-45,3.160554352355761e-46,-1.2457801175560528e-45
100,200,fresh,0.0,0.0,11,1.073908265372242e-46,-3.7707360633036155e-45,-3.663345236766391e-45
100,200,fresh,0.5,0.0,0,1.349344469048399e-24,1.349344469048399e-24,2.698688938096798e-24
100,200,fresh,0.5,0.0,1,0.0,0.0,0.0
100,200,fresh,0.5,0.0,2,9.841816422907443e-25,9.841816422907443e-25,1.9683632845814887e-24
100,200,fresh,0.5,0.0,3,1.4010511631742648e-24,1.4010511631742648e-24,2.8021023263485297e-24
100,200,fresh,0.5,0.0,4,6.5795523241900155e-25,6.5795523241900155e-25,1.3159104648380031e-24
100,200,fresh,0.5,0.0,5,7.493933428392269e-25,7.493933428392269e-25,1.4987866856784538e-24
100,200,fresh,0.5,0.0,6,6.248815058456265e-24,6.248815058456265e-24,1.249763011691253e-23
100,200,fresh,0.5,0.0,7,-1.0153033846704985e-24,-1.0153033846704985e-24,-2.030606769340997e-24
100,200,fresh,0.5,0.0,8,2.0592949669278787e-24,2.0592949669278787e-24,4.118589933855757e-24
100,200,fresh,0.5,0.0,9,-2.326796341707257e-24,-2.326796341707257e-24,-4.653592683414514e-24
100,200,fresh,0.5,0.0,10,-1.413003909954447e-24,-1.413003909954447e-24,-2.826007819908894e-24
100,200,fresh,0.5,0.0,11,-3.6503755110134014e-24,-3.6503755110134014e-24,-7.300751022026803e-24
100,200,fresh,2.0,0.0,0,5.730855341695181e-12,5.730855341695181e-12,1.1461710683390362e-11
100,200,fresh,2.0,0.0,1,-2.4408080001592225e-11,-2.4408080001592225e-11,-4.881616000318445e-11
100,200,fresh,2.0,0.0,2,6.9408494279304755e-12,6.9408494279304755e-12,1.3881698855860951e-11
100,200,fresh,2.0,0.0,3,1.4812595333512396e-11,1.4812595333512396e-11,2.962519066702479e-11
100,200,fresh,2.0,0.0,4,6.951881075730372e-12,6.951881075730372e-12,1.3903762151460743e-11
100,200,fresh,2.0,0.0,5,7.992160939251634e-12,7.992160939251634e-12,1.598432187850327e-11
100,200,fresh,2.0,0.0,6,2.9218103503366325e-11,2.9218103503366325e-11,5.843620700673265e-11
100,200,fresh,2.0,0.0,7,-1.0841777108991912e-11,-1.0841777108991912e-11,-2.1683554217983824e-11
100,200,fresh,2.0,0.0,8,2.081982735495675e-11,2.081982735495675e-11,4.16396547099135e-11
100,200,fresh,2.0,0.0,9,-7.891772197049162e-12,-7.891772197049162e-12,-1.5783544394098325e-11
100,200,fresh,2.0,0.0,10,-9.302743862057521e-12,-9.302743862057521e-12,-1.8605487724115042e-11
100,200,fresh,2.0,0.0,11,-2.1578475927597072e-11,-2.1578475927597072e-11,-4.3156951855194144e-11
100,200,up,0.0,0.0,0,-8.761305179763475e-46,3.8366516457489835e-45,2.960521127772636e-45
100,200,up,0.0,0.0,1,3.9880248213255236e-45,2.8606499827997877e-46,4.274089819605502e-45
100,200,up,0.0,0.0,2,-3.4429720810311037e-46,1.1062277935438218e-45,7.619305854407114e-46
100,200,up,0.0,0.0,3,1.8672587529069793e-46,3.618070191677926e-46,5.485328944584905e-46
100,200,up,0.0,0.0,4,2.0598763033782275e-46,5.243671749641687e-47,2.5842434783423963e-46
100,200,up,0.0,0.0,5,1.776538707784514e-46,1.123424276449341e-46,2.899962984233855e-46
100,200,up,0.0,0.0,6,1.0578691121657228e-44,-8.216607256853755e-47,1.049652504908869e-44
100,200,up,0.0,0.0,7,-2.170543498720354e-46,-1.7504250613118847e-46,-3.920968560032239e-46
100,200,up,0.0,0.0,8,6.790482252294121e-46,1.7348319453662463e-46,8.525314197660368e-46
100,200,up,0.0,0.0,9,-2.3356378710152545e-44,9.028006528135177e-46,-2.2453578057339026e-44
100,200,up,0.0,0.0,10,-1.5618355527916288e-45,3.160554352355761e-46,-1.2457801175560528e-45
100,200,up,0.0,0.0,11,1.073908265372242e-46,-3.7707360633036155e-45,-3.663345236766391e-45
100,200,up,0.5,0.0,0,1.349344469048399e-24,1.349344469048399e-24,2.698688938096798e-24
100,200,up,0.5,0.0,1,0.0,0.0,0.0
100,200,up,0.5,0.0,2,9.841816422907443e-25,9.841816422907443e-25,1.9683632845814887e-24
100,200,up,0.5,0.0,3,1.4010511631742648e-24,1.4010511631742648e-24,2.8021023263485297e-24
100,200,up,0.5,0.0,4,6.5795523241900155e-25,6.5795523241900155e-25,1.3159104648380031e-24
100,200,up,0.5,0.0,5,7.493933428392269e-25,7.493933428392269e-25,1.4987866856784538e-24
100,200,up,0.5,0.0,6,6.248815058456265e-24,6.248815058456265e-24,1.249763011691253e-23
100,200,up,0.5,0.0,7,-1.0153033846704985e-24,-1.0153033846704985e-24,-2.030606769340997e-24
100,200,up,0.5,0.0,8,2.0592949669278787e-24,2.0592949669278787e-24,4.118589933855757e-24
100,200,up,0.5,0.0,9,-2.326796341707257e-24,-2.326796341707257e-24,-4.653592683414514e-24
100,200,up,0.5,0.0,10,-1.413003909954447e-24,-1.413003909954447e-24,-2.826007819908894e-24
100,200,up,0.5,0.0,11,-3.6503755110134014e-24,-3.6503755110134014e-24,-7.300751022026803e-24
100,200,up,2.0,0.0,0,5.730855341695181e-12,5.730855341695181e-12,1.1461710683390362e-11
100,200,up,2.0,0.0,1,-2.4408080001592225e-11,-2.4408080001592225e-11,-4.881616000318445e-11
100,200,up,2.0,0.0,2,6.9408494279304755e-12,6.9408494279304755e-12,1.3881698855860951e-11
100,200,up,2.0,0.0,3,1.4812595333512396e-11,1.4812595333512396e-11,2.962519066702479e-11
100,200,up,2.0,0.0,4,6.951881075730372e-12,6.951881075730372e-12,1.3903762151460743e-11
100,200,up,2.0,0.0,5,7.992160939251634e-12,7.992160939251634e-12,1.598432187850327e-11
100,200,up,2.0,0.0,6,2.9218103503366325e-11,2.9218103503366325e-11,5.843620700673265e-11
100,200,up,2.0,0.0,7,-1.0841777108991912e-11,-1.0841777108991912e-11,-2.1683554217983824e-11
100,200,up,2.0,0.0,8,2.081982735495675e-11,2.081982735495675e-11,4.16396547099135e-11
100,200,up,2.0,0.0,9,-7.891772197049162e-12,-7.891772197049162e-12,-1.5783544394098325e-11
100,200,up,2.0,0.0,10,-9.302743862057521e-12,-9.302743862057521e-12,-1.8605487724115042e-11
100,200,up,2.0,0.0,11,-2.1578475927597072e-11,-2.1578475927597072e-11,-4.3156951855194144e-11
100,200,down,0.0,0.0,0,0.0,0.0,0.0
100,200,down,0.0,0.0,1,0.0,0.0,0.0
100,200,down,0.0,0.0,2,0.0,0.0,0.0
100,200,down,0.0,0.0,3,0.0,0.0,0.0
100,200,down,0.0,0.0,4,0.0,0.0,0.0
100,200,down,0.0,0.0,5,0.0,0.0,0.0
100,200,down,0.0,0.0,6,0.0,0.0,0.0
100,200,down,0.0,0.0,7,0.0,0.0,0.0
100,200,down,0.0,0.0,8,0.0,0.0,0.0
100,200,down,0.0,0.0,9,0.0,0.0,0.0
100,200,down,0.0,0.0,10,0.0,0.0,0.0
100,200,down,0.0,0.0,11,0.0,0.0,0.0
100,200,down,0.5,0.0,0,0.0,0.0,0.0
100,200,down,0.5,0.0,1,0.0,0.0,0.0
100,200,down,0.5,0.0,2,0.0,0.0,0.0
100,200,down,0.5,0.0,3,0.0,0.0,0.0
100,200,down,0.5,0.0,4,0.0,0.0,0.0
100,200,down,0.5,0.0,5,0.0,0.0,0.0
100,200,down,0.5,0.0,6,0.0,0.0,0.0
100,200,down,0.5,0.0,7,0.0,0.0,0.0
100,200,down,0.5,0.0,8,0.0,0.0,0.0
100,200,down,0.5,0.0,9,0.0,0.0,0.0
100,200,down,0.5,0.0,10,0.0,0.0,0.0
100,200,down,0.5,0.0,11,0.0,0.0,0.0
100,200,down,2.0,0.0,0,-5.5207749483088266e-12,-5.5207749483088266e-12,-1.1041549896617653e-11
100,200,down,2.0,0.0,1,-5.520632839761675e-12,-5.520632839761675e-12,-1.104126567952335e-11
100,200,down,2.0,0.0,2,-5.520632839761675e-12,-5.520632839761675e-12,-1.104126567952335e-11
100,200,down,2.0,0.0,3,-5.5207749483088266e-12,-5.5207749483088266e-12,-1.1041549896617653e-11
100,200,down,2.0,0.0,4,-5.520632839761675e-12,-5.520632839761675e-12,-1.104126567952335e-11
100,200,down,2.0,0.0,5,-5.520632839761675e-12,-5.520632839761675e-12,-1.104126567952335e-11
100,200,down,2.0,0.0,6,-5.520632839761675e-12,-5.520632839761675e-12,-1.104126567952335e-11
100,200,down,2.0,0.0,7,-5.5207749483088266e-12,-5.5207749483088266e-12,-1.1041549896617653e-11
100,200,down,2.0,0.0,8,-5.520632839761675e-12,-5.520632839761675e-12,-1.104126567952335e-11
100,200,down,2.0,0.0,9,-5.520632839761675e-12,-5.520632839761675e-12,-1.104126567952335e-11
100,200,down,2.0,0.0,10,-5.520632839761675e-12,-5.520632839761675e-12,-1.104126567952335e-11
100,200,down,2.0,0.0,11,-5.520632839761675e-12,-5.520632839761675e-12,-1.104126567952335e-11
100,200,fresh,0.0,0.5,0,0.0,0.0,0.0
100,200,fresh,0.0,0.5,1,0.0,0.0,0.0
100,200,fresh,0.0,0.5,2,0.0,0.0,0.0
100,200,fresh,0.0,0.5,3,0.0,0.0,0.0
100,200,fresh,0.0,0.5,4,0.0,0.0,0.0
100,200,fresh,0.0,0.5,5,0.0,0.0,0.0
100,200,fresh,0.0,0.5,6,0.0,0.0,0.0
100,200,fresh,0.0,0.5,7,0.0,0.0,0.0
100,200,fresh,0.0,0.5,8,0.0,0.0,0.0
100,200,fresh,0.0,0.5,9,0.0,0.0,0.0
100,200,fresh,0.0,0.5,10,0.0,0.0,0.0
100,200,fresh,0.0,0.5,11,0.0,0.0,0.0
100,200,fresh,0.5,0.5,0,0.0,0.0,0.0
100,200,fresh,0.5,0.5,1,0.0,0.0,0.0
100,200,fresh,0.5,0.5,2,0.0,0.0,0.0
100,200,fresh,0.5,0.5,3,0.0,0.0,0.0
100,200,fresh,0.5,0.5,4,0.0,0.0,0.0
100,200,fresh,0.5,0.5,5,0.0,0.0,0.0
100,200,fresh,0.5,0.5,6,0.0,0.0,0.0
100,200,fresh,0.5,0.5,7,0.0,0.0,0.0
100,200,fresh,0.5,0.5,8,0.0,0.0,0.0
100,200,fresh,0.5,0.5,9,0.0,0.0,0.0
100,200,fresh,0.5,0.5,10,0.0,0.0,0.0
100,200,fresh,0.5,0.5,11,0.0,0.0,0.0
100,200,fresh,2.0,0.5,0,1.2309544161759333e-10,1.2309544161759333e-10,2.4619088323518666e-10
100,200,fresh,2.0,0.5,1,1.0002119299468149e-09,1.0002119299468149e-09,2.0004238598936298e-09
100,200,fresh,2.0,0.5,2,1.4140267234896697e-10,1.4140267234896697e-10,2.8280534469793393e-10
100,200,fresh,2.0,0.5,3,2.1511187886513738e-10,2.1511187886513738e-10,4.3022375773027476e-10
100,200,fresh,2.0,0.5,4,1.443736252770833e-10,1.443736252770833e-10,2.887472505541666e-10
100,200,fresh,2.0,0.5,5,1.5455122626129025e-10,1.5455122626129025e-10,3.091024525225805e-10
100,200,fresh,2.0,0.5,6,2.89416665633091e-10,2.89416665633091e-10,5.78833331266182e-10
100,200,fresh,2.0,0.5,7,-7.818139358128917e-11,-7.818139358128917e-11,-1.5636278716257835e-10
100,200,fresh,2.0,0.5,8,2.5947509696422343e-10,2.5947509696422343e-10,5.189501939284469e-10
100,200,fresh,2.0,0.5,9,-5.899922272956104e-11,-5.899922272956104e-11,-1.1799844545912208e-10
100,200,fresh,2.0,0.5,10,-6.275020225654515e-11,-6.275020225654515e-11,-1.255004045130903e-10
100,200,fresh,2.0,0.5,11,-4.311022983038981e-10,-4.311022983038981e-10,-8.622045966077962e-10
100,200,up,0.0,0.5,0,0.0,0.0,0.0
100,200,up,0.0,0.5,1,0.0,0.0,0.0
100,200,up,0.0,0.5,2,0.0,0.0,0.0
100,200,up,0.0,0.5,3,0.0,0.0,0.0
100,200,up,0.0,0.5,4,0.0,0.0,0.0
100,200,up,0.0,0.5,5,0.0,0.0,0.0
100,200,up,0.0,0.5,6,0.0,0.0,0.0
100,200,up,0.0,0.5,7,0.0,0.0,0.0
100,200,up,0.0,0.5,8,0.0,0.0,0.0
100,200,up,0.0,0.5,9,0.0,0.0,0.0
100,200,up,0.0,0.5,10,0.0,0.0,0.0
100,200,up,0.0,0.5,11,0.0,0.0,0.0
100,200,up,0.5,0.5,0,0.0,0.0,0.0
100,200,up,0.5,0.5,1,0.0,0.0,0.0
100,200,up,0.5,0.5,2,0.0,0.0,0.0
100,200,up,0.5,0.5,3,0.0,0.0,0.0
100,200,up,0.5,0.5,4,0.0,0.0,0.0
100,200,up,0.5,0.5,5,0.0,0.0,0.0
100,200,up,0.5,0.5,6,0.0,0.0,0.0
100,200,up,0.5,0.5,7,0.0,0.0,0.0
100,200,up,0.5,0.5,8,0.0,0.0,0.0
100,200,up,0.5,0.5,9,0.0,0.0,0.0
100,200,up,0.5,0.5,10,0.0,0.0,0.0
100,200,up,0.5,0.5,11,0.0,0.0,0.0
100,200,up,2.0,0.5,0,6.972394717141839e-11,6.972394717141839e-11,1.3944789434283677e-10
100,200,up,2.0,0.5,1,6.972391997095428e-11,6.972392219140033e-11,1.3944784216235462e-10
100,200,up,2.0,0.5,2,6.972394717141839e-11,6.972394717141839e-11,1.3944789434283677e-10
100,200,up,2.0,0.5,3,6.972394717141839e-11,6.972394717141839e-11,1.3944789434283677e-10
100,200,up,2.0,0.5,4,6.972394717141839e-11,6.972394717141839e-11,1.3944789434283677e-10
100,200,up,2.0,0.5,5,6.972394717141839e-11,6.972394717141839e-11,1.3944789434283677e-10
100,200,up,2.0,0.5,6,6.972394717141839e-11,6.972394717141839e-11,1.3944789434283677e-10
100,200,up,2.0,0.5,7,6.972394717141839e-11,6.972394717141839e-11,1.3944789434283677e-10
100,200,up,2.0,0.5,8,6.972394717141839e-11,6.972394717141839e-11,1.3944789434283677e-10
100,200,up,2.0,0.5,9,6.972394717141839e-11,6.972394717141839e-11,1.3944789434283677e-10
100,200,up,2.0,0.5,10,6.972394717141839e-11,6.972394717141839e-11,1.3944789434283677e-10
100,200,up,2.0,0.5,11,6.972394717141839e-11,6.972394717141839e-11,1.3944789434283677e-10
100,200,down,0.0,0.5,0,0.0,0.0,0.0
100,200,down,0.0,0.5,1,0.0,0.0,0.0
100,200,down,0.0,0.5,2,0.0,0.0,0.0
100,200,down,0.0,0.5,3,0.0,0.0,0.0
100,200,down,0.0,0.5,4,0.0,0.0,0.0
100,200,down,0.0,0.5,5,0.0,0.0,0.0
100,200,down,0.0,0.5,6,0.0,0.0,0.0
100,200,down,0.0,0.5,7,0.0,0.0,0.0
100,200,down,0.0,0.5,8,0.0,0.0,0.0
100,200,down,0.0,0.5,9,0.0,0.0,0.0
100,200,down,0.0,0.5,10,0.0,0.0,0.0
100,200,down,0.0,0.5,11,0.0,0.0,0.0
100,200,down,0.5,0.5,0,0.0,0.0,0.0
100,200,down,0.5,0.5,1,0.0,0.0,0.0
100,200,down,0.5,0.5,2,0.0,0.0,0.0
100,200,down,0.5,0.5,3,0.0,0.0,0.0
100,200,down,0.5,0.5,4,0.0,0.0,0.0
100,200,down,0.5,0.5,5,0.0,0.0,0.0
100,200,down,0.5,0.5,6,0.0,0.0,0.0
100,200,down,0.5,0.5,7,0.0,0.0,0.0
100,200,down,0.5,0.5,8,0.0,0.0,0.0
100,200,down,0.5,0.5,9,0.0,0.0,0.0
100,200,down,0.5,0.5,10,0.0,0.0,0.0
100,200,down,0.5,0.5,11,0.0,0.0,0.0
100,200,down,2.0,0.5,0,-6.972229016355414e-11,-6.972229016355414e-11,-1.3944458032710828e-10
100,200,down,2.0,0.5,1,-6.972229016355414e-11,-6.972229016355414e-11,-1.3944458032710828e-10
100,200,down,2.0,0.5,2,-6.972243227210128e-11,-6.972243227210128e-11,-1.3944486454420257e-10
100,200,down,2.0,0.5,3,-6.972229016355414e-11,-6.972229016355414e-11,-1.3944458032710828e-10
100,200,down,2.0,0.5,4,-6.972229016355414e-11,-6.972229016355414e-11,-1.3944458032710828e-10
100,200,down,2.0,0.5,5,-6.972229016355414e-11,-6.972229016355414e-11,-1.3944458032710828e-10
100,200,down,2.0,0.5,6,-6.972229016355414e-11,-6.972229016355414e-11,-1.3944458032710828e-10
100,200,down,2.0,0.5,7,-6.972229016355414e-11,-6.972229016355414e-11,-1.3944458032710828e-10
100,200,down,2.0,0.5,8,-6.972229016355414e-11,-6.972229016355414e-11,-1.3944458032710828e-10
100,200,down,2.0,0.5,9,-6.972229016355414e-11,-6.972229016355414e-11,-1.3944458032710828e-10
100,200,down,2.0,0.5,10,-6.972229016355414e-11,-6.972229016355414e-11,-1.3944458032710828e-10
100,200,down,2.0,0.5,11,-6.972243227210128e-11,-6.972243227210128e-11,-1.3944486454420257e-10
100,200,fresh,0.0,0.8,0,0.0,0.0,0.0
100,200,fresh,0.0,0.8,1,0.0,0.0,0.0
100,200,fresh,0.0,0.8,2,0.0,0.0,0.0
100,200,fresh,0.0,0.8,3,0.0,0.0,0.0
100,200,fresh,0.0,0.8,4,0.0,0.0,0.0
100,200,fresh,0.0,0.8,5,0.0,0.0,0.0
100,200,fresh,0.0,0.8,6,0.0,0.0,0.0
100,200,fresh,0.0,0.8,7,0.0,0.0,0.0
100,200,fresh,0.0,0.8,8,0.0,0.0,0.0
100,200,fresh,0.0,0.8,9,0.0,0.0,0.0
100,200,fresh,0.0,0.8,10,0.0,0.0,0.0
100,200,fresh,0.0,0.8,11,0.0,0.0,0.0
100,200,fresh,0.5,0.8,0,2.6700863742235013e-16,2.6700863742235013e-16,5.340172748447003e-16
100,200,fresh,0.5,0.8,1,7.782663402622347e-16,7.782663402622347e-16,1.5565326805244694e-15
100,200,fresh,0.5,0.8,2,3.9745984281580605e-16,3.9745984281580605e-16,7.949196856316121e-16
100,200,fresh,0.5,0.8,3,5.00155472593633e-16,5.00155472593633e-16,1.000310945187266e-15
100,200,fresh,0.5,0.8,4,3.991251773527438e-16,3.991251773527438e-16,7.982503547054876e-16
100,200,fresh,0.5,0.8,5,4.135580766728708e-16,4.135580766728708e-16,8.271161533457416e-16
100,200,fresh,0.5,0.8,6,6.444844657949033e-16,6.444844657949033e-16,1.2889689315898067e-15
100,200,fresh,0.5,0.8,7,-1.7763568394002505e-17,-1.7763568394002505e-17,-3.552713678800501e-17
100,200,fresh,0.5,0.8,8,5.623279619726418e-16,5.623279619726418e-16,1.1246559239452837e-15
100,200,fresh,0.5,0.8,9,1.0258460747536447e-15,1.0258460747536447e-15,2.0516921495072893e-15
100,200,fresh,0.5,0.8,10,4.947153797729698e-15,4.947153797729698e-15,9.894307595459396e-15
100,200,fresh,0.5,0.8,11,9.01501095995627e-16,9.01501095995627e-16,1.803002191991254e-15
100,200,fresh,2.0,0.8,0,2.370589359645958e-08,2.370589359645958e-08,4.741178719291916e-08
100,200,fresh,2.0,0.8,1,5.5484569325137126e-08,5.5484569325137126e-08,1.1096913865027425e-07
100,200,fresh,2.0,0.8,2,2.5948907609318894e-08,2.5948907609318894e-08,5.189781521863779e-08
100,200,fresh,2.0,0.8,3,3.3029429769015904e-08,3.3029429769015904e-08,6.605885953803181e-08
100,200,fresh,2.0,0.8,4,2.640290299449344e-08,2.640290299449344e-08,5.280580598898688e-08
100,200,fresh,2.0,0.8,5,2.7410849570141948e-08,2.7410849570141948e-08,5.4821699140283896e-08
100,200,fresh,2.0,0.8,6,3.8514981823278836e-08,3.8514981823278836e-08,7.702996364655767e-08
100,200,fresh,2.0,0.8,7,-1.3050090841293382e-09,-1.3050090841293382e-09,-2.6100181682586764e-09
100,200,fresh,2.0,0.8,8,3.673254186487007e-08,3.673254186487007e-08,7.346508372974014e-08
100,200,fresh,2.0,0.8,9,-2.223818495461494e-09,-2.223818495461494e-09,-4.447636990922988e-09
100,200,fresh,2.0,0.8,10,-4.8813405539860356e-11,-4.8813405539860356e-11,-9.762681107972071e-11
100,200,fresh,2.0,0.8,11,6.844397610006325e-08,6.844397610006325e-08,1.368879522001265e-07
100,200,up,0.0,0.8,0,0.0,0.0,0.0
100,200,up,0.0,0.8,1,0.0,0.0,0.0
100,200,up,0.0,0.8,2,0.0,0.0,0.0
100,200,up,0.0,0.8,3,0.0,0.0,0.0
100,200,up,0.0,0.8,4,0.0,0.0,0.0
100,200,up,0.0,0.8,5,0.0,0.0,0.0
100,200,up,0.0,0.8,6,0.0,0.0,0.0
100,200,up,0.0,0.8,7,0.0,0.0,0.0
100,200,up,0.0,0.8,8,0.0,0.0,0.0
100,200,up,0.0,0.8,9,0.0,0.0,0.0
100,200,up,0.0,0.8,10,0.0,0.0,0.0
100,200,up,0.0,0.8,11,0.0,0.0,0.0
100,200,up,0.5,0.8,0,1.4765966227514583e-16,1.4765966227514583e-16,2.9531932455029166e-16
100,200,up,0.5,0.8,1,1.4654943925052067e-16,1.4432899320127036e-16,2.9087843245179103e-16
100,200,up,0.5,0.8,2,1.4765966227514583e-16,1.4765966227514583e-16,2.9531932455029166e-16
100,200,up,0.5,0.8,3,1.4765966227514583e-16,1.4765966227514583e-16,2.9531932455029166e-16
100,200,up,0.5,0.8,4,1.4765966227514583e-16,1.4765966227514583e-16,2.9531932455029166e-16
100,200,up,0.5,0.8,5,1.4765966227514583e-16,1.4765966227514583e-16,2.9531932455029166e-16
100,200,up,0.5,0.8,6,1.4765966227514583e-16,1.4765966227514583e-16,2.9531932455029166e-16
100,200,up,0.5,0.8,7,1.4765966227514583e-16,1.4765966227514583e-16,2.9531932455029166e-16
100,200,up,0.5,0.8,8,1.4765966227514583e-16,1.4765966227514583e-16,2.9531932455029166e-16
100,200,up,0.5,0.8,9,1.4765966227514583e-16,1.4765966227514583e-16,2.9531932455029166e-16
100,200,up,0.5,0.8,10,1.4765966227514583e-16,1.4765966227514583e-16,2.9531932455029166e-16
100,200,up,0.5,0.8,11,1.4765966227514583e-16,1.4765966227514583e-16,2.9531932455029166e-16
100,200,up,2.0,0.8,0,9.878033430665845e-09,9.878033430665845e-09,1.975606686133169e-08
100,200,up,2.0,0.8,1,9.87803341789828e-09,9.87803341789828e-09,1.975606683579656e-08
100,200,up,2.0,0.8,2,9.878033430665845e-09,9.878033430665845e-09,1.975606686133169e-08
100,200,up,2.0,0.8,3,9.878033430665845e-09,9.878033430665845e-09,1.975606686133169e-08
100,200,up,2.0,0.8,4,9.878033430665845e-09,9.878033430665845e-09,1.975606686133169e-08
100,200,up,2.0,0.8,5,9.878033430665845e-09,9.878033430665845e-09,1.975606686133169e-08
100,200,up,2.0,0.8,6,9.878033430665845e-09,9.878033430665845e-09,1.975606686133169e-08
100,200,up,2.0,0.8,7,9.878033430665845e-09,9.878033430665845e-09,1.975606686133169e-08
100,200,up,2.0,0.8,8,9.878033430665845e-09,9.878033430665845e-09,1.975606686133169e-08
100,200,up,2.0,0.8,9,9.878033430665845e-09,9.878033430665845e-09,1.975606686133169e-08
100,200,up,2.0,0.8,10,9.878033430665845e-09,9.878033430665845e-09,1.975606686133169e-08
100,200,up,2.0,0.8,11,9.878033430665845e-09,9.878033430665845e-09,1.975606686133169e-08
100,200,down,0.0,0.8,0,0.0,0.0,0.0
100,200,down,0.0,0.8,1,0.0,0.0,0.0
100,200,down,0.0,0.8,2,0.0,0.0,0.0
100,200,down,0.0,0.8,3,0.0,0.0,0.0
100,200,down,0.0,0.8,4,0.0,0.0,0.0
100,200,down,0.0,0.8,5,0.0,0.0,0.0
100,200,down,0.0,0.8,6,0.0,0.0,0.0
100,200,down,0.0,0.8,7,0.0,0.0,0.0
100,200,down,0.0,0.8,8,0.0,0.0,0.0
100,200,down,0.0,0.8,9,0.0,0.0,0.0
100,200,down,0.0,0.8,10,0.0,0.0,0.0
100,200,down,0.0,0.8,11,0.0,0.0,0.0
100,200,down,0.5,0.8,0,0.0,0.0,0.0
100,200,down,0.5,0.8,1,0.0,0.0,0.0
100,200,down,0.5,0.8,2,0.0,0.0,0.0
100,200,down,0.5,0.8,3,0.0,0.0,0.0
100,200,down,0.5,0.8,4,0.0,0.0,0.0
100,200,down,0.5,0.8,5,0.0,0.0,0.0
100,200,down,0.5,0.8,6,0.0,0.0,0.0
100,200,down,0.5,0.8,7,0.0,0.0,0.0
100,200,down,0.5,0.8,8,0.0,0.0,0.0
100,200,down,0.5,0.8,9,-5.684341886080802e-16,-5.684341886080802e-16,-1.1368683772161603e-15
100,200,down,0.5,0.8,10,0.0,0.0,0.0
100,200,down,0.5,0.8,11,0.0,0.0,0.0
100,200,down,2.0,0.8,0,-6.807556900412237e-09,-6.807556900412237e-09,-1.3615113800824474e-08
100,200,down,2.0,0.8,1,-6.80755675830369e-09,-6.80755675830369e-09,-1.361511351660738e-08
100,200,down,2.0,0.8,2,-6.80755675830369e-09,-6.80755675830369e-09,-1.361511351660738e-08
100,200,down,2.0,0.8,3,-6.807556900412237e-09,-6.807556900412237e-09,-1.3615113800824474e-08
100,200,down,2.0,0.8,4,-6.807556900412237e-09,-6.807556900412237e-09,-1.3615113800824474e-08
100,200,down,2.0,0.8,5,-6.807556900412237e-09,-6.807556900412237e-09,-1.3615113800824474e-08
100,200,down,2.0,0.8,6,-6.807556900412237e-09,-6.807556900412237e-09,-1.3615113800824474e-08
100,200,down,2.0,0.8,7,-6.807556900412237e-09,-6.807556900412237e-09,-1.3615113800824474e-08
100,200,down,2.0,0.8,8,-6.807556900412237e-09,-6.807556900412237e-09,-1.3615113800824474e-08
100,200,down,2.0,0.8,9,-6.807556900412237e-09,-6.807556900412237e-09,-1.3615113800824474e-08
100,200,down,2.0,0.8,10,-6.807556900412237e-09,-6.807556900412237e-09,-1.3615113800824474e-08
100,200,down,2.0,0.8,11,-6.80755675830369e-09,-6.80755675830369e-09,-1.361511351660738e-08
100,200,fresh,0.0,0.9,0,4.440892098500626e-18,4.440892098500626e-18,8.881784197001253e-18
100,200,fresh,0.0,0.9,1,1.1102230246251566e-18,1.1102230246251566e-18,2.220446049250313e-18
100,200,fresh,0.0,0.9,2,0.0,0.0,0.0
100,200,fresh,0.0,0.9,3,1.1102230246251566e-18,1.1102230246251566e-18,2.220446049250313e-18
100,200,fresh,0.0,0.9,4,1.1102230246251566e-18,1.1102230246251566e-18,2.220446049250313e-18
100,200,fresh,0.0,0.9,5,1.1102230246251566e-18,1.1102230246251566e-18,2.220446049250313e-18
100,200,fresh,0.0,0.9,6,1.1102230246251566e-18,1.1102230246251566e-18,2.220446049250313e-18
100,200,fresh,0.0,0.9,7,0.0,0.0,0.0
100,200,fresh,0.0,0.9,8,1.1102230246251566e-18,1.1102230246251566e-18,2.220446049250313e-18
100,200,fresh,0.0,0.9,9,4.440892098500626e-18,4.440892098500626e-18,8.881784197001253e-18
100,200,fresh,0.0,0.9,10,4.440892098500626e-18,4.440892098500626e-18,8.881784197001253e-18
100,200,fresh,0.0,0.9,11,4.440892098500626e-18,4.440892098500626e-18,8.881784197001253e-18
100,200,fresh,0.5,0.9,0,8.082523539343356e-13,8.082523539343356e-13,1.6165047078686712e-12
100,200,fresh,0.5,0.9,1,1.8586099326256543e-12,1.8586099326256543e-12,3.717219865251309e-12
100,200,fresh,0.5,0.9,2,1.1725698190190314e-12,1.1725698190190314e-12,2.345139638038063e-12
100,200,fresh,0.5,0.9,3,1.3861733982878378e-12,1.3861733982878378e-12,2.7723467965756756e-12
100,200,fresh,0.5,0.9,4,1.188710241351032e-12,1.188710241351032e-12,2.377420482702064e-12
100,200,fresh,0.5,0.9,5,1.2188916542754668e-12,1.2188916542754668e-12,2.4377833085509336e-12
100,200,fresh,0.5,0.9,6,1.6303736138922887e-12,1.6303736138922887e-12,3.2607472277845773e-12
100,200,fresh,0.5,0.9,7,2.2251311904142313e-13,2.2251311904142313e-13,4.4502623808284625e-13
100,200,fresh,0.5,0.9,8,1.4983059237749786e-12,1.4983059237749786e-12,2.9966118475499572e-12
100,200,fresh,0.5,0.9,9,2.240856389335022e-12,2.240856389335022e-12,4.481712778670044e-12
100,200,fresh,0.5,0.9,10,3.5554492683331773e-12,3.5554492683331773e-12,7.1108985366663545e-12
100,200,fresh,0.5,0.9,11,2.0464696603994525e-12,2.0464696603994525e-12,4.092939320798905e-12
100,200,fresh,2.0,0.9,0,5.251234571801433e-07,5.251234571801433e-07,1.0502469143602866e-06
100,200,fresh,2.0,0.9,1,9.246756444969417e-07,9.246756444969417e-07,1.8493512889938834e-06
100,200,fresh,2.0,0.9,2,5.602150342742807e-07,5.602150342742807e-07,1.1204300685485613e-06
100,200,fresh,2.0,0.9,3,6.614574448116084e-07,6.614574448116084e-07,1.3229148896232168e-06
100,200,fresh,2.0,0.9,4,5.675924579684466e-07,5.675924579684466e-07,1.1351849159368932e-06
100,200,fresh,2.0,0.9,5,5.822379468534144e-07,5.822379468534144e-07,1.1644758937068288e-06
100,200,fresh,2.0,0.9,6,7.328381718130217e-07,7.328381718130217e-07,1.4656763436260434e-06
100,200,fresh,2.0,0.9,7,1.071588725265471e-07,1.071588725265471e-07,2.143177450530942e-07
100,200,fresh,2.0,0.9,8,7.113817988957383e-07,7.113817988957383e-07,1.4227635977914766e-06
100,200,fresh,2.0,0.9,9,5.012245576363483e-08,5.012245576363483e-08,1.0024491152726966e-07
100,200,fresh,2.0,0.9,10,1.2161049982917228e-07,1.2161049982917228e-07,2.4322099965834455e-07
100,200,fresh,2.0,0.9,11,1.0214483092774174e-06,1.0214483092774174e-06,2.0428966185548347e-06
100,200,up,0.0,0.9,0,0.0,0.0,0.0
100,200,up,0.0,0.9,1,0.0,0.0,0.0
100,200,up,0.0,0.9,2,0.0,0.0,0.0
100,200,up,0.0,0.9,3,0.0,0.0,0.0
100,200,up,0.0,0.9,4,0.0,0.0,0.0
100,200,up,0.0,0.9,5,0.0,0.0,0.0
100,200,up,0.0,0.9,6,0.0,0.0,0.0
100,200,up,0.0,0.9,7,0.0,0.0,0.0
100,200,up,0.0,0.9,8,0.0,0.0,0.0
100,200,up,0.0,0.9,9,0.0,0.0,0.0
100,200,up,0.0,0.9,10,0.0,0.0,0.0
100,200,up,0.0,0.9,11,0.0,0.0,0.0
100,200,up,0.5,0.9,0,2.7575164374127326e-13,2.7575164374127326e-13,5.515032874825465e-13
100,200,up,0.5,0.9,1,2.7573943128800236e-13,2.757372108419531e-13,5.514766421299555e-13
100,200,up,0.5,0.9,2,2.7575164374127326e-13,2.7575164374127326e-13,5.515032874825465e-13
100,200,up,0.5,0.9,3,2.7575164374127326e-13,2.7575164374127326e-13,5.515032874825465e-13
100,200,up,0.5,0.9,4,2.7575164374127326e-13,2.7575164374127326e-13,5.515032874825465e-13
100,200,up,0.5,0.9,5,2.7575164374127326e-13,2.7575164374127326e-13,5.515032874825465e-13
100,200,up,0.5,0.9,6,2.7575164374127326e-13,2.7575164374127326e-13,5.515032874825465e-13
100,200,up,0.5,0.9,7,2.7575164374127326e-13,2.7575164374127326e-13,5.515032874825465e-13
100,200,up,0.5,0.9,8,2.7575164374127326e-13,2.7575164374127326e-13,5.515032874825465e-13
100,200,up,0.5,0.9,9,2.7575164374127326e-13,2.7575164374127326e-13,5.515032874825465e-13
100,200,up,0.5,0.9,10,2.7575164374127326e-13,2.7575164374127326e-13,5.515032874825465e-13
100,200,up,0.5,0.9,11,2.7575164374127326e-13,2.7575164374127326e-13,5.515032874825465e-13
100,200,up,2.0,0.9,0,1.3172597018495935e-07,1.3172597018495935e-07,2.634519403699187e-07
100,200,up,2.0,0.9,1,1.3172597018495935e-07,1.317259701871798e-07,2.6345194037213915e-07
100,200,up,2.0,0.9,2,1.3172597018495935e-07,1.3172597018495935e-07,2.634519403699187e-07
100,200,up,2.0,0.9,3,1.3172597018495935e-07,1.3172597018495935e-07,2.634519403699187e-07
100,200,up,2.0,0.9,4,1.3172597018495935e-07,1.3172597018495935e-07,2.634519403699187e-07
100,200,up,2.0,0.9,5,1.3172597018495935e-07,1.3172597018495935e-07,2.634519403699187e-07
100,200,up,2.0,0.9,6,1.3172597018495935e-07,1.3172597018495935e-07,2.634519403699187e-07
100,200,up,2.0,0.9,7,1.3172597018495935e-07,1.3172597018495935e-07,2.634519403699187e-07
100,200,up,2.0,0.9,8,1.3172597018495935e-07,1.3172597018495935e-07,2.634519403699187e-07
100,200,up,2.0,0.9,9,1.3172597018495935e-07,1.3172597018495935e-07,2.634519403699187e-07
100,200,up,2.0,0.9,10,1.3172597018495935e-07,1.3172597018495935e-07,2.634519403699187e-07
100,200,up,2.0,0.9,11,1.3172597018495935e-07,1.3172597018495935e-07,2.634519403699187e-07
100,200,down,0.0,0.9,0,0.0,0.0,0.0
100,200,down,0.0,0.9,1,0.0,0.0,0.0
100,200,down,0.0,0.9,2,0.0,0.0,0.0
100,200,down,0.0,0.9,3,0.0,0.0,0.0
100,200,down,0.0,0.9,4,0.0,0.0,0.0
100,200,down,0.0,0.9,5,0.0,0.0,0.0
100,200,down,0.0,0.9,6,0.0,0.0,0.0
100,200,down,0.0,0.9,7,0.0,0.0,0.0
100,200,down,0.0,0.9,8,0.0,0.0,0.0
100,200,down,0.0,0.9,9,0.0,0.0,0.0
100,200,down,0.0,0.9,10,0.0,0.0,0.0
100,200,down,0.0,0.9,11,0.0,0.0,0.0
100,200,down,0.5,0.9,0,-2.6261659513693303e-13,-2.6261659513693303e-13,-5.252331902738661e-13
100,200,down,0.5,0.9,1,-2.6261659513693303e-13,-2.6261659513693303e-13,-5.252331902738661e-13
100,200,down,0.5,0.9,2,-2.6261659513693303e-13,-2.6261659513693303e-13,-5.252331902738661e-13
100,200,down,0.5,0.9,3,-2.6261659513693303e-13,-2.6261659513693303e-13,-5.252331902738661e-13
100,200,down,0.5,0.9,4,-2.6261659513693303e-13,-2.6261659513693303e-13,-5.252331902738661e-13
100,200,down,0.5,0.9,5,-2.6261659513693303e-13,-2.6261659513693303e-13,-5.252331902738661e-13
100,200,down,0.5,0.9,6,-2.6261659513693303e-13,-2.6261659513693303e-13,-5.252331902738661e-13
100,200,down,0.5,0.9,7,-2.6261659513693303e-13,-2.6261659513693303e-13,-5.252331902738661e-13
100,200,down,0.5,0.9,8,-2.6261659513693303e-13,-2.6261659513693303e-13,-5.252331902738661e-13
100,200,down,0.5,0.9,9,-2.6261659513693303e-13,-2.6261659513693303e-13,-5.252331902738661e-13
100,200,down,0.5,0.9,10,-2.6261659513693303e-13,-2.6261659513693303e-13,-5.252331902738661e-13
100,200,down,0.5,0.9,11,-2.6261659513693303e-13,-2.6261659513693303e-13,-5.252331902738661e-13
100,200,down,2.0,0.9,0,-1.2687407760836322e-07,-1.2687407760836322e-07,-2.5374815521672644e-07
100,200,down,2.0,0.9,1,-1.2687407760836322e-07,-1.2687407760836322e-07,-2.5374815521672644e-07
100,200,down,2.0,0.9,2,-1.2687407760836322e-07,-1.2687407760836322e-07,-2.5374815521672644e-07
100,200,down,2.0,0.9,3,-1.2687407760836322e-07,-1.2687407760836322e-07,-2.5374815521672644e-07
100,200,down,2.0,0.9,4,-1.2687407760836322e-07,-1.2687407760836322e-07,-2.5374815521672644e-07
100,200,down,2.0,0.9,5,-1.2687407760836322e-07,-1.2687407760836322e-07,-2.5374815521672644e-07
100,200,down,2.0,0.9,6,-1.2687407760836322e-07,-1.2687407760836322e-07,-2.5374815521672644e-07
100,200,down,2.0,0.9,7,-1.2687407760836322e-07,-1.2687407760836322e-07,-2.5374815521672644e-07
100,200,down,2.0,0.9,8,-1.2687407760836322e-07,-1.2687407760836322e-07,-2.5374815521672644e-07
100,200,down,2.0,0.9,9,-1.2687407760836322e-07,-1.2687407760836322e-07,-2.5374815521672644e-07
100,200,down,2.0,0.9,10,-1.2687407760836322e-07,-1.2687407760836322e-07,-2.5374815521672644e-07
100,200,down,2.0,0.9,11,-1.2687407760836322e-07,-1.2687407760836322e-07,-2.5374815521672644e-07
100,200,fresh,0.0,0.95,0,1.865174681370263e-16,9.992007221626409e-17,2.864375403532904e-16
100,200,fresh,0.0,0.95,1,1.0658141036401502e-16,7.771561172376095e-17,1.8429702208777598e-16
100,200,fresh,0.0,0.95,2,-5.662137425588298e-17,9.658940314238862e-17,3.9968028886505634e-17
100,200,fresh,0.0,0.95,3,7.327471962526034e-17,8.215650382226158e-17,1.554312234475219e-16
100,200,fresh,0.0,0.95,4,7.549516567451065e-17,6.439293542825907e-17,1.3988810110276973e-16
100,200,fresh,0.0,0.95,5,7.438494264988549e-17,6.994405055138486e-17,1.4432899320127036e-16
100,200,fresh,0.0,0.95,6,1.121325254871408e-16,4.773959005888173e-17,1.5987211554602254e-16
100,200,fresh,0.0,0.95,7,1.6653345369377347e-17,2.7755575615628914e-17,4.4408920985006264e-17
100,200,fresh,0.0,0.95,8,8.992806499463769e-17,7.216449660063518e-17,1.6209256159527285e-16
100,200,fresh,0.0,0.95,9,1.1546319456101628e-16,9.103828801926283e-17,2.065014825802791e-16
100,200,fresh,0.0,0.95,10,1.3322676295501878e-16,7.105427357601002e-17,2.0428103653102879e-16
100,200,fresh,0.0,0.95,11,6.661338147750939e-17,1.1990408665951691e-16,1.8651746813702632e-16
100,200,fresh,0.5,0.95,0,3.209980803386969e-10,3.209981425111863e-10,6.419962228498833e-10
100,200,fresh,0.5,0.95,1,6.01601258809481e-10,6.016012543685889e-10,1.20320251317807e-09
100,200,fresh,0.5,0.95,2,4.356727167920127e-10,4.356727278942429e-10,8.713454446862556e-10
100,200,fresh,0.5,0.95,3,4.914729079263935e-10,4.914729079263935e-10,9.82945815852787e-10
100,200,fresh,0.5,0.95,4,4.4162840384665e-10,4.4162840162620396e-10,8.832568054728539e-10
100,200,fresh,0.5,0.95,5,4.4940370758084216e-10,4.4940370758084216e-10,8.988074151616843e-10
100,200,fresh,0.5,0.95,6,5.485854870368456e-10,5.485854825959535e-10,1.097170969632799e-09
100,200,fresh,0.5,0.95,7,1.648025405032172e-10,1.6480254716455532e-10,3.2960508766777254e-10
100,200,fresh,0.5,0.95,8,5.187499829695241e-10,5.187499807490781e-10,1.0374999637186022e-09
100,200,fresh,0.5,0.95,9,6.828718390750055e-10,6.828718368545595e-10,1.365743675929565e-09
100,200,fresh,0.5,0.95,10,8.83109194660392e-10,8.831091835581617e-10,1.7662183782185536e-09
100,200,fresh,0.5,0.95,11,6.400054375355069e-10,6.40005444196845e-10,1.2800108817323517e-09
100,200,fresh,2.0,0.95,0,4.894395272249108e-06,4.894395272249108e-06,9.788790544498216e-06
100,200,fresh,2.0,0.95,1,7.232735391969891e-06,7.232735391969891e-06,1.4465470783939782e-05
100,200,fresh,2.0,0.95,2,5.125246404513728e-06,5.125246404513728e-06,1.0250492809027456e-05
100,200,fresh,2.0,0.95,3,5.756630267074181e-06,5.756630267074181e-06,1.1513260534148363e-05
100,200,fresh,2.0,0.95,4,5.174361036471842e-06,5.174361036471842e-06,1.0348722072943684e-05
100,200,fresh,2.0,0.95,5,5.266811018004303e-06,5.266811018004303e-06,1.0533622036008606e-05
100,200,fresh,2.0,0.95,6,6.177585285324083e-06,6.177585285324083e-06,1.2355170570648166e-05
100,200,fresh,2.0,0.95,7,1.936934079389552e-06,1.936934079389552e-06,3.873868158779104e-06
100,200,fresh,2.0,0.95,8,6.0562944416509e-06,6.0562944416509e-06,1.21125888833018e-05
100,200,fresh,2.0,0.95,9,1.2688729332221981e-06,1.2688729333376614e-06,2.5377458665598596e-06
100,200,fresh,2.0,0.95,10,2.0077971837262343e-06,2.007797183743998e-06,4.015594367470233e-06
100,200,fresh,2.0,0.95,11,7.68019483816218e-06,7.68019483816218e-06,1.536038967632436e-05
100,200,up,0.0,0.95,0,1.1102230246251566e-17,1.1102230246251566e-17,2.2204460492503132e-17
100,200,up,0.0,0.95,1,1.1102230246251566e-17,1.1102230246251566e-17,2.2204460492503132e-17
100,200,up,0.0,0.95,2,1.1102230246251566e-17,1.1102230246251566e-17,2.2204460492503132e-17
100,200,up,0.0,0.95,3,1.1102230246251566e-17,1.1102230246251566e-17,2.2204460492503132e-17
100,200,up,0.0,0.95,4,1.1102230246251566e-17,1.1102230246251566e-17,2.2204460492503132e-17
100,200,up,0.0,0.95,5,1.1102230246251566e-17,1.1102230246251566e-17,2.2204460492503132e-17
100,200,up,0.0,0.95,6,1.1102230246251566e-17,1.1102230246251566e-17,2.2204460492503132e-17
100,200,up,0.0,0.95,7,1.1102230246251566e-17,1.1102230246251566e-17,2.2204460492503132e-17
100,200,up,0.0,0.95,8,1.1102230246251566e-17,1.1102230246251566e-17,2.2204460492503132e-17
100,200,up,0.0,0.95,9,1.1102230246251566e-17,1.1102230246251566e-17,2.2204460492503132e-17
100,200,up,0.0,0.95,10,1.1102230246251566e-17,1.1102230246251566e-17,2.2204460492503132e-17
100,200,up,0.0,0.95,11,1.1102230246251566e-17,1.1102230246251566e-17,2.2204460492503132e-17
100,200,up,0.5,0.95,0,9.208329543319848e-11,9.208329543319848e-11,1.8416659086639697e-10
100,200,up,0.5,0.95,1,9.208329210252942e-11,9.208329654342151e-11,1.8416658864595094e-10
100,200,up,0.5,0.95,2,9.208329543319848e-11,9.208329543319848e-11,1.8416659086639697e-10
100,200,up,0.5,0.95,3,9.208329543319848e-11,9.208329543319848e-11,1.8416659086639697e-10
100,200,up,0.5,0.95,4,9.208329543319848e-11,9.208329543319848e-11,1.8416659086639697e-10
100,200,up,0.5,0.95,5,9.208329543319848e-11,9.208329543319848e-11,1.8416659086639697e-10
100,200,up,0.5,0.95,6,9.208329543319848e-11,9.208329543319848e-11,1.8416659086639697e-10
100,200,up,0.5,0.95,7,9.208329543319848e-11,9.208329543319848e-11,1.8416659086639697e-10
100,200,up,0.5,0.95,8,9.208329543319848e-11,9.208329543319848e-11,1.8416659086639697e-10
100,200,up,0.5,0.95,9,9.208329543319848e-11,9.208329543319848e-11,1.8416659086639697e-10
100,200,up,0.5,0.95,10,9.208329543319848e-11,9.208329543319848e-11,1.8416659086639697e-10
100,200,up,0.5,0.95,11,9.208329543319848e-11,9.208329543319848e-11,1.8416659086639697e-10
100,200,up,2.0,0.95,0,1.0778886551454647e-06,1.0778886551454647e-06,2.1557773102909294e-06
100,200,up,2.0,0.95,1,1.0778886551454647e-06,1.0778886551454647e-06,2.1557773102909294e-06
100,200,up,2.0,0.95,2,1.0778886551454647e-06,1.0778886551454647e-06,2.1557773102909294e-06
100,200,up,2.0,0.95,3,1.0778886551454647e-06,1.0778886551454647e-06,2.1557773102909294e-06
100,200,up,2.0,0.95,4,1.0778886551454647e-06,1.0778886551454647e-06,2.1557773102909294e-06
100,200,up,2.0,0.95,5,1.0778886551454647e-06,1.0778886551454647e-06,2.1557773102909294e-06
100,200,up,2.0,0.95,6,1.0778886551454647e-06,1.0778886551454647e-06,2.1557773102909294e-06
100,200,up,2.0,0.95,7,1.0778886551454647e-06,1.0778886551454647e-06,2.1557773102909294e-06
100,200,up,2.0,0.95,8,1.0778886551454647e-06,1.0778886551454647e-06,2.1557773102909294e-06
100,200,up,2.0,0.95,9,1.0778886551454647e-06,1.0778886551454647e-06,2.1557773102909294e-06
100,200,up,2.0,0.95,10,1.0778886551454647e-06,1.0778886551454647e-06,2.1557773102909294e-06
100,200,up,2.0,0.95,11,1.0778886551454647e-06,1.0778886551454647e-06,2.1557773102909294e-06
100,200,down,0.0,0.95,0,0.0,0.0,0.0
100,200,down,0.0,0.95,1,-1.1368683772161603e-15,-1.1368683772161603e-15,-2.2737367544323206e-15
100,200,down,0.0,0.95,2,-1.1368683772161603e-15,-1.1368683772161603e-15,-2.2737367544323206e-15
100,200,down,0.0,0.95,3,-1.1368683772161603e-15,-1.1368683772161603e-15,-2.2737367544323206e-15
100,200,down,0.0,0.95,4,-1.1368683772161603e-15,-1.1368683772161603e-15,-2.2737367544323206e-15
100,200,down,0.0,0.95,5,-1.1368683772161603e-15,-1.1368683772161603e-15,-2.2737367544323206e-15
100,200,down,0.0,0.95,6,-1.1368683772161603e-15,-1.1368683772161603e-15,-2.2737367544323206e-15
100,200,down,0.0,0.95,7,-1.1368683772161603e-15,-1.1368683772161603e-15,-2.2737367544323206e-15
100,200,down,0.0,0.95,8,-1.1368683772161603e-15,-1.1368683772161603e-15,-2.2737367544323206e-15
100,200,down,0.0,0.95,9,0.0,0.0,0.0
100,200,down,0.0,0.95,10,0.0,0.0,0.0
100,200,down,0.0,0.95,11,0.0,0.0,0.0
100,200,down,0.5,0.95,0,-1.1842928415717323e-10,-1.1842928415717323e-10,-2.3685856831434647e-10
100,200,down,0.5,0.95,1,-1.1842928415717323e-10,-1.1842928415717323e-10,-2.3685856831434647e-10
100,200,down,0.5,0.95,2,-1.1842928415717323e-10,-1.1842928415717323e-10,-2.3685856831434647e-10
100,200,down,0.5,0.95,3,-1.1842928415717323e-10,-1.1842928415717323e-10,-2.3685856831434647e-10
100,200,down,0.5,0.95,4,-1.1842928415717323e-10,-1.1842928415717323e-10,-2.3685856831434647e-10
100,200,down,0.5,0.95,5,-1.1842928415717323e-10,-1.1842928415717323e-10,-2.3685856831434647e-10
100,200,down,0.5,0.95,6,-1.1842928415717323e-10,-1.1842928415717323e-10,-2.3685856831434647e-10
100,200,down,0.5,0.95,7,-1.1842928415717323e-10,-1.1842928415717323e-10,-2.3685856831434647e-10
100,200,down,0.5,0.95,8,-1.1842928415717323e-10,-1.1842928415717323e-10,-2.3685856831434647e-10
100,200,down,0.5,0.95,9,-1.1842871572298464e-10,-1.1842871572298464e-10,-2.368574314459693e-10
100,200,down,0.5,0.95,10,-1.1842928415717323e-10,-1.1842928415717323e-10,-2.3685856831434647e-10
100,200,down,0.5,0.95,11,-1.1842928415717323e-10,-1.1842928415717323e-10,-2.3685856831434647e-10
100,200,down,2.0,0.95,0,-1.3853121294005178e-06,-1.3853121294005178e-06,-2.7706242588010356e-06
100,200,down,2.0,0.95,1,-1.3853121294005178e-06,-1.3853121294005178e-06,-2.7706242588010356e-06
100,200,down,2.0,0.95,2,-1.3853121295426262e-06,-1.3853121295426262e-06,-2.7706242590852524e-06
100,200,down,2.0,0.95,3,-1.3853121294005178e-06,-1.3853121294005178e-06,-2.7706242588010356e-06
100,200,down,2.0,0.95,4,-1.3853121294005178e-06,-1.3853121294005178e-06,-2.7706242588010356e-06
100,200,down,2.0,0.95,5,-1.3853121294005178e-06,-1.3853121294005178e-06,-2.7706242588010356e-06
100,200,down,2.0,0.95,6,-1.3853121295426262e-06,-1.3853121295426262e-06,-2.7706242590852524e-06
100,200,down,2.0,0.95,7,-1.3853121294005178e-06,-1.3853121294005178e-06,-2.7706242588010356e-06
100,200,down,2.0,0.95,8,-1.3853121294005178e-06,-1.3853121294005178e-06,-2.7706242588010356e-06
100,200,down,2.0,0.95,9,-1.3853121294005178e-06,-1.3853121294005178e-06,-2.7706242588010356e-06
100,200,down,2.0,0.95,10,-1.3853121295426262e-06,-1.3853121295426262e-06,-2.7706242590852524e-06
100,200,down,2.0,0.95,11,-1.3853121294005178e-06,-1.3853121294005178e-06,-2.7706242588010356e-06
100,200,fresh,0.0,0.98,0,7.538134561002607e-12,5.352098764177526e-12,1.2890233325180133e-11
100,200,fresh,0.0,0.98,1,5.358760102325277e-12,4.4166670321033056e-12,9.775427134428583e-12
100,200,fresh,0.0,0.98,2,-2.0137824741084388e-12,5.010614145817271e-12,2.9968316717088325e-12
100,200,fresh,0.0,0.98,3,4.241670348292814e-12,4.521499841203536e-12,8.76317018949635e-12
100,200,fresh,0.0,0.98,4,4.279712140231595e-12,3.896216682619524e-12,8.17592882285112e-12
100,200,fresh,0.0,0.98,5,4.222950877874609e-12,4.070521697485674e-12,8.293472575360282e-12
100,200,fresh,0.0,0.98,6,5.471426645087263e-12,3.30032334794339e-12,8.771749993030652e-12
100,200,fresh,0.0,0.98,7,2.0272394873899202e-12,2.555228251210906e-12,4.582467738600826e-12
100,200,fresh,0.0,0.98,8,4.808446973925129e-12,4.214162352411677e-12,9.022609326336806e-12
100,200,fresh,0.0,0.98,9,5.5839644019783915e-12,4.930187369467376e-12,1.0514151771445767e-11
100,200,fresh,0.0,0.98,10,6.304650135291467e-12,4.460614100310067e-12,1.0765264235601535e-11
100,200,fresh,0.0,0.98,11,4.057507663191018e-12,5.8001470293334025e-12,9.85765469252442e-12
100,200,fresh,0.5,0.98,0,6.877081523137818e-08,6.877202175514796e-08,1.3754283698652616e-07
100,200,fresh,0.5,0.98,1,1.0428920834582023e-07,1.0428916549343193e-07,2.0857837383925216e-07
100,200,fresh,0.5,0.98,2,8.511889090789815e-08,8.511904184271835e-08,1.702379327506165e-07
100,200,fresh,0.5,0.98,3,9.194139680035463e-08,9.194140787593952e-08,1.8388280467629414e-07
100,200,fresh,0.5,0.98,4,8.59826790078344e-08,8.598266179937752e-08,1.7196534080721192e-07
100,200,fresh,0.5,0.98,5,8.692842873081475e-08,8.692842205837437e-08,1.7385685078918912e-07
100,200,fresh,0.5,0.98,6,9.838907624071248e-08,9.83890056061032e-08,1.9677808184681568e-07
100,200,fresh,0.5,0.98,7,4.8435392504542205e-08,4.843552905309245e-08,9.687092155763466e-08
100,200,fresh,0.5,0.98,8,9.510223050290812e-08,9.51022073281127e-08,1.9020443783102082e-07
100,200,fresh,0.5,0.98,9,1.1278253094104684e-07,1.1278248513546529e-07,2.2556501607651212e-07
100,200,fresh,0.5,0.98,10,1.3024050575349831e-07,1.3024037928577315e-07,2.6048088503927146e-07
100,200,fresh,0.5,0.98,11,1.0822128285070676e-07,1.0822135406485244e-07,2.1644263691555921e-07
100,200,fresh,2.0,0.98,0,3.300124056786369e-05,3.3001240567934745e-05,6.600248113579843e-05
100,200,fresh,2.0,0.98,1,4.226891357809959e-05,4.2268913578092926e-05,8.45378271561925e-05
100,200,fresh,2.0,0.98,2,3.399595973215708e-05,3.399595973217484e-05,6.799191946433192e-05
100,200,fresh,2.0,0.98,3,3.6610104840568705e-05,3.6610104840568705e-05,7.322020968113741e-05
100,200,fresh,2.0,0.98,4,3.420826830064172e-05,3.42082683006395e-05,6.841653660128122e-05
100,200,fresh,2.0,0.98,5,3.459527954063013e-05,3.459527954063013e-05,6.919055908126026e-05
100,200,fresh,2.0,0.98,6,3.8281189616050646e-05,3.828118961604621e-05,7.656237923209686e-05
100,200,fresh,2.0,0.98,7,1.9172975248030745e-05,1.917297525063977e-05,3.8345950498670514e-05
100,200,fresh,2.0,0.98,8,3.781302216232296e-05,3.7813022162320744e-05,7.56260443246437e-05
100,200,fresh,2.0,0.98,9,1.4777805384467157e-05,1.4777806063304145e-05,2.95556114477713e-05
100,200,fresh,2.0,0.98,10,1.939482788396396e-05,1.9394827947737392e-05,3.878965583170135e-05
100,200,fresh,2.0,0.98,11,4.379190280251244e-05,4.379190280252132e-05,8.758380560503376e-05
100,200,up,0.0,0.98,0,1.0372680492309882e-12,1.0372680492309882e-12,2.0745360984619763e-12
100,200,up,0.0,0.98,1,1.0372680492309882e-12,1.0372680492309882e-12,2.0745360984619763e-12
100,200,up,0.0,0.98,2,1.0372680492309882e-12,1.0372680492309882e-12,2.0745360984619763e-12
100,200,up,0.0,0.98,3,1.0372680492309882e-12,1.0372680492309882e-12,2.0745360984619763e-12
100,200,up,0.0,0.98,4,1.0372680492309882e-12,1.0372680492309882e-12,2.0745360984619763e-12
100,200,up,0.0,0.98,5,1.0372680492309882e-12,1.0372680492309882e-12,2.0745360984619763e-12
100,200,up,0.0,0.98,6,1.0372680492309882e-12,1.0372680492309882e-12,2.0745360984619763e-12
100,200,up,0.0,0.98,7,1.0372680492309882e-12,1.0372680492309882e-12,2.0745360984619763e-12
100,200,up,0.0,0.98,8,1.0372680492309882e-12,1.0372680492309882e-12,2.0745360984619763e-12
100,200,up,0.0,0.98,9,1.0372680492309882e-12,1.0372680492309882e-12,2.0745360984619763e-12
100,200,up,0.0,0.98,10,1.0372680492309882e-12,1.0372680492309882e-12,2.0745360984619763e-12
100,200,up,0.0,0.98,11,1.0372680492309882e-12,1.0372680492309882e-12,2.0745360984619763e-12
100,200,up,0.5,0.98,0,2.173065894006676e-08,2.173065894006676e-08,4.346131788013352e-08
100,200,up,0.5,0.98,1,2.1730658938956537e-08,2.1730658937846315e-08,4.346131787680285e-08
100,200,up,0.5,0.98,2,2.173065894006676e-08,2.173065894006676e-08,4.346131788013352e-08
100,200,up,0.5,0.98,3,2.173065894006676e-08,2.173065894006676e-08,4.346131788013352e-08
100,200,up,0.5,0.98,4,2.173065894006676e-08,2.173065894006676e-08,4.346131788013352e-08
100,200,up,0.5,0.98,5,2.173065894006676e-08,2.173065894006676e-08,4.346131788013352e-08
100,200,up,0.5,0.98,6,2.173065894006676e-08,2.173065894006676e-08,4.346131788013352e-08
100,200,up,0.5,0.98,7,2.173065894006676e-08,2.173065894006676e-08,4.346131788013352e-08
100,200,up,0.5,0.98,8,2.173065894006676e-08,2.173065894006676e-08,4.346131788013352e-08
100,200,up,0.5,0.98,9,2.173065894006676e-08,2.173065894006676e-08,4.346131788013352e-08
100,200,up,0.5,0.98,10,2.173065894006676e-08,2.173065894006676e-08,4.346131788013352e-08
100,200,up,0.5,0.98,11,2.173065894006676e-08,2.173065894006676e-08,4.346131788013352e-08
100,200,up,2.0,0.98,0,8.53976030435133e-06,8.53976030435133e-06,1.707952060870266e-05
100,200,up,2.0,0.98,1,8.539760304353549e-06,8.539760304353549e-06,1.7079520608707098e-05
100,200,up,2.0,0.98,2,8.53976030435133e-06,8.53976030435133e-06,1.707952060870266e-05
100,200,up,2.0,0.98,3,8.53976030435133e-06,8.53976030435133e-06,1.707952060870266e-05
100,200,up,2.0,0.98,4,8.53976030435133e-06,8.53976030435133e-06,1.707952060870266e-05
100,200,up,2.0,0.98,5,8.53976030435133e-06,8.53976030435133e-06,1.707952060870266e-05
100,200,up,2.0,0.98,6,8.53976030435133e-06,8.53976030435133e-06,1.707952060870266e-05
100,200,up,2.0,0.98,7,8.53976030435133e-06,8.53976030435133e-06,1.707952060870266e-05
100,200,up,2.0,0.98,8,8.53976030435133e-06,8.53976030435133e-06,1.707952060870266e-05
100,200,up,2.0,0.98,9,8.53976030435133e-06,8.53976030435133e-06,1.707952060870266e-05
100,200,up,2.0,0.98,10,8.53976030435133e-06,8.53976030435133e-06,1.707952060870266e-05
100,200,up,2.0,0.98,11,8.53976030435133e-06,8.53976030435133e-06,1.707952060870266e-05
100,200,down,0.0,0.98,0,-7.787548383930698e-13,-7.787548383930698e-13,-1.5575096767861395e-12
100,200,down,0.0,0.98,1,-7.776179700158536e-13,-7.776179700158536e-13,-1.5552359400317073e-12
100,200,down,0.0,0.98,2,-7.776179700158536e-13,-7.776179700158536e-13,-1.5552359400317073e-12
100,200,down,0.0,0.98,3,-7.776179700158536e-13,-7.776179700158536e-13,-1.5552359400317073e-12
100,200,down,0.0,0.98,4,-7.776179700158536e-13,-7.776179700158536e-13,-1.5552359400317073e-12
100,200,down,0.0,0.98,5,-7.776179700158536e-13,-7.776179700158536e-13,-1.5552359400317073e-12
100,200,down,0.0,0.98,6,-7.776179700158536e-13,-7.776179700158536e-13,-1.5552359400317073e-12
100,200,down,0.0,0.98,7,-7.776179700158536e-13,-7.776179700158536e-13,-1.5552359400317073e-12
100,200,down,0.0,0.98,8,-7.776179700158536e-13,-7.776179700158536e-13,-1.5552359400317073e-12
100,200,down,0.0,0.98,9,-7.787548383930698e-13,-7.787548383930698e-13,-1.5575096767861395e-12
100,200,down,0.0,0.98,10,-7.787548383930698e-13,-7.787548383930698e-13,-1.5575096767861395e-12
100,200,down,0.0,0.98,11,-7.787548383930698e-13,-7.787548383930698e-13,-1.5575096767861395e-12
100,200,down,0.5,0.98,0,-1.641343715164112e-08,-1.641343715164112e-08,-3.282687430328224e-08
100,200,down,0.5,0.98,1,-1.641343715164112e-08,-1.641343715164112e-08,-3.282687430328224e-08
100,200,down,0.5,0.98,2,-1.641343715164112e-08,-1.641343715164112e-08,-3.282687430328224e-08
100,200,down,0.5,0.98,3,-1.641343715164112e-08,-1.641343715164112e-08,-3.282687430328224e-08
100,200,down,0.5,0.98,4,-1.641343715164112e-08,-1.641343715164112e-08,-3.282687430328224e-08
100,200,down,0.5,0.98,5,-1.641343715164112e-08,-1.641343715164112e-08,-3.282687430328224e-08
100,200,down,0.5,0.98,6,-1.641343715164112e-08,-1.641343715164112e-08,-3.282687430328224e-08
100,200,down,0.5,0.98,7,-1.641343715164112e-08,-1.641343715164112e-08,-3.282687430328224e-08
100,200,down,0.5,0.98,8,-1.641343715164112e-08,-1.641343715164112e-08,-3.282687430328224e-08
100,200,down,0.5,0.98,9,-1.641343715164112e-08,-1.641343715164112e-08,-3.282687430328224e-08
100,200,down,0.5,0.98,10,-1.641343715164112e-08,-1.641343715164112e-08,-3.282687430328224e-08
100,200,down,0.5,0.98,11,-1.641343715164112e-08,-1.641343715164112e-08,-3.282687430328224e-08
100,200,down,2.0,0.98,0,-6.4043199949992415e-06,-6.4043199949992415e-06,-1.2808639989998483e-05
100,200,down,2.0,0.98,1,-6.404322392228323e-06,-6.404322392228323e-06,-1.2808644784456647e-05
100,200,down,2.0,0.98,2,-6.4043317134121484e-06,-6.4043317134121484e-06,-1.2808663426824297e-05
100,200,down,2.0,0.98,3,-6.4043151327553e-06,-6.4043151327553e-06,-1.28086302655106e-05
100,200,down,2.0,0.98,4,-6.4043231527932675e-06,-6.4043231527932675e-06,-1.2808646305586535e-05
100,200,down,2.0,0.98,5,-6.4043216214315635e-06,-6.4043216214315635e-06,-1.2808643242863127e-05
100,200,down,2.0,0.98,6,-6.404321859605488e-06,-6.404321859605488e-06,-1.2808643719210977e-05
100,200,down,2.0,0.98,7,-6.404321421484838e-06,-6.404321421484838e-06,-1.2808642842969676e-05
100,200,down,2.0,0.98,8,-6.404322957394015e-06,-6.404322957394015e-06,-1.280864591478803e-05
100,200,down,2.0,0.98,9,-6.404322392086215e-06,-6.404322392086215e-06,-1.280864478417243e-05
100,200,down,2.0,0.98,10,-6.404320643440542e-06,-6.404320643440542e-06,-1.2808641286881084e-05
100,200,down,2.0,0.98,11,-6.40432262926538e-06,-6.40432262926538e-06,-1.280864525853076e-05
100,200,fresh,0.0,0.99,0,1.50310572877288e-09,1.1849353476200974e-09,2.688041076392977e-09
100,200,fresh,0.0,0.99,1,1.1859704596162146e-09,1.0349224233152655e-09,2.22089288293148e-09
100,200,fresh,0.0,0.99,2,-3.0984138699174933e-10,1.1312126602103234e-09,8.213712732185741e-10
100,200,fresh,0.0,0.99,3,1.0058364485754368e-09,1.0521880244862558e-09,2.0580244730616926e-09
100,200,fresh,0.0,0.99,4,1.0121876659052731e-09,9.474277795629148e-10,1.959615445468188e-09
100,200,fresh,0.0,0.99,5,1.0027053598538061e-09,9.77065300888924e-10,1.97977066074273e-09
100,200,fresh,0.0,0.99,6,1.2034340457489634e-09,8.434644516164269e-10,2.0468984973653904e-09
100,200,fresh,0.0,0.99,7,6.06668129066179e-10,7.074162144959928e-10,1.3140843435621718e-09
100,200,fresh,0.0,0.99,8,1.098851009073698e-09,1.0012342521736883e-09,2.100085261247386e-09
100,200,fresh,0.0,0.99,9,1.2207561672639143e-09,1.1183912951295838e-09,2.3391474623934984e-09
100,200,fresh,0.0,0.99,10,1.32883342995882e-09,1.0421787388636972e-09,2.371012168822517e-09
100,200,fresh,0.0,0.99,11,9.748666274234098e-10,1.2536850091393603e-09,2.22855163656277e-09
100,200,fresh,0.5,0.99,0,9.656301340577045e-07,9.65751674422144e-07,1.9313818084798483e-06
100,200,fresh,0.5,0.99,1,1.303443895942502e-06,1.303440560797009e-06,2.606884456739511e-06
100,200,fresh,0.5,0.99,2,1.1291604664920297e-06,1.1291737192531404e-06,2.2583341857451703e-06
100,200,fresh,0.5,0.99,3,1.1927434087932732e-06,1.1927443373505042e-06,2.3854877461437776e-06
100,200,fresh,0.5,0.99,4,1.1376744443669651e-06,1.1376729469714242e-06,2.2753473913383894e-06
100,200,fresh,0.5,0.99,5,1.1464888974721531e-06,1.14648832040265e-06,2.292977217874803e-06
100,200,fresh,0.5,0.99,6,1.250841906295097e-06,1.2508361990648532e-06,2.5016781053599503e-06
100,200,fresh,0.5,0.99,7,7.655133716633067e-07,7.655285155028224e-07,1.531041887166129e-06
100,200,fresh,0.5,0.99,8,1.2215162054163287e-06,1.221514299589721e-06,2.4430305050060497e-06
100,200,fresh,0.5,0.99,9,1.3771416315933039e-06,1.3771382431060352e-06,2.754279874699339e-06
100,200,fresh,0.5,0.99,10,1.5190049798530225e-06,1.518996417466667e-06,3.0380013973196896e-06
100,200,fresh,0.5,0.99,11,1.337391852425096e-06,1.3373972809338498e-06,2.674789133358946e-06
100,200,fresh,2.0,0.99,0,8.037729376457414e-05,8.037729376588199e-05,0.00016075458753045613
100,200,fresh,2.0,0.99,1,9.639222584826856e-05,9.63922258481864e-05,0.00019278445169645497
100,200,fresh,2.0,0.99,2,8.21545717622485e-05,8.215457176254825e-05,0.00016430914352479674
100,200,fresh,2.0,0.99,3,8.674990365109214e-05,8.674990365110546e-05,0.0001734998073021976
100,200,fresh,2.0,0.99,4,8.253383719484808e-05,8.253383719481478e-05,0.00016506767438966284
100,200,fresh,2.0,0.99,5,8.321760881304762e-05,8.321760881303652e-05,0.00016643521762608413
100,200,fresh,2.0,0.99,6,8.963712421717895e-05,8.963712421709902e-05,0.00017927424843427797
100,200,fresh,2.0,0.99,7,5.4597967316554194e-05,5.459796739152534e-05,0.00010919593470807953
100,200,fresh,2.0,0.99,8,8.883653363913169e-05,8.883653363910505e-05,0.00017767306727823674
100,200,fresh,2.0,0.99,9,4.5202309862307774e-05,4.520233517749772e-05,9.040464503980549e-05
100,200,fresh,2.0,0.99,10,5.493320116557676e-05,5.493320302172755e-05,0.00010986640418730431
100,200,fresh,2.0,0.99,11,9.887822334137874e-05,9.887822334150088e-05,0.00019775644668287962
100,200,up,0.0,0.99,0,1.8217136688036817e-10,1.8217136688036817e-10,3.6434273376073635e-10
100,200,up,0.0,0.99,1,1.8217136688036817e-10,1.8217136688036817e-10,3.6434273376073635e-10
100,200,up,0.0,0.99,2,1.8217136688036817e-10,1.8217136688036817e-10,3.6434273376073635e-10
100,200,up,0.0,0.99,3,1.8217136688036817e-10,1.8217136688036817e-10,3.6434273376073635e-10
100,200,up,0.0,0.99,4,1.8217136688036817e-10,1.8217136688036817e-10,3.6434273376073635e-10
100,200,up,0.0,0.99,5,1.8217136688036817e-10,1.8217136688036817e-10,3.6434273376073635e-10
100,200,up,0.0,0.99,6,1.8217136688036817e-10,1.8217136688036817e-10,3.6434273376073635e-10
100,200,up,0.0,0.99,7,1.8217136688036817e-10,1.8217136688036817e-10,3.6434273376073635e-10
100,200,up,0.0,0.99,8,1.8217136688036817e-10,1.8217136688036817e-10,3.6434273376073635e-10
100,200,up,0.0,0.99,9,1.8217136688036817e-10,1.8217136688036817e-10,3.6434273376073635e-10
100,200,up,0.0,0.99,10,1.8217136688036817e-10,1.8217136688036817e-10,3.6434273376073635e-10
100,200,up,0.0,0.99,11,1.8217136688036817e-10,1.8217136688036817e-10,3.6434273376073635e-10
100,200,up,0.5,0.99,0,2.1075737456910383e-07,2.1075737456910383e-07,4.2151474913820766e-07
100,200,up,0.5,0.99,1,2.1075737457021405e-07,2.1075737457021405e-07,4.215147491404281e-07
100,200,up,0.5,0.99,2,2.1075737456910383e-07,2.1075737456910383e-07,4.2151474913820766e-07
100,200,up,0.5,0.99,3,2.1075737456910383e-07,2.1075737456910383e-07,4.2151474913820766e-07
100,200,up,0.5,0.99,4,2.1075737456910383e-07,2.1075737456910383e-07,4.2151474913820766e-07
100,200,up,0.5,0.99,5,2.1075737456910383e-07,2.1075737456910383e-07,4.2151474913820766e-07
100,200,up,0.5,0.99,6,2.1075737456910383e-07,2.1075737456910383e-07,4.2151474913820766e-07
100,200,up,0.5,0.99,7,2.1075737456910383e-07,2.1075737456910383e-07,4.2151474913820766e-07
100,200,up,0.5,0.99,8,2.1075737456910383e-07,2.1075737456910383e-07,4.2151474913820766e-07
100,200,up,0.5,0.99,9,2.1075737456910383e-07,2.1075737456910383e-07,4.2151474913820766e-07
100,200,up,0.5,0.99,10,2.1075737456910383e-07,2.1075737456910383e-07,4.2151474913820766e-07
100,200,up,0.5,0.99,11,2.1075737456910383e-07,2.1075737456910383e-07,4.2151474913820766e-07
100,200,up,2.0,0.99,0,1.460779466558093e-05,1.460779466558093e-05,2.921558933116186e-05
100,200,up,2.0,0.99,1,1.46077946655776e-05,1.4607794665579821e-05,2.921558933115742e-05
100,200,up,2.0,0.99,2,1.460779466558093e-05,1.460779466558093e-05,2.921558933116186e-05
100,200,up,2.0,0.99,3,1.460779466558093e-05,1.460779466558093e-05,2.921558933116186e-05
100,200,up,2.0,0.99,4,1.460779466558093e-05,1.460779466558093e-05,2.921558933116186e-05
100,200,up,2.0,0.99,5,1.460779466558093e-05,1.460779466558093e-05,2.921558933116186e-05
100,200,up,2.0,0.99,6,1.460779466558093e-05,1.460779466558093e-05,2.921558933116186e-05
100,200,up,2.0,0.99,7,1.460779466558093e-05,1.460779466558093e-05,2.921558933116186e-05
100,200,up,2.0,0.99,8,1.460779466558093e-05,1.460779466558093e-05,2.921558933116186e-05
100,200,up,2.0,0.99,9,1.460779466558093e-05,1.460779466558093e-05,2.921558933116186e-05
100,200,up,2.0,0.99,10,1.460779466558093e-05,1.460779466558093e-05,2.921558933116186e-05
100,200,up,2.0,0.99,11,1.460779466558093e-05,1.460779466558093e-05,2.921558933116186e-05
100,200,down,0.0,0.99,0,-1.8151808944821824e-10,-1.8151808944821824e-10,-3.630361788964365e-10
100,200,down,0.0,0.99,1,-1.8151808944821824e-10,-1.8151808944821824e-10,-3.630361788964365e-10
100,200,down,0.0,0.99,2,-1.8151808944821824e-10,-1.8151808944821824e-10,-3.630361788964365e-10
100,200,down,0.0,0.99,3,-1.8151808944821824e-10,-1.8151808944821824e-10,-3.630361788964365e-10
100,200,down,0.0,0.99,4,-1.8151808944821824e-10,-1.8151808944821824e-10,-3.630361788964365e-10
100,200,down,0.0,0.99,5,-1.8151808944821824e-10,-1.8151808944821824e-10,-3.630361788964365e-10
100,200,down,0.0,0.99,6,-1.8151808944821824e-10,-1.8151808944821824e-10,-3.630361788964365e-10
100,200,down,0.0,0.99,7,-1.8151808944821824e-10,-1.8151808944821824e-10,-3.630361788964365e-10
100,200,down,0.0,0.99,8,-1.8151808944821824e-10,-1.8151808944821824e-10,-3.630361788964365e-10
100,200,down,0.0,0.99,9,-1.8151808944821824e-10,-1.8151808944821824e-10,-3.630361788964365e-10
100,200,down,0.0,0.99,10,-1.8151808944821824e-10,-1.8151808944821824e-10,-3.630361788964365e-10
100,200,down,0.0,0.99,11,-1.8151808944821824e-10,-1.8151808944821824e-10,-3.630361788964365e-10
100,200,down,0.5,0.99,0,-2.099476205330575e-07,-2.099476205330575e-07,-4.19895241066115e-07
100,200,down,0.5,0.99,1,-2.0994758756387455e-07,-2.0994758756387455e-07,-4.198951751277491e-07
100,200,down,0.5,0.99,2,-2.099476404282541e-07,-2.099476404282541e-07,-4.198952808565082e-07
100,200,down,0.5,0.99,3,-2.09947715461567e-07,-2.09947715461567e-07,-4.19895430923134e-07
100,200,down,0.5,0.99,4,-2.0994763076487287e-07,-2.0994763076487287e-07,-4.1989526152974574e-07
100,200,down,0.5,0.99,5,-2.0994763247017545e-07,-2.0994763247017545e-07,-4.198952649403509e-07
100,200,down,0.5,0.99,6,-2.0994763929138572e-07,-2.0994763929138572e-07,-4.1989527858277144e-07
100,200,down,0.5,0.99,7,-2.099479047501518e-07,-2.099479047501518e-07,-4.198958095003036e-07
100,200,down,0.5,0.99,8,-2.099476444072934e-07,-2.099476444072934e-07,-4.198952888145868e-07
100,200,down,0.5,0.99,9,-2.0994760689063695e-07,-2.0994760689063695e-07,-4.198952137812739e-07
100,200,down,0.5,0.99,10,-2.0994762621739939e-07,-2.0994762621739939e-07,-4.1989525243479877e-07
100,200,down,0.5,0.99,11,-2.0994765293380623e-07,-2.0994765293380623e-07,-4.1989530586761247e-07
100,200,down,2.0,0.99,0,-1.4352303381741649e-05,-1.4352303381741649e-05,-2.8704606763483297e-05
100,200,down,2.0,0.99,1,-1.4378306362630155e-05,-1.4378306362630155e-05,-2.875661272526031e-05
100,200,down,2.0,0.99,2,-1.4479402694576037e-05,-1.4479402694576037e-05,-2.8958805389152074e-05
100,200,down,2.0,0.99,3,-1.4299569568407832e-05,-1.4299569568407832e-05,-2.8599139136815664e-05
100,200,down,2.0,0.99,4,-1.4386568333577542e-05,-1.4386568333577542e-05,-2.8773136667155085e-05
100,200,down,2.0,0.99,5,-1.4369947450774134e-05,-1.4369947450774134e-05,-2.8739894901548268e-05
100,200,down,2.0,0.99,6,-1.43725325294497e-05,-1.43725325294497e-05,-2.87450650588994e-05
100,200,down,2.0,0.99,7,-1.4367776245336472e-05,-1.4367776245336472e-05,-2.8735552490672944e-05
100,200,down,2.0,0.99,8,-1.4384439060393106e-05,-1.4384439060393106e-05,-2.8768878120786212e-05
100,200,down,2.0,0.99,9,-1.4378306043454358e-05,-1.4378306043454358e-05,-2.8756612086908716e-05
100,200,down,2.0,0.99,10,-1.4359338588292302e-05,-1.4359338588292302e-05,-2.8718677176584605e-05
100,200,down,2.0,0.99,11,-1.4380884721276743e-05,-1.4380884721276743e-05,-2.8761769442553486e-05
100,200,fresh,0.0,0.995,0,5.890953427734047e-08,4.9863441382580476e-08,1.0877297565992094e-07
100,200,fresh,0.0,0.995,1,4.9894147297058214e-08,4.531942167207426e-08,9.521356896913247e-08
100,200,fresh,0.0,0.995,2,-5.886097960150493e-09,4.825773071370776e-08,4.237163275355727e-08
100,200,fresh,0.0,0.995,3,4.441625300888319e-08,4.5852085153175185e-08,9.026833816205837e-08
100,200,fresh,0.0,0.995,4,4.461409718881093e-08,4.258012594848814e-08,8.719422313729907e-08
100,200,fresh,0.0,0.995,5,4.4318587844038857e-08,4.351558165138769e-08,8.783416949542655e-08
100,200,fresh,0.0,0.995,6,5.0410896489383463e-08,3.923579204312411e-08,8.964668853250758e-08
100,200,fresh,0.0,0.995,7,3.123281203443184e-08,3.4705589504469005e-08,6.593840153890085e-08
100,200,fresh,0.0,0.995,8,4.72789504035731e-08,4.427267129791801e-08,9.155162170149111e-08
100,200,fresh,0.0,0.995,9,5.092103309678464e-08,4.787099442182807e-08,9.879202751861271e-08
100,200,fresh,0.0,0.995,10,5.405035442773709e-08,4.554360045982975e-08,9.959395488756684e-08
100,200,fresh,0.0,0.995,11,4.344645335052633e-08,5.188418172430431e-08,9.533063507483064e-08
100,200,fresh,0.5,0.995,0,5.7581150424279584e-06,5.760320879896197e-06,1.1518435922324155e-05
100,200,fresh,0.5,0.995,1,7.142696395581183e-06,7.1426458267520586e-06,1.4285342222333242e-05
100,200,fresh,0.5,0.995,2,6.449827923951101e-06,6.450046198573922e-06,1.2899874122525024e-05
100,200,fresh,0.5,0.995,3,6.7066648181579595e-06,6.706679631726109e-06,1.3413344449884068e-05
100,200,fresh,0.5,0.995,4,6.4853033915912575e-06,6.485278875093536e-06,1.2970582266684795e-05
100,200,fresh,0.5,0.995,5,6.520936813355638e-06,6.52092740464405e-06,1.3041864217999688e-05
100,200,fresh,0.5,0.995,6,6.93647433228306e-06,6.936385591279626e-06,1.3872859923562686e-05
100,200,fresh,0.5,0.995,7,4.910068569855541e-06,4.910365390008442e-06,9.820433959863982e-06
100,200,fresh,0.5,0.995,8,6.8211552876773495e-06,6.8211252870664656e-06,1.3642280574743815e-05
100,200,fresh,0.5,0.995,9,7.426715074059231e-06,7.426665399867805e-06,1.4853380473927036e-05
100,200,fresh,0.5,0.995,10,7.953262065094612e-06,7.953143465797563e-06,1.5906405530892175e-05
100,200,fresh,0.5,0.995,11,7.273303358947825e-06,7.2733845175765314e-06,1.4546687876524356e-05
100,200,fresh,2.0,0.995,0,0.0001426170570159313,0.00014261705702233506,0.00028523411403826634
100,200,fresh,2.0,0.995,1,0.00016399134246951495,0.00016399134246917747,0.00032798268493869245
100,200,fresh,2.0,0.995,2,0.00014503306850767174,0.00014503306850910614,0.00029006613701677787
100,200,fresh,2.0,0.995,3,0.0001512237191352428,0.00015122371913530496,0.00030244743827054774
100,200,fresh,2.0,0.995,4,0.00014554840574866666,0.00014554840574850902,0.0002910968114971757
100,200,fresh,2.0,0.995,5,0.00014647227953919152,0.000146472279539136,0.00029294455907832753
100,200,fresh,2.0,0.995,6,0.0001550760228917847,0.00015507602289143162,0.0003101520457832163
100,200,fresh,2.0,0.995,7,0.00010664330749020179,0.00010664330797338417,0.00021328661546358594
100,200,fresh,2.0,0.995,8,0.00015401360474473047,0.00015401360474460836,0.00030802720948933885
100,200,fresh,2.0,0.995,9,9.248891039206009e-05,9.248910298802149e-05,0.00018497801338008158
100,200,fresh,2.0,0.995,10,0.00010705250414543954,0.00010705251619367307,0.0002141050203391126
100,200,fresh,2.0,0.995,11,0.0001672095968815035,0.00016720959688199867,0.0003344191937635022
100,200,up,0.0,0.995,0,7.905586766332462e-09,7.905586766332462e-09,1.5811173532664925e-08
100,200,up,0.0,0.995,1,7.905586766332462e-09,7.905586766332462e-09,1.5811173532664925e-08
100,200,up,0.0,0.995,2,7.905586766332462e-09,7.905586766332462e-09,1.5811173532664925e-08
100,200,up,0.0,0.995,3,7.905586766332462e-09,7.905586766332462e-09,1.5811173532664925e-08
100,200,up,0.0,0.995,4,7.905586766332462e-09,7.905586766332462e-09,1.5811173532664925e-08
100,200,up,0.0,0.995,5,7.905586766332462e-09,7.905586766332462e-09,1.5811173532664925e-08
100,200,up,0.0,0.995,6,7.905586766332462e-09,7.905586766332462e-09,1.5811173532664925e-08
100,200,up,0.0,0.995,7,7.905586766332462e-09,7.905586766332462e-09,1.5811173532664925e-08
100,200,up,0.0,0.995,8,7.905586766332462e-09,7.905586766332462e-09,1.5811173532664925e-08
100,200,up,0.0,0.995,9,7.905586766332462e-09,7.905586766332462e-09,1.5811173532664925e-08
100,200,up,0.0,0.995,10,7.905586766332462e-09,7.905586766332462e-09,1.5811173532664925e-08
100,200,up,0.0,0.995,11,7.905586766332462e-09,7.905586766332462e-09,1.5811173532664925e-08
100,200,up,0.5,0.995,0,1.1672715022759127e-06,1.1672715022759127e-06,2.3345430045518254e-06
100,200,up,0.5,0.995,1,1.1672715022736924e-06,1.1672715022736924e-06,2.334543004547385e-06
100,200,up,0.5,0.995,2,1.1672715022759127e-06,1.1672715022759127e-06,2.3345430045518254e-06
100,200,up,0.5,0.995,3,1.1672715022759127e-06,1.1672715022759127e-06,2.3345430045518254e-06
100,200,up,0.5,0.995,4,1.1672715022759127e-06,1.1672715022759127e-06,2.3345430045518254e-06
100,200,up,0.5,0.995,5,1.1672715022759127e-06,1.1672715022759127e-06,2.3345430045518254e-06
100,200,up,0.5,0.995,6,1.1672715022759127e-06,1.1672715022759127e-06,2.3345430045518254e-06
100,200,up,0.5,0.995,7,1.1672715022759127e-06,1.1672715022759127e-06,2.3345430045518254e-06
100,200,up,0.5,0.995,8,1.1672715022759127e-06,1.1672715022759127e-06,2.3345430045518254e-06
100,200,up,0.5,0.995,9,1.1672715022759127e-06,1.1672715022759127e-06,2.3345430045518254e-06
100,200,up,0.5,0.995,10,1.1672715022759127e-06,1.1672715022759127e-06,2.3345430045518254e-06
100,200,up,0.5,0.995,11,1.1672715022759127e-06,1.1672715022759127e-06,2.3345430045518254e-06
100,200,up,2.0,0.995,0,2.346185325900918e-05,2.346185325900918e-05,4.692370651801836e-05
100,200,up,2.0,0.995,1,2.346185325901029e-05,2.346185325900807e-05,4.692370651801836e-05
100,200,up,2.0,0.995,2,2.346185325900918e-05,2.346185325900918e-05,4.692370651801836e-05
100,200,up,2.0,0.995,3,2.346185325900918e-05,2.346185325900918e-05,4.692370651801836e-05
100,200,up,2.0,0.995,4,2.346185325900918e-05,2.346185325900918e-05,4.692370651801836e-05
100,200,up,2.0,0.995,5,2.346185325900918e-05,2.346185325900918e-05,4.692370651801836e-05
100,200,up,2.0,0.995,6,2.346185325900918e-05,2.346185325900918e-05,4.692370651801836e-05
100,200,up,2.0,0.995,7,2.346185325900918e-05,2.346185325900918e-05,4.692370651801836e-05
100,200,up,2.0,0.995,8,2.346185325900918e-05,2.346185325900918e-05,4.692370651801836e-05
100,200,up,2.0,0.995,9,2.346185325900918e-05,2.346185325900918e-05,4.692370651801836e-05
100,200,up,2.0,0.995,10,2.346185325900918e-05,2.346185325900918e-05,4.692370651801836e-05
100,200,up,2.0,0.995,11,2.346185325900918e-05,2.346185325900918e-05,4.692370651801836e-05
100,200,down,0.0,0.995,0,-3.9792989809939175e-08,-4.020088226752705e-08,-7.999387207746623e-08
100,200,down,0.0,0.995,1,-4.019945436084527e-08,-4.041523880005116e-08,-8.061469316089643e-08
100,200,down,0.0,0.995,2,-4.3385059598222144e-08,-4.0275879200635246e-08,-8.366093879885739e-08
100,200,down,0.0,0.995,3,-4.045863647661463e-08,-4.038976953779638e-08,-8.084840601441101e-08
100,200,down,0.0,0.995,4,-4.044910610900842e-08,-4.0547690787207103e-08,-8.099679689621553e-08
100,200,down,0.0,0.995,5,-4.0463344248564684e-08,-4.0502179672330385e-08,-8.096552392089507e-08
100,200,down,0.0,0.995,6,-4.017549372292706e-08,-4.071281182405073e-08,-8.08883055469778e-08
100,200,down,0.0,0.995,7,-4.112395572519745e-08,-4.094269570487086e-08,-8.206665143006831e-08
100,200,down,0.0,0.995,8,-4.032199171888351e-08,-4.046555773129512e-08,-8.078754945017864e-08
100,200,down,0.0,0.995,9,-4.0151923030862234e-08,-4.029406568406557e-08,-8.04459887149278e-08
100,200,down,0.0,0.995,10,-4.0009063013712876e-08,-4.040450903630699e-08,-8.041357205001987e-08
100,200,down,0.0,0.995,11,-4.0505531160306416e-08,-4.0107634049491023e-08,-8.061316520979743e-08
100,200,down,0.5,0.995,0,-4.903025531461935e-06,-4.903025583757881e-06,-9.806051115219815e-06
100,200,down,0.5,0.995,1,-4.320323046158592e-06,-4.320322902913176e-06,-8.640645949071767e-06
100,200,down,0.5,0.995,2,-5.272286495596745e-06,-5.272286398962933e-06,-1.0544572894559679e-05
100,200,down,0.5,0.995,3,-6.601235491530133e-06,-6.600564086625127e-06,-1.320179957815526e-05
100,200,down,0.5,0.995,4,-5.0969440218295855e-06,-5.096944070714926e-06,-1.019388809254451e-05
100,200,down,0.5,0.995,5,-5.13550441667121e-06,-5.1355044439560515e-06,-1.0271008860627263e-05
100,200,down,0.5,0.995,6,-5.243821881890653e-06,-5.24382179321492e-06,-1.0487643675105573e-05
100,200,down,0.5,0.995,7,-1.0125008402610548e-05,-1.0043459653843456e-05,-2.0168468056454e-05
100,200,down,0.5,0.995,8,-5.358926188705482e-06,-5.358926375151896e-06,-1.0717852563857378e-05
100,200,down,0.5,0.995,9,-4.6430365694050124e-06,-4.6430364886873576e-06,-9.286073058092371e-06
100,200,down,0.5,0.995,10,-4.993818079128687e-06,-4.993818024559005e-06,-9.987636103687693e-06
100,200,down,0.5,0.995,11,-5.51374956444306e-06,-5.51375531586018e-06,-1.102750488030324e-05
100,200,down,2.0,0.995,0,-5.698787564753616e-05,-5.698787564753616e-05,-0.00011397575129507232
100,200,down,2.0,0.995,1,-7.215111109232453e-05,-7.215111109232453e-05,-0.00014430222218464906
100,200,down,2.0,0.995,2,-0.0001265884293172803,-0.0001265884293187014,-0.0002531768586359817
100,200,down,2.0,0.995,3,-2.460511293307377e-05,-2.460511293307377e-05,-4.921022586614754e-05
100,200,down,2.0,0.995,4,-7.686371530510883e-05,-7.686371530510883e-05,-0.00015372743061021766
100,200,down,2.0,0.995,5,-6.733213912809788e-05,-6.733213912809788e-05,-0.00013466427825619575
100,200,down,2.0,0.995,6,-6.882799076265655e-05,-6.882799076265655e-05,-0.0001376559815253131
100,200,down,2.0,0.995,7,-6.607192091721004e-05,-6.607192091721004e-05,-0.00013214384183442008
100,200,down,2.0,0.995,8,-7.565394113470347e-05,-7.565394113470347e-05,-0.00015130788226940694
100,200,down,2.0,0.995,9,-7.21509283158639e-05,-7.21509283158639e-05,-0.0001443018566317278
100,200,down,2.0,0.995,10,-6.114080770672103e-05,-6.114080770672103e-05,-0.00012228161541344207
100,200,down,2.0,0.995,11,-7.3627149647848e-05,-7.3627149647848e-05,-0.000147254299295696
100,200,fresh,0.0,1.0,0,6.892453064388793e-05,6.7401705101795e-05,0.00013632623574568294
100,200,fresh,0.0,1.0,1,6.740725902973143e-05,6.654754725557432e-05,0.00013395480628530576
100,200,fresh,0.0,1.0,2,4.876930085449316e-05,6.71072947075524e-05,0.00011587659556204556
100,200,fresh,0.0,1.0,3,6.636978022766415e-05,6.665110399397544e-05,0.0001330208842216396
100,200,fresh,0.0,1.0,4,6.64089580923477e-05,6.599968866775053e-05,0.00013240864676009823
100,200,fresh,0.0,1.0,5,6.635039076060667e-05,6.618971919265415e-05,0.0001325401099532608
100,200,fresh,0.0,1.0,6,6.750030525075946e-05,6.529401313907779e-05,0.00013279431838983724
100,200,fresh,0.0,1.0,7,6.341859240651005e-05,6.426714386791099e-05,0.00012768573627442104
100,200,fresh,0.0,1.0,8,6.692391967400901e-05,6.634126361964033e-05,0.00013326518329364933
100,200,fresh,0.0,1.0,9,6.759138849409929e-05,6.703519958448645e-05,0.00013462658807858574
100,200,fresh,0.0,1.0,10,6.813388312894909e-05,6.659124563824558e-05,0.00013472512876719467
100,200,fresh,0.0,1.0,11,6.617578234421773e-05,6.776129725843293e-05,0.00013393707960265066
100,200,fresh,0.5,1.0,0,0.00012743863985599125,0.00012753028446691795,0.0002549689243229092
100,200,fresh,0.5,1.0,1,0.0001349653189040867,0.00013496372143303792,0.0002699290403371246
100,200,fresh,0.5,1.0,2,0.00013136840547098405,0.0001313762161294929,0.00026274462160047696
100,200,fresh,0.5,1.0,3,0.0001327319311256092,0.0001327324362311333,0.0002654643673567425
100,200,fresh,0.5,1.0,4,0.0001315659623501686,0.0001315650924539935,0.0002631310548041621
100,200,fresh,0.5,1.0,5,0.00013175507383233364,0.00013175474214232263,0.00026350981597465627
100,200,fresh,0.5,1.0,6,0.00013391785614170427,0.00013391494681854187,0.0002678328029602461
100,200,fresh,0.5,1.0,7,0.00012257376240715212,0.00012258790848195032,0.00024516167088910244
100,200,fresh,0.5,1.0,8,0.00013332705371625565,0.0001333260513203227,0.00026665310503657834
100,200,fresh,0.5,1.0,9,0.00013637581119601893,0.00013637431730929796,0.0002727501285053169
100,200,fresh,0.5,1.0,10,0.00013887433149871507,0.0001388710436997065,0.00027774537519842157
100,200,fresh,0.5,1.0,11,0.00013561252935950563,0.00013561503963331666,0.0002712275689928223
100,200,fresh,2.0,1.0,0,0.0003185303149200103,0.0003185303149550334,0.0006370606298750437
100,200,fresh,2.0,1.0,1,0.0003450339639805133,0.00034503396397898123,0.0006900679279594946
100,200,fresh,2.0,1.0,2,0.000321574463028953,0.0003215744630366224,0.0006431489260655754
100,200,fresh,2.0,1.0,3,0.00032931236205638645,0.00032931236205669957,0.000658624724113086
100,200,fresh,2.0,1.0,4,0.0003222236982538529,0.0003222236982530136,0.0006444473965068664
100,200,fresh,2.0,1.0,5,0.00032338130103050643,0.00032338130103021776,0.0006467626020607241
100,200,fresh,2.0,1.0,6,0.00033408701456958957,0.00033408701456785983,0.0006681740291374494
100,200,fresh,2.0,1.0,7,0.00027222465516459906,0.00027222465881821423,0.0005444493139828133
100,200,fresh,2.0,1.0,8,0.00033277693342027235,0.0003327769334196684,0.0006655538668399407
100,200,fresh,2.0,1.0,9,0.0002526863991536421,0.00025268818125480206,0.0005053745804084442
100,200,fresh,2.0,1.0,10,0.00027266738846029484,0.0002726674802789164,0.0005453348687392112
100,200,fresh,2.0,1.0,11,0.00034891594471576193,0.0003489159447179402,0.0006978318894337021
100,200,up,0.0,1.0,0,5.209643741560965e-05,5.209643741560965e-05,0.0001041928748312193
100,200,up,0.0,1.0,1,5.209643741560965e-05,5.209643741560965e-05,0.0001041928748312193
100,200,up,0.0,1.0,2,5.209643741560965e-05,5.209643741560965e-05,0.0001041928748312193
100,200,up,0.0,1.0,3,5.209643741560965e-05,5.209643741560965e-05,0.0001041928748312193
100,200,up,0.0,1.0,4,5.209643741560965e-05,5.209643741560965e-05,0.0001041928748312193
100,200,up,0.0,1.0,5,5.209643741560965e-05,5.209643741560965e-05,0.0001041928748312193
100,200,up,0.0,1.0,6,5.209643741560965e-05,5.209643741560965e-05,0.0001041928748312193
100,200,up,0.0,1.0,7,5.209643741560965e-05,5.209643741560965e-05,0.0001041928748312193
100,200,up,0.0,1.0,8,5.209643741560965e-05,5.209643741560965e-05,0.0001041928748312193
100,200,up,0.0,1.0,9,5.209643741560965e-05,5.209643741560965e-05,0.0001041928748312193
100,200,up,0.0,1.0,10,5.209643741560965e-05,5.209643741560965e-05,0.0001041928748312193
100,200,up,0.0,1.0,11,5.209643741560965e-05,5.209643741560965e-05,0.0001041928748312193
100,200,up,0.5,1.0,0,8.406698181184446e-05,8.406698181184446e-05,0.00016813396362368892
100,200,up,0.5,1.0,1,8.406698181185224e-05,8.406698181185224e-05,0.00016813396362370448
100,200,up,0.5,1.0,2,8.406698181184446e-05,8.406698181184446e-05,0.00016813396362368892
100,200,up,0.5,1.0,3,8.406698181184446e-05,8.406698181184446e-05,0.00016813396362368892
100,200,up,0.5,1.0,4,8.406698181184446e-05,8.406698181184446e-05,0.00016813396362368892
100,200,up,0.5,1.0,5,8.406698181184446e-05,8.406698181184446e-05,0.00016813396362368892
100,200,up,0.5,1.0,6,8.406698181184446e-05,8.406698181184446e-05,0.00016813396362368892
100,200,up,0.5,1.0,7,8.406698181184446e-05,8.406698181184446e-05,0.00016813396362368892
100,200,up,0.5,1.0,8,8.406698181184446e-05,8.406698181184446e-05,0.00016813396362368892
100,200,up,0.5,1.0,9,8.406698181184446e-05,8.406698181184446e-05,0.00016813396362368892
100,200,up,0.5,1.0,10,8.406698181184446e-05,8.406698181184446e-05,0.00016813396362368892
100,200,up,0.5,1.0,11,8.406698181184446e-05,8.406698181184446e-05,0.00016813396362368892
100,200,up,2.0,1.0,0,0.00012515230381497045,0.00012515230381497045,0.0002503046076299409
100,200,up,2.0,1.0,1,0.00012515230381497045,0.00012515230381497045,0.0002503046076299409
100,200,up,2.0,1.0,2,0.00012515230381497045,0.00012515230381497045,0.0002503046076299409
100,200,up,2.0,1.0,3,0.00012515230381497045,0.00012515230381497045,0.0002503046076299409
100,200,up,2.0,1.0,4,0.00012515230381497045,0.00012515230381497045,0.0002503046076299409
100,200,up,2.0,1.0,5,0.00012515230381497045,0.00012515230381497045,0.0002503046076299409
100,200,up,2.0,1.0,6,0.00012515230381497045,0.00012515230381497045,0.0002503046076299409
100,200,up,2.0,1.0,7,0.00012515230381497045,0.00012515230381497045,0.0002503046076299409
100,200,up,2.0,1.0,8,0.00012515230381497045,0.00012515230381497045,0.0002503046076299409
100,200,up,2.0,1.0,9,0.00012515230381497045,0.00012515230381497045,0.0002503046076299409
100,200,up,2.0,1.0,10,0.00012515230381497045,0.00012515230381497045,0.0002503046076299409
100,200,up,2.0,1.0,11,0.00012515230381497045,0.00012515230381497045,0.0002503046076299409
100,200,down,0.0,1.0,0,8.960191693404341e-05,6.56235167525665e-05,0.0001552254336866099
100,200,down,0.0,1.0,1,6.569305275206716e-05,5.6064338516534916e-05,0.00012175739126860208
100,200,down,0.0,1.0,2,5.600115218840074e-06,6.208336976669671e-05,6.768348498553678e-05
100,200,down,0.0,1.0,3,5.432514328617799e-05,5.711374533007074e-05,0.00011143888861624873
100,200,down,0.0,1.0,4,5.4701872498981176e-05,5.093871249414405e-05,0.00010564058499312523
100,200,down,0.0,1.0,5,5.4140040072070404e-05,5.263956323915408e-05,0.00010677960331122448
100,200,down,0.0,1.0,6,6.687393367883487e-05,4.524745585058554e-05,0.0001121213895294204
100,200,down,0.0,1.0,7,3.376960079776836e-05,3.841205008029647e-05,7.218165087806483e-05
100,200,down,0.0,1.0,8,6.001470539445109e-05,5.4053212573990093e-05,0.00011406791796844117
100,200,down,0.0,1.0,9,6.805974134181269e-05,6.125813543235381e-05,0.0001293178767741665
100,200,down,0.0,1.0,10,7.579638012657597e-05,5.65038233503401e-05,0.00013230020347691608
100,200,down,0.0,1.0,11,5.2512157780029156e-05,7.035440321146779e-05,0.00012286656099149695
100,200,down,0.5,1.0,0,0.00029545704632539583,0.0002953908784269288,0.0005908479247523247
100,200,down,0.5,1.0,1,-0.0006216886755657924,0.030562097414386927,0.029940408738821134
100,200,down,0.5,1.0,2,9.548848663371246e-05,9.549753354917812e-05,0.00019098602018289057
100,200,down,0.5,1.0,3,1.334817261522403e-07,3.4287146831957217e-07,4.7635319447181243e-07
100,200,down,0.5,1.0,4,0.000157199107736119,0.00015718610644455567,0.00031438521418067464
100,200,down,0.5,1.0,5,0.00014035198308192775,0.0001403463533199556,0.00028069833640188336
100,200,down,0.5,1.0,6,0.00010328669645844002,0.00010329636977246537,0.0002065830662309054
100,200,down,0.5,1.0,7,7.235471100443647e-05,2.8035961444174974e-05,0.00010039067244861145
100,200,down,0.5,1.0,8,7.543453376968046e-05,7.542323242716975e-05,0.00015085776619685022
100,200,down,0.5,1.0,9,0.0010859819917175173,0.0010918942881573911,0.0021778762798749084
100,200,down,0.5,1.0,10,0.00021639961282630794,0.00021643003605049672,0.00043282964887680464
100,200,down,0.5,1.0,11,4.974298790784814e-05,4.9568518320484146e-05,9.93115062283323e-05
100,200,down,2.0,1.0,0,0.0005592969965772455,0.0005592969970294348,0.0011185939936066802
100,200,down,2.0,1.0,1,0.00014273818215201572,0.00014273818215201572,0.00028547636430403144
100,200,down,2.0,1.0,2,1.9081873990955956e-06,1.908187445991416e-06,3.816374845087011e-06
100,200,down,2.0,1.0,3,-0.0010767172378098166,0.030339207906027354,0.02926249066821754
100,200,down,2.0,1.0,4,9.661043417665383e-05,9.661043417722226e-05,0.00019322086835387608
100,200,down,2.0,1.0,5,0.00021355821291550115,0.00021355821291521693,0.0004271164258307181
100,200,down,2.0,1.0,6,0.00018821669785154427,0.00018821669785126004,0.0003764333957028043
100,200,down,2.0,1.0,7,0.00023786944059807523,0.00023786944059835946,0.0004757388811964347
100,200,down,2.0,1.0,8,0.00010682999285009487,0.00010682999285037909,0.00021365998570047396
100,200,down,2.0,1.0,9,0.00014274034103024748,0.00014274034103053167,0.0002854806820607791
100,200,down,2.0,1.0,10,0.00036988334576520287,0.0003698833457762873,0.0007397666915414902
100,200,down,2.0,1.0,11,0.0001263393250910383,0.00012633932509075406,0.00025267865018179235
100,200,fresh,0.0,1.005,0,0.09463453738454689,0.09467588727565765,0.18931042466020453
100,200,fresh,0.0,1.005,1,0.09467570806273436,0.09470647051179468,0.18938217857452905
100,200,fresh,0.0,1.005,2,0.12219245577401695,0.09468573287844613,0.21687818865246308
100,200,fresh,0.0,1.005,3,0.09471366284205356,0.09470242093546981,0.18941608377752336
100,200,fresh,0.0,1.005,4,0.09471205101500445,0.09472967274337143,0.18944172375837587
100,200,fresh,0.0,1.005,5,0.09471446623815861,0.09472127148730991,0.1894357377254685
100,200,fresh,0.0,1.005,6,0.09467274037661845,0.0947645671786889,0.18943730755530735
100,200,fresh,0.0,1.005,7,0.0948950218020278,0.09482794186590372,0.1897229636679315
100,200,fresh,0.0,1.005,8,0.09469222289241755,0.09471484573015075,0.1894070686225683
100,200,fresh,0.0,1.005,9,0.09466989773126377,0.09468825067082587,0.18935814840208964
100,200,fresh,0.0,1.005,10,0.0946541708737233,0.09470474934832002,0.18935892022204331
100,200,fresh,0.0,1.005,11,0.09472187444512313,0.09466475519317942,0.18938662963830255
100,200,fresh,0.5,1.005,0,0.030608739318887093,0.030659030957939218,0.06126777027682631
100,200,fresh,0.5,1.005,1,0.061987244867163574,0.061986905248832214,0.12397415011599579
100,200,fresh,0.5,1.005,2,0.030682922903441646,0.030685542542647624,0.061368465446089274
100,200,fresh,0.5,1.005,3,0.06197262208630524,0.061972762051798226,0.12394538413810346
100,200,fresh,0.5,1.005,4,0.061955238861600516,0.061954962638694495,0.12391020150029501
100,200,fresh,0.5,1.005,5,0.061960865161577464,0.06196076204632314,0.1239216272079006
100,200,fresh,0.5,1.005,6,0.061929500655983745,0.06192882323661486,0.1238583238925986
100,200,fresh,0.5,1.005,7,0.0304767997215862,0.03049099241839418,0.06096779213998038
100,200,fresh,0.5,1.005,8,0.061976483680828885,0.06197622493407648,0.12395270861490537
100,200,fresh,0.5,1.005,9,0.062003055046460025,0.062002784868894906,0.12400583991535494
100,200,fresh,0.5,1.005,10,0.06196868971617974,0.06196827281918052,0.12393696253536027
100,200,fresh,0.5,1.005,11,0.0619706275526815,0.06197111456799756,0.12394174212067906
100,200,fresh,2.0,1.005,0,0.004810535473795533,0.004693039779406433,0.009503575253201967
100,200,fresh,2.0,1.005,1,0.00326481548682907,0.0032648709319133586,0.006529686418742429
100,200,fresh,2.0,1.005,2,0.004503022744756216,0.004489284471105233,0.008992307215861448
100,200,fresh,2.0,1.005,3,0.0039726629030338335,0.003972531550930435,0.007945194453964268
100,200,fresh,2.0,1.005,4,0.004444972912137122,0.004446292488697661,0.008891265400834783
100,200,fresh,2.0,1.005,5,0.004359002392559188,0.004359363690220981,0.00871836608278017
100,200,fresh,2.0,1.005,6,0.0037172658159177075,0.0037175906551704706,0.007434856471088178
100,200,fresh,2.0,1.005,7,0.028598869260648332,-0.002816699889233274,0.02578216937141506
100,200,fresh,2.0,1.005,8,0.0037829686443870904,0.0037831093698382423,0.007566078014225333
100,200,fresh,2.0,1.005,9,0.03021470368123459,-0.001201201454337849,0.02901350222689674
100,200,fresh,2.0,1.005,10,0.02925535445139875,-0.002160548654837139,0.02709480579656161
100,200,fresh,2.0,1.005,11,0.0031383841787667797,0.003138337195912011,0.0062767213746787905
100,200,up,0.0,1.005,0,0.0958701940520702,0.0958701940520702,0.1917403881041404
100,200,up,0.0,1.005,1,0.0958701940520702,0.0958701940520702,0.1917403881041404
100,200,up,0.0,1.005,2,0.0958701940520702,0.0958701940520702,0.1917403881041404
100,200,up,0.0,1.005,3,0.0958701940520702,0.0958701940520702,0.1917403881041404
100,200,up,0.0,1.005,4,0.0958701940520702,0.0958701940520702,0.1917403881041404
100,200,up,0.0,1.005,5,0.0958701940520702,0.0958701940520702,0.1917403881041404
100,200,up,0.0,1.005,6,0.0958701940520702,0.0958701940520702,0.1917403881041404
100,200,up,0.0,1.005,7,0.0958701940520702,0.0958701940520702,0.1917403881041404
100,200,up,0.0,1.005,8,0.0958701940520702,0.0958701940520702,0.1917403881041404
100,200,up,0.0,1.005,9,0.0958701940520702,0.0958701940520702,0.1917403881041404
100,200,up,0.0,1.005,10,0.0958701940520702,0.0958701940520702,0.1917403881041404
100,200,up,0.0,1.005,11,0.0958701940520702,0.0958701940520702,0.1917403881041404
100,200,up,0.5,1.005,0,0.03288600824345922,0.03288600824345922,0.06577201648691844
100,200,up,0.5,1.005,1,0.03288600824345925,0.03288600824345925,0.0657720164869185
100,200,up,0.5,1.005,2,0.03288600824345922,0.03288600824345922,0.06577201648691844
100,200,up,0.5,1.005,3,0.03288600824345922,0.03288600824345922,0.06577201648691844
100,200,up,0.5,1.005,4,0.03288600824345922,0.03288600824345922,0.06577201648691844
100,200,up,0.5,1.005,5,0.03288600824345922,0.03288600824345922,0.06577201648691844
100,200,up,0.5,1.005,6,0.03288600824345922,0.03288600824345922,0.06577201648691844
100,200,up,0.5,1.005,7,0.03288600824345922,0.03288600824345922,0.06577201648691844
100,200,up,0.5,1.005,8,0.03288600824345922,0.03288600824345922,0.06577201648691844
100,200,up,0.5,1.005,9,0.03288600824345922,0.03288600824345922,0.06577201648691844
100,200,up,0.5,1.005,10,0.03288600824345922,0.03288600824345922,0.06577201648691844
100,200,up,0.5,1.005,11,0.03288600824345922,0.03288600824345922,0.06577201648691844
100,200,up,2.0,1.005,0,0.030744258138152132,0.030744258138152132,0.061488516276304264
100,200,up,2.0,1.005,1,0.03074425813815215,0.03074425813815215,0.0614885162763043
100,200,up,2.0,1.005,2,0.030744258138152132,0.030744258138152132,0.061488516276304264
100,200,up,2.0,1.005,3,0.030744258138152132,0.030744258138152132,0.061488516276304264
100,200,up,2.0,1.005,4,0.030744258138152132,0.030744258138152132,0.061488516276304264
100,200,up,2.0,1.005,5,0.030744258138152132,0.030744258138152132,0.061488516276304264
100,200,up,2.0,1.005,6,0.030744258138152132,0.030744258138152132,0.061488516276304264
100,200,up,2.0,1.005,7,0.030744258138152132,0.030744258138152132,0.061488516276304264
100,200,up,2.0,1.005,8,0.030744258138152132,0.030744258138152132,0.061488516276304264
100,200,up,2.0,1.005,9,0.030744258138152132,0.030744258138152132,0.061488516276304264
100,200,up,2.0,1.005,10,0.030744258138152132,0.030744258138152132,0.061488516276304264
100,200,up,2.0,1.005,11,0.030744258138152132,0.030744258138152132,0.061488516276304264
100,200,down,0.0,1.005,0,0.09464438125438164,0.11780181922043084,0.2124462004748125
100,200,down,0.0,1.005,1,0.11746244912453108,0.10675054296575467,0.22421299209028575
100,200,down,0.0,1.005,2,0.09459246550719853,0.12236399721739417,0.2169564627245927
100,200,down,0.0,1.005,3,0.09835984562635985,0.11608352045790753,0.2144433660842674
100,200,down,0.0,1.005,4,0.09920618041049238,0.09577620633818242,0.1949823867486748
100,200,down,0.0,1.005,5,0.0980327376914704,0.09650227373531266,0.19453501142678306
100,200,down,0.0,1.005,6,0.10690678152302667,0.09501337828019019,0.20192015980321687
100,200,down,0.0,1.005,7,0.09471138763150634,0.09477910263923035,0.1894904902707367
100,200,down,0.0,1.005,8,0.12204386322454638,0.09789502376547034,0.21993888699001674
100,200,down,0.0,1.005,9,0.09935659536414505,0.12237701891177494,0.22173361427591998
100,200,down,0.0,1.005,10,0.09501822499463969,0.11113191145960627,0.20615013645424596
100,200,down,0.0,1.005,11,0.0964253200764142,0.09621199734770243,0.19263731742411663
100,200,down,0.5,1.005,0,0.0030197972827164677,0.03420509798021442,0.037224895262930886
100,200,down,0.5,1.005,1,0.02964628671607045,0.029450103025041585,0.05909638974111203
100,200,down,0.5,1.005,2,0.030667655073380047,0.030663990200341686,0.06133164527372173
100,200,down,0.5,1.005,3,0.030600528424453727,0.030615957577982158,0.061216486002435885
100,200,down,0.5,1.005,4,0.0017349553821060227,0.03307487002676169,0.03480982540886771
100,200,down,0.5,1.005,5,0.0034201386785235855,0.03243000196059086,0.035850140639114444
100,200,down,0.5,1.005,6,0.03048943722758679,0.03047878690503751,0.0609682241326243
100,200,down,0.5,1.005,7,0.030445974436719894,0.03047470614993756,0.06092068058665745
100,200,down,0.5,1.005,8,0.030845927646032577,0.030846385583206484,0.06169231322923906
100,200,down,0.5,1.005,9,0.029641611232050308,0.02756743983281808,0.057209051064868385
100,200,down,0.5,1.005,10,0.03312066148513395,0.0017291179854680649,0.03484977947060201
100,200,down,0.5,1.005,11,0.03085754879193132,0.030855414181854713,0.061712962973786034
100,200,down,2.0,1.005,0,0.0016758238979734585,0.0016758315074382323,0.0033516554054116906
100,200,down,2.0,1.005,1,-0.0006631207692939256,0.03075280574730215,0.03008968497800822
100,200,down,2.0,1.005,2,0.03051724287594112,-0.0008986832191911275,0.029618559656749994
100,200,down,2.0,1.005,3,0.004714763506219697,0.004639956403795793,0.00935471991001549
100,200,down,2.0,1.005,4,-0.0005761517272463835,0.030839774807451193,0.030263623080204808
100,200,down,2.0,1.005,5,0.030249056228538934,-0.0011668694638642307,0.029082186764674705
100,200,down,2.0,1.005,6,0.030511280646833824,-0.0009046455758547722,0.02960663507097905
100,200,down,2.0,1.005,7,-0.0015847990493084295,0.029831125307437815,0.028246326258129385
100,200,down,2.0,1.005,8,-0.000585153748168068,0.030830772785310784,0.030245619037142717
100,200,down,2.0,1.005,9,-0.0006618972481776098,0.030754029264210628,0.03009213201603302
100,200,down,2.0,1.005,10,0.0026042328199484643,0.002672941584740585,0.005277174404689049
100,200,down,2.0,1.005,11,0.030790551236481035,-0.000625375297603199,0.030165175938877836
100,200,fresh,0.0,1.01,0,0.12718438419725,0.1271307108939768,0.2543150950912268
100,200,fresh,0.0,1.01,1,0.12713075757407385,0.12713717488722234,0.2542679324612962
100,200,fresh,0.0,1.01,2,0.1549154002984481,0.12712984771970898,0.2820452480181571
100,200,fresh,0.0,1.01,3,0.1271420613078824,0.12713490837673816,0.25427696968462055
100,200,fresh,0.0,1.01,4,0.12714087502973245,0.12715640723166627,0.2542972822613987
100,200,fresh,0.0,1.01,5,0.12714267150691952,0.12714832323628475,0.25429099474320427
100,200,fresh,0.0,1.01,6,0.12713170530800588,0.12720060786470763,0.25433231317271354
100,200,fresh,0.0,1.01,7,0.1274555370929275,0.12731122448317297,0.25476676157610045
100,200,fresh,0.0,1.01,8,0.12713093173111756,0.12714296405674377,0.2542738957878613
100,200,fresh,0.0,1.01,9,0.12713293462764763,0.1271301236690035,0.25426305829665113
100,200,fresh,0.0,1.01,10,0.12714635575569364,0.12713616693631472,0.25428252269200835
100,200,fresh,0.0,1.01,11,0.1271488640722604,0.12713601944800848,0.2542848835202689
100,200,fresh,0.5,1.01,0,0.0324967235285363,0.03249334871520136,0.06499007224373766
100,200,fresh,0.5,1.01,1,0.06438423859360255,0.06436934475716907,0.12875358335077164
100,200,fresh,0.5,1.01,2,0.032587332359701286,0.03252485308264561,0.0651121854423469
100,200,fresh,0.5,1.01,3,0.06416561305664178,0.06416845205142588,0.12833406510806766
100,200,fresh,0.5,1.01,4,0.06409728928312759,0.06409310893333094,0.12819039821645853
100,200,fresh,0.5,1.01,5,0.0641017969852419,0.06410021085376641,0.12820200783900831
100,200,fresh,0.5,1.01,6,0.06447605799092629,0.06443537664618715,0.12891143463711344
100,200,fresh,0.5,1.01,7,0.03238228595842598,0.03237513375705188,0.06475741971547785
100,200,fresh,0.5,1.01,8,0.06422174445821921,0.06421528406137215,0.12843702851959138
100,200,fresh,0.5,1.01,9,0.06451424611809106,0.06449675523325514,0.1290110013513462
100,200,fresh,0.5,1.01,10,0.06530631646110222,0.06515787307295497,0.1304641895340572
100,200,fresh,0.5,1.01,11,0.06451915516060003,0.06455472962810005,0.12907388478870008
100,200,fresh,2.0,1.01,0,0.03129722811310125,-0.00011869841697664362,0.031178529696124602
100,200,fresh,2.0,1.01,1,0.031153111489074924,0.03115311148917743,0.06230622297825235
100,200,fresh,2.0,1.01,2,0.031311076099659496,-0.00010485036997476494,0.03120622572968473
100,200,fresh,2.0,1.01,3,0.031176851411066395,0.031176851411048024,0.062353702822114415
100,200,fresh,2.0,1.01,4,0.031168859718099472,0.031168859718153863,0.06233771943625334
100,200,fresh,2.0,1.01,5,0.031179513183100388,0.031179513183117277,0.062359026366217665
100,200,fresh,2.0,1.01,6,0.03112234280474768,0.0311223428049077,0.062244685609655376
100,200,fresh,2.0,1.01,7,0.03133482859435193,-8.109753309267775e-05,0.031253731061259254
100,200,fresh,2.0,1.01,8,0.03117265839786249,0.031172658397898876,0.062345316795761364
100,200,fresh,2.0,1.01,9,0.03145787749658483,4.23105692955561e-05,0.03150018806588039
100,200,fresh,2.0,1.01,10,0.03138085289070487,-3.5063191342260544e-05,0.03134578969936261
100,200,fresh,2.0,1.01,11,0.03112937983883567,0.031129379838660425,0.0622587596774961
100,200,up,0.0,1.01,0,0.15434096711218165,0.15434096711218165,0.3086819342243633
100,200,up,0.0,1.01,1,0.15434096711218165,0.15434096711218165,0.3086819342243633
100,200,up,0.0,1.01,2,0.15434096711218165,0.15434096711218165,0.3086819342243633
100,200,up,0.0,1.01,3,0.15434096711218165,0.15434096711218165,0.3086819342243633
100,200,up,0.0,1.01,4,0.15434096711218165,0.15434096711218165,0.3086819342243633
100,200,up,0.0,1.01,5,0.15434096711218165,0.15434096711218165,0.3086819342243633
100,200,up,0.0,1.01,6,0.15434096711218165,0.15434096711218165,0.3086819342243633
100,200,up,0.0,1.01,7,0.15434096711218165,0.15434096711218165,0.3086819342243633
100,200,up,0.0,1.01,8,0.15434096711218165,0.15434096711218165,0.3086819342243633
100,200,up,0.0,1.01,9,0.15434096711218165,0.15434096711218165,0.3086819342243633
100,200,up,0.0,1.01,10,0.15434096711218165,0.15434096711218165,0.3086819342243633
100,200,up,0.0,1.01,11,0.15434096711218165,0.15434096711218165,0.3086819342243633
100,200,up,0.5,1.01,0,0.090015293429548,0.090015293429548,0.180030586859096
100,200,up,0.5,1.01,1,0.09001529342954764,0.09001529342954769,0.18003058685909534
100,200,up,0.5,1.01,2,0.090015293429548,0.090015293429548,0.180030586859096
100,200,up,0.5,1.01,3,0.090015293429548,0.090015293429548,0.180030586859096
100,200,up,0.5,1.01,4,0.090015293429548,0.090015293429548,0.180030586859096
100,200,up,0.5,1.01,5,0.090015293429548,0.090015293429548,0.180030586859096
100,200,up,0.5,1.01,6,0.090015293429548,0.090015293429548,0.180030586859096
100,200,up,0.5,1.01,7,0.090015293429548,0.090015293429548,0.180030586859096
100,200,up,0.5,1.01,8,0.090015293429548,0.090015293429548,0.180030586859096
100,200,up,0.5,1.01,9,0.090015293429548,0.090015293429548,0.180030586859096
100,200,up,0.5,1.01,10,0.090015293429548,0.090015293429548,0.180030586859096
100,200,up,0.5,1.01,11,0.090015293429548,0.090015293429548,0.180030586859096
100,200,up,2.0,1.01,0,0.030669545506893617,0.030669545506893617,0.061339091013787234
100,200,up,2.0,1.01,1,0.03066954550689355,0.030669545506893544,0.061339091013787095
100,200,up,2.0,1.01,2,0.030669545506893617,0.030669545506893617,0.061339091013787234
100,200,up,2.0,1.01,3,0.030669545506893617,0.030669545506893617,0.061339091013787234
100,200,up,2.0,1.01,4,0.030669545506893617,0.030669545506893617,0.061339091013787234
100,200,up,2.0,1.01,5,0.030669545506893617,0.030669545506893617,0.061339091013787234
100,200,up,2.0,1.01,6,0.030669545506893617,0.030669545506893617,0.061339091013787234
100,200,up,2.0,1.01,7,0.030669545506893617,0.030669545506893617,0.061339091013787234
100,200,up,2.0,1.01,8,0.030669545506893617,0.030669545506893617,0.061339091013787234
100,200,up,2.0,1.01,9,0.030669545506893617,0.030669545506893617,0.061339091013787234
100,200,up,2.0,1.01,10,0.030669545506893617,0.030669545506893617,0.061339091013787234
100,200,up,2.0,1.01,11,0.030669545506893617,0.030669545506893617,0.061339091013787234
100,200,down,0.0,1.01,0,0.13036746737658292,0.15569277318908575,0.2860602405656687
100,200,down,0.0,1.01,1,0.1556950830595167,0.15415230423314255,0.30984738729265926
100,200,down,0.0,1.01,2,0.1275044941777219,0.15545582182078987,0.2829603159985118
100,200,down,0.0,1.01,3,0.15328668724755518,0.15451972706705647,0.30780641431461164
100,200,down,0.0,1.01,4,0.15350916509533363,0.14957947507905373,0.30308864017438736
100,200,down,0.0,1.01,5,0.1531685764696863,0.1519320987589572,0.3051006752286435
100,200,down,0.0,1.01,6,0.15572183479652948,0.13438456862499834,0.2901064034215278
100,200,down,0.0,1.01,7,0.1287080486863522,0.1295765484366973,0.2582845971230495
100,200,down,0.0,1.01,8,0.15518185906129703,0.15311101446316344,0.30829287352446044
100,200,down,0.0,1.01,9,0.15572521070889253,0.15536119313014296,0.3110864038390355
100,200,down,0.0,1.01,10,0.15496834190944583,0.15431731379659142,0.3092856557060373
100,200,down,0.0,1.01,11,0.15179825012158404,0.15566170644304633,0.3074599565646304
100,200,down,0.5,1.01,0,0.029464616910233873,0.060826387981279595,0.09029100489151347
100,200,down,0.5,1.01,1,0.060926358234007126,0.029554580264230593,0.09048093849823771
100,200,down,0.5,1.01,2,0.032370213310260285,0.03236724031385904,0.06473745362411933
100,200,down,0.5,1.01,3,0.03162385271324013,0.04882569618722471,0.08044954890046484
100,200,down,0.5,1.01,4,0.03416267909302974,0.03566087840649516,0.0698235574995249
100,200,down,0.5,1.01,5,0.03053530589552281,0.06172759529588746,0.09226290119141027
100,200,down,0.5,1.01,6,0.03250600344802308,0.03250043595115301,0.0650064393991761
100,200,down,0.5,1.01,7,0.028843802803866652,0.059104866487353434,0.08794866929122008
100,200,down,0.5,1.01,8,0.0323449136859665,0.032340693662192735,0.06468560734815923
100,200,down,0.5,1.01,9,0.06100972106740983,0.029641816848081818,0.09065153791549165
100,200,down,0.5,1.01,10,0.05937704183441838,0.02880207432613588,0.08817911616055427
100,200,down,0.5,1.01,11,0.03271633181989671,0.03270779095895875,0.06542412277885545
100,200,down,2.0,1.01,0,-0.0003808595489610411,0.031032608975601193,0.030651749426640153
100,200,down,2.0,1.01,1,0.0312682497100883,-0.0001476752574950524,0.031120574452593246
100,200,down,2.0,1.01,2,-0.00010032927981825424,0.03131559717959192,0.031215267899773663
100,200,down,2.0,1.01,3,-0.00013020521488201097,0.03128572102746503,0.031155515812583023
100,200,down,2.0,1.01,4,0.03128473497371075,-0.00013119155236452685,0.031153543421346224
100,200,down,2.0,1.01,5,-0.0001419711247278599,0.031211595295917077,0.031069624171189216
100,200,down,2.0,1.01,6,-0.00015114922631511262,0.031263210595900544,0.03111206136958543
100,200,down,2.0,1.01,7,0.03054120059228026,0.00025762280901048485,0.030798823401290747
100,200,down,2.0,1.01,8,0.03127821279237594,-0.00013771372735078559,0.031140499065025157
100,200,down,2.0,1.01,9,0.03127046058496262,-0.00014546396820776407,0.031124996616754858
100,200,down,2.0,1.01,10,0.002284141439610181,0.026829351584339776,0.029113493023949957
100,200,down,2.0,1.01,11,-0.00015121056033905232,0.03126471594349169,0.03111350538315264
100,200,fresh,0.0,1.02,0,0.190975850540516,0.19035362819795476,0.3813294787384708
100,200,fresh,0.0,1.02,1,0.19035519455350214,0.19015622869987323,0.3805114232533754
100,200,fresh,0.0,1.02,2,0.19806055232292963,0.19027619898478626,0.3883367513077159
100,200,fresh,0.0,1.02,3,0.19012472255291013,0.1901759707521259,0.380300693305036
100,200,fresh,0.0,1.02,4,0.19013141427760843,0.19006813886345825,0.3801995531410667
100,200,fresh,0.0,1.02,5,0.19012146231559654,0.19009572939087913,0.38021719170647567
100,200,fresh,0.0,1.02,6,0.19038204916947749,0.18999004694039748,0.380372096109875
100,200,fresh,0.0,1.02,7,0.18993281212910168,0.18993477860899813,0.37986759073809984
100,200,fresh,0.0,1.02,8,0.1902331944602083,0.19011993936519692,0.38035313382540525
100,200,fresh,0.0,1.02,9,0.19040948752769082,0.19025883526252563,0.38066832279021645
100,200,fresh,0.0,1.02,10,0.19059908792450816,0.19016443158786356,0.38076351951237175
100,200,fresh,0.0,1.02,11,0.19009360303459452,0.19046386713830313,0.38055747017289765
100,200,fresh,0.5,1.02,0,0.061337997496342445,0.061325873101610744,0.1226638705979532
100,200,fresh,0.5,1.02,1,0.09503939268164449,0.09504246643480112,0.1900818591164456
100,200,fresh,0.5,1.02,2,0.06110224855625045,0.061147423865687764,0.12224967242193821
100,200,fresh,0.5,1.02,3,0.09528187832001743,0.09527966493915534,0.19056154325917277
100,200,fresh,0.5,1.02,4,0.09529107988127634,0.09529534994231675,0.19058642982359308
100,200,fresh,0.5,1.02,5,0.09534371999134883,0.09534553325887377,0.1906892532502226
100,200,fresh,0.5,1.02,6,0.09463145151718542,0.0946327375379175,0.18926418905510292
100,200,fresh,0.5,1.02,7,0.06086654571576359,0.06083323233139961,0.1216997780471632
100,200,fresh,0.5,1.02,8,0.09519341968961091,0.09519680577639913,0.19039022546601003
100,200,fresh,0.5,1.02,9,0.09503218340724945,0.09503466942779243,0.19006685283504188
100,200,fresh,0.5,1.02,10,0.09459844665894782,0.09459911716049271,0.18919756381944053
100,200,fresh,0.5,1.02,11,0.09480266531487114,0.09480066097411147,0.1896033262889826
100,200,fresh,2.0,1.02,0,0.026707570565961455,0.026627166602032792,0.05333473716799425
100,200,fresh,2.0,1.02,1,0.03382934062449301,0.033829399260606616,0.06765873988509963
100,200,fresh,2.0,1.02,2,0.02726591266574845,0.02726149631097972,0.05452740897672817
100,200,fresh,2.0,1.02,3,0.03481266867509941,0.03481238485870393,0.06962505353380334
100,200,fresh,2.0,1.02,4,0.035007250823306586,0.03500875020329648,0.07001600102660308
100,200,fresh,2.0,1.02,5,0.03523845515616269,0.03523925853549878,0.07047771369166148
100,200,fresh,2.0,1.02,6,0.03369622523978629,0.03369629214998257,0.06739251738976887
100,200,fresh,2.0,1.02,7,0.029012309833855346,0.02900932970211167,0.05802163953596702
100,200,fresh,2.0,1.02,8,0.03455028182052949,0.03455054324165916,0.06910082506218865
100,200,fresh,2.0,1.02,9,0.02952152245854881,0.030144232087303626,0.059665754545852434
100,200,fresh,2.0,1.02,10,0.029477917990764504,0.029474568687087244,0.058952486677851745
100,200,fresh,2.0,1.02,11,0.03348513325129455,0.03348510930647773,0.06697024255777229
100,200,up,0.0,1.02,0,0.1899326239859782,0.1899326239859782,0.3798652479719564
100,200,up,0.0,1.02,1,0.1899326239859782,0.1899326239859782,0.3798652479719564
100,200,up,0.0,1.02,2,0.1899326239859782,0.1899326239859782,0.3798652479719564
100,200,up,0.0,1.02,3,0.1899326239859782,0.1899326239859782,0.3798652479719564
100,200,up,0.0,1.02,4,0.1899326239859782,0.1899326239859782,0.3798652479719564
100,200,up,0.0,1.02,5,0.1899326239859782,0.1899326239859782,0.3798652479719564
100,200,up,0.0,1.02,6,0.1899326239859782,0.1899326239859782,0.3798652479719564
100,200,up,0.0,1.02,7,0.1899326239859782,0.1899326239859782,0.3798652479719564
100,200,up,0.0,1.02,8,0.1899326239859782,0.1899326239859782,0.3798652479719564
100,200,up,0.0,1.02,9,0.1899326239859782,0.1899326239859782,0.3798652479719564
100,200,up,0.0,1.02,10,0.1899326239859782,0.1899326239859782,0.3798652479719564
100,200,up,0.0,1.02,11,0.1899326239859782,0.1899326239859782,0.3798652479719564
100,200,up,0.5,1.02,0,0.11732437425581964,0.11732437425581964,0.23464874851163928
100,200,up,0.5,1.02,1,0.11732437425581722,0.1173243742558173,0.23464874851163453
100,200,up,0.5,1.02,2,0.11732437425581964,0.11732437425581964,0.23464874851163928
100,200,up,0.5,1.02,3,0.11732437425581964,0.11732437425581964,0.23464874851163928
100,200,up,0.5,1.02,4,0.11732437425581964,0.11732437425581964,0.23464874851163928
100,200,up,0.5,1.02,5,0.11732437425581964,0.11732437425581964,0.23464874851163928
100,200,up,0.5,1.02,6,0.11732437425581964,0.11732437425581964,0.23464874851163928
100,200,up,0.5,1.02,7,0.11732437425581964,0.11732437425581964,0.23464874851163928
100,200,up,0.5,1.02,8,0.11732437425581964,0.11732437425581964,0.23464874851163928
100,200,up,0.5,1.02,9,0.11732437425581964,0.11732437425581964,0.23464874851163928
100,200,up,0.5,1.02,10,0.11732437425581964,0.11732437425581964,0.23464874851163928
100,200,up,0.5,1.02,11,0.11732437425581964,0.11732437425581964,0.23464874851163928
100,200,up,2.0,1.02,0,0.032351123716725765,0.032351123716725765,0.06470224743345153
100,200,up,2.0,1.02,1,0.0323511237167258,0.0323511237167258,0.0647022474334516
100,200,up,2.0,1.02,2,0.032351123716725765,0.032351123716725765,0.06470224743345153
100,200,up,2.0,1.02,3,0.032351123716725765,0.032351123716725765,0.06470224743345153
100,200,up,2.0,1.02,4,0.032351123716725765,0.032351123716725765,0.06470224743345153
100,200,up,2.0,1.02,5,0.032351123716725765,0.032351123716725765,0.06470224743345153
100,200,up,2.0,1.02,6,0.032351123716725765,0.032351123716725765,0.06470224743345153
100,200,up,2.0,1.02,7,0.032351123716725765,0.032351123716725765,0.06470224743345153
100,200,up,2.0,1.02,8,0.032351123716725765,0.032351123716725765,0.06470224743345153
100,200,up,2.0,1.02,9,0.032351123716725765,0.032351123716725765,0.06470224743345153
100,200,up,2.0,1.02,10,0.032351123716725765,0.032351123716725765,0.06470224743345153
100,200,up,2.0,1.02,11,0.032351123716725765,0.032351123716725765,0.06470224743345153
100,200,down,0.0,1.02,0,0.2170488312015732,0.1910391957803631,0.4080880269819363
100,200,down,0.0,1.02,1,0.19105593636687787,0.19005759079439372,0.38111352716127156
100,200,down,0.0,1.02,2,0.19051305136287056,0.190453966954949,0.38096701831781954
100,200,down,0.0,1.02,3,0.19000639864897154,0.19009829033161055,0.3801046889805821
100,200,down,0.0,1.02,4,0.19001598052005647,0.1899492864238073,0.3799652669438638
100,200,down,0.0,1.02,5,0.19000196632091956,0.18997208614980537,0.3799740524707249
100,200,down,0.0,1.02,6,0.19138821831177666,0.18993109288726145,0.3813193111990381
100,200,down,0.0,1.02,7,0.190030530799213,0.18997708714130113,0.38000761794051413
100,200,down,0.0,1.02,8,0.1902644352247819,0.18999994775263646,0.3802643829774184
100,200,down,0.0,1.02,9,0.1918421802253863,0.19036910895199866,0.38221128917738495
100,200,down,0.0,1.02,10,0.20780365703328357,0.19007362616552315,0.3978772831988067
100,200,down,0.0,1.02,11,0.1899700024606693,0.1933465893341588,0.38331659179482813
100,200,down,0.5,1.02,0,0.033512789358778716,0.06465715646432614,0.09816994582310486
100,200,down,0.5,1.02,1,0.09435160013482174,0.09435168854093547,0.1887032886757572
100,200,down,0.5,1.02,2,0.06039168387541679,0.05944040357885228,0.11983208745426907
100,200,down,0.5,1.02,3,0.05907743610270188,0.05975176351886546,0.11882919962156734
100,200,down,0.5,1.02,4,0.03325922361729511,0.06457728693011233,0.09783651054740744
100,200,down,0.5,1.02,5,0.06073569267857238,0.06171219422344393,0.1224478869020163
100,200,down,0.5,1.02,6,0.06657873736406372,0.03936293546091178,0.1059416728249755
100,200,down,0.5,1.02,7,0.0592377871352619,0.059806686424630016,0.11904447355989192
100,200,down,0.5,1.02,8,0.06101357280891307,0.06103633457863907,0.12204990738755214
100,200,down,0.5,1.02,9,0.06449559979198853,0.036332370517873185,0.10082797030986171
100,200,down,0.5,1.02,10,0.060650904163221636,0.060351066760626966,0.1210019709238486
100,200,down,0.5,1.02,11,0.06120551806136575,0.06143209693326355,0.1226376149946293
100,200,down,2.0,1.02,0,0.03448924062114557,0.0030762619847273243,0.037565502605872894
100,200,down,2.0,1.02,1,0.03275484870462563,0.0013389545145507497,0.034093803219176384
100,200,down,2.0,1.02,2,0.02862412665176663,0.028626819539235272,0.057250946191001906
100,200,down,2.0,1.02,3,0.02832439856460283,0.028321955302255758,0.05664635386685859
100,200,down,2.0,1.02,4,0.033698732144283955,0.002283094808875319,0.035981826953159275
100,200,down,2.0,1.02,5,0.001483294129079553,0.03289919811853778,0.03438249224761734
100,200,down,2.0,1.02,6,0.0013131651037072345,0.03272907008120612,0.03404223518491335
100,200,down,2.0,1.02,7,0.03303116640778413,0.0016152562510312407,0.034646422658815366
100,200,down,2.0,1.02,8,0.03337702434736443,0.001961295671121519,0.03533832001848595
100,200,down,2.0,1.02,9,0.0327493290114397,0.001333438170552057,0.034082767181991755
100,200,down,2.0,1.02,10,0.033561848056015864,0.0021459772156170232,0.03570782527163289
100,200,down,2.0,1.02,11,0.0016069970248453558,0.03302289987472122,0.034629896899566574
100,200,fresh,0.0,1.05,0,0.33143774262379255,0.31989084194801315,0.6513285845718058
100,200,fresh,0.0,1.05,1,0.31991576996850907,0.3173763629362175,0.6372921329047265
100,200,fresh,0.0,1.05,2,0.31526823448878727,0.31876149834192835,0.6340297328307156
100,200,fresh,0.0,1.05,3,0.31707499878913387,0.3175772448827165,0.6346522436718504
100,200,fresh,0.0,1.05,4,0.3171371228498822,0.31658604950058533,0.6337231723504675
100,200,fresh,0.0,1.05,5,0.317045085205762,0.31681674809564536,0.6338618333014074
100,200,fresh,0.0,1.05,6,0.3203561689919537,0.3159914265835057,0.6363475955754594
100,200,fresh,0.0,1.05,7,0.3153493775642038,0.3155412508703449,0.6308906284345487
100,200,fresh,0.0,1.05,8,0.31821765036935046,0.3170311899780787,0.6352488403474292
100,200,fresh,0.0,1.05,9,0.3208313492653858,0.3185350732475265,0.6393664225129123
100,200,fresh,0.0,1.05,10,0.32467058094480095,0.31745865688021513,0.6421292378250161
100,200,fresh,0.0,1.05,11,0.31679847134637046,0.3218449113713578,0.6386433827177282
100,200,fresh,0.5,1.05,0,0.09586920374925506,0.09553767378881993,0.191406877538075
100,200,fresh,0.5,1.05,1,0.1573077096665064,0.15730801058174884,0.31461572024825524
100,200,fresh,0.5,1.05,2,0.09278368740940011,0.09324944201866836,0.1860331294280685
100,200,fresh,0.5,1.05,3,0.15757243493114528,0.15757155862017377,0.31514399355131906
100,200,fresh,0.5,1.05,4,0.15751834320568273,0.15751982023548186,0.3150381634411646
100,200,fresh,0.5,1.05,5,0.1576057274248106,0.15760649342561486,0.31521222085042544
100,200,fresh,0.5,1.05,6,0.15624741026628303,0.1562598140743514,0.31250722434063444
100,200,fresh,0.5,1.05,7,0.08199972544551443,0.09470090136745686,0.17670062681297127
100,200,fresh,0.5,1.05,8,0.1574737263502244,0.15747473339582996,0.31494845974605434
100,200,fresh,0.5,1.05,9,0.1573626024398306,0.1573628330822223,0.3147254355220529
100,200,fresh,0.5,1.05,10,0.15612635094563918,0.15615234985897136,0.3122787008046105
100,200,fresh,0.5,1.05,11,0.15685468418938833,0.15685364843921076,0.3137083326285991
100,200,fresh,2.0,1.05,0,0.033776297174575705,0.0337664608491705,0.06754275802374621
100,200,fresh,2.0,1.05,1,0.06372518089387816,0.06568263220107248,0.12940781309495064
100,200,fresh,2.0,1.05,2,0.03388324853499794,0.03377468049305243,0.06765792902805037
100,200,fresh,2.0,1.05,3,0.06651685226771697,0.06752159368807487,0.13403844595579184
100,200,fresh,2.0,1.05,4,0.06573948966582516,0.0643837133121013,0.13012320297792646
100,200,fresh,2.0,1.05,5,0.06620348328160285,0.0658993672909032,0.13210285057250604
100,200,fresh,2.0,1.05,6,0.06511691502340612,0.0518084650401814,0.11692538006358752
100,200,fresh,2.0,1.05,7,0.033023095307376606,0.03302309138804555,0.06604618669542216
100,200,fresh,2.0,1.05,8,0.06915344160688969,0.06565844123723034,0.13481188284412005
100,200,fresh,2.0,1.05,9,0.03152502491194076,0.060282179772301527,0.09180720468424228
100,200,fresh,2.0,1.05,10,0.033613127184574675,0.033613130774822905,0.06722625795939757
100,200,fresh,2.0,1.05,11,0.05680979765930817,0.06381297420576632,0.12062277186507449
100,200,up,0.0,1.05,0,0.3190496375012235,0.3190496375012235,0.638099275002447
100,200,up,0.0,1.05,1,0.3190496375012235,0.3190496375012235,0.638099275002447
100,200,up,0.0,1.05,2,0.3190496375012235,0.3190496375012235,0.638099275002447
100,200,up,0.0,1.05,3,0.3190496375012235,0.3190496375012235,0.638099275002447
100,200,up,0.0,1.05,4,0.3190496375012235,0.3190496375012235,0.638099275002447
100,200,up,0.0,1.05,5,0.3190496375012235,0.3190496375012235,0.638099275002447
100,200,up,0.0,1.05,6,0.3190496375012235,0.3190496375012235,0.638099275002447
100,200,up,0.0,1.05,7,0.3190496375012235,0.3190496375012235,0.638099275002447
100,200,up,0.0,1.05,8,0.3190496375012235,0.3190496375012235,0.638099275002447
100,200,up,0.0,1.05,9,0.3190496375012235,0.3190496375012235,0.638099275002447
100,200,up,0.0,1.05,10,0.3190496375012235,0.3190496375012235,0.638099275002447
100,200,up,0.0,1.05,11,0.3190496375012235,0.3190496375012235,0.638099275002447
100,200,up,0.5,1.05,0,0.15769270225621349,0.15769270225621349,0.31538540451242697
100,200,up,0.5,1.05,1,0.15769270225621385,0.15769270225621385,0.3153854045124277
100,200,up,0.5,1.05,2,0.15769270225621349,0.15769270225621349,0.31538540451242697
100,200,up,0.5,1.05,3,0.15769270225621349,0.15769270225621349,0.31538540451242697
100,200,up,0.5,1.05,4,0.15769270225621349,0.15769270225621349,0.31538540451242697
100,200,up,0.5,1.05,5,0.15769270225621349,0.15769270225621349,0.31538540451242697
100,200,up,0.5,1.05,6,0.15769270225621349,0.15769270225621349,0.31538540451242697
100,200,up,0.5,1.05,7,0.15769270225621349,0.15769270225621349,0.31538540451242697
100,200,up,0.5,1.05,8,0.15769270225621349,0.15769270225621349,0.31538540451242697
100,200,up,0.5,1.05,9,0.15769270225621349,0.15769270225621349,0.31538540451242697
100,200,up,0.5,1.05,10,0.15769270225621349,0.15769270225621349,0.31538540451242697
100,200,up,0.5,1.05,11,0.15769270225621349,0.15769270225621349,0.31538540451242697
100,200,up,2.0,1.05,0,0.06305026262557568,0.06305026262557568,0.12610052525115137
100,200,up,2.0,1.05,1,0.06305026262557575,0.06305026262557573,0.12610052525115148
100,200,up,2.0,1.05,2,0.06305026262557568,0.06305026262557568,0.12610052525115137
100,200,up,2.0,1.05,3,0.06305026262557568,0.06305026262557568,0.12610052525115137
100,200,up,2.0,1.05,4,0.06305026262557568,0.06305026262557568,0.12610052525115137
100,200,up,2.0,1.05,5,0.06305026262557568,0.06305026262557568,0.12610052525115137
100,200,up,2.0,1.05,6,0.06305026262557568,0.06305026262557568,0.12610052525115137
100,200,up,2.0,1.05,7,0.06305026262557568,0.06305026262557568,0.12610052525115137
100,200,up,2.0,1.05,8,0.06305026262557568,0.06305026262557568,0.12610052525115137
100,200,up,2.0,1.05,9,0.06305026262557568,0.06305026262557568,0.12610052525115137
100,200,up,2.0,1.05,10,0.06305026262557568,0.06305026262557568,0.12610052525115137
100,200,up,2.0,1.05,11,0.06305026262557568,0.06305026262557568,0.12610052525115137
100,200,down,0.0,1.05,0,0.31512422624569925,0.31680817611189127,0.6319324023575905
100,200,down,0.0,1.05,1,0.3167791309333745,0.3338796191077302,0.6506587500411047
100,200,down,0.0,1.05,2,0.31672271962687204,0.3196071066116917,0.6363298262385637
100,200,down,0.0,1.05,3,0.33560753013614997,0.3319719751787886,0.6675795053149386
100,200,down,0.0,1.05,4,0.33535149409201154,0.33608051659935767,0.6714320106913692
100,200,down,0.0,1.05,5,0.33571397573601414,0.3361894379035448,0.671903413639559
100,200,down,0.0,1.05,6,0.3163652086768468,0.3319003394287995,0.6482655481056463
100,200,down,0.0,1.05,7,0.32061634177297604,0.32363461198663684,0.6442509537596128
100,200,down,0.0,1.05,8,0.3237490887520585,0.33575979873942285,0.6595088874914814
100,200,down,0.0,1.05,9,0.316064681409332,0.3209280705430933,0.6369927519524253
100,200,down,0.0,1.05,10,0.3152902783208674,0.3331756158294957,0.6484658941503632
100,200,down,0.0,1.05,11,0.3362026135079088,0.31568560036030135,0.6518882138682102
100,200,down,0.5,1.05,0,0.09467332538475091,0.09466465907374698,0.1893379844584979
100,200,down,0.5,1.05,1,0.13168669769590793,0.1534238045568668,0.28511050225277473
100,200,down,0.5,1.05,2,0.07442731905800429,0.09770527512558375,0.17213259418358803
100,200,down,0.5,1.05,3,0.09313828018149252,0.09323410226445503,0.18637238244594756
100,200,down,0.5,1.05,4,0.09364628254902925,0.09363091975769577,0.187277202306725
100,200,down,0.5,1.05,5,0.12258013885825278,0.1229476254846287,0.24552776434288148
100,200,down,0.5,1.05,6,0.09228504913092905,0.09287207064205205,0.1851571197729811
100,200,down,0.5,1.05,7,0.09323635211494605,0.09340668725313833,0.18664303936808438
100,200,down,0.5,1.05,8,0.0957235526352514,0.09606383784665866,0.19178739048191007
100,200,down,0.5,1.05,9,0.09334001955199653,0.09332753187445803,0.18666755142645455
100,200,down,0.5,1.05,10,0.09391041841582819,0.11899538548020473,0.21290580389603292
100,200,down,0.5,1.05,11,0.0941062548242985,0.09278884967179352,0.18689510449609203
100,200,down,2.0,1.05,0,0.03410119570949192,0.034099773142610416,0.06820096885210233
100,200,down,2.0,1.05,1,0.032667867112736955,0.03266786902468951,0.06533573613742646
100,200,down,2.0,1.05,2,0.05752263827654133,0.026464459282997836,0.08398709755953918
100,200,down,2.0,1.05,3,0.039087461349640196,0.03560288941218658,0.07469035076182678
100,200,down,2.0,1.05,4,0.033345679627011716,0.03334569269475836,0.06669137232177008
100,200,down,2.0,1.05,5,0.03292910000575247,0.03292951070681298,0.06585861071256545
100,200,down,2.0,1.05,6,0.03277002433628553,0.032770102977350744,0.06554012731363627
100,200,down,2.0,1.05,7,0.03299945274303354,0.03299888836846037,0.06599834111149391
100,200,down,2.0,1.05,8,0.03297183772421675,0.03297185328443504,0.0659436910086518
100,200,down,2.0,1.05,9,0.03266085282961782,0.03266085456004376,0.06532170738966159
100,200,down,2.0,1.05,10,0.0332272027734156,0.033226925033084595,0.0664541278065002
100,200,down,2.0,1.05,11,0.03308418187386167,0.03308417930250982,0.06616836117637148
100,200,fresh,0.0,1.1,0,0.4461156526258941,0.44554100547450176,0.8916566581003958
100,200,fresh,0.0,1.1,1,0.4455377806645474,0.4467870225458934,0.8923248032104408
100,200,fresh,0.0,1.1,2,0.46791235979561163,0.4457875951244391,0.9136999549200507
100,200,fresh,0.0,1.1,3,0.44730813153634796,0.44653597517788723,0.8938441067142352
100,200,fresh,0.0,1.1,4,0.44718261313017926,0.44885635144324765,0.8960389645734269
100,200,fresh,0.0,1.1,5,0.4473726466660279,0.44797327354200034,0.8953459202080283
100,200,fresh,0.0,1.1,6,0.44549088781544455,0.4541321992622363,0.8996230870776809
100,200,fresh,0.0,1.1,7,0.46526045950085143,0.4623798018599885,0.9276402613608399
100,200,fresh,0.0,1.1,8,0.446026891036835,0.4474035780677849,0.89343046910462
100,200,fresh,0.0,1.1,9,0.4454574965110524,0.44587297894219907,0.8913304754532514
100,200,fresh,0.0,1.1,10,0.44548388420195306,0.4466767404757091,0.8921606246776621
100,200,fresh,0.0,1.1,11,0.44803131393443174,0.4454260345884156,0.8934573485228474
100,200,fresh,0.5,1.1,0,0.13925368022016452,0.160548463399034,0.29980214361919855
100,200,fresh,0.5,1.1,1,0.2218609968063265,0.22194753750216656,0.4438085343084931
100,200,fresh,0.5,1.1,2,0.15679106471991655,0.12612919145571902,0.28292025617563554
100,200,fresh,0.5,1.1,3,0.22762609806514775,0.22658932302142312,0.45421542108657087
100,200,fresh,0.5,1.1,4,0.22580158496441696,0.22735828974237926,0.4531598747067962
100,200,fresh,0.5,1.1,5,0.2288809496101822,0.23024879703156387,0.4591297466417461
100,200,fresh,0.5,1.1,6,0.21867581513775008,0.21872563351599703,0.4374014486537471
100,200,fresh,0.5,1.1,7,0.15678373490661987,0.12646378856822613,0.283247523474846
100,200,fresh,0.5,1.1,8,0.22397741030917903,0.22448437394425963,0.44846178425343863
100,200,fresh,0.5,1.1,9,0.22210455497633164,0.22219241477115945,0.4442969697474911
100,200,fresh,0.5,1.1,10,0.2188460107442058,0.21891053574552985,0.4377565464897356
100,200,fresh,0.5,1.1,11,0.22012774010257752,0.22012739023218358,0.4402551303347611
100,200,fresh,2.0,1.1,0,0.05639281167613081,0.0572167872149807,0.11360959889111151
100,200,fresh,2.0,1.1,1,0.09306468544934422,0.09306471871523642,0.18612940416458063
100,200,fresh,2.0,1.1,2,0.05841683891047863,0.05880478709186862,0.11722162600234726
100,200,fresh,2.0,1.1,3,0.0936219505623659,0.09362194980660156,0.18724390036896746
100,200,fresh,2.0,1.1,4,0.09337687759026257,0.09337688135436645,0.18675375894462903
100,200,fresh,2.0,1.1,5,0.09363591713604973,0.09363591763564688,0.18727183477169662
100,200,fresh,2.0,1.1,6,0.09124272500346707,0.0912453543210285,0.18248807932449557
100,200,fresh,2.0,1.1,7,0.05885074054379393,0.0588456543030739,0.11769639484686784
100,200,fresh,2.0,1.1,8,0.09354116783210953,0.09354117006423135,0.18708233789634088
100,200,fresh,2.0,1.1,9,0.0904819837804279,0.06166176105128431,0.15214374483171222
100,200,fresh,2.0,1.1,10,0.05939632159540327,0.05928979632295885,0.11868611791836212
100,200,fresh,2.0,1.1,11,0.0919521370221493,0.09195127839798556,0.18390341542013486
100,200,up,0.0,1.1,0,0.4454264615326494,0.4454264615326494,0.8908529230652988
100,200,up,0.0,1.1,1,0.4454264615326494,0.4454264615326494,0.8908529230652988
100,200,up,0.0,1.1,2,0.4454264615326494,0.4454264615326494,0.8908529230652988
100,200,up,0.0,1.1,3,0.4454264615326494,0.4454264615326494,0.8908529230652988
100,200,up,0.0,1.1,4,0.4454264615326494,0.4454264615326494,0.8908529230652988
100,200,up,0.0,1.1,5,0.4454264615326494,0.4454264615326494,0.8908529230652988
100,200,up,0.0,1.1,6,0.4454264615326494,0.4454264615326494,0.8908529230652988
100,200,up,0.0,1.1,7,0.4454264615326494,0.4454264615326494,0.8908529230652988
100,200,up,0.0,1.1,8,0.4454264615326494,0.4454264615326494,0.8908529230652988
100,200,up,0.0,1.1,9,0.4454264615326494,0.4454264615326494,0.8908529230652988
100,200,up,0.0,1.1,10,0.4454264615326494,0.4454264615326494,0.8908529230652988
100,200,up,0.0,1.1,11,0.4454264615326494,0.4454264615326494,0.8908529230652988
100,200,up,0.5,1.1,0,0.222127189527738,0.222127189527738,0.444254379055476
100,200,up,0.5,1.1,1,0.22212718952773755,0.22212718952773755,0.4442543790554751
100,200,up,0.5,1.1,2,0.222127189527738,0.222127189527738,0.444254379055476
100,200,up,0.5,1.1,3,0.222127189527738,0.222127189527738,0.444254379055476
100,200,up,0.5,1.1,4,0.222127189527738,0.222127189527738,0.444254379055476
100,200,up,0.5,1.1,5,0.222127189527738,0.222127189527738,0.444254379055476
100,200,up,0.5,1.1,6,0.222127189527738,0.222127189527738,0.444254379055476
100,200,up,0.5,1.1,7,0.222127189527738,0.222127189527738,0.444254379055476
100,200,up,0.5,1.1,8,0.222127189527738,0.222127189527738,0.444254379055476
100,200,up,0.5,1.1,9,0.222127189527738,0.222127189527738,0.444254379055476
100,200,up,0.5,1.1,10,0.222127189527738,0.222127189527738,0.444254379055476
100,200,up,0.5,1.1,11,0.222127189527738,0.222127189527738,0.444254379055476
100,200,up,2.0,1.1,0,0.08414172718708186,0.08414172718708186,0.16828345437416373
100,200,up,2.0,1.1,1,0.08414172718708614,0.08414172718708621,0.16828345437417236
100,200,up,2.0,1.1,2,0.08414172718708186,0.08414172718708186,0.16828345437416373
100,200,up,2.0,1.1,3,0.08414172718708186,0.08414172718708186,0.16828345437416373
100,200,up,2.0,1.1,4,0.08414172718708186,0.08414172718708186,0.16828345437416373
100,200,up,2.0,1.1,5,0.08414172718708186,0.08414172718708186,0.16828345437416373
100,200,up,2.0,1.1,6,0.08414172718708186,0.08414172718708186,0.16828345437416373
100,200,up,2.0,1.1,7,0.08414172718708186,0.08414172718708186,0.16828345437416373
100,200,up,2.0,1.1,8,0.08414172718708186,0.08414172718708186,0.16828345437416373
100,200,up,2.0,1.1,9,0.08414172718708186,0.08414172718708186,0.16828345437416373
100,200,up,2.0,1.1,10,0.08414172718708186,0.08414172718708186,0.16828345437416373
100,200,up,2.0,1.1,11,0.08414172718708186,0.08414172718708186,0.16828345437416373
100,200,down,0.0,1.1,0,0.46778158895076105,0.4588771173351665,0.9266587062859275
100,200,down,0.0,1.1,1,0.458994249520199,0.4466200817849949,0.9056143313051939
100,200,down,0.0,1.1,2,0.46138426045196523,0.45241833750967203,0.9138025979616373
100,200,down,0.0,1.1,3,0.4460185651342624,0.44714129791282065,0.8931598630470831
100,200,down,0.0,1.1,4,0.4461255349151861,0.4454795634456991,0.8916050983608852
100,200,down,0.0,1.1,5,0.44597014728991213,0.4456663121200961,0.8916364594100082
100,200,down,0.0,1.1,6,0.460805075890795,0.4456888654679585,0.9064939413587535
100,200,down,0.0,1.1,7,0.44888144128927254,0.44717727260572926,0.8960587138950018
100,200,down,0.0,1.1,8,0.44952397998026183,0.44594833691136615,0.895472316891628
100,200,down,0.0,1.1,9,0.46226935288148413,0.4511294118984154,0.9133987647798996
100,200,down,0.0,1.1,10,0.4664573188725194,0.4468215174261445,0.9132788362986639
100,200,down,0.0,1.1,11,0.4456470349619542,0.46424853034395597,0.9098955653059102
100,200,down,0.5,1.1,0,0.1257253324483233,0.15627725677611382,0.2820025892244371
100,200,down,0.5,1.1,1,0.19443513060994946,0.20952629958315272,0.40396143019310216
100,200,down,0.5,1.1,2,0.1251197094264552,0.15513404374634945,0.28025375317280465
100,200,down,0.5,1.1,3,0.18964750101829395,0.18966136560931204,0.379308866627606
100,200,down,0.5,1.1,4,0.12470401211944022,0.15263931073244066,0.2773433228518809
100,200,down,0.5,1.1,5,0.22142345921937193,0.2214204754030169,0.4428439346223888
100,200,down,0.5,1.1,6,0.1310961309217771,0.13551471221992187,0.26661084314169897
100,200,down,0.5,1.1,7,0.21931107446257614,0.21931841131476118,0.4386294857773373
100,200,down,0.5,1.1,8,0.12602641447801546,0.15657521507809463,0.2826016295561101
100,200,down,0.5,1.1,9,0.15824302893220532,0.12890499745546208,0.2871480263876674
100,200,down,0.5,1.1,10,0.12764257959712125,0.15792421263707382,0.28556679223419507
100,200,down,0.5,1.1,11,0.15977451162704825,0.1593422189090262,0.3191167305360745
100,200,down,2.0,1.1,0,0.06791066475171079,0.03660130447677602,0.10451196922848681
100,200,down,2.0,1.1,1,0.058070107144318255,0.05808498530590939,0.11615509245022765
100,200,down,2.0,1.1,2,0.06554079052341052,0.03412879228849704,0.09966958281190756
100,200,down,2.0,1.1,3,0.06630695505965349,0.0348993286662693,0.10120628372592279
100,200,down,2.0,1.1,4,0.05942112842521055,0.05950067155866748,0.11892179998387803
100,200,down,2.0,1.1,5,0.0581644827899693,0.058177727161097294,0.11634220995106659
100,200,down,2.0,1.1,6,0.05864459233281807,0.05864634595258153,0.1172909382853996
100,200,down,2.0,1.1,7,0.057785746872494596,0.05774756986020378,0.11553331673269837
100,200,down,2.0,1.1,8,0.05372324273852087,0.0579840425324727,0.11170728527099356
100,200,down,2.0,1.1,9,0.058278454944867664,0.05828651054553419,0.11656496549040185
100,200,down,2.0,1.1,10,0.05835801977948108,0.054712402252806956,0.11307042203228804
100,200,down,2.0,1.1,11,0.0593892357985402,0.05937931616259931,0.1187685519611395
100,200,fresh,0.0,1.2,0,0.6609131028664293,0.6608415241227458,1.3217546269891751
100,200,fresh,0.0,1.2,1,0.6608411086446714,0.6610064912130352,1.3218475998577066
100,200,fresh,0.0,1.2,2,0.667683127539158,0.6608741669838344,1.3285572945229924
100,200,fresh,0.0,1.2,3,0.6610726516877011,0.6609738410979779,1.322046492785679
100,200,fresh,0.0,1.2,4,0.6610569157558699,0.6612573906004653,1.3223143063563352
100,200,fresh,0.0,1.2,5,0.6610806911304183,0.6611540163120952,1.3222347074425136
100,200,fresh,0.0,1.2,6,0.6608351540705254,0.6618346854142019,1.3226698394847274
100,200,fresh,0.0,1.2,7,0.6653624316727096,0.6633953700192029,1.3287578016919124
100,200,fresh,0.0,1.2,8,0.6609062766715956,0.6610845339854337,1.3219908106570293
100,200,fresh,0.0,1.2,9,0.6608310846044592,0.6608856214889992,1.3217167060934583
100,200,fresh,0.0,1.2,10,0.6608373127759347,0.660992209276282,1.3218295220522167
100,200,fresh,0.0,1.2,11,0.6611609633183143,0.6608277739139968,1.3219887372323111
100,200,fresh,0.5,1.2,0,0.2714622519021627,0.25239942891542055,0.5238616808175833
100,200,fresh,0.5,1.2,1,0.3202831276224113,0.31936143468793793,0.6396445623103493
100,200,fresh,0.5,1.2,2,0.23496482416822087,0.2173164972534999,0.4522813214217208
100,200,fresh,0.5,1.2,3,0.3211708359784143,0.3210041150315723,0.6421749510099866
100,200,fresh,0.5,1.2,4,0.32026607260587503,0.32046426956051,0.640730342166385
100,200,fresh,0.5,1.2,5,0.3219049594769896,0.3221700446176158,0.6440750040946054
100,200,fresh,0.5,1.2,6,0.3110937499193178,0.3005761470762055,0.6116698969955233
100,200,fresh,0.5,1.2,7,0.27906342762930686,0.25381960500040035,0.5328830326297072
100,200,fresh,0.5,1.2,8,0.31982051750430746,0.3197732996872992,0.6395938171916067
100,200,fresh,0.5,1.2,9,0.3209894937942724,0.3200951751708132,0.6410846689650855
100,200,fresh,0.5,1.2,10,0.31225028827723394,0.3084892921925422,0.6207395804697762
100,200,fresh,0.5,1.2,11,0.3158758617002504,0.32351343403526855,0.639389295735519
100,200,fresh,2.0,1.2,0,0.09634228288787502,0.06497007493110471,0.16131235781897973
100,200,fresh,2.0,1.2,1,0.13810461471206226,0.12956486189238858,0.26766947660445084
100,200,fresh,2.0,1.2,2,0.09225108755679916,0.0745555010821468,0.16680658863894596
100,200,fresh,2.0,1.2,3,0.13033880928137734,0.13037835446234947,0.2607171637437268
100,200,fresh,2.0,1.2,4,0.12957225422155016,0.1294888267789175,0.25906108100046765
100,200,fresh,2.0,1.2,5,0.1296685506445996,0.12965626685001344,0.259324817494613
100,200,fresh,2.0,1.2,6,0.1248321730475915,0.1229370481930216,0.24776922124061312
100,200,fresh,2.0,1.2,7,0.08747706199214299,0.08903715548709695,0.17651421747923995
100,200,fresh,2.0,1.2,8,0.13104559259994442,0.130842581120353,0.2618881737202974
100,200,fresh,2.0,1.2,9,0.12177983571264062,0.12177504642590112,0.24355488213854173
100,200,fresh,2.0,1.2,10,0.09516406839111624,0.09516317727243734,0.19032724566355358
100,200,fresh,2.0,1.2,11,0.12717178105023255,0.1285048983588199,0.2556766794090525
100,200,up,0.0,1.2,0,0.6610795562747083,0.6610795562747083,1.3221591125494165
100,200,up,0.0,1.2,1,0.6610795562747083,0.6610795562747083,1.3221591125494165
100,200,up,0.0,1.2,2,0.6610795562747083,0.6610795562747083,1.3221591125494165
100,200,up,0.0,1.2,3,0.6610795562747083,0.6610795562747083,1.3221591125494165
100,200,up,0.0,1.2,4,0.6610795562747083,0.6610795562747083,1.3221591125494165
100,200,up,0.0,1.2,5,0.6610795562747083,0.6610795562747083,1.3221591125494165
100,200,up,0.0,1.2,6,0.6610795562747083,0.6610795562747083,1.3221591125494165
100,200,up,0.0,1.2,7,0.6610795562747083,0.6610795562747083,1.3221591125494165
100,200,up,0.0,1.2,8,0.6610795562747083,0.6610795562747083,1.3221591125494165
100,200,up,0.0,1.2,9,0.6610795562747083,0.6610795562747083,1.3221591125494165
100,200,up,0.0,1.2,10,0.6610795562747083,0.6610795562747083,1.3221591125494165
100,200,up,0.0,1.2,11,0.6610795562747083,0.6610795562747083,1.3221591125494165
100,200,up,0.5,1.2,0,0.33929418955807705,0.33929418955807705,0.6785883791161541
100,200,up,0.5,1.2,1,0.3392941895580766,0.3392941895580766,0.6785883791161532
100,200,up,0.5,1.2,2,0.33929418955807705,0.33929418955807705,0.6785883791161541
100,200,up,0.5,1.2,3,0.33929418955807705,0.33929418955807705,0.6785883791161541
100,200,up,0.5,1.2,4,0.33929418955807705,0.33929418955807705,0.6785883791161541
100,200,up,0.5,1.2,5,0.33929418955807705,0.33929418955807705,0.6785883791161541
100,200,up,0.5,1.2,6,0.33929418955807705,0.33929418955807705,0.6785883791161541
100,200,up,0.5,1.2,7,0.33929418955807705,0.33929418955807705,0.6785883791161541
100,200,up,0.5,1.2,8,0.33929418955807705,0.33929418955807705,0.6785883791161541
100,200,up,0.5,1.2,9,0.33929418955807705,0.33929418955807705,0.6785883791161541
100,200,up,0.5,1.2,10,0.33929418955807705,0.33929418955807705,0.6785883791161541
100,200,up,0.5,1.2,11,0.33929418955807705,0.33929418955807705,0.6785883791161541
100,200,up,2.0,1.2,0,0.1318826296999987,0.1318826296999987,0.2637652593999974
100,200,up,2.0,1.2,1,0.13188262969999498,0.13188262969999498,0.26376525939998996
100,200,up,2.0,1.2,2,0.1318826296999987,0.1318826296999987,0.2637652593999974
100,200,up,2.0,1.2,3,0.1318826296999987,0.1318826296999987,0.2637652593999974
100,200,up,2.0,1.2,4,0.1318826296999987,0.1318826296999987,0.2637652593999974
100,200,up,2.0,1.2,5,0.1318826296999987,0.1318826296999987,0.2637652593999974
100,200,up,2.0,1.2,6,0.1318826296999987,0.1318826296999987,0.2637652593999974
100,200,up,2.0,1.2,7,0.1318826296999987,0.1318826296999987,0.2637652593999974
100,200,up,2.0,1.2,8,0.1318826296999987,0.1318826296999987,0.2637652593999974
100,200,up,2.0,1.2,9,0.1318826296999987,0.1318826296999987,0.2637652593999974
100,200,up,2.0,1.2,10,0.1318826296999987,0.1318826296999987,0.2637652593999974
100,200,up,2.0,1.2,11,0.1318826296999987,0.1318826296999987,0.2637652593999974
100,200,down,0.0,1.2,0,0.6608885184870207,0.6609037260053884,1.321792244492409
100,200,down,0.0,1.2,1,0.6609022573290924,0.6614668603514741,1.3223691176805663
100,200,down,0.0,1.2,2,0.6637490507543481,0.6610120795901474,1.3247611303444955
100,200,down,0.0,1.2,3,0.6617180064238357,0.6613489448156145,1.3230669512394502
100,200,down,0.0,1.2,4,0.6616568116892239,0.6624987943384673,1.3241556060276911
100,200,down,0.0,1.2,5,0.6617496157157285,0.6620483245774227,1.3237979402931512
100,200,down,0.0,1.2,6,0.6608802952524258,0.6653374255817794,1.3262177208342052
100,200,down,0.0,1.2,7,0.6704344300613337,0.6700022808954764,1.3404367109568103
100,200,down,0.0,1.2,8,0.6611173376615449,0.6617648066840348,1.3228821443455798
100,200,down,0.0,1.2,9,0.6608632350571116,0.6610494150294841,1.3219126500865959
100,200,down,0.0,1.2,10,0.6608281461913009,0.6614147876000709,1.322242933791372
100,200,down,0.0,1.2,11,0.6620775638679021,0.6608414246823674,1.3229189885502695
100,200,down,0.5,1.2,0,0.22369487768023022,0.219322054151707,0.44301693183193724
100,200,down,0.5,1.2,1,0.28669477452742825,0.30753362474421153,0.5942283992716397
100,200,down,0.5,1.2,2,0.22567719101800549,0.2525090635336574,0.47818625455166286
100,200,down,0.5,1.2,3,0.3238920369651288,0.333816422547535,0.6577084595126639
100,200,down,0.5,1.2,4,0.2803508938977211,0.25941544861780813,0.5397663425155292
100,200,down,0.5,1.2,5,0.32044334802432073,0.3203434557008964,0.6407868037252171
100,200,down,0.5,1.2,6,0.22199281629798776,0.22164386702946814,0.44363668332745587
100,200,down,0.5,1.2,7,0.31712041552417247,0.3290736026165712,0.6461940181407437
100,200,down,0.5,1.2,8,0.2767115568915625,0.27619108560274014,0.5529026424943027
100,200,down,0.5,1.2,9,0.3171248276176277,0.31699194105886874,0.6341167686764965
100,200,down,0.5,1.2,10,0.2183956551865043,0.21909878986882575,0.4374944450553301
100,200,down,0.5,1.2,11,0.24912396057118485,0.22085586646494335,0.4699798270361282
100,200,down,2.0,1.2,0,0.066158187188813,0.09752280226175443,0.16368098945056742
100,200,down,2.0,1.2,1,0.09222131427117035,0.07543981099674482,0.16766112526791516
100,200,down,2.0,1.2,2,0.09476481053165414,0.09476482251768559,0.18952963304933973
100,200,down,2.0,1.2,3,0.0645926949647388,0.09599983625656605,0.16059253122130485
100,200,down,2.0,1.2,4,0.09049603540227949,0.09061943037119519,0.18111546577347468
100,200,down,2.0,1.2,5,0.09898368059989907,0.06825503644774812,0.1672387170476472
100,200,down,2.0,1.2,6,0.0954566954675164,0.07570577498321968,0.17116247045073607
100,200,down,2.0,1.2,7,0.06815085085442718,0.09853065895141726,0.16668150980584445
100,200,down,2.0,1.2,8,0.09214801563892194,0.09214843074385982,0.18429644638278175
100,200,down,2.0,1.2,9,0.09046378925755448,0.07884870448803781,0.1693124937455923
100,200,down,2.0,1.2,10,0.06746536954172867,0.09656348690051217,0.16402885644224086
100,200,down,2.0,1.2,11,0.08870487040949371,0.08827589511710641,0.17698076552660014
100,200,fresh,0.0,1.5,0,1.1219353720616327,1.1244178202524084,2.246353192314041
100,200,fresh,0.0,1.5,1,1.1244152559296026,1.1236394862649552,2.248054742194558
100,200,fresh,0.0,1.5,2,1.1107749694086986,1.124434067736171,2.2352090371448696
100,200,fresh,0.0,1.5,3,1.1231002772814782,1.1238842358978807,2.246984513179359
100,200,fresh,0.0,1.5,4,1.1232324572819514,1.1214746596233656,2.244707116905317
100,200,fresh,0.0,1.5,5,1.1230320185812876,1.1223935270680263,2.245425545649314
100,200,fresh,0.0,1.5,6,1.1243612464939277,1.1171582539166143,2.2415195004105417
100,200,fresh,0.0,1.5,7,1.1112008682029013,1.1126723435427737,2.223873211745675
100,200,fresh,0.0,1.5,8,1.124307837658513,1.1229992334789183,2.2473070711374312
100,200,fresh,0.0,1.5,9,1.1242893187999892,1.1243982068143117,2.248687525614301
100,200,fresh,0.0,1.5,10,1.1235516176519758,1.1237487828470807,2.247300400499056
100,200,fresh,0.0,1.5,11,1.1223320390776288,1.124110106825295,2.2464421459029236
100,200,fresh,0.5,1.5,0,0.5027435156469151,0.5034132937243824,1.0061568093712974
100,200,fresh,0.5,1.5,1,0.5517681658378509,0.5556609701809729,1.107429136018824
100,200,fresh,0.5,1.5,2,0.4369348624279559,0.4355554567085793,0.8724903191365352
100,200,fresh,0.5,1.5,3,0.5575109241681535,0.5590467437085266,1.11655766787668
100,200,fresh,0.5,1.5,4,0.558102181434004,0.5550332127064961,1.1131353941405
100,200,fresh,0.5,1.5,5,0.5575716007129781,0.5560686631493865,1.1136402638623646
100,200,fresh,0.5,1.5,6,0.512172566488639,0.5071599313534689,1.0193324978421079
100,200,fresh,0.5,1.5,7,0.5436586272344247,0.5499631877319502,1.093621814966375
100,200,fresh,0.5,1.5,8,0.5591694206325305,0.5579452545759884,1.1171146752085188
100,200,fresh,0.5,1.5,9,0.558715794945989,0.5588415077303979,1.1175573026763868
100,200,fresh,0.5,1.5,10,0.5147441697145965,0.5277362121251536,1.0424803818397501
100,200,fresh,0.5,1.5,11,0.5316621930107658,0.5302522555807263,1.0619144485914922
100,200,fresh,2.0,1.5,0,0.15367034348656147,0.15560484294629925,0.3092751864328607
100,200,fresh,2.0,1.5,1,0.21910721761436355,0.21910970390744042,0.43821692152180397
100,200,fresh,2.0,1.5,2,0.16001566466010253,0.15721334156857936,0.3172290062286819
100,200,fresh,2.0,1.5,3,0.2215861220891103,0.22158347358483205,0.4431695956739423
100,200,fresh,2.0,1.5,4,0.2202345355579424,0.22023522117297253,0.44046975673091493
100,200,fresh,2.0,1.5,5,0.2218115363676292,0.221817176409103,0.4436287127767322
100,200,fresh,2.0,1.5,6,0.19777759349888502,0.20963955304584933,0.4074171465447344
100,200,fresh,2.0,1.5,7,0.1530721025423858,0.1562432684460718,0.3093153709884576
100,200,fresh,2.0,1.5,8,0.22091095721439674,0.22091200514216472,0.4418229623565615
100,200,fresh,2.0,1.5,9,0.20185399020621284,0.2067127614335796,0.40856675163979245
100,200,fresh,2.0,1.5,10,0.18865426897844945,0.18389652304730134,0.3725507920257508
100,200,fresh,2.0,1.5,11,0.21503070370536848,0.20703305908221847,0.42206376278758695
100,200,up,0.0,1.5,0,1.1103440633825528,1.1103440633825528,2.2206881267651055
100,200,up,0.0,1.5,1,1.1103440633825528,1.1103440633825528,2.2206881267651055
100,200,up,0.0,1.5,2,1.1103440633825528,1.1103440633825528,2.2206881267651055
100,200,up,0.0,1.5,3,1.1103440633825528,1.1103440633825528,2.2206881267651055
100,200,up,0.0,1.5,4,1.1103440633825528,1.1103440633825528,2.2206881267651055
100,200,up,0.0,1.5,5,1.1103440633825528,1.1103440633825528,2.2206881267651055
100,200,up,0.0,1.5,6,1.1103440633825528,1.1103440633825528,2.2206881267651055
100,200,up,0.0,1.5,7,1.1103440633825528,1.1103440633825528,2.2206881267651055
100,200,up,0.0,1.5,8,1.1103440633825528,1.1103440633825528,2.2206881267651055
100,200,up,0.0,1.5,9,1.1103440633825528,1.1103440633825528,2.2206881267651055
100,200,up,0.0,1.5,10,1.1103440633825528,1.1103440633825528,2.2206881267651055
100,200,up,0.0,1.5,11,1.1103440633825528,1.1103440633825528,2.2206881267651055
100,200,up,0.5,1.5,0,0.5599116983501858,0.5599116983501858,1.1198233967003717
100,200,up,0.5,1.5,1,0.5599116983501827,0.5599116983501827,1.1198233967003655
100,200,up,0.5,1.5,2,0.5599116983501858,0.5599116983501858,1.1198233967003717
100,200,up,0.5,1.5,3,0.5599116983501858,0.5599116983501858,1.1198233967003717
100,200,up,0.5,1.5,4,0.5599116983501858,0.5599116983501858,1.1198233967003717
100,200,up,0.5,1.5,5,0.5599116983501858,0.5599116983501858,1.1198233967003717
100,200,up,0.5,1.5,6,0.5599116983501858,0.5599116983501858,1.1198233967003717
100,200,up,0.5,1.5,7,0.5599116983501858,0.5599116983501858,1.1198233967003717
100,200,up,0.5,1.5,8,0.5599116983501858,0.5599116983501858,1.1198233967003717
100,200,up,0.5,1.5,9,0.5599116983501858,0.5599116983501858,1.1198233967003717
100,200,up,0.5,1.5,10,0.5599116983501858,0.5599116983501858,1.1198233967003717
100,200,up,0.5,1.5,11,0.5599116983501858,0.5599116983501858,1.1198233967003717
100,200,up,2.0,1.5,0,0.22773386527839265,0.22773386527839265,0.4554677305567853
100,200,up,2.0,1.5,1,0.2277338652783979,0.2277338652783979,0.4554677305567958
100,200,up,2.0,1.5,2,0.22773386527839265,0.22773386527839265,0.4554677305567853
100,200,up,2.0,1.5,3,0.22773386527839265,0.22773386527839265,0.4554677305567853
100,200,up,2.0,1.5,4,0.22773386527839265,0.22773386527839265,0.4554677305567853
100,200,up,2.0,1.5,5,0.22773386527839265,0.22773386527839265,0.4554677305567853
100,200,up,2.0,1.5,6,0.22773386527839265,0.22773386527839265,0.4554677305567853
100,200,up,2.0,1.5,7,0.22773386527839265,0.22773386527839265,0.4554677305567853
100,200,up,2.0,1.5,8,0.22773386527839265,0.22773386527839265,0.4554677305567853
100,200,up,2.0,1.5,9,0.22773386527839265,0.22773386527839265,0.4554677305567853
100,200,up,2.0,1.5,10,0.22773386527839265,0.22773386527839265,0.4554677305567853
100,200,up,2.0,1.5,11,0.22773386527839265,0.22773386527839265,0.4554677305567853
100,200,down,0.0,1.5,0,1.110548777938082,1.114227971736844,2.224776749674926
100,200,down,0.0,1.5,1,1.1141708945139976,1.1227933527632024,2.2369642472772
100,200,down,0.0,1.5,2,1.119798026719958,1.1176980031948311,2.237496029914789
100,200,down,0.0,1.5,3,1.1235422308560459,1.1221858405163148,2.2457280713723606
100,200,down,0.0,1.5,4,1.123404861505299,1.1242949229713195,2.2476997844766187
100,200,down,0.0,1.5,5,1.1236051185577178,1.1240137717242755,2.247618890281993
100,200,down,0.0,1.5,6,1.113285102381339,1.124367975101157,2.237653077482496
100,200,down,0.0,1.5,7,1.1230471052192446,1.1236659177768171,2.2467130229960617
100,200,down,0.0,1.5,8,1.1198350373839867,1.1236336042825974,2.243468641666584
100,200,down,0.0,1.5,9,1.112551817543919,1.1185742450285903,2.2311260625725096
100,200,down,0.0,1.5,10,1.1104312402932863,1.12255424597098,2.2329854862642664
100,200,down,0.0,1.5,11,1.124040935053227,1.1115224791404414,2.2355634141936687
100,200,down,0.5,1.5,0,0.5080956862575519,0.5079685266180681,1.0160642128756199
100,200,down,0.5,1.5,1,0.47902014388481917,0.4980118767903224,0.9770320206751415
100,200,down,0.5,1.5,2,0.4396240599540542,0.4375799450181293,0.8772040049721834
100,200,down,0.5,1.5,3,0.5473736602051454,0.5501404355378,1.0975140957429455
100,200,down,0.5,1.5,4,0.5549401107365085,0.5482055619436946,1.1031456726802031
100,200,down,0.5,1.5,5,0.5490383739863484,0.5519001307086444,1.1009385046949927
100,200,down,0.5,1.5,6,0.4416680188741489,0.4409059419017191,0.882573960775868
100,200,down,0.5,1.5,7,0.536656102353665,0.5345473491060915,1.0712034514597564
100,200,down,0.5,1.5,8,0.5592629410331679,0.558167123907937,1.1174300649411049
100,200,down,0.5,1.5,9,0.5574201850197664,0.5582412214380912,1.1156614064578576
100,200,down,0.5,1.5,10,0.49719570658279705,0.4786291812597963,0.9758248878425934
100,200,down,0.5,1.5,11,0.46909903964239674,0.4713076154429365,0.9404066550853332
100,200,down,2.0,1.5,0,0.1570735324715806,0.15707352542243988,0.3141470578940205
100,200,down,2.0,1.5,1,0.21855177841082493,0.21855221534018143,0.4371039937510064
100,200,down,2.0,1.5,2,0.18126157141913082,0.15193424968318417,0.333195821102315
100,200,down,2.0,1.5,3,0.1655932862945791,0.16830845924404997,0.33390174553862906
100,200,down,2.0,1.5,4,0.1573407909031809,0.15736969156192201,0.3147104824651029
100,200,down,2.0,1.5,5,0.19078060847629671,0.19098622672999668,0.3817668352062934
100,200,down,2.0,1.5,6,0.15785265476517232,0.15415816768852758,0.31201082245369993
100,200,down,2.0,1.5,7,0.16314926385589615,0.15819180938258953,0.3213410732384857
100,200,down,2.0,1.5,8,0.15954325631497845,0.1590394578925524,0.3185827142075308
100,200,down,2.0,1.5,9,0.21225766643154073,0.1918906223797302,0.40414828881127096
100,200,down,2.0,1.5,10,0.16283606071012763,0.1572927236928873,0.32012878440301495
100,200,down,2.0,1.5,11,0.15636291850654743,0.15610092214609453,0.312463840652642
100,200,fresh,0.0,2.0,0,1.730846162699175,1.7303109880113172,3.461157150710492
100,200,fresh,0.0,2.0,1,1.7303112520655721,1.7307445184326753,3.4610557704982474
100,200,fresh,0.0,2.0,2,1.7337094055297753,1.7303416511892464,3.464051056719022
100,200,fresh,0.0,2.0,3,1.7309949345745497,1.7306276506786509,3.4616225852532008
100,200,fresh,0.0,2.0,4,1.7309343304729448,1.731704063813367,3.4626383942863117
100,200,fresh,0.0,2.0,5,1.7310260448710892,1.731311191247396,3.4623372361184854
100,200,fresh,0.0,2.0,6,1.7303194736630925,1.7333288510263112,3.4636483246894034
100,200,fresh,0.0,2.0,7,1.7349077170875318,1.7346827951204449,3.4695905122079767
100,200,fresh,0.0,2.0,8,1.73041573297069,1.731040943030154,3.461456676000844
100,200,fresh,0.0,2.0,9,1.7303337912348664,1.730364980230207,3.4606987714650734
100,200,fresh,0.0,2.0,10,1.7305038278480296,1.7306926269193168,3.4611964547673466
100,200,fresh,0.0,2.0,11,1.731338109996795,1.7303740380712163,3.4617121480680115
100,200,fresh,0.5,2.0,0,0.8313401422681668,0.825838221321342,1.6571783635895088
100,200,fresh,0.5,2.0,1,0.8493921172234519,0.8493996412203623,1.6987917584438141
100,200,fresh,0.5,2.0,2,0.7538578160504599,0.7527708156021083,1.506628631652568
100,200,fresh,0.5,2.0,3,0.8690029637364493,0.8693822535004421,1.7383852172368912
100,200,fresh,0.5,2.0,4,0.8670838742044518,0.8666904200260174,1.7337742942304692
100,200,fresh,0.5,2.0,5,0.8695209565167177,0.8687866289368549,1.7383075854535726
100,200,fresh,0.5,2.0,6,0.8081714664579732,0.8024876426044107,1.610659109062384
100,200,fresh,0.5,2.0,7,0.8581863291803836,0.8629294196080841,1.7211157487884678
100,200,fresh,0.5,2.0,8,0.8577606557205327,0.8630421768228702,1.720802832543403
100,200,fresh,0.5,2.0,9,0.8548535384563186,0.8574156543571507,1.7122691928134692
100,200,fresh,0.5,2.0,10,0.8319885915960512,0.8214980103913325,1.6534866019873837
100,200,fresh,0.5,2.0,11,0.8206887529959529,0.8306150793487229,1.6513038323446758
100,200,fresh,2.0,2.0,0,0.2822360709821037,0.25262870681107236,0.5348647777931761
100,200,fresh,2.0,2.0,1,0.3352580504544081,0.34054029504237676,0.6757983454967849
100,200,fresh,2.0,2.0,2,0.2835913748373347,0.25521142737711827,0.538802802214453
100,200,fresh,2.0,2.0,3,0.34561544955450196,0.3456153794568327,0.6912308290113347
100,200,fresh,2.0,2.0,4,0.34383765961088897,0.3438378389744692,0.6876754985853581
100,200,fresh,2.0,2.0,5,0.3457814603315981,0.34578240687362227,0.6915638672052205
100,200,fresh,2.0,2.0,6,0.3244367787193178,0.31747792479212683,0.6419147035114446
100,200,fresh,2.0,2.0,7,0.28070882300765126,0.25320344461346056,0.5339122676211119
100,200,fresh,2.0,2.0,8,0.3444204696813978,0.3444273325407302,0.688847802222128
100,200,fresh,2.0,2.0,9,0.3295134276439262,0.33000749115640304,0.6595209188003293
100,200,fresh,2.0,2.0,10,0.3126758860199996,0.30851664909735116,0.6211925351173508
100,200,fresh,2.0,2.0,11,0.3237685467905554,0.32599055511099495,0.6497591019015503
100,200,up,0.0,2.0,0,1.730431855251593,1.730431855251593,3.460863710503186
100,200,up,0.0,2.0,1,1.730431855251593,1.730431855251593,3.460863710503186
100,200,up,0.0,2.0,2,1.730431855251593,1.730431855251593,3.460863710503186
100,200,up,0.0,2.0,3,1.730431855251593,1.730431855251593,3.460863710503186
100,200,up,0.0,2.0,4,1.730431855251593,1.730431855251593,3.460863710503186
100,200,up,0.0,2.0,5,1.730431855251593,1.730431855251593,3.460863710503186
100,200,up,0.0,2.0,6,1.730431855251593,1.730431855251593,3.460863710503186
100,200,up,0.0,2.0,7,1.730431855251593,1.730431855251593,3.460863710503186
100,200,up,0.0,2.0,8,1.730431855251593,1.730431855251593,3.460863710503186
100,200,up,0.0,2.0,9,1.730431855251593,1.730431855251593,3.460863710503186
100,200,up,0.0,2.0,10,1.730431855251593,1.730431855251593,3.460863710503186
100,200,up,0.0,2.0,11,1.730431855251593,1.730431855251593,3.460863710503186
100,200,up,0.5,2.0,0,0.8671250096576444,0.8671250096576444,1.7342500193152888
100,200,up,0.5,2.0,1,0.8671250096576586,0.8671250096576586,1.7342500193153172
100,200,up,0.5,2.0,2,0.8671250096576444,0.8671250096576444,1.7342500193152888
100,200,up,0.5,2.0,3,0.8671250096576444,0.8671250096576444,1.7342500193152888
100,200,up,0.5,2.0,4,0.8671250096576444,0.8671250096576444,1.7342500193152888
100,200,up,0.5,2.0,5,0.8671250096576444,0.8671250096576444,1.7342500193152888
100,200,up,0.5,2.0,6,0.8671250096576444,0.8671250096576444,1.7342500193152888
100,200,up,0.5,2.0,7,0.8671250096576444,0.8671250096576444,1.7342500193152888
100,200,up,0.5,2.0,8,0.8671250096576444,0.8671250096576444,1.7342500193152888
100,200,up,0.5,2.0,9,0.8671250096576444,0.8671250096576444,1.7342500193152888
100,200,up,0.5,2.0,10,0.8671250096576444,0.8671250096576444,1.7342500193152888
100,200,up,0.5,2.0,11,0.8671250096576444,0.8671250096576444,1.7342500193152888
100,200,up,2.0,2.0,0,0.3460766197942175,0.3460766197942175,0.692153239588435
100,200,up,2.0,2.0,1,0.3460766197942218,0.3460766197942218,0.6921532395884435
100,200,up,2.0,2.0,2,0.3460766197942175,0.3460766197942175,0.692153239588435
100,200,up,2.0,2.0,3,0.3460766197942175,0.3460766197942175,0.692153239588435
100,200,up,2.0,2.0,4,0.3460766197942175,0.3460766197942175,0.692153239588435
100,200,up,2.0,2.0,5,0.3460766197942175,0.3460766197942175,0.692153239588435
100,200,up,2.0,2.0,6,0.3460766197942175,0.3460766197942175,0.692153239588435
100,200,up,2.0,2.0,7,0.3460766197942175,0.3460766197942175,0.692153239588435
100,200,up,2.0,2.0,8,0.3460766197942175,0.3460766197942175,0.692153239588435
100,200,up,2.0,2.0,9,0.3460766197942175,0.3460766197942175,0.692153239588435
100,200,up,2.0,2.0,10,0.3460766197942175,0.3460766197942175,0.692153239588435
100,200,up,2.0,2.0,11,0.3460766197942175,0.3460766197942175,0.692153239588435
100,200,down,0.0,2.0,0,1.730846162699262,1.7303109880113725,3.4611571507106342
100,200,down,0.0,2.0,1,1.730311252065602,1.7307445184326704,3.4610557704982723
100,200,down,0.0,2.0,2,1.7337094055299767,1.7303416511894323,3.464051056719409
100,200,down,0.0,2.0,3,1.7309949345745488,1.730627650678646,3.4616225852531946
100,200,down,0.0,2.0,4,1.730934330472947,1.7317040638133858,3.4626383942863326
100,200,down,0.0,2.0,5,1.731026044871111,1.731311191247424,3.462337236118535
100,200,down,0.0,2.0,6,1.730319473663084,1.7333288510260914,3.463648324689175
100,200,down,0.0,2.0,7,1.734907717088059,1.7346827951210526,3.4695905122091117
100,200,down,0.0,2.0,8,1.7304157329706908,1.7310409430301752,3.461456676000866
100,200,down,0.0,2.0,9,1.730333791234865,1.7303649802302172,3.4606987714650823
100,200,down,0.0,2.0,10,1.7305038278480027,1.7306926269193128,3.4611964547673155
100,200,down,0.0,2.0,11,1.7313381099968268,1.7303740380712143,3.461712148068041
100,200,down,0.5,2.0,0,0.8313401422680724,0.8258382213213218,1.6571783635893942
100,200,down,0.5,2.0,1,0.8493921172234506,0.849399641220361,1.6987917584438117
100,200,down,0.5,2.0,2,0.7538578160504597,0.7527708156020987,1.5066286316525583
100,200,down,0.5,2.0,3,0.8690029637364508,0.8693822535004441,1.7383852172368948
100,200,down,0.5,2.0,4,0.8670838742044475,0.8666904200260143,1.7337742942304617
100,200,down,0.5,2.0,5,0.8695209565167181,0.8687866289368548,1.738307585453573
100,200,down,0.5,2.0,6,0.8081714664579043,0.8024876426043902,1.6106591090622944
100,200,down,0.5,2.0,7,0.8581863291803887,0.8629294196080883,1.7211157487884772
100,200,down,0.5,2.0,8,0.8577606557205038,0.8630421768228485,1.7208028325433522
100,200,down,0.5,2.0,9,0.8548535384563145,0.8574156543571455,1.71226919281346
100,200,down,0.5,2.0,10,0.8319885915960791,0.8214980103913411,1.6534866019874201
100,200,down,0.5,2.0,11,0.8206887529959512,0.8306150793487282,1.6513038323446794
100,200,down,2.0,2.0,0,0.2822360709821028,0.25262870681107147,0.5348647777931743
100,200,down,2.0,2.0,1,0.3352580504544106,0.3405402950423766,0.6757983454967872
100,200,down,2.0,2.0,2,0.28359137483733493,0.25521142737711927,0.5388028022144542
100,200,down,2.0,2.0,3,0.3456154495545026,0.34561537945683335,0.6912308290113359
100,200,down,2.0,2.0,4,0.3438376596108884,0.3438378389744686,0.687675498585357
100,200,down,2.0,2.0,5,0.34578146033159807,0.34578240687362227,0.6915638672052203
100,200,down,2.0,2.0,6,0.3244367787193045,0.31747792479211673,0.6419147035114212
100,200,down,2.0,2.0,7,0.28070882300765065,0.253203444613465,0.5339122676211157
100,200,down,2.0,2.0,8,0.344420469681398,0.3444273325407304,0.6888478022221284
100,200,down,2.0,2.0,9,0.32951342764392033,0.330007491156387,0.6595209188003073
100,200,down,2.0,2.0,10,0.3126758860200074,0.3085166490973598,0.6211925351173673
100,200,down,2.0,2.0,11,0.32376854679055656,0.32599055511099606,0.6497591019015526
200,200,fresh,0.0,0.0,0,-3.259272091775267e-89,1.4272635615718583e-88,1.1013363523943316e-88
200,200,fresh,0.0,0.0,1,1.4835755329598064e-88,1.0641835276921854e-89,1.589993885729025e-88
200,200,fresh,0.0,0.0,2,-1.2808117724735534e-89,4.115251438770705e-89,2.834439666297152e-89
200,200,fresh,0.0,0.0,3,6.946344427717212e-90,1.34594959996313e-89,2.0405840427348513e-89
200,200,fresh,0.0,0.0,4,7.662896349778182e-90,1.9506857302043505e-90,9.613582079982533e-90
200,200,fresh,0.0,0.0,5,6.608858967307212e-90,4.179223661704793e-90,1.0788082629012006e-89
200,200,fresh,0.0,0.0,6,3.935353469944724e-88,-3.056640325809358e-90,3.9047870666866303e-88
200,200,fresh,0.0,0.0,7,-8.074586724507256e-90,-6.511714218420641e-90,-1.4586300942927898e-89
200,200,fresh,0.0,0.0,8,2.5261109892375754e-89,6.453706642411001e-90,3.171481653478676e-89
200,200,fresh,0.0,0.0,9,-8.688750332653721e-88,3.358487019613294e-89,-8.352901630692392e-88
200,200,fresh,0.0,0.0,10,-5.8101469184383994e-89,1.1757502317077374e-89,-4.6343966867306624e-89
200,200,fresh,0.0,0.0,11,3.9950203383735e-90,-1.402742464101996e-88,-1.362792260718261e-88
200,200,fresh,0.5,0.0,0,2.6025479395280584e-46,2.6025479395280584e-46,5.205095879056117e-46
200,200,fresh,0.5,0.0,1,0.0,0.0,0.0
200,200,fresh,0.5,0.0,2,1.898240192937156e-46,1.898240192937156e-46,3.796480385874312e-46
200,200,fresh,0.5,0.0,3,2.70227721796204e-46,2.70227721796204e-46,5.40455443592408e-46
200,200,fresh,0.5,0.0,4,1.2690310544952121e-46,1.2690310544952121e-46,2.5380621089904243e-46
200,200,fresh,0.5,0.0,5,1.4453922960663336e-46,1.4453922960663336e-46,2.8907845921326673e-46
200,200,fresh,0.5,0.0,6,1.205240109395218e-45,1.205240109395218e-45,2.410480218790436e-45
200,200,fresh,0.5,0.0,7,-1.958266248820477e-46,-1.958266248820477e-46,-3.916532497640954e-46
200,200,fresh,0.5,0.0,8,3.9718648543750176e-46,3.9718648543750176e-46,7.943729708750035e-46
200,200,fresh,0.5,0.0,9,-4.487808090310878e-46,-4.487808090310878e-46,-8.975616180621756e-46
200,200,fresh,0.5,0.0,10,-2.7253310764970648e-46,-2.7253310764970648e-46,-5.4506621529941295e-46
200,200,fresh,0.5,0.0,11,-7.04066121187831e-46,-7.04066121187831e-46,-1.408132242375662e-45
200,200,fresh,2.0,0.0,0,1.1812173247206386e-20,1.1812173247206386e-20,2.3624346494412772e-20
200,200,fresh,2.0,0.0,1,0.0,0.0,0.0
200,200,fresh,2.0,0.0,2,1.430615694117948e-20,1.430615694117948e-20,2.861231388235896e-20
200,200,fresh,2.0,0.0,3,3.0531034529385513e-20,3.0531034529385513e-20,6.106206905877103e-20
200,200,fresh,2.0,0.0,4,1.432889486200371e-20,1.432889486200371e-20,2.865778972400742e-20
200,200,fresh,2.0,0.0,5,1.6473071471050422e-20,1.6473071471050422e-20,3.2946142942100844e-20
200,200,fresh,2.0,0.0,6,6.022299987674809e-20,6.022299987674809e-20,1.2044599975349619e-19
200,200,fresh,2.0,0.0,7,-2.234656816187006e-20,-2.234656816187006e-20,-4.469313632374012e-20
200,200,fresh,2.0,0.0,8,4.2912862571214375e-20,4.2912862571214375e-20,8.582572514242875e-20
200,200,fresh,2.0,0.0,9,-1.6266154851407767e-20,-1.6266154851407767e-20,-3.2532309702815534e-20
200,200,fresh,2.0,0.0,10,-1.9174384209897898e-20,-1.9174384209897898e-20,-3.8348768419795795e-20
200,200,fresh,2.0,0.0,11,-4.447655382486992e-20,-4.447655382486992e-20,-8.895310764973984e-20
200,200,up,0.0,0.0,0,-3.259272091775267e-89,1.4272635615718583e-88,1.1013363523943316e-88
200,200,up,0.0,0.0,1,1.4835755329598064e-88,1.0641835276921854e-89,1.589993885729025e-88
200,200,up,0.0,0.0,2,-1.2808117724735534e-89,4.115251438770705e-89,2.834439666297152e-89
200,200,up,0.0,0.0,3,6.946344427717212e-90,1.34594959996313e-89,2.0405840427348513e-89
200,200,up,0.0,0.0,4,7.662896349778182e-90,1.9506857302043505e-90,9.613582079982533e-90
200,200,up,0.0,0.0,5,6.608858967307212e-90,4.179223661704793e-90,1.0788082629012006e-89
200,200,up,0.0,0.0,6,3.935353469944724e-88,-3.056640325809358e-90,3.9047870666866303e-88
200,200,up,0.0,0.0,7,-8.074586724507256e-90,-6.511714218420641e-90,-1.4586300942927898e-89
200,200,up,0.0,0.0,8,2.5261109892375754e-89,6.453706642411001e-90,3.171481653478676e-89
200,200,up,0.0,0.0,9,-8.688750332653721e-88,3.358487019613294e-89,-8.352901630692392e-88
200,200,up,0.0,0.0,10,-5.8101469184383994e-89,1.1757502317077374e-89,-4.6343966867306624e-89
200,200,up,0.0,0.0,11,3.9950203383735e-90,-1.402742464101996e-88,-1.362792260718261e-88
200,200,up,0.5,0.0,0,2.6025479395280584e-46,2.6025479395280584e-46,5.205095879056117e-46
200,200,up,0.5,0.0,1,0.0,0.0,0.0
200,200,up,0.5,0.0,2,1.898240192937156e-46,1.898240192937156e-46,3.796480385874312e-46
200,200,up,0.5,0.0,3,2.70227721796204e-46,2.70227721796204e-46,5.40455443592408e-46
200,200,up,0.5,0.0,4,1.2690310544952121e-46,1.2690310544952121e-46,2.5380621089904243e-46
200,200,up,0.5,0.0,5,1.4453922960663336e-46,1.4453922960663336e-46,2.8907845921326673e-46
200,200,up,0.5,0.0,6,1.205240109395218e-45,1.205240109395218e-45,2.410480218790436e-45
200,200,up,0.5,0.0,7,-1.958266248820477e-46,-1.958266248820477e-46,-3.916532497640954e-46
200,200,up,0.5,0.0,8,3.9718648543750176e-46,3.9718648543750176e-46,7.943729708750035e-46
200,200,up,0.5,0.0,9,-4.487808090310878e-46,-4.487808090310878e-46,-8.975616180621756e-46
200,200,up,0.5,0.0,10,-2.7253310764970648e-46,-2.7253310764970648e-46,-5.4506621529941295e-46
200,200,up,0.5,0.0,11,-7.04066121187831e-46,-7.04066121187831e-46,-1.408132242375662e-45
200,200,up,2.0,0.0,0,1.1812173247206386e-20,1.1812173247206386e-20,2.3624346494412772e-20
200,200,up,2.0,0.0,1,0.0,0.0,0.0
200,200,up,2.0,0.0,2,1.430615694117948e-20,1.430615694117948e-20,2.861231388235896e-20
200,200,up,2.0,0.0,3,3.0531034529385513e-20,3.0531034529385513e-20,6.106206905877103e-20
200,200,up,2.0,0.0,4,1.432889486200371e-20,1.432889486200371e-20,2.865778972400742e-20
200,200,up,2.0,0.0,5,1.6473071471050422e-20,1.6473071471050422e-20,3.2946142942100844e-20
200,200,up,2.0,0.0,6,6.022299987674809e-20,6.022299987674809e-20,1.2044599975349619e-19
200,200,up,2.0,0.0,7,-2.234656816187006e-20,-2.234656816187006e-20,-4.469313632374012e-20
200,200,up,2.0,0.0,8,4.2912862571214375e-20,4.2912862571214375e-20,8.582572514242875e-20
200,200,up,2.0,0.0,9,-1.6266154851407767e-20,-1.6266154851407767e-20,-3.2532309702815534e-20
200,200,up,2.0,0.0,10,-1.9174384209897898e-20,-1.9174384209897898e-20,-3.8348768419795795e-20
200,200,up,2.0,0.0,11,-4.447655382486992e-20,-4.447655382486992e-20,-8.895310764973984e-20
200,200,down,0.0,0.0,0,0.0,0.0,0.0
200,200,down,0.0,0.0,1,0.0,0.0,0.0
200,200,down,0.0,0.0,2,0.0,0.0,0.0
200,200,down,0.0,0.0,3,0.0,0.0,0.0
200,200,down,0.0,0.0,4,0.0,0.0,0.0
200,200,down,0.0,0.0,5,0.0,0.0,0.0
200,200,down,0.0,0.0,6,0.0,0.0,0.0
200,200,down,0.0,0.0,7,0.0,0.0,0.0
200,200,down,0.0,0.0,8,0.0,0.0,0.0
200,200,down,0.0,0.0,9,0.0,0.0,0.0
200,200,down,0.0,0.0,10,0.0,0.0,0.0
200,200,down,0.0,0.0,11,0.0,0.0,0.0
200,200,down,0.5,0.0,0,0.0,0.0,0.0
200,200,down,0.5,0.0,1,0.0,0.0,0.0
200,200,down,0.5,0.0,2,0.0,0.0,0.0
200,200,down,0.5,0.0,3,0.0,0.0,0.0
200,200,down,0.5,0.0,4,0.0,0.0,0.0
200,200,down,0.5,0.0,5,0.0,0.0,0.0
200,200,down,0.5,0.0,6,0.0,0.0,0.0
200,200,down,0.5,0.0,7,0.0,0.0,0.0
200,200,down,0.5,0.0,8,0.0,0.0,0.0
200,200,down,0.5,0.0,9,0.0,0.0,0.0
200,200,down,0.5,0.0,10,0.0,0.0,0.0
200,200,down,0.5,0.0,11,0.0,0.0,0.0
200,200,down,2.0,0.0,0,0.0,0.0,0.0
200,200,down,2.0,0.0,1,0.0,0.0,0.0
200,200,down,2.0,0.0,2,-2.842170943040401e-16,-2.842170943040401e-16,-5.684341886080802e-16
200,200,down,2.0,0.0,3,0.0,0.0,0.0
200,200,down,2.0,0.0,4,0.0,0.0,0.0
200,200,down,2.0,0.0,5,0.0,0.0,0.0
200,200,down,2.0,0.0,6,0.0,0.0,0.0
200,200,down,2.0,0.0,7,-2.842170943040401e-16,-2.842170943040401e-16,-5.684341886080802e-16
200,200,down,2.0,0.0,8,0.0,0.0,0.0
200,200,down,2.0,0.0,9,0.0,0.0,0.0
200,200,down,2.0,0.0,10,0.0,0.0,0.0
200,200,down,2.0,0.0,11,0.0,0.0,0.0
200,200,fresh,0.0,0.5,0,0.0,0.0,0.0
200,200,fresh,0.0,0.5,1,0.0,0.0,0.0
200,200,fresh,0.0,0.5,2,0.0,0.0,0.0
200,200,fresh,0.0,0.5,3,0.0,0.0,0.0
200,200,fresh,0.0,0.5,4,0.0,0.0,0.0
200,200,fresh,0.0,0.5,5,0.0,0.0,0.0
200,200,fresh,0.0,0.5,6,0.0,0.0,0.0
200,200,fresh,0.0,0.5,7,0.0,0.0,0.0
200,200,fresh,0.0,0.5,8,0.0,0.0,0.0
200,200,fresh,0.0,0.5,9,0.0,0.0,0.0
200,200,fresh,0.0,0.5,10,0.0,0.0,0.0
200,200,fresh,0.0,0.5,11,0.0,0.0,0.0
200,200,fresh,0.5,0.5,0,0.0,0.0,0.0
200,200,fresh,0.5,0.5,1,0.0,0.0,0.0
200,200,fresh,0.5,0.5,2,0.0,0.0,0.0
200,200,fresh,0.5,0.5,3,0.0,0.0,0.0
200,200,fresh,0.5,0.5,4,0.0,0.0,0.0
200,200,fresh,0.5,0.5,5,0.0,0.0,0.0
200,200,fresh,0.5,0.5,6,0.0,0.0,0.0
200,200,fresh,0.5,0.5,7,0.0,0.0,0.0
200,200,fresh,0.5,0.5,8,0.0,0.0,0.0
200,200,fresh,0.5,0.5,9,0.0,2.220446049250313e-18,2.220446049250313e-18
200,200,fresh,0.5,0.5,10,0.0,0.0,0.0
200,200,fresh,0.5,0.5,11,2.220446049250313e-18,0.0,2.220446049250313e-18
200,200,fresh,2.0,0.5,0,1.1102230246251566e-18,1.1102230246251566e-18,2.220446049250313e-18
200,200,fresh,2.0,0.5,1,2.2759572004815708e-17,2.2759572004815708e-17,4.5519144009631415e-17
200,200,fresh,2.0,0.5,2,1.1102230246251566e-18,1.1102230246251566e-18,2.220446049250313e-18
200,200,fresh,2.0,0.5,3,1.1102230246251566e-18,1.1102230246251566e-18,2.220446049250313e-18
200,200,fresh,2.0,0.5,4,1.1102230246251566e-18,1.1102230246251566e-18,2.220446049250313e-18
200,200,fresh,2.0,0.5,5,1.1102230246251566e-18,1.1102230246251566e-18,2.220446049250313e-18
200,200,fresh,2.0,0.5,6,2.220446049250313e-18,2.220446049250313e-18,4.440892098500626e-18
200,200,fresh,2.0,0.5,7,-5.551115123125783e-19,-5.551115123125783e-19,-1.1102230246251566e-18
200,200,fresh,2.0,0.5,8,2.220446049250313e-18,2.220446049250313e-18,4.440892098500626e-18
200,200,fresh,2.0,0.5,9,-5.551115123125783e-19,-5.551115123125783e-19,-1.1102230246251566e-18
200,200,fresh,2.0,0.5,10,-5.551115123125783e-19,-5.551115123125783e-19,-1.1102230246251566e-18
200,200,fresh,2.0,0.5,11,-7.771561172376097e-18,-7.771561172376097e-18,-1.5543122344752193e-17
200,200,up,0.0,0.5,0,0.0,0.0,0.0
200,200,up,0.0,0.5,1,0.0,0.0,0.0
200,200,up,0.0,0.5,2,0.0,0.0,0.0
200,200,up,0.0,0.5,3,0.0,0.0,0.0
200,200,up,0.0,0.5,4,0.0,0.0,0.0
200,200,up,0.0,0.5,5,0.0,0.0,0.0
200,200,up,0.0,0.5,6,0.0,0.0,0.0
200,200,up,0.0,0.5,7,0.0,0.0,0.0
200,200,up,0.0,0.5,8,0.0,0.0,0.0
200,200,up,0.0,0.5,9,0.0,0.0,0.0
200,200,up,0.0,0.5,10,0.0,0.0,0.0
200,200,up,0.0,0.5,11,0.0,0.0,0.0
200,200,up,0.5,0.5,0,0.0,0.0,0.0
200,200,up,0.5,0.5,1,0.0,0.0,0.0
200,200,up,0.5,0.5,2,0.0,0.0,0.0
200,200,up,0.5,0.5,3,0.0,0.0,0.0
200,200,up,0.5,0.5,4,0.0,0.0,0.0
200,200,up,0.5,0.5,5,0.0,0.0,0.0
200,200,up,0.5,0.5,6,0.0,0.0,0.0
200,200,up,0.5,0.5,7,0.0,0.0,0.0
200,200,up,0.5,0.5,8,0.0,0.0,0.0
200,200,up,0.5,0.5,9,0.0,0.0,0.0
200,200,up,0.5,0.5,10,0.0,0.0,0.0
200,200,up,0.5,0.5,11,0.0,0.0,0.0
200,200,up,2.0,0.5,0,5.551115123125783e-19,5.551115123125783e-19,1.1102230246251566e-18
200,200,up,2.0,0.5,1,0.0,2.220446049250313e-18,2.220446049250313e-18
200,200,up,2.0,0.5,2,5.551115123125783e-19,5.551115123125783e-19,1.1102230246251566e-18
200,200,up,2.0,0.5,3,5.551115123125783e-19,5.551115123125783e-19,1.1102230246251566e-18
200,200,up,2.0,0.5,4,5.551115123125783e-19,5.551115123125783e-19,1.1102230246251566e-18
200,200,up,2.0,0.5,5,5.551115123125783e-19,5.551115123125783e-19,1.1102230246251566e-18
200,200,up,2.0,0.5,6,5.551115123125783e-19,5.551115123125783e-19,1.1102230246251566e-18
200,200,up,2.0,0.5,7,5.551115123125783e-19,5.551115123125783e-19,1.1102230246251566e-18
200,200,up,2.0,0.5,8,5.551115123125783e-19,5.551115123125783e-19,1.1102230246251566e-18
200,200,up,2.0,0.5,9,5.551115123125783e-19,5.551115123125783e-19,1.1102230246251566e-18
200,200,up,2.0,0.5,10,5.551115123125783e-19,5.551115123125783e-19,1.1102230246251566e-18
200,200,up,2.0,0.5,11,5.551115123125783e-19,5.551115123125783e-19,1.1102230246251566e-18
200,200,down,0.0,0.5,0,0.0,0.0,0.0
200,200,down,0.0,0.5,1,0.0,0.0,0.0
200,200,down,0.0,0.5,2,0.0,0.0,0.0
200,200,down,0.0,0.5,3,0.0,0.0,0.0
200,200,down,0.0,0.5,4,0.0,0.0,0.0
200,200,down,0.0,0.5,5,0.0,0.0,0.0
200,200,down,0.0,0.5,6,0.0,0.0,0.0
200,200,down,0.0,0.5,7,0.0,0.0,0.0
200,200,down,0.0,0.5,8,0.0,0.0,0.0
200,200,down,0.0,0.5,9,0.0,0.0,0.0
200,200,down,0.0,0.5,10,0.0,0.0,0.0
200,200,down,0.0,0.5,11,0.0,0.0,0.0
200,200,down,0.5,0.5,0,0.0,0.0,0.0
200,200,down,0.5,0.5,1,0.0,0.0,0.0
200,200,down,0.5,0.5,2,0.0,0.0,0.0
200,200,down,0.5,0.5,3,0.0,0.0,0.0
200,200,down,0.5,0.5,4,0.0,0.0,0.0
200,200,down,0.5,0.5,5,0.0,0.0,0.0
200,200,down,0.5,0.5,6,0.0,0.0,0.0
200,200,down,0.5,0.5,7,0.0,0.0,0.0
200,200,down,0.5,0.5,8,0.0,0.0,0.0
200,200,down,0.5,0.5,9,0.0,0.0,0.0
200,200,down,0.5,0.5,10,0.0,0.0,0.0
200,200,down,0.5,0.5,11,0.0,0.0,0.0
200,200,down,2.0,0.5,0,0.0,0.0,0.0
200,200,down,2.0,0.5,1,0.0,0.0,0.0
200,200,down,2.0,0.5,2,-2.842170943040401e-16,-2.842170943040401e-16,-5.684341886080802e-16
200,200,down,2.0,0.5,3,0.0,0.0,0.0
200,200,down,2.0,0.5,4,0.0,0.0,0.0
200,200,down,2.0,0.5,5,0.0,0.0,0.0
200,200,down,2.0,0.5,6,-2.842170943040401e-16,-2.842170943040401e-16,-5.684341886080802e-16
200,200,down,2.0,0.5,7,-2.842170943040401e-16,-2.842170943040401e-16,-5.684341886080802e-16
200,200,down,2.0,0.5,8,0.0,0.0,0.0
200,200,down,2.0,0.5,9,0.0,0.0,0.0
200,200,down,2.0,0.5,10,0.0,0.0,0.0
200,200,down,2.0,0.5,11,0.0,0.0,0.0
200,200,fresh,0.0,0.8,0,0.0,0.0,0.0
200,200,fresh,0.0,0.8,1,0.0,0.0,0.0
200,200,fresh,0.0,0.8,2,0.0,0.0,0.0
200,200,fresh,0.0,0.8,3,0.0,0.0,0.0
200,200,fresh,0.0,0.8,4,0.0,0.0,0.0
200,200,fresh,0.0,0.8,5,0.0,0.0,0.0
200,200,fresh,0.0,0.8,6,0.0,0.0,0.0
200,200,fresh,0.0,0.8,7,0.0,0.0,0.0
200,200,fresh,0.0,0.8,8,0.0,0.0,0.0
200,200,fresh,0.0,0.8,9,0.0,0.0,0.0
200,200,fresh,0.0,0.8,10,0.0,0.0,0.0
200,200,fresh,0.0,0.8,11,0.0,0.0,0.0
200,200,fresh,0.5,0.8,0,5.551115123125783e-19,5.551115123125783e-19,1.1102230246251566e-18
200,200,fresh,0.5,0.8,1,5.551115123125783e-19,5.551115123125783e-19,1.1102230246251566e-18
200,200,fresh,0.5,0.8,2,5.551115123125783e-19,5.551115123125783e-19,1.1102230246251566e-18
200,200,fresh,0.5,0.8,3,5.551115123125783e-19,5.551115123125783e-19,1.1102230246251566e-18
200,200,fresh,0.5,0.8,4,5.551115123125783e-19,5.551115123125783e-19,1.1102230246251566e-18
200,200,fresh,0.5,0.8,5,5.551115123125783e-19,5.551115123125783e-19,1.1102230246251566e-18
200,200,fresh,0.5,0.8,6,5.551115123125783e-19,5.551115123125783e-19,1.1102230246251566e-18
200,200,fresh,0.5,0.8,7,-5.551115123125783e-19,-5.551115123125783e-19,-1.1102230246251566e-18
200,200,fresh,0.5,0.8,8,5.551115123125783e-19,5.551115123125783e-19,1.1102230246251566e-18
200,200,fresh,0.5,0.8,9,0.0,0.0,0.0
200,200,fresh,0.5,0.8,10,0.0,0.0,0.0
200,200,fresh,0.5,0.8,11,0.0,0.0,0.0
200,200,fresh,2.0,0.8,0,1.456462728199881e-13,1.456462728199881e-13,2.912925456399762e-13
200,200,fresh,2.0,0.8,1,3.408978654917405e-13,3.408978654917405e-13,6.81795730983481e-13
200,200,fresh,2.0,0.8,2,1.5942636100163553e-13,1.5942636100163553e-13,3.1885272200327106e-13
200,200,fresh,2.0,0.8,3,2.029310053330846e-13,2.029310053330846e-13,4.058620106661692e-13
200,200,fresh,2.0,0.8,4,1.6221635146251856e-13,1.6221635146251856e-13,3.244327029250371e-13
200,200,fresh,2.0,0.8,5,1.6840917549387768e-13,1.6840917549387768e-13,3.3681835098775536e-13
200,200,fresh,2.0,0.8,6,2.3663404569163047e-13,2.3663404569163047e-13,4.732680913832609e-13
200,200,fresh,2.0,0.8,7,-8.008038676621254e-15,-8.008038676621254e-15,-1.6016077353242507e-14
200,200,fresh,2.0,0.8,8,2.2568280577672794e-13,2.2568280577672794e-13,4.513656115534559e-13
200,200,fresh,2.0,0.8,9,-1.36546329798648e-14,-1.36546329798648e-14,-2.73092659597296e-14
200,200,fresh,2.0,0.8,10,-2.9087843245179103e-16,-2.9087843245179103e-16,-5.817568649035821e-16
200,200,fresh,2.0,0.8,11,4.204503412097438e-13,4.204503412097438e-13,8.409006824194876e-13
200,200,up,0.0,0.8,0,0.0,0.0,0.0
200,200,up,0.0,0.8,1,0.0,0.0,0.0
200,200,up,0.0,0.8,2,0.0,0.0,0.0
200,200,up,0.0,0.8,3,0.0,0.0,0.0
200,200,up,0.0,0.8,4,0.0,0.0,0.0
200,200,up,0.0,0.8,5,0.0,0.0,0.0
200,200,up,0.0,0.8,6,0.0,0.0,0.0
200,200,up,0.0,0.8,7,0.0,0.0,0.0
200,200,up,0.0,0.8,8,0.0,0.0,0.0
200,200,up,0.0,0.8,9,0.0,0.0,0.0
200,200,up,0.0,0.8,10,0.0,0.0,0.0
200,200,up,0.0,0.8,11,0.0,0.0,0.0
200,200,up,0.5,0.8,0,5.551115123125783e-19,5.551115123125783e-19,1.1102230246251566e-18
200,200,up,0.5,0.8,1,0.0,0.0,0.0
200,200,up,0.5,0.8,2,5.551115123125783e-19,5.551115123125783e-19,1.1102230246251566e-18
200,200,up,0.5,0.8,3,5.551115123125783e-19,5.551115123125783e-19,1.1102230246251566e-18
200,200,up,0.5,0.8,4,5.551115123125783e-19,5.551115123125783e-19,1.1102230246251566e-18
200,200,up,0.5,0.8,5,5.551115123125783e-19,5.551115123125783e-19,1.1102230246251566e-18
200,200,up,0.5,0.8,6,5.551115123125783e-19,5.551115123125783e-19,1.1102230246251566e-18
200,200,up,0.5,0.8,7,5.551115123125783e-19,5.551115123125783e-19,1.1102230246251566e-18
200,200,up,0.5,0.8,8,5.551115123125783e-19,5.551115123125783e-19,1.1102230246251566e-18
200,200,up,0.5,0.8,9,5.551115123125783e-19,5.551115123125783e-19,1.1102230246251566e-18
200,200,up,0.5,0.8,10,5.551115123125783e-19,5.551115123125783e-19,1.1102230246251566e-18
200,200,up,0.5,0.8,11,5.551115123125783e-19,5.551115123125783e-19,1.1102230246251566e-18
200,200,up,2.0,0.8,0,6.068368030298643e-14,6.068368030298643e-14,1.2136736060597287e-13
200,200,up,2.0,0.8,1,6.065814517342005e-14,6.065814517342005e-14,1.213162903468401e-13
200,200,up,2.0,0.8,2,6.068368030298643e-14,6.068368030298643e-14,1.2136736060597287e-13
200,200,up,2.0,0.8,3,6.068368030298643e-14,6.068368030298643e-14,1.2136736060597287e-13
200,200,up,2.0,0.8,4,6.068368030298643e-14,6.068368030298643e-14,1.2136736060597287e-13
200,200,up,2.0,0.8,5,6.068368030298643e-14,6.068368030298643e-14,1.2136736060597287e-13
200,200,up,2.0,0.8,6,6.068368030298643e-14,6.068368030298643e-14,1.2136736060597287e-13
200,200,up,2.0,0.8,7,6.068368030298643e-14,6.068368030298643e-14,1.2136736060597287e-13
200,200,up,2.0,0.8,8,6.068368030298643e-14,6.068368030298643e-14,1.2136736060597287e-13
200,200,up,2.0,0.8,9,6.068368030298643e-14,6.068368030298643e-14,1.2136736060597287e-13
200,200,up,2.0,0.8,10,6.068368030298643e-14,6.068368030298643e-14,1.2136736060597287e-13
200,200,up,2.0,0.8,11,6.068368030298643e-14,6.068368030298643e-14,1.2136736060597287e-13
200,200,down,0.0,0.8,0,0.0,0.0,0.0
200,200,down,0.0,0.8,1,0.0,0.0,0.0
200,200,down,0.0,0.8,2,0.0,0.0,0.0
200,200,down,0.0,0.8,3,0.0,0.0,0.0
200,200,down,0.0,0.8,4,0.0,0.0,0.0
200,200,down,0.0,0.8,5,0.0,0.0,0.0
200,200,down,0.0,0.8,6,0.0,0.0,0.0
200,200,down,0.0,0.8,7,0.0,0.0,0.0
200,200,down,0.0,0.8,8,0.0,0.0,0.0
200,200,down,0.0,0.8,9,0.0,0.0,0.0
200,200,down,0.0,0.8,10,0.0,0.0,0.0
200,200,down,0.0,0.8,11,0.0,0.0,0.0
200,200,down,0.5,0.8,0,0.0,0.0,0.0
200,200,down,0.5,0.8,1,0.0,0.0,0.0
200,200,down,0.5,0.8,2,0.0,0.0,0.0
200,200,down,0.5,0.8,3,0.0,0.0,0.0
200,200,down,0.5,0.8,4,0.0,0.0,0.0
200,200,down,0.5,0.8,5,0.0,0.0,0.0
200,200,down,0.5,0.8,6,0.0,0.0,0.0
200,200,down,0.5,0.8,7,0.0,0.0,0.0
200,200,down,0.5,0.8,8,0.0,0.0,0.0
200,200,down,0.5,0.8,9,0.0,0.0,0.0
200,200,down,0.5,0.8,10,0.0,0.0,0.0
200,200,down,0.5,0.8,11,0.0,0.0,0.0
200,200,down,2.0,0.8,0,-4.035882739117369e-14,-4.035882739117369e-14,-8.071765478234738e-14
200,200,down,2.0,0.8,1,-3.8937741919653493e-14,-3.8937741919653493e-14,-7.787548383930699e-14
200,200,down,2.0,0.8,2,-3.8937741919653493e-14,-3.8937741919653493e-14,-7.787548383930699e-14
200,200,down,2.0,0.8,3,-3.8937741919653493e-14,-3.8937741919653493e-14,-7.787548383930699e-14
200,200,down,2.0,0.8,4,-3.8937741919653493e-14,-3.8937741919653493e-14,-7.787548383930699e-14
200,200,down,2.0,0.8,5,-3.865352482534945e-14,-3.865352482534945e-14,-7.73070496506989e-14
200,200,down,2.0,0.8,6,-3.8937741919653493e-14,-3.8937741919653493e-14,-7.787548383930699e-14
200,200,down,2.0,0.8,7,-3.8937741919653493e-14,-3.8937741919653493e-14,-7.787548383930699e-14
200,200,down,2.0,0.8,8,-3.8937741919653493e-14,-3.8937741919653493e-14,-7.787548383930699e-14
200,200,down,2.0,0.8,9,-3.8937741919653493e-14,-3.8937741919653493e-14,-7.787548383930699e-14
200,200,down,2.0,0.8,10,-3.8937741919653493e-14,-3.8937741919653493e-14,-7.787548383930699e-14
200,200,down,2.0,0.8,11,-3.8937741919653493e-14,-3.8937741919653493e-14,-7.787548383930699e-14
200,200,fresh,0.0,0.9,0,0.0,0.0,0.0
200,200,fresh,0.0,0.9,1,0.0,0.0,0.0
200,200,fresh,0.0,0.9,2,0.0,0.0,0.0
200,200,fresh,0.0,0.9,3,0.0,0.0,0.0
200,200,fresh,0.0,0.9,4,0.0,0.0,0.0
200,200,fresh,0.0,0.9,5,0.0,0.0,0.0
200,200,fresh,0.0,0.9,6,0.0,0.0,0.0
200,200,fresh,0.0,0.9,7,0.0,0.0,0.0
200,200,fresh,0.0,0.9,8,0.0,0.0,0.0
200,200,fresh,0.0,0.9,9,0.0,0.0,0.0
200,200,fresh,0.0,0.9,10,0.0,0.0,0.0
200,200,fresh,0.0,0.9,11,0.0,0.0,0.0
200,200,fresh,0.5,0.9,0,0.0,0.0,0.0
200,200,fresh,0.5,0.9,1,0.0,0.0,0.0
200,200,fresh,0.5,0.9,2,0.0,0.0,0.0
200,200,fresh,0.5,0.9,3,0.0,0.0,0.0
200,200,fresh,0.5,0.9,4,0.0,0.0,0.0
200,200,fresh,0.5,0.9,5,0.0,0.0,0.0
200,200,fresh,0.5,0.9,6,0.0,0.0,0.0
200,200,fresh,0.5,0.9,7,0.0,0.0,0.0
200,200,fresh,0.5,0.9,8,0.0,0.0,0.0
200,200,fresh,0.5,0.9,9,0.0,0.0,0.0
200,200,fresh,0.5,0.9,10,0.0,0.0,0.0
200,200,fresh,0.5,0.9,11,0.0,0.0,0.0
200,200,fresh,2.0,0.9,0,8.592562661391412e-11,8.592562661391412e-11,1.7185125322782824e-10
200,200,fresh,2.0,0.9,1,1.5129164698812758e-10,1.5129164698812758e-10,3.0258329397625517e-10
200,200,fresh,2.0,0.9,2,9.166697623186337e-11,9.166697623186337e-11,1.8333395246372674e-10
200,200,fresh,2.0,0.9,3,1.0823083540500988e-10,1.0823083540500988e-10,2.1646167081001976e-10
200,200,fresh,2.0,0.9,4,9.287398960999838e-11,9.287398960999838e-11,1.8574797921999676e-10
200,200,fresh,2.0,0.9,5,9.527011846088839e-11,9.527011846088839e-11,1.9054023692177678e-10
200,200,fresh,2.0,0.9,6,1.199087251713138e-10,1.199087251713138e-10,2.398174503426276e-10
200,200,fresh,2.0,0.9,7,1.7535836116522317e-11,1.7535836116522317e-11,3.5071672233044635e-11
200,200,fresh,2.0,0.9,8,1.1639849972766569e-10,1.1639849972766569e-10,2.3279699945533138e-10
200,200,fresh,2.0,0.9,9,8.202284407232696e-12,8.202284407232696e-12,1.6404568814465392e-11
200,200,fresh,2.0,0.9,10,1.9900691095031674e-11,1.9900691095031674e-11,3.980138219006335e-11
200,200,fresh,2.0,0.9,11,1.6712179640165915e-10,1.6712179640165915e-10,3.342435928033183e-10
200,200,up,0.0,0.9,0,0.0,0.0,0.0
200,200,up,0.0,0.9,1,0.0,0.0,0.0
200,200,up,0.0,0.9,2,0.0,0.0,0.0
200,200,up,0.0,0.9,3,0.0,0.0,0.0
200,200,up,0.0,0.9,4,0.0,0.0,0.0
200,200,up,0.0,0.9,5,0.0,0.0,0.0
200,200,up,0.0,0.9,6,0.0,0.0,0.0
200,200,up,0.0,0.9,7,0.0,0.0,0.0
200,200,up,0.0,0.9,8,0.0,0.0,0.0
200,200,up,0.0,0.9,9,0.0,0.0,0.0
200,200,up,0.0,0.9,10,0.0,0.0,0.0
200,200,up,0.0,0.9,11,0.0,0.0,0.0
200,200,up,0.5,0.9,0,0.0,0.0,0.0
200,200,up,0.5,0.9,1,0.0,0.0,0.0
200,200,up,0.5,0.9,2,0.0,0.0,0.0
200,200,up,0.5,0.9,3,0.0,0.0,0.0
200,200,up,0.5,0.9,4,0.0,0.0,0.0
200,200,up,0.5,0.9,5,0.0,0.0,0.0
200,200,up,0.5,0.9,6,0.0,0.0,0.0
200,200,up,0.5,0.9,7,0.0,0.0,0.0
200,200,up,0.5,0.9,8,0.0,0.0,0.0
200,200,up,0.5,0.9,9,0.0,0.0,0.0
200,200,up,0.5,0.9,10,0.0,0.0,0.0
200,200,up,0.5,0.9,11,0.0,0.0,0.0
200,200,up,2.0,0.9,0,2.1555974782927477e-11,2.1555974782927477e-11,4.3111949565854955e-11
200,200,up,2.0,0.9,1,2.1555948137574887e-11,2.1555950358020936e-11,4.311189849559582e-11
200,200,up,2.0,0.9,2,2.1555974782927477e-11,2.1555974782927477e-11,4.3111949565854955e-11
200,200,up,2.0,0.9,3,2.1555974782927477e-11,2.1555974782927477e-11,4.3111949565854955e-11
200,200,up,2.0,0.9,4,2.1555974782927477e-11,2.1555974782927477e-11,4.3111949565854955e-11
200,200,up,2.0,0.9,5,2.1555974782927477e-11,2.1555974782927477e-11,4.3111949565854955e-11
200,200,up,2.0,0.9,6,2.1555974782927477e-11,2.1555974782927477e-11,4.3111949565854955e-11
200,200,up,2.0,0.9,7,2.1555974782927477e-11,2.1555974782927477e-11,4.3111949565854955e-11
200,200,up,2.0,0.9,8,2.1555974782927477e-11,2.1555974782927477e-11,4.3111949565854955e-11
200,200,up,2.0,0.9,9,2.1555974782927477e-11,2.1555974782927477e-11,4.3111949565854955e-11
200,200,up,2.0,0.9,10,2.1555974782927477e-11,2.1555974782927477e-11,4.3111949565854955e-11
200,200,up,2.0,0.9,11,2.1555974782927477e-11,2.1555974782927477e-11,4.3111949565854955e-11
200,200,down,0.0,0.9,0,0.0,0.0,0.0
200,200,down,0.0,0.9,1,0.0,0.0,0.0
200,200,down,0.0,0.9,2,0.0,0.0,0.0
200,200,down,0.0,0.9,3,0.0,0.0,0.0
200,200,down,0.0,0.9,4,0.0,0.0,0.0
200,200,down,0.0,0.9,5,0.0,0.0,0.0
200,200,down,0.0,0.9,6,0.0,0.0,0.0
200,200,down,0.0,0.9,7,0.0,0.0,0.0
200,200,down,0.0,0.9,8,0.0,0.0,0.0
200,200,down,0.0,0.9,9,0.0,0.0,0.0
200,200,down,0.0,0.9,10,0.0,0.0,0.0
200,200,down,0.0,0.9,11,0.0,0.0,0.0
200,200,down,0.5,0.9,0,0.0,0.0,0.0
200,200,down,0.5,0.9,1,0.0,0.0,0.0
200,200,down,0.5,0.9,2,0.0,0.0,0.0
200,200,down,0.5,0.9,3,0.0,0.0,0.0
200,200,down,0.5,0.9,4,0.0,0.0,0.0
200,200,down,0.5,0.9,5,0.0,0.0,0.0
200,200,down,0.5,0.9,6,0.0,0.0,0.0
200,200,down,0.5,0.9,7,0.0,0.0,0.0
200,200,down,0.5,0.9,8,0.0,0.0,0.0
200,200,down,0.5,0.9,9,0.0,0.0,0.0
200,200,down,0.5,0.9,10,0.0,0.0,0.0
200,200,down,0.5,0.9,11,0.0,0.0,0.0
200,200,down,2.0,0.9,0,-2.0760921870532912e-11,-2.0760921870532912e-11,-4.1521843741065825e-11
200,200,down,2.0,0.9,1,-2.0758932350872783e-11,-2.0758932350872783e-11,-4.1517864701745565e-11
200,200,down,2.0,0.9,2,-2.0758932350872783e-11,-2.0758932350872783e-11,-4.1517864701745565e-11
200,200,down,2.0,0.9,3,-2.0758932350872783e-11,-2.0758932350872783e-11,-4.1517864701745565e-11
200,200,down,2.0,0.9,4,-2.0758932350872783e-11,-2.0758932350872783e-11,-4.1517864701745565e-11
200,200,down,2.0,0.9,5,-2.0758932350872783e-11,-2.0758932350872783e-11,-4.1517864701745565e-11
200,200,down,2.0,0.9,6,-2.0759216567967086e-11,-2.0759216567967086e-11,-4.151843313593417e-11
200,200,down,2.0,0.9,7,-2.0758932350872783e-11,-2.0758932350872783e-11,-4.1517864701745565e-11
200,200,down,2.0,0.9,8,-2.0758932350872783e-11,-2.0758932350872783e-11,-4.1517864701745565e-11
200,200,down,2.0,0.9,9,-2.0758932350872783e-11,-2.0758932350872783e-11,-4.1517864701745565e-11
200,200,down,2.0,0.9,10,-2.0758932350872783e-11,-2.0758932350872783e-11,-4.1517864701745565e-11
200,200,down,2.0,0.9,11,-2.0758932350872783e-11,-2.0758932350872783e-11,-4.1517864701745565e-11
200,200,fresh,0.0,0.95,0,4.440892098500626e-18,4.440892098500626e-18,8.881784197001253e-18
200,200,fresh,0.0,0.95,1,1.1102230246251566e-18,1.1102230246251566e-18,2.220446049250313e-18
200,200,fresh,0.0,0.95,2,1.1102230246251566e-18,1.1102230246251566e-18,2.220446049250313e-18
200,200,fresh,0.0,0.95,3,1.1102230246251566e-18,1.1102230246251566e-18,2.220446049250313e-18
200,200,fresh,0.0,0.95,4,1.1102230246251566e-18,1.1102230246251566e-18,2.220446049250313e-18
200,200,fresh,0.0,0.95,5,1.1102230246251566e-18,1.1102230246251566e-18,2.220446049250313e-18
200,200,fresh,0.0,0.95,6,1.1102230246251566e-18,1.1102230246251566e-18,2.220446049250313e-18
200,200,fresh,0.0,0.95,7,1.1102230246251566e-18,1.1102230246251566e-18,2.220446049250313e-18
200,200,fresh,0.0,0.95,8,1.1102230246251566e-18,1.1102230246251566e-18,2.220446049250313e-18
200,200,fresh,0.0,0.95,9,4.440892098500626e-18,4.440892098500626e-18,8.881784197001253e-18
200,200,fresh,0.0,0.95,10,4.440892098500626e-18,4.440892098500626e-18,8.881784197001253e-18
200,200,fresh,0.0,0.95,11,4.440892098500626e-18,4.440892098500626e-18,8.881784197001253e-18
200,200,fresh,0.5,0.95,0,4.3298697960381107e-17,4.3298697960381107e-17,8.659739592076221e-17
200,200,fresh,0.5,0.95,1,8.992806499463769e-17,8.992806499463769e-17,1.7985612998927537e-16
200,200,fresh,0.5,0.95,2,6.439293542825907e-17,6.439293542825907e-17,1.2878587085651815e-16
200,200,fresh,0.5,0.95,3,7.105427357601002e-17,7.105427357601002e-17,1.4210854715202004e-16
200,200,fresh,0.5,0.95,4,6.439293542825907e-17,6.439293542825907e-17,1.2878587085651815e-16
200,200,fresh,0.5,0.95,5,6.550315845288423e-17,6.550315845288423e-17,1.3100631690576846e-16
200,200,fresh,0.5,0.95,6,7.993605777301127e-17,7.993605777301127e-17,1.5987211554602254e-16
200,200,fresh,0.5,0.95,7,1.7763568394002505e-17,1.7763568394002505e-17,3.552713678800501e-17
200,200,fresh,0.5,0.95,8,7.438494264988549e-17,7.438494264988549e-17,1.4876988529977099e-16
200,200,fresh,0.5,0.95,9,7.993605777301127e-17,7.993605777301127e-17,1.5987211554602254e-16
200,200,fresh,0.5,0.95,10,1.2434497875801754e-16,1.2434497875801754e-16,2.486899575160351e-16
200,200,fresh,0.5,0.95,11,5.773159728050814e-17,5.773159728050814e-17,1.1546319456101628e-16
200,200,fresh,2.0,0.95,0,9.481693897805953e-09,9.481693897805953e-09,1.8963387795611906e-08
200,200,fresh,2.0,0.95,1,1.4001730189727724e-08,1.4001730189727724e-08,2.8003460379455448e-08
200,200,fresh,2.0,0.95,2,9.928216668786405e-09,9.928216668786405e-09,1.985643333757281e-08
200,200,fresh,2.0,0.95,3,1.1149148924083362e-08,1.1149148924083362e-08,2.2298297848166725e-08
200,200,fresh,2.0,0.95,4,1.0023208357745616e-08,1.0023208357745616e-08,2.0046416715491232e-08
200,200,fresh,2.0,0.95,5,1.020200646961733e-08,1.020200646961733e-08,2.040401293923466e-08
200,200,fresh,2.0,0.95,6,1.1962906906193283e-08,1.1962906906193283e-08,2.3925813812386565e-08
200,200,fresh,2.0,0.95,7,3.755703645857977e-09,3.755703645857977e-09,7.511407291715954e-09
200,200,fresh,2.0,0.95,8,1.172845803476541e-08,1.172845803476541e-08,2.345691606953082e-08
200,200,fresh,2.0,0.95,9,2.460835958340013e-09,2.460835958340013e-09,4.921671916680026e-09
200,200,fresh,2.0,0.95,10,3.8930230683575925e-09,3.8930230683575925e-09,7.786046136715185e-09
200,200,fresh,2.0,0.95,11,1.4865944240050055e-08,1.4865944240050055e-08,2.973188848010011e-08
200,200,up,0.0,0.95,0,1.1102230246251566e-18,1.1102230246251566e-18,2.220446049250313e-18
200,200,up,0.0,0.95,1,1.1102230246251566e-18,1.1102230246251566e-18,2.220446049250313e-18
200,200,up,0.0,0.95,2,1.1102230246251566e-18,1.1102230246251566e-18,2.220446049250313e-18
200,200,up,0.0,0.95,3,1.1102230246251566e-18,1.1102230246251566e-18,2.220446049250313e-18
200,200,up,0.0,0.95,4,1.1102230246251566e-18,1.1102230246251566e-18,2.220446049250313e-18
200,200,up,0.0,0.95,5,1.1102230246251566e-18,1.1102230246251566e-18,2.220446049250313e-18
200,200,up,0.0,0.95,6,1.1102230246251566e-18,1.1102230246251566e-18,2.220446049250313e-18
200,200,up,0.0,0.95,7,1.1102230246251566e-18,1.1102230246251566e-18,2.220446049250313e-18
200,200,up,0.0,0.95,8,1.1102230246251566e-18,1.1102230246251566e-18,2.220446049250313e-18
200,200,up,0.0,0.95,9,1.1102230246251566e-18,1.1102230246251566e-18,2.220446049250313e-18
200,200,up,0.0,0.95,10,1.1102230246251566e-18,1.1102230246251566e-18,2.220446049250313e-18
200,200,up,0.0,0.95,11,1.1102230246251566e-18,1.1102230246251566e-18,2.220446049250313e-18
200,200,up,0.5,0.95,0,6.661338147750939e-18,6.661338147750939e-18,1.3322676295501878e-17
200,200,up,0.5,0.95,1,8.881784197001253e-18,5.551115123125783e-18,1.4432899320127036e-17
200,200,up,0.5,0.95,2,6.661338147750939e-18,6.661338147750939e-18,1.3322676295501878e-17
200,200,up,0.5,0.95,3,6.661338147750939e-18,6.661338147750939e-18,1.3322676295501878e-17
200,200,up,0.5,0.95,4,6.661338147750939e-18,6.661338147750939e-18,1.3322676295501878e-17
200,200,up,0.5,0.95,5,6.661338147750939e-18,6.661338147750939e-18,1.3322676295501878e-17
200,200,up,0.5,0.95,6,6.661338147750939e-18,6.661338147750939e-18,1.3322676295501878e-17
200,200,up,0.5,0.95,7,6.661338147750939e-18,6.661338147750939e-18,1.3322676295501878e-17
200,200,up,0.5,0.95,8,6.661338147750939e-18,6.661338147750939e-18,1.3322676295501878e-17
200,200,up,0.5,0.95,9,6.661338147750939e-18,6.661338147750939e-18,1.3322676295501878e-17
200,200,up,0.5,0.95,10,6.661338147750939e-18,6.661338147750939e-18,1.3322676295501878e-17
200,200,up,0.5,0.95,11,6.661338147750939e-18,6.661338147750939e-18,1.3322676295501878e-17
200,200,up,2.0,0.95,0,2.0905646691549153e-09,2.0905646691549153e-09,4.1811293383098305e-09
200,200,up,2.0,0.95,1,2.090564668044692e-09,2.0905646713753613e-09,4.181129339420053e-09
200,200,up,2.0,0.95,2,2.0905646691549153e-09,2.0905646691549153e-09,4.1811293383098305e-09
200,200,up,2.0,0.95,3,2.0905646691549153e-09,2.0905646691549153e-09,4.1811293383098305e-09
200,200,up,2.0,0.95,4,2.0905646691549153e-09,2.0905646691549153e-09,4.1811293383098305e-09
200,200,up,2.0,0.95,5,2.0905646691549153e-09,2.0905646691549153e-09,4.1811293383098305e-09
200,200,up,2.0,0.95,6,2.0905646691549153e-09,2.0905646691549153e-09,4.1811293383098305e-09
200,200,up,2.0,0.95,7,2.0905646691549153e-09,2.0905646691549153e-09,4.1811293383098305e-09
200,200,up,2.0,0.95,8,2.0905646691549153e-09,2.0905646691549153e-09,4.1811293383098305e-09
200,200,up,2.0,0.95,9,2.0905646691549153e-09,2.0905646691549153e-09,4.1811293383098305e-09
200,200,up,2.0,0.95,10,2.0905646691549153e-09,2.0905646691549153e-09,4.1811293383098305e-09
200,200,up,2.0,0.95,11,2.0905646691549153e-09,2.0905646691549153e-09,4.1811293383098305e-09
200,200,down,0.0,0.95,0,0.0,0.0,0.0
200,200,down,0.0,0.95,1,0.0,0.0,0.0
200,200,down,0.0,0.95,2,0.0,0.0,0.0
200,200,down,0.0,0.95,3,0.0,0.0,0.0
200,200,down,0.0,0.95,4,0.0,0.0,0.0
200,200,down,0.0,0.95,5,0.0,0.0,0.0
200,200,down,0.0,0.95,6,0.0,0.0,0.0
200,200,down,0.0,0.95,7,0.0,0.0,0.0
200,200,down,0.0,0.95,8,0.0,0.0,0.0
200,200,down,0.0,0.95,9,0.0,0.0,0.0
200,200,down,0.0,0.95,10,0.0,0.0,0.0
200,200,down,0.0,0.95,11,0.0,0.0,0.0
200,200,down,0.5,0.95,0,0.0,0.0,0.0
200,200,down,0.5,0.95,1,0.0,0.0,0.0
200,200,down,0.5,0.95,2,0.0,0.0,0.0
200,200,down,0.5,0.95,3,0.0,0.0,0.0
200,200,down,0.5,0.95,4,0.0,0.0,0.0
200,200,down,0.5,0.95,5,0.0,0.0,0.0
200,200,down,0.5,0.95,6,0.0,0.0,0.0
200,200,down,0.5,0.95,7,0.0,0.0,0.0
200,200,down,0.5,0.95,8,0.0,0.0,0.0
200,200,down,0.5,0.95,9,0.0,0.0,0.0
200,200,down,0.5,0.95,10,0.0,0.0,0.0
200,200,down,0.5,0.95,11,0.0,0.0,0.0
200,200,down,2.0,0.95,0,-2.688810241124884e-09,-2.688810241124884e-09,-5.377620482249768e-09
200,200,down,2.0,0.95,1,-2.6888119464274497e-09,-2.6888119464274497e-09,-5.377623892854899e-09
200,200,down,2.0,0.95,2,-2.6888119464274497e-09,-2.6888119464274497e-09,-5.377623892854899e-09
200,200,down,2.0,0.95,3,-2.6888119464274497e-09,-2.6888119464274497e-09,-5.377623892854899e-09
200,200,down,2.0,0.95,4,-2.6888119464274497e-09,-2.6888119464274497e-09,-5.377623892854899e-09
200,200,down,2.0,0.95,5,-2.6888119464274497e-09,-2.6888119464274497e-09,-5.377623892854899e-09
200,200,down,2.0,0.95,6,-2.6888119464274497e-09,-2.6888119464274497e-09,-5.377623892854899e-09
200,200,down,2.0,0.95,7,-2.6888119464274497e-09,-2.6888119464274497e-09,-5.377623892854899e-09
200,200,down,2.0,0.95,8,-2.6888119464274497e-09,-2.6888119464274497e-09,-5.377623892854899e-09
200,200,down,2.0,0.95,9,-2.688812230644544e-09,-2.688812230644544e-09,-5.377624461289088e-09
200,200,down,2.0,0.95,10,-2.6888119464274497e-09,-2.6888119464274497e-09,-5.377623892854899e-09
200,200,down,2.0,0.95,11,-2.6888119464274497e-09,-2.6888119464274497e-09,-5.377623892854899e-09
200,200,fresh,0.0,0.98,0,0.0,0.0,0.0
200,200,fresh,0.0,0.98,1,0.0,0.0,0.0
200,200,fresh,0.0,0.98,2,0.0,0.0,0.0
200,200,fresh,0.0,0.98,3,0.0,0.0,0.0
200,200,fresh,0.0,0.98,4,0.0,0.0,0.0
200,200,fresh,0.0,0.98,5,0.0,0.0,0.0
200,200,fresh,0.0,0.98,6,0.0,0.0,0.0
200,200,fresh,0.0,0.98,7,0.0,0.0,0.0
200,200,fresh,0.0,0.98,8,0.0,0.0,0.0
200,200,fresh,0.0,0.98,9,0.0,0.0,0.0
200,200,fresh,0.0,0.98,10,0.0,0.0,0.0
200,200,fresh,0.0,0.98,11,0.0,0.0,0.0
200,200,fresh,0.5,0.98,0,3.2825864249019787e-12,3.2825864249019787e-12,6.565172849803957e-12
200,200,fresh,0.5,0.98,1,4.977832590569165e-12,4.977832590569165e-12,9.95566518113833e-12
200,200,fresh,0.5,0.98,2,4.062854497277613e-12,4.062854497277613e-12,8.125708994555226e-12
200,200,fresh,0.5,0.98,3,4.38848735129227e-12,4.38848735129227e-12,8.77697470258454e-12
200,200,fresh,0.5,0.98,4,4.104080408851018e-12,4.104080408851018e-12,8.208160817702036e-12
200,200,fresh,0.5,0.98,5,4.149220966809253e-12,4.149220966809253e-12,8.298441933618506e-12
200,200,fresh,0.5,0.98,6,4.696228961265092e-12,4.696228961265092e-12,9.392457922530185e-12
200,200,fresh,0.5,0.98,7,2.3119361980405983e-12,2.3119361980405983e-12,4.623872396081197e-12
200,200,fresh,0.5,0.98,8,4.539351117216483e-12,4.539351117216483e-12,9.078702234432966e-12
200,200,fresh,0.5,0.98,9,5.3831739066367845e-12,5.3831739066367845e-12,1.0766347813273569e-11
200,200,fresh,0.5,0.98,10,6.216405168402162e-12,6.216405168402162e-12,1.2432810336804323e-11
200,200,fresh,0.5,0.98,11,5.165472494184087e-12,5.165472494184087e-12,1.0330944988368174e-11
200,200,fresh,2.0,0.98,0,6.069951766640713e-07,6.069951766640713e-07,1.2139903533281427e-06
200,200,fresh,2.0,0.98,1,7.740435598879714e-07,7.740435598879714e-07,1.5480871197759428e-06
200,200,fresh,2.0,0.98,2,6.249953556058951e-07,6.249953556058951e-07,1.2499907112117902e-06
200,200,fresh,2.0,0.98,3,6.722191809460654e-07,6.722191809460654e-07,1.3444383618921308e-06
200,200,fresh,2.0,0.98,4,6.288350316407954e-07,6.288350316407954e-07,1.2576700632815908e-06
200,200,fresh,2.0,0.98,5,6.35832273909731e-07,6.35832273909731e-07,1.271664547819462e-06
200,200,fresh,2.0,0.98,6,7.023455008647872e-07,7.023455008647872e-07,1.4046910017295744e-06
200,200,fresh,2.0,0.98,7,3.5498627504737536e-07,3.5498627504737536e-07,7.099725500947507e-07
200,200,fresh,2.0,0.98,8,6.939101949055004e-07,6.939101949055004e-07,1.3878203898110008e-06
200,200,fresh,2.0,0.98,9,2.741873220668545e-07,2.741873220668545e-07,5.48374644133709e-07
200,200,fresh,2.0,0.98,10,3.590557030375141e-07,3.590557030375141e-07,7.181114060750282e-07
200,200,fresh,2.0,0.98,11,8.013550417818038e-07,8.013550417818038e-07,1.6027100835636076e-06
200,200,up,0.0,0.98,0,0.0,0.0,0.0
200,200,up,0.0,0.98,1,0.0,0.0,0.0
200,200,up,0.0,0.98,2,0.0,0.0,0.0
200,200,up,0.0,0.98,3,0.0,0.0,0.0
200,200,up,0.0,0.98,4,0.0,0.0,0.0
200,200,up,0.0,0.98,5,0.0,0.0,0.0
200,200,up,0.0,0.98,6,0.0,0.0,0.0
200,200,up,0.0,0.98,7,0.0,0.0,0.0
200,200,up,0.0,0.98,8,0.0,0.0,0.0
200,200,up,0.0,0.98,9,0.0,0.0,0.0
200,200,up,0.0,0.98,10,0.0,0.0,0.0
200,200,up,0.0,0.98,11,0.0,0.0,0.0
200,200,up,0.5,0.98,0,1.0372591674467912e-12,1.0372591674467912e-12,2.0745183348935823e-12
200,200,up,0.5,0.98,1,1.0372636083388898e-12,1.0372624981158651e-12,2.0745261064547547e-12
200,200,up,0.5,0.98,2,1.0372591674467912e-12,1.0372591674467912e-12,2.0745183348935823e-12
200,200,up,0.5,0.98,3,1.0372591674467912e-12,1.0372591674467912e-12,2.0745183348935823e-12
200,200,up,0.5,0.98,4,1.0372591674467912e-12,1.0372591674467912e-12,2.0745183348935823e-12
200,200,up,0.5,0.98,5,1.0372591674467912e-12,1.0372591674467912e-12,2.0745183348935823e-12
200,200,up,0.5,0.98,6,1.0372591674467912e-12,1.0372591674467912e-12,2.0745183348935823e-12
200,200,up,0.5,0.98,7,1.0372591674467912e-12,1.0372591674467912e-12,2.0745183348935823e-12
200,200,up,0.5,0.98,8,1.0372591674467912e-12,1.0372591674467912e-12,2.0745183348935823e-12
200,200,up,0.5,0.98,9,1.0372591674467912e-12,1.0372591674467912e-12,2.0745183348935823e-12
200,200,up,0.5,0.98,10,1.0372591674467912e-12,1.0372591674467912e-12,2.0745183348935823e-12
200,200,up,0.5,0.98,11,1.0372591674467912e-12,1.0372591674467912e-12,2.0745183348935823e-12
200,200,up,2.0,0.98,0,1.5892261079786251e-07,1.5892261079786251e-07,3.1784522159572503e-07
200,200,up,2.0,0.98,1,1.5892261079564207e-07,1.589226107967523e-07,3.178452215923944e-07
200,200,up,2.0,0.98,2,1.5892261079786251e-07,1.5892261079786251e-07,3.1784522159572503e-07
200,200,up,2.0,0.98,3,1.5892261079786251e-07,1.5892261079786251e-07,3.1784522159572503e-07
200,200,up,2.0,0.98,4,1.5892261079786251e-07,1.5892261079786251e-07,3.1784522159572503e-07
200,200,up,2.0,0.98,5,1.5892261079786251e-07,1.5892261079786251e-07,3.1784522159572503e-07
200,200,up,2.0,0.98,6,1.5892261079786251e-07,1.5892261079786251e-07,3.1784522159572503e-07
200,200,up,2.0,0.98,7,1.5892261079786251e-07,1.5892261079786251e-07,3.1784522159572503e-07
200,200,up,2.0,0.98,8,1.5892261079786251e-07,1.5892261079786251e-07,3.1784522159572503e-07
200,200,up,2.0,0.98,9,1.5892261079786251e-07,1.5892261079786251e-07,3.1784522159572503e-07
200,200,up,2.0,0.98,10,1.5892261079786251e-07,1.5892261079786251e-07,3.1784522159572503e-07
200,200,up,2.0,0.98,11,1.5892261079786251e-07,1.5892261079786251e-07,3.1784522159572503e-07
200,200,down,0.0,0.98,0,0.0,0.0,0.0
200,200,down,0.0,0.98,1,0.0,0.0,0.0
200,200,down,0.0,0.98,2,0.0,0.0,0.0
200,200,down,0.0,0.98,3,0.0,0.0,0.0
200,200,down,0.0,0.98,4,0.0,0.0,0.0
200,200,down,0.0,0.98,5,0.0,0.0,0.0
200,200,down,0.0,0.98,6,0.0,0.0,0.0
200,200,down,0.0,0.98,7,0.0,0.0,0.0
200,200,down,0.0,0.98,8,0.0,0.0,0.0
200,200,down,0.0,0.98,9,0.0,0.0,0.0
200,200,down,0.0,0.98,10,0.0,0.0,0.0
200,200,down,0.0,0.98,11,0.0,0.0,0.0
200,200,down,0.5,0.98,0,-7.776179700158536e-13,-7.776179700158536e-13,-1.5552359400317073e-12
200,200,down,0.5,0.98,1,-7.781864042044617e-13,-7.781864042044617e-13,-1.5563728084089234e-12
200,200,down,0.5,0.98,2,-7.776179700158536e-13,-7.776179700158536e-13,-1.5552359400317073e-12
200,200,down,0.5,0.98,3,-7.781864042044617e-13,-7.781864042044617e-13,-1.5563728084089234e-12
200,200,down,0.5,0.98,4,-7.781864042044617e-13,-7.781864042044617e-13,-1.5563728084089234e-12
200,200,down,0.5,0.98,5,-7.781864042044617e-13,-7.781864042044617e-13,-1.5563728084089234e-12
200,200,down,0.5,0.98,6,-7.781864042044617e-13,-7.781864042044617e-13,-1.5563728084089234e-12
200,200,down,0.5,0.98,7,-7.776179700158536e-13,-7.776179700158536e-13,-1.5552359400317073e-12
200,200,down,0.5,0.98,8,-7.781864042044617e-13,-7.781864042044617e-13,-1.5563728084089234e-12
200,200,down,0.5,0.98,9,-7.781864042044617e-13,-7.781864042044617e-13,-1.5563728084089234e-12
200,200,down,0.5,0.98,10,-7.781864042044617e-13,-7.781864042044617e-13,-1.5563728084089234e-12
200,200,down,0.5,0.98,11,-7.781864042044617e-13,-7.781864042044617e-13,-1.5563728084089234e-12
200,200,down,2.0,0.98,0,-1.200234834186631e-07,-1.2002348356077165e-07,-2.400469669794347e-07
200,200,down,2.0,0.98,1,-1.2002347830275539e-07,-1.2002347830275539e-07,-2.4004695660551077e-07
200,200,down,2.0,0.98,2,-1.200234780185383e-07,-1.200234780185383e-07,-2.400469560370766e-07
200,200,down,2.0,0.98,3,-1.200234777343212e-07,-1.200234777343212e-07,-2.400469554686424e-07
200,200,down,2.0,0.98,4,-1.200234780185383e-07,-1.200234780185383e-07,-2.400469560370766e-07
200,200,down,2.0,0.98,5,-1.200234788711896e-07,-1.200234788711896e-07,-2.400469577423792e-07
200,200,down,2.0,0.98,6,-1.2002347830275539e-07,-1.2002347830275539e-07,-2.4004695660551077e-07
200,200,down,2.0,0.98,7,-1.200234780185383e-07,-1.200234780185383e-07,-2.400469560370766e-07
200,200,down,2.0,0.98,8,-1.200234780185383e-07,-1.200234780185383e-07,-2.400469560370766e-07
200,200,down,2.0,0.98,9,-1.2002347830275539e-07,-1.2002347830275539e-07,-2.4004695660551077e-07
200,200,down,2.0,0.98,10,-1.2002347943962376e-07,-1.2002347943962376e-07,-2.4004695887924753e-07
200,200,down,2.0,0.98,11,-1.2002347830275539e-07,-1.2002347830275539e-07,-2.4004695660551077e-07
200,200,fresh,0.0,0.99,0,1.1013412404281553e-15,8.637535131583718e-16,1.965094753586527e-15
200,200,fresh,0.0,0.99,1,8.781864124784988e-16,7.649436639667328e-16,1.6431300764452318e-15
200,200,fresh,0.0,0.99,2,-2.3980817331903383e-16,8.37108160567368e-16,5.972999872483342e-16
200,200,fresh,0.0,0.99,3,7.416289804496045e-16,7.771561172376096e-16,1.5187850976872141e-15
200,200,fresh,0.0,0.99,4,7.494005416219807e-16,7.005507285384737e-16,1.4499512701604543e-15
200,200,fresh,0.0,0.99,5,7.405187574249794e-16,7.205347429817266e-16,1.461053500406706e-15
200,200,fresh,0.0,0.99,6,8.926193117986258e-16,6.23945339839338e-16,1.5165646516379638e-15
200,200,fresh,0.0,0.99,7,4.474198789239381e-16,5.229150445984487e-16,9.703349235223868e-16
200,200,fresh,0.0,0.99,8,8.1601392309949e-16,7.427392034742298e-16,1.5587531265737197e-15
200,200,fresh,0.0,0.99,9,8.79296635503124e-16,8.060219158778636e-16,1.6853185513809876e-15
200,200,fresh,0.0,0.99,10,9.592326932761353e-16,7.460698725481052e-16,1.7053025658242404e-15
200,200,fresh,0.0,0.99,11,7.038813976123492e-16,9.14823772291129e-16,1.6187051699034782e-15
200,200,fresh,0.5,0.99,0,8.342675428263391e-10,8.342676338646271e-10,1.6685351766909663e-09
200,200,fresh,0.5,0.99,1,1.1257870513592393e-09,1.1257870491387933e-09,2.2515741004980326e-09
200,200,fresh,0.5,0.99,2,9.753841578863388e-10,9.753841667681228e-10,1.9507683246544616e-09
200,200,fresh,0.5,0.99,3,1.030256432388299e-09,1.030256432388299e-09,2.060512864776598e-09
200,200,fresh,0.5,0.99,4,9.82726379161747e-10,9.827263769413007e-10,1.965452756103048e-09
200,200,fresh,0.5,0.99,5,9.903346165351935e-10,9.903346165351935e-10,1.980669233070387e-09
200,200,fresh,0.5,0.99,6,1.0803933359060381e-09,1.080393331465146e-09,2.1607866673711842e-09
200,200,fresh,0.5,0.99,7,6.614320291475906e-10,6.614320402498208e-10,1.3228640693974114e-09
200,200,fresh,0.5,0.99,8,1.0550870166436966e-09,1.0550870144232506e-09,2.110174031066947e-09
200,200,fresh,0.5,0.99,9,1.1893785867300721e-09,1.1893785867300721e-09,2.3787571734601442e-09
200,200,fresh,0.5,0.99,10,1.311767481304571e-09,1.311767479084125e-09,2.623534960388696e-09
200,200,fresh,0.5,0.99,11,1.1550843015406543e-09,1.1550843037611003e-09,2.3101686053017546e-09
200,200,fresh,2.0,0.99,0,4.541993098297059e-06,4.541993098297059e-06,9.083986196594117e-06
200,200,fresh,2.0,0.99,1,5.39254771270592e-06,5.39254771270592e-06,1.078509542541184e-05
200,200,fresh,2.0,0.99,2,4.63722993904292e-06,4.63722993904292e-06,9.27445987808584e-06
200,200,fresh,2.0,0.99,3,4.8824900214661235e-06,4.8824900214661235e-06,9.764980042932247e-06
200,200,fresh,2.0,0.99,4,4.657525608119384e-06,4.657525608119384e-06,9.315051216238768e-06
200,200,fresh,2.0,0.99,5,4.69409189196468e-06,4.69409189196468e-06,9.38818378392936e-06
200,200,fresh,2.0,0.99,6,5.035863565873156e-06,5.035863565873156e-06,1.0071727131746311e-05
200,200,fresh,2.0,0.99,7,3.1362101053433735e-06,3.1362101053433735e-06,6.272420210686747e-06
200,200,fresh,2.0,0.99,8,4.993390566998545e-06,4.993390566998545e-06,9.98678113399709e-06
200,200,fresh,2.0,0.99,9,2.61223804060462e-06,2.6122380406179424e-06,5.224476081222562e-06
200,200,fresh,2.0,0.99,10,3.154788794600405e-06,3.154788794600405e-06,6.30957758920081e-06
200,200,fresh,2.0,0.99,11,5.523058807672676e-06,5.523058807672676e-06,1.1046117615345352e-05
200,200,up,0.0,0.99,0,1.27675647831893e-16,1.27675647831893e-16,2.55351295663786e-16
200,200,up,0.0,0.99,1,1.27675647831893e-16,1.27675647831893e-16,2.55351295663786e-16
200,200,up,0.0,0.99,2,1.27675647831893e-16,1.27675647831893e-16,2.55351295663786e-16
200,200,up,0.0,0.99,3,1.27675647831893e-16,1.27675647831893e-16,2.55351295663786e-16
200,200,up,0.0,0.99,4,1.27675647831893e-16,1.27675647831893e-16,2.55351295663786e-16
200,200,up,0.0,0.99,5,1.27675647831893e-16,1.27675647831893e-16,2.55351295663786e-16
200,200,up,0.0,0.99,6,1.27675647831893e-16,1.27675647831893e-16,2.55351295663786e-16
200,200,up,0.0,0.99,7,1.27675647831893e-16,1.27675647831893e-16,2.55351295663786e-16
200,200,up,0.0,0.99,8,1.27675647831893e-16,1.27675647831893e-16,2.55351295663786e-16
200,200,up,0.0,0.99,9,1.27675647831893e-16,1.27675647831893e-16,2.55351295663786e-16
200,200,up,0.0,0.99,10,1.27675647831893e-16,1.27675647831893e-16,2.55351295663786e-16
200,200,up,0.0,0.99,11,1.27675647831893e-16,1.27675647831893e-16,2.55351295663786e-16
200,200,up,0.5,0.99,0,1.8217123698427427e-10,1.8217123698427427e-10,3.6434247396854855e-10
200,200,up,0.5,0.99,1,1.821712380944973e-10,1.821712380944973e-10,3.643424761889946e-10
200,200,up,0.5,0.99,2,1.8217123698427427e-10,1.8217123698427427e-10,3.6434247396854855e-10
200,200,up,0.5,0.99,3,1.8217123698427427e-10,1.8217123698427427e-10,3.6434247396854855e-10
200,200,up,0.5,0.99,4,1.8217123698427427e-10,1.8217123698427427e-10,3.6434247396854855e-10
200,200,up,0.5,0.99,5,1.8217123698427427e-10,1.8217123698427427e-10,3.6434247396854855e-10
200,200,up,0.5,0.99,6,1.8217123698427427e-10,1.8217123698427427e-10,3.6434247396854855e-10
200,200,up,0.5,0.99,7,1.8217123698427427e-10,1.8217123698427427e-10,3.6434247396854855e-10
200,200,up,0.5,0.99,8,1.8217123698427427e-10,1.8217123698427427e-10,3.6434247396854855e-10
200,200,up,0.5,0.99,9,1.8217123698427427e-10,1.8217123698427427e-10,3.6434247396854855e-10
200,200,up,0.5,0.99,10,1.8217123698427427e-10,1.8217123698427427e-10,3.6434247396854855e-10
200,200,up,0.5,0.99,11,1.8217123698427427e-10,1.8217123698427427e-10,3.6434247396854855e-10
200,200,up,2.0,0.99,0,8.611709773931331e-07,8.611709773931331e-07,1.7223419547862661e-06
200,200,up,2.0,0.99,1,8.611709773953536e-07,8.611709773953536e-07,1.7223419547907071e-06
200,200,up,2.0,0.99,2,8.611709773931331e-07,8.611709773931331e-07,1.7223419547862661e-06
200,200,up,2.0,0.99,3,8.611709773931331e-07,8.611709773931331e-07,1.7223419547862661e-06
200,200,up,2.0,0.99,4,8.611709773931331e-07,8.611709773931331e-07,1.7223419547862661e-06
200,200,up,2.0,0.99,5,8.611709773931331e-07,8.611709773931331e-07,1.7223419547862661e-06
200,200,up,2.0,0.99,6,8.611709773931331e-07,8.611709773931331e-07,1.7223419547862661e-06
200,200,up,2.0,0.99,7,8.611709773931331e-07,8.611709773931331e-07,1.7223419547862661e-06
200,200,up,2.0,0.99,8,8.611709773931331e-07,8.611709773931331e-07,1.7223419547862661e-06
200,200,up,2.0,0.99,9,8.611709773931331e-07,8.611709773931331e-07,1.7223419547862661e-06
200,200,up,2.0,0.99,10,8.611709773931331e-07,8.611709773931331e-07,1.7223419547862661e-06
200,200,up,2.0,0.99,11,8.611709773931331e-07,8.611709773931331e-07,1.7223419547862661e-06
200,200,down,0.0,0.99,0,0.0,0.0,0.0
200,200,down,0.0,0.99,1,0.0,0.0,0.0
200,200,down,0.0,0.99,2,0.0,0.0,0.0
200,200,down,0.0,0.99,3,0.0,0.0,0.0
200,200,down,0.0,0.99,4,0.0,0.0,0.0
200,200,down,0.0,0.99,5,0.0,0.0,0.0
200,200,down,0.0,0.99,6,0.0,0.0,0.0
200,200,down,0.0,0.99,7,0.0,0.0,0.0
200,200,down,0.0,0.99,8,0.0,0.0,0.0
200,200,down,0.0,0.99,9,0.0,0.0,0.0
200,200,down,0.0,0.99,10,0.0,0.0,0.0
200,200,down,0.0,0.99,11,0.0,0.0,0.0
200,200,down,0.5,0.99,0,-1.8151695257984103e-10,-1.8151695257984103e-10,-3.6303390515968206e-10
200,200,down,0.5,0.99,1,-1.8151695257984103e-10,-1.8151695257984103e-10,-3.6303390515968206e-10
200,200,down,0.5,0.99,2,-1.8151752101402962e-10,-1.8151752101402962e-10,-3.6303504202805925e-10
200,200,down,0.5,0.99,3,-1.8151695257984103e-10,-1.8151695257984103e-10,-3.6303390515968206e-10
200,200,down,0.5,0.99,4,-1.8151752101402962e-10,-1.8151752101402962e-10,-3.6303504202805925e-10
200,200,down,0.5,0.99,5,-1.8151695257984103e-10,-1.8151695257984103e-10,-3.6303390515968206e-10
200,200,down,0.5,0.99,6,-1.8151695257984103e-10,-1.8151695257984103e-10,-3.6303390515968206e-10
200,200,down,0.5,0.99,7,-1.8151695257984103e-10,-1.8151695257984103e-10,-3.6303390515968206e-10
200,200,down,0.5,0.99,8,-1.8151752101402962e-10,-1.8151752101402962e-10,-3.6303504202805925e-10
200,200,down,0.5,0.99,9,-1.8151695257984103e-10,-1.8151695257984103e-10,-3.6303390515968206e-10
200,200,down,0.5,0.99,10,-1.8151752101402962e-10,-1.8151752101402962e-10,-3.6303504202805925e-10
200,200,down,0.5,0.99,11,-1.8151695257984103e-10,-1.8151695257984103e-10,-3.6303390515968206e-10
200,200,down,2.0,0.99,0,-8.616745446943242e-07,-8.616745448364327e-07,-1.723349089530757e-06
200,200,down,2.0,0.99,1,-8.581585643696598e-07,-8.581585643696598e-07,-1.7163171287393196e-06
200,200,down,2.0,0.99,2,-8.579814391396212e-07,-8.579814391396212e-07,-1.7159628782792424e-06
200,200,down,2.0,0.99,3,-8.578606187370497e-07,-8.578606187370497e-07,-1.7157212374740994e-06
200,200,down,2.0,0.99,4,-8.580675418556894e-07,-8.580675418556894e-07,-1.7161350837113788e-06
200,200,down,2.0,0.99,5,-8.582639503629252e-07,-8.582639503629252e-07,-1.7165279007258505e-06
200,200,down,2.0,0.99,6,-8.580534461088973e-07,-8.580534461088973e-07,-1.7161068922177946e-06
200,200,down,2.0,0.99,7,-8.580081060927114e-07,-8.580081060927114e-07,-1.7160162121854228e-06
200,200,down,2.0,0.99,8,-8.580555490311781e-07,-8.580555490311781e-07,-1.7161110980623562e-06
200,200,down,2.0,0.99,9,-8.581106385463499e-07,-8.581106385463499e-07,-1.7162212770926999e-06
200,200,down,2.0,0.99,10,-8.587021818584616e-07,-8.587021818584616e-07,-1.7174043637169233e-06
200,200,down,2.0,0.99,11,-8.581313329614204e-07,-8.581313329614204e-07,-1.7162626659228409e-06
200,200,fresh,0.0,0.995,0,2.7079538611474165e-12,2.2921420317345563e-12,5.000095892881973e-12
200,200,fresh,0.0,0.995,1,2.293579770551446e-12,2.0832924274571952e-12,4.376872198008641e-12
200,200,fresh,0.0,0.995,2,-2.70604649799111e-13,2.2183554992949437e-12,1.9477508494958328e-12
200,200,fresh,0.0,0.995,3,2.0417745272283126e-12,2.1077750655962292e-12,4.149549592824542e-12
200,200,fresh,0.0,0.995,4,2.0508661435769683e-12,1.957369821781185e-12,4.008235965358153e-12
200,200,fresh,0.0,0.995,5,2.03728034442463e-12,2.000367649301893e-12,4.0376479937265224e-12
200,200,fresh,0.0,0.995,6,2.3173318819402764e-12,1.803642790676463e-12,4.12097467261674e-12
200,200,fresh,0.0,0.995,7,1.4357570687906218e-12,1.5953938170554239e-12,3.0311508858460457e-12
200,200,fresh,0.0,0.995,8,2.1733659316680585e-12,2.0351764717929656e-12,4.208542403461024e-12
200,200,fresh,0.0,0.995,9,2.340749816198695e-12,2.20055085264903e-12,4.541300668847725e-12
200,200,fresh,0.0,0.995,10,2.484585870377032e-12,2.0935586597659038e-12,4.578144530142935e-12
200,200,fresh,0.0,0.995,11,1.997160214983751e-12,2.3850121877444507e-12,4.3821724027282015e-12
200,200,fresh,0.5,0.995,0,3.882741924421396e-08,3.8827518371586936e-08,7.765493761580089e-08
200,200,fresh,0.5,0.995,1,4.808896815977626e-08,4.808896589936218e-08,9.617793405913844e-08
200,200,fresh,0.5,0.995,2,4.345461803945128e-08,4.3454627822736566e-08,8.690924586218784e-08
200,200,fresh,0.5,0.995,3,4.517289963645865e-08,4.517290030037202e-08,9.034579993683067e-08
200,200,fresh,0.5,0.995,4,4.3691292699321596e-08,4.36912916002008e-08,8.73825842995224e-08
200,200,fresh,0.5,0.995,5,4.392986555190603e-08,4.392986513002128e-08,8.785973068192732e-08
200,200,fresh,0.5,0.995,6,4.6709889293117254e-08,4.670988532295972e-08,9.341977461607697e-08
200,200,fresh,0.5,0.995,7,3.313134803617501e-08,3.313136141880335e-08,6.626270945497837e-08
200,200,fresh,0.5,0.995,8,4.5938732952111036e-08,4.593873160874118e-08,9.187746456085221e-08
200,200,fresh,0.5,0.995,9,4.998721390592209e-08,4.9987211692137376e-08,9.997442559805947e-08
200,200,fresh,0.5,0.995,10,5.350336899301311e-08,5.350336370835152e-08,1.0700673270136462e-07
200,200,fresh,0.5,0.995,11,4.8962450440726e-08,4.896245406449395e-08,9.792490450521996e-08
200,200,fresh,2.0,0.995,0,1.7168838162264778e-05,1.7168838162264778e-05,3.4337676324529557e-05
200,200,fresh,2.0,0.995,1,1.9415086763805433e-05,1.9415086763805433e-05,3.8830173527610866e-05
200,200,fresh,2.0,0.995,2,1.7426513027002376e-05,1.7426513027002376e-05,3.485302605400475e-05
200,200,fresh,2.0,0.995,3,1.808233034460649e-05,1.808233034460649e-05,3.616466068921298e-05
200,200,fresh,2.0,0.995,4,1.7481348998369396e-05,1.7481348998369396e-05,3.496269799673879e-05
200,200,fresh,2.0,0.995,5,1.7579545684492935e-05,1.7579545684492935e-05,3.515909136898587e-05
200,200,fresh,2.0,0.995,6,1.8487243017186738e-05,1.8487243017186738e-05,3.6974486034373476e-05
200,200,fresh,2.0,0.995,7,1.3212956293656707e-05,1.321295629366559e-05,2.6425912587322298e-05
200,200,fresh,2.0,0.995,8,1.837581554661516e-05,1.837581554661516e-05,3.675163109323032e-05
200,200,fresh,2.0,0.995,9,1.1592541481578732e-05,1.159254148564437e-05,2.31850829672231e-05
200,200,fresh,2.0,0.995,10,1.3259249915156257e-05,1.3259249915382742e-05,2.6518499830538997e-05
200,200,fresh,2.0,0.995,11,1.974689060006529e-05,1.974689060006529e-05,3.949378120013058e-05
200,200,up,0.0,0.995,0,3.634181844347495e-13,3.634181844347495e-13,7.26836368869499e-13
200,200,up,0.0,0.995,1,3.634181844347495e-13,3.634181844347495e-13,7.26836368869499e-13
200,200,up,0.0,0.995,2,3.634181844347495e-13,3.634181844347495e-13,7.26836368869499e-13
200,200,up,0.0,0.995,3,3.634181844347495e-13,3.634181844347495e-13,7.26836368869499e-13
200,200,up,0.0,0.995,4,3.634181844347495e-13,3.634181844347495e-13,7.26836368869499e-13
200,200,up,0.0,0.995,5,3.634181844347495e-13,3.634181844347495e-13,7.26836368869499e-13
200,200,up,0.0,0.995,6,3.634181844347495e-13,3.634181844347495e-13,7.26836368869499e-13
200,200,up,0.0,0.995,7,3.634181844347495e-13,3.634181844347495e-13,7.26836368869499e-13
200,200,up,0.0,0.995,8,3.634181844347495e-13,3.634181844347495e-13,7.26836368869499e-13
200,200,up,0.0,0.995,9,3.634181844347495e-13,3.634181844347495e-13,7.26836368869499e-13
200,200,up,0.0,0.995,10,3.634181844347495e-13,3.634181844347495e-13,7.26836368869499e-13
200,200,up,0.0,0.995,11,3.634181844347495e-13,3.634181844347495e-13,7.26836368869499e-13
200,200,up,0.5,0.995,0,7.905223359250258e-09,7.905223359250258e-09,1.5810446718500516e-08
200,200,up,0.5,0.995,1,7.905223369242265e-09,7.905223369242265e-09,1.581044673848453e-08
200,200,up,0.5,0.995,2,7.905223359250258e-09,7.905223359250258e-09,1.5810446718500516e-08
200,200,up,0.5,0.995,3,7.905223359250258e-09,7.905223359250258e-09,1.5810446718500516e-08
200,200,up,0.5,0.995,4,7.905223359250258e-09,7.905223359250258e-09,1.5810446718500516e-08
200,200,up,0.5,0.995,5,7.905223359250258e-09,7.905223359250258e-09,1.5810446718500516e-08
200,200,up,0.5,0.995,6,7.905223359250258e-09,7.905223359250258e-09,1.5810446718500516e-08
200,200,up,0.5,0.995,7,7.905223359250258e-09,7.905223359250258e-09,1.5810446718500516e-08
200,200,up,0.5,0.995,8,7.905223359250258e-09,7.905223359250258e-09,1.5810446718500516e-08
200,200,up,0.5,0.995,9,7.905223359250258e-09,7.905223359250258e-09,1.5810446718500516e-08
200,200,up,0.5,0.995,10,7.905223359250258e-09,7.905223359250258e-09,1.5810446718500516e-08
200,200,up,0.5,0.995,11,7.905223359250258e-09,7.905223359250258e-09,1.5810446718500516e-08
200,200,up,2.0,0.995,0,3.117251464817006e-06,3.117251464817006e-06,6.234502929634012e-06
200,200,up,2.0,0.995,1,3.117251464823667e-06,3.117251464822557e-06,6.234502929646224e-06
200,200,up,2.0,0.995,2,3.117251464817006e-06,3.117251464817006e-06,6.234502929634012e-06
200,200,up,2.0,0.995,3,3.117251464817006e-06,3.117251464817006e-06,6.234502929634012e-06
200,200,up,2.0,0.995,4,3.117251464817006e-06,3.117251464817006e-06,6.234502929634012e-06
200,200,up,2.0,0.995,5,3.117251464817006e-06,3.117251464817006e-06,6.234502929634012e-06
200,200,up,2.0,0.995,6,3.117251464817006e-06,3.117251464817006e-06,6.234502929634012e-06
200,200,up,2.0,0.995,7,3.117251464817006e-06,3.117251464817006e-06,6.234502929634012e-06
200,200,up,2.0,0.995,8,3.117251464817006e-06,3.117251464817006e-06,6.234502929634012e-06
200,200,up,2.0,0.995,9,3.117251464817006e-06,3.117251464817006e-06,6.234502929634012e-06
200,200,up,2.0,0.995,10,3.117251464817006e-06,3.117251464817006e-06,6.234502929634012e-06
200,200,up,2.0,0.995,11,3.117251464817006e-06,3.117251464817006e-06,6.234502929634012e-06
200,200,down,0.0,0.995,0,-1.9042545318370685e-12,-1.9110757421003653e-12,-3.815330273937434e-12
200,200,down,0.0,0.995,1,-1.9133494788547976e-12,-1.9247181626269594e-12,-3.838067641481757e-12
200,200,down,0.0,0.995,2,-1.8962964531965553e-12,-1.9122126104775817e-12,-3.808509063674137e-12
200,200,down,0.0,0.995,3,-1.9258550310041757e-12,-1.916760083986446e-12,-3.8426151149906215e-12
200,200,down,0.0,0.995,4,-1.9235812942497434e-12,-1.957687345566228e-12,-3.881268639815971e-12
200,200,down,0.0,0.995,5,-1.9304025045130402e-12,-1.9394974515307693e-12,-3.8698999560438096e-12
200,200,down,0.0,0.995,6,-1.908802005345933e-12,-1.8474111129762605e-12,-3.7562131183221935e-12
200,200,down,0.0,0.995,7,-1.8906121113104745e-12,-1.88606463780161e-12,-3.776676749112084e-12
200,200,down,0.0,0.995,8,-1.914486347232014e-12,-1.928128767758608e-12,-3.8426151149906215e-12
200,200,down,0.0,0.995,9,-1.9099388737231494e-12,-1.914486347232014e-12,-3.824425220955163e-12
200,200,down,0.0,0.995,10,-1.905391400214285e-12,-1.9190338207408785e-12,-3.824425220955163e-12
200,200,down,0.0,0.995,11,-1.937223714776337e-12,-1.905391400214285e-12,-3.8426151149906215e-12
200,200,down,0.5,0.995,0,-3.77909356075179e-08,-3.77909356075179e-08,-7.55818712150358e-08
200,200,down,0.5,0.995,1,-4.483666884880222e-08,-4.483657107812178e-08,-8.9673239926924e-08
200,200,down,0.5,0.995,2,-3.900875810813886e-08,-3.900875810813886e-08,-7.801751621627772e-08
200,200,down,0.5,0.995,3,-3.986250248999568e-08,-3.986250248999568e-08,-7.972500497999136e-08
200,200,down,0.5,0.995,4,-3.7932451277811196e-08,-3.7932451277811196e-08,-7.586490255562239e-08
200,200,down,0.5,0.995,5,-3.6149650668448885e-08,-3.6149650668448885e-08,-7.229930133689777e-08
200,200,down,0.5,0.995,6,-3.688416711611353e-08,-3.688416711611353e-08,-7.376833423222706e-08
200,200,down,0.5,0.995,7,-3.760200399938185e-08,-3.760200399938185e-08,-7.52040079987637e-08
200,200,down,0.5,0.995,8,-3.9745858657624924e-08,-3.9745858657624924e-08,-7.949171731524985e-08
200,200,down,0.5,0.995,9,-4.1491216506983617e-08,-4.1491215370115245e-08,-8.298243187709885e-08
200,200,down,0.5,0.995,10,-4.1771428413994726e-08,-4.177142727712635e-08,-8.354285569112107e-08
200,200,down,0.5,0.995,11,-3.845461094442726e-08,-3.845461094442726e-08,-7.690922188885452e-08
200,200,down,2.0,0.995,0,-4.8244112541908634e-05,-4.8244112949475945e-05,-9.648822549138459e-05
200,200,down,2.0,0.995,1,-1.1832492029100195e-05,-1.1832492029100195e-05,-2.366498405820039e-05
200,200,down,2.0,0.995,2,-9.921850058276504e-06,-9.921850058276504e-06,-1.984370011655301e-05
200,200,down,2.0,0.995,3,-8.61415920780928e-06,-8.61415920780928e-06,-1.722831841561856e-05
200,200,down,2.0,0.995,4,-1.085157671525394e-05,-1.085157671525394e-05,-2.170315343050788e-05
200,200,down,2.0,0.995,5,-1.2965696538174143e-05,-1.2965696538174143e-05,-2.5931393076348285e-05
200,200,down,2.0,0.995,6,-1.0699498859310096e-05,-1.0699498859310096e-05,-2.1398997718620192e-05
200,200,down,2.0,0.995,7,-1.020998252499794e-05,-1.020998252499794e-05,-2.041996504999588e-05
200,200,down,2.0,0.995,8,-1.0722190565957135e-05,-1.0722190565957135e-05,-2.144438113191427e-05
200,200,down,2.0,0.995,9,-1.1316265004381876e-05,-1.1316265004381876e-05,-2.263253000876375e-05
200,200,down,2.0,0.995,10,-1.764929593036868e-05,-1.764929593036868e-05,-3.529859186073736e-05
200,200,down,2.0,0.995,11,-1.1539226253489687e-05,-1.1539226253489687e-05,-2.3078452506979375e-05
200,200,fresh,0.0,1.0,0,2.54706390554027e-05,2.5154728437060125e-05,5.062536749246282e-05
200,200,fresh,0.0,1.0,1,2.5155890364715328e-05,2.4975167807669284e-05,5.013105817238461e-05
200,200,fresh,0.0,1.0,2,2.0794526621608078e-05,2.50930318422804e-05,4.588755846388848e-05
200,200,fresh,0.0,1.0,3,2.493758050661099e-05,2.499702932359793e-05,4.993460983020892e-05
200,200,fresh,0.0,1.0,4,2.4945870797323798e-05,2.4859085602371156e-05,4.9804956399694954e-05
200,200,fresh,0.0,1.0,5,2.4933476214545892e-05,2.489943127332195e-05,4.9832907487867845e-05
200,200,fresh,0.0,1.0,6,2.5175345677806992e-05,2.4708500365534513e-05,4.98838460433415e-05
200,200,fresh,0.0,1.0,7,2.4302357816609054e-05,2.4487202797628392e-05,4.878956061423744e-05
200,200,fresh,0.0,1.0,8,2.505450079627547e-05,2.493154390373897e-05,4.998604470001444e-05
200,200,fresh,0.0,1.0,9,2.5194370962386968e-05,2.507789255736359e-05,5.027226351975056e-05
200,200,fresh,0.0,1.0,10,2.5307286640829928e-05,2.4984395934390945e-05,5.029168257522087e-05
200,200,fresh,0.0,1.0,11,2.48964752622749e-05,2.5229809497933077e-05,5.0126284760207975e-05
200,200,fresh,0.5,1.0,0,4.8744954860404646e-05,4.875076101220399e-05,9.749571587260863e-05
200,200,fresh,0.5,1.0,1,5.034511541912923e-05,5.0345022307182184e-05,0.00010069013772631141
200,200,fresh,0.5,1.0,2,4.95862423050597e-05,4.9586716026486234e-05,9.917295833154593e-05
200,200,fresh,0.5,1.0,3,4.9875443137320505e-05,4.9875473312891436e-05,9.975091645021194e-05
200,200,fresh,0.5,1.0,4,4.962770046260778e-05,4.962764781623829e-05,9.925534827884608e-05
200,200,fresh,0.5,1.0,5,4.9668017545970725e-05,4.966799751425221e-05,9.933601506022294e-05
200,200,fresh,0.5,1.0,6,5.0125397149729524e-05,5.012522560485788e-05,0.0001002506227545874
200,200,fresh,0.5,1.0,7,4.7662487198278925e-05,4.76634350035976e-05,9.532592220187652e-05
200,200,fresh,0.5,1.0,8,5.000109932836061e-05,5.0001039836862214e-05,0.00010000213916522283
200,200,fresh,0.5,1.0,9,5.0638835519021264e-05,5.0638749781035665e-05,0.00010127758530005693
200,200,fresh,0.5,1.0,10,5.115337032020939e-05,5.1153186687074026e-05,0.00010230655700728342
200,200,fresh,0.5,1.0,11,5.048048214024492e-05,5.04806274174685e-05,0.00010096110955771343
200,200,fresh,2.0,1.0,0,0.00012186020812922749,0.00012186020812926746,0.00024372041625849496
200,200,fresh,2.0,1.0,1,0.00012747791546368514,0.00012747791546368291,0.00025495583092736805
200,200,fresh,2.0,1.0,2,0.0001225227050123867,0.0001225227050123956,0.0002450454100247823
200,200,fresh,2.0,1.0,3,0.0001241861269931699,0.0001241861269931699,0.0002483722539863398
200,200,fresh,2.0,1.0,4,0.0001226634010225902,0.0001226634010225902,0.0002453268020451804
200,200,fresh,2.0,1.0,5,0.00012291374827658297,0.00012291374827658297,0.00024582749655316594
200,200,fresh,2.0,1.0,6,0.00012519810007031619,0.00012519810007031396,0.00025039620014063015
200,200,fresh,2.0,1.0,7,0.00011117349595087367,0.00011117349595823222,0.0002223469919091059
200,200,fresh,2.0,1.0,8,0.00012492151340813052,0.00012492151340813052,0.00024984302681626104
200,200,fresh,2.0,1.0,9,0.00010628638781691513,0.000106286392409628,0.00021257278022654313
200,200,fresh,2.0,1.0,10,0.00011128147763127094,0.00011128147781519048,0.0002225629554464614
200,200,fresh,2.0,1.0,11,0.00012827321051881225,0.00012827321051881225,0.0002565464210376245
200,200,up,0.0,1.0,0,2.164850439813404e-05,2.164850439813404e-05,4.329700879626808e-05
200,200,up,0.0,1.0,1,2.164850439813404e-05,2.164850439813404e-05,4.329700879626808e-05
200,200,up,0.0,1.0,2,2.164850439813404e-05,2.164850439813404e-05,4.329700879626808e-05
200,200,up,0.0,1.0,3,2.164850439813404e-05,2.164850439813404e-05,4.329700879626808e-05
200,200,up,0.0,1.0,4,2.164850439813404e-05,2.164850439813404e-05,4.329700879626808e-05
200,200,up,0.0,1.0,5,2.164850439813404e-05,2.164850439813404e-05,4.329700879626808e-05
200,200,up,0.0,1.0,6,2.164850439813404e-05,2.164850439813404e-05,4.329700879626808e-05
200,200,up,0.0,1.0,7,2.164850439813404e-05,2.164850439813404e-05,4.329700879626808e-05
200,200,up,0.0,1.0,8,2.164850439813404e-05,2.164850439813404e-05,4.329700879626808e-05
200,200,up,0.0,1.0,9,2.164850439813404e-05,2.164850439813404e-05,4.329700879626808e-05
200,200,up,0.0,1.0,10,2.164850439813404e-05,2.164850439813404e-05,4.329700879626808e-05
200,200,up,0.0,1.0,11,2.164850439813404e-05,2.164850439813404e-05,4.329700879626808e-05
200,200,up,0.5,1.0,0,3.7889377386056686e-05,3.7889377386056686e-05,7.577875477211337e-05
200,200,up,0.5,1.0,1,3.7889377386051136e-05,3.788937738605447e-05,7.57787547721056e-05
200,200,up,0.5,1.0,2,3.7889377386056686e-05,3.7889377386056686e-05,7.577875477211337e-05
200,200,up,0.5,1.0,3,3.7889377386056686e-05,3.7889377386056686e-05,7.577875477211337e-05
200,200,up,0.5,1.0,4,3.7889377386056686e-05,3.7889377386056686e-05,7.577875477211337e-05
200,200,up,0.5,1.0,5,3.7889377386056686e-05,3.7889377386056686e-05,7.577875477211337e-05
200,200,up,0.5,1.0,6,3.7889377386056686e-05,3.7889377386056686e-05,7.577875477211337e-05
200,200,up,0.5,1.0,7,3.7889377386056686e-05,3.7889377386056686e-05,7.577875477211337e-05
200,200,up,0.5,1.0,8,3.7889377386056686e-05,3.7889377386056686e-05,7.577875477211337e-05
200,200,up,0.5,1.0,9,3.7889377386056686e-05,3.7889377386056686e-05,7.577875477211337e-05
200,200,up,0.5,1.0,10,3.7889377386056686e-05,3.7889377386056686e-05,7.577875477211337e-05
200,200,up,0.5,1.0,11,3.7889377386056686e-05,3.7889377386056686e-05,7.577875477211337e-05
200,200,up,2.0,1.0,0,6.67031946494845e-05,6.67031946494845e-05,0.000133406389298969
200,200,up,2.0,1.0,1,6.67031946494845e-05,6.670319464948338e-05,0.00013340638929896788
200,200,up,2.0,1.0,2,6.67031946494845e-05,6.67031946494845e-05,0.000133406389298969
200,200,up,2.0,1.0,3,6.67031946494845e-05,6.67031946494845e-05,0.000133406389298969
200,200,up,2.0,1.0,4,6.67031946494845e-05,6.67031946494845e-05,0.000133406389298969
200,200,up,2.0,1.0,5,6.67031946494845e-05,6.67031946494845e-05,0.000133406389298969
200,200,up,2.0,1.0,6,6.67031946494845e-05,6.67031946494845e-05,0.000133406389298969
200,200,up,2.0,1.0,7,6.67031946494845e-05,6.67031946494845e-05,0.000133406389298969
200,200,up,2.0,1.0,8,6.67031946494845e-05,6.67031946494845e-05,0.000133406389298969
200,200,up,2.0,1.0,9,6.67031946494845e-05,6.67031946494845e-05,0.000133406389298969
200,200,up,2.0,1.0,10,6.67031946494845e-05,6.67031946494845e-05,0.000133406389298969
200,200,up,2.0,1.0,11,6.67031946494845e-05,6.67031946494845e-05,0.000133406389298969
200,200,down,0.0,1.0,0,2.2791249168676586e-05,2.0948512553786713e-05,4.37397617224633e-05
200,200,down,0.0,1.0,1,2.096066405329111e-05,1.7508938403807404e-05,3.846960245709852e-05
200,200,down,0.0,1.0,2,2.5508089311188088e-05,2.0182071029921644e-05,4.569016034110973e-05
200,200,down,0.0,1.0,3,1.59249372143222e-05,1.820310213929588e-05,3.4128039353618084e-05
200,200,down,0.0,1.0,4,1.6328016366742305e-05,9.030523827959768e-06,2.5358540194702074e-05
200,200,down,0.0,1.0,5,1.571154927319185e-05,1.3478534218620553e-05,2.9190083491812405e-05
200,200,down,0.0,1.0,6,2.115406213533788e-05,5.5180029094117344e-05,7.633409122945523e-05
200,200,down,0.0,1.0,7,2.8665836312029568e-05,3.107079517803868e-05,5.973663149006825e-05
200,200,down,0.0,1.0,8,1.954152265625453e-05,1.5607661484864366e-05,3.5149184141118896e-05
200,200,down,0.0,1.0,9,2.13264812430225e-05,1.9948792649984172e-05,4.127527389300667e-05
200,200,down,0.0,1.0,10,2.210358399565848e-05,1.7818196339476345e-05,3.9921780335134826e-05
200,200,down,0.0,1.0,11,1.3234861949058541e-05,2.1610508963476604e-05,3.4845370912535145e-05
200,200,down,0.5,1.0,0,4.583960648631091e-05,4.58449017816065e-05,9.168450826791742e-05
200,200,down,0.5,1.0,1,-1.9207136006116344e-08,8.284969140959219e-07,8.092897780898056e-07
200,200,down,0.5,1.0,2,2.790270676655382e-05,2.790850624023733e-05,5.5811213006791145e-05
200,200,down,0.5,1.0,3,1.9277638108405883e-05,1.923171392149925e-05,3.850935202990513e-05
200,200,down,0.5,1.0,4,4.332751331048712e-05,4.332868472943119e-05,8.665619803991832e-05
200,200,down,0.5,1.0,5,8.763903835358633e-05,8.763776493594832e-05,0.00017527680328953464
200,200,down,0.5,1.0,6,6.556673962222703e-05,6.556825177085557e-05,0.0001311349913930826
200,200,down,0.5,1.0,7,4.9413908666338105e-05,4.9408888120296975e-05,9.882279678663508e-05
200,200,down,0.5,1.0,8,2.0296271481470286e-05,2.0279731492678367e-05,4.057600297414865e-05
200,200,down,0.5,1.0,9,8.53703378481896e-06,8.615550618173983e-06,1.7152584402992945e-05
200,200,down,0.5,1.0,10,7.252198085438977e-06,7.368808773549063e-06,1.4621006858988039e-05
200,200,down,0.5,1.0,11,3.5091978263608324e-05,3.5108678875985785e-05,7.020065713959411e-05
200,200,down,2.0,1.0,0,0.0001161053345188634,0.00011610582824772564,0.00023221116276658904
200,200,down,2.0,1.0,1,6.873961251528726e-05,6.873961251471883e-05,0.0001374792250300061
200,200,down,2.0,1.0,2,0.0001912517236141298,0.00019125172361810882,0.0003825034472322386
200,200,down,2.0,1.0,3,0.00040921110830311136,0.0004092111083650707,0.0008184222166681821
200,200,down,2.0,1.0,4,0.0001162012409255908,0.00011620124092502237,0.00023240248185061316
200,200,down,2.0,1.0,5,3.617821175481595e-05,3.617821175652125e-05,7.23564235113372e-05
200,200,down,2.0,1.0,6,0.0001259774147411008,0.0001259774147376902,0.00025195482947879097
200,200,down,2.0,1.0,7,0.00016361841570670778,0.0001636184157106868,0.0003272368314173946
200,200,down,2.0,1.0,8,0.00012446743281230966,0.0001244674328117412,0.00024893486562405087
200,200,down,2.0,1.0,9,9.075680926230234e-05,9.075680926230234e-05,0.00018151361852460467
200,200,down,2.0,1.0,10,3.659203855477244e-09,3.659203287043056e-09,7.3184071425203e-09
200,200,down,2.0,1.0,11,8.054506233122538e-05,8.054506233065695e-05,0.00016109012466188234
200,200,fresh,0.0,1.005,0,0.09495585966610673,0.0948337506541192,0.18978961032022593
200,200,fresh,0.0,1.005,1,0.09483412667387198,0.09478091062960436,0.18961503730347634
200,200,fresh,0.0,1.005,2,0.09456690621861967,0.09481444392330574,0.18938135014192542
200,200,fresh,0.0,1.005,3,0.09477106569347375,0.09478681843830065,0.1895578841317744
200,200,fresh,0.0,1.005,4,0.0947732037899116,0.09475171571400487,0.18952491950391648
200,200,fresh,0.0,1.005,5,0.09477001404798047,0.09476146293782554,0.18953147698580602
200,200,fresh,0.0,1.005,6,0.09484049325395402,0.09471874332292385,0.18955923657687787
200,200,fresh,0.0,1.005,7,0.09465161634755251,0.09467871390159648,0.18933033024914897
200,200,fresh,0.0,1.005,8,0.0948030168052112,0.0947695204965984,0.1895725373018096
200,200,fresh,0.0,1.005,9,0.09484684990977742,0.09480989803475955,0.18965674794453696
200,200,fresh,0.0,1.005,10,0.09488741305974668,0.09478338781506478,0.18967080087481147
200,200,fresh,0.0,1.005,11,0.09476073475421071,0.09485904603072232,0.18961978078493302
200,200,fresh,0.5,1.005,0,0.03089100310032669,0.030890903848614065,0.06178190694894076
200,200,fresh,0.5,1.005,1,0.061855511812538906,0.06185633333976847,0.12371184515230738
200,200,fresh,0.5,1.005,2,0.03086935074114133,0.030870050000682544,0.06173940074182387
200,200,fresh,0.5,1.005,3,0.061936853755476265,0.061936673254799485,0.12387352701027575
200,200,fresh,0.5,1.005,4,0.06194408502231113,0.06194438308818455,0.12388846811049567
200,200,fresh,0.5,1.005,5,0.061953062451987506,0.06195317136031211,0.12390623381229962
200,200,fresh,0.5,1.005,6,0.06162691861426859,0.061630437421067656,0.12325735603533625
200,200,fresh,0.5,1.005,7,0.030844142130776415,0.03084382985748226,0.06168797198825868
200,200,fresh,0.5,1.005,8,0.06191407766281874,0.0619144764508954,0.12382855411371414
200,200,fresh,0.5,1.005,9,0.061838994250946216,0.061839813333780455,0.12367880758472667
200,200,fresh,0.5,1.005,10,0.06142215104181968,0.06142924711472317,0.12285139815654285
200,200,fresh,0.5,1.005,11,0.06173051116937647,0.06172839678668198,0.12345890795605846
200,200,fresh,2.0,1.005,0,0.030844038040864198,-0.0005718884943512681,0.03027214954651293
200,200,fresh,2.0,1.005,1,0.030739768002798686,0.030739768002821532,0.061479536005620214
200,200,fresh,2.0,1.005,2,0.030852942093518392,-0.0005629844339886203,0.03028995765952977
200,200,fresh,2.0,1.005,3,0.030760524728546224,0.03076052472854224,0.061521049457088466
200,200,fresh,2.0,1.005,4,0.030756358765266688,0.030756358765278116,0.061512717530544804
200,200,fresh,2.0,1.005,5,0.030763601953919143,0.030763601953922727,0.061527203907841874
200,200,fresh,2.0,1.005,6,0.030720932915685478,0.030720932915719708,0.061441865831405186
200,200,fresh,2.0,1.005,7,0.030863030509830355,-0.0005528959349456841,0.03031013457488467
200,200,fresh,2.0,1.005,8,0.03075680380657202,0.030756803806579986,0.061513607613152006
200,200,fresh,2.0,1.005,9,0.030917496929834504,-0.0004983114513418119,0.03041918547849269
200,200,fresh,2.0,1.005,10,0.030890016150306378,-0.0005259081024559353,0.030364108047850443
200,200,fresh,2.0,1.005,11,0.030721711762044572,0.030721711762005936,0.06144342352405051
200,200,up,0.0,1.005,0,0.09499712046269365,0.09499712046269365,0.1899942409253873
200,200,up,0.0,1.005,1,0.09499712046269365,0.09499712046269365,0.1899942409253873
200,200,up,0.0,1.005,2,0.09499712046269365,0.09499712046269365,0.1899942409253873
200,200,up,0.0,1.005,3,0.09499712046269365,0.09499712046269365,0.1899942409253873
200,200,up,0.0,1.005,4,0.09499712046269365,0.09499712046269365,0.1899942409253873
200,200,up,0.0,1.005,5,0.09499712046269365,0.09499712046269365,0.1899942409253873
200,200,up,0.0,1.005,6,0.09499712046269365,0.09499712046269365,0.1899942409253873
200,200,up,0.0,1.005,7,0.09499712046269365,0.09499712046269365,0.1899942409253873
200,200,up,0.0,1.005,8,0.09499712046269365,0.09499712046269365,0.1899942409253873
200,200,up,0.0,1.005,9,0.09499712046269365,0.09499712046269365,0.1899942409253873
200,200,up,0.0,1.005,10,0.09499712046269365,0.09499712046269365,0.1899942409253873
200,200,up,0.0,1.005,11,0.09499712046269365,0.09499712046269365,0.1899942409253873
200,200,up,0.5,1.005,0,0.03406593290895758,0.03406593290895758,0.06813186581791517
200,200,up,0.5,1.005,1,0.0340659329089574,0.0340659329089574,0.0681318658179148
200,200,up,0.5,1.005,2,0.03406593290895758,0.03406593290895758,0.06813186581791517
200,200,up,0.5,1.005,3,0.03406593290895758,0.03406593290895758,0.06813186581791517
200,200,up,0.5,1.005,4,0.03406593290895758,0.03406593290895758,0.06813186581791517
200,200,up,0.5,1.005,5,0.03406593290895758,0.03406593290895758,0.06813186581791517
200,200,up,0.5,1.005,6,0.03406593290895758,0.03406593290895758,0.06813186581791517
200,200,up,0.5,1.005,7,0.03406593290895758,0.03406593290895758,0.06813186581791517
200,200,up,0.5,1.005,8,0.03406593290895758,0.03406593290895758,0.06813186581791517
200,200,up,0.5,1.005,9,0.03406593290895758,0.03406593290895758,0.06813186581791517
200,200,up,0.5,1.005,10,0.03406593290895758,0.03406593290895758,0.06813186581791517
200,200,up,0.5,1.005,11,0.03406593290895758,0.03406593290895758,0.06813186581791517
200,200,up,2.0,1.005,0,0.0024569647830281396,0.0024569647830281396,0.004913929566056279
200,200,up,2.0,1.005,1,0.002456964783028117,0.002456964783028117,0.004913929566056234
200,200,up,2.0,1.005,2,0.0024569647830281396,0.0024569647830281396,0.004913929566056279
200,200,up,2.0,1.005,3,0.0024569647830281396,0.0024569647830281396,0.004913929566056279
200,200,up,2.0,1.005,4,0.0024569647830281396,0.0024569647830281396,0.004913929566056279
200,200,up,2.0,1.005,5,0.0024569647830281396,0.0024569647830281396,0.004913929566056279
200,200,up,2.0,1.005,6,0.0024569647830281396,0.0024569647830281396,0.004913929566056279
200,200,up,2.0,1.005,7,0.0024569647830281396,0.0024569647830281396,0.004913929566056279
200,200,up,2.0,1.005,8,0.0024569647830281396,0.0024569647830281396,0.004913929566056279
200,200,up,2.0,1.005,9,0.0024569647830281396,0.0024569647830281396,0.004913929566056279
200,200,up,2.0,1.005,10,0.0024569647830281396,0.0024569647830281396,0.004913929566056279
200,200,up,2.0,1.005,11,0.0024569647830281396,0.0024569647830281396,0.004913929566056279
200,200,down,0.0,1.005,0,0.11368048644845999,0.09542770795578576,0.20910819440424575
200,200,down,0.0,1.005,1,0.09543558201889482,0.09475786449884253,0.19019344651773734
200,200,down,0.0,1.005,2,0.09726332618817538,0.0950965999290895,0.19235992611726488
200,200,down,0.0,1.005,3,0.09469631118346342,0.09480177548508437,0.18949808666854778
200,200,down,0.0,1.005,4,0.09470852868756992,0.09461109381757524,0.18931962250514517
200,200,down,0.0,1.005,5,0.09469052374545299,0.0946486080048021,0.18933913175025507
200,200,down,0.0,1.005,6,0.09557909536969078,0.09455128082561601,0.1901303761953068
200,200,down,0.0,1.005,7,0.0946819814446735,0.09459137496568473,0.18927335641035825
200,200,down,0.0,1.005,8,0.0949542507582703,0.0946878571827699,0.1896421079410402
200,200,down,0.0,1.005,9,0.09574398169387564,0.09503598451047651,0.19077996620435217
200,200,down,0.0,1.005,10,0.09771375287788828,0.0947755979084684,0.19248935078635668
200,200,down,0.0,1.005,11,0.09464544247375102,0.0961369106244922,0.1907823530982432
200,200,down,0.5,1.005,0,0.030169097446610636,0.029622148925270153,0.05979124637188079
200,200,down,0.5,1.005,1,0.03071243167579098,0.030748267351077063,0.06146069902686804
200,200,down,0.5,1.005,2,0.030841944064493417,0.030842350354856763,0.06168429441935018
200,200,down,0.5,1.005,3,0.03079100910179193,0.030787526446928837,0.06157853554872077
200,200,down,0.5,1.005,4,0.030458316633175286,0.030440437513497613,0.060898754146672895
200,200,down,0.5,1.005,5,0.031253487535249744,0.0313242146514591,0.06257770218670884
200,200,down,0.5,1.005,6,0.033141326172747086,0.0018935694822130244,0.03503489565496011
200,200,down,0.5,1.005,7,0.005305885940463213,0.03533355559361439,0.0406394415340776
200,200,down,0.5,1.005,8,0.030795634028621635,0.030794322855449537,0.06158995688407117
200,200,down,0.5,1.005,9,0.03068911695533643,0.03069314003976615,0.06138225699510258
200,200,down,0.5,1.005,10,0.030675385091941506,0.030681115186876013,0.06135650027881752
200,200,down,0.5,1.005,11,0.030873335880661445,0.030868097933617947,0.06174143381427939
200,200,down,2.0,1.005,0,0.03026841938635016,-0.001147482480191684,0.029120936906158478
200,200,down,2.0,1.005,1,0.03077965682823958,-0.0006362696556544734,0.030143387172585107
200,200,down,2.0,1.005,2,0.0015593975794277526,0.0015593975813392546,0.003118795160767007
200,200,down,2.0,1.005,3,0.0024014524177857766,0.0024014424348769124,0.004802894852662689
200,200,down,2.0,1.005,4,0.025976325479473417,-0.003471930827537335,0.022504394651936082
200,200,down,2.0,1.005,5,-0.0005763328361933872,0.03083959369864317,0.030263260862449782
200,200,down,2.0,1.005,6,0.003913017714840521,0.003910671633583433,0.007823689348423955
200,200,down,2.0,1.005,7,0.0016885279905383755,0.0016885280353622534,0.0033770560259006287
200,200,down,2.0,1.005,8,0.004726672868617072,0.0046990041367374145,0.009425677005354486
200,200,down,2.0,1.005,9,0.030398840691344447,-0.001017084122241556,0.029381756569102892
200,200,down,2.0,1.005,10,0.03058813844070386,-0.0008277876924162797,0.02976035074828758
200,200,down,2.0,1.005,11,0.030642035736912872,-0.0007738904531433377,0.029868145283769534
200,200,fresh,0.0,1.01,0,0.1322676709075993,0.14448022784898695,0.27674789875658623
200,200,fresh,0.0,1.01,1,0.1444249166563555,0.15039807333396457,0.2948229899903201
200,200,fresh,0.0,1.01,2,0.15535449384208874,0.1471042185225765,0.30245871236466526
200,200,fresh,0.0,1.01,3,0.1510894360199408,0.14992996228858976,0.30101939830853053
200,200,fresh,0.0,1.01,4,0.1509480518911551,0.1521811573257864,0.30312920921694153
200,200,fresh,0.0,1.01,5,0.15115729851283088,0.15167065489345385,0.30282795340628477
200,200,fresh,0.0,1.01,6,0.14347318618526317,0.15346863742602695,0.2969418236112901
200,200,fresh,0.0,1.01,7,0.15490693643985656,0.1544530960770941,0.30936003251695066
200,200,fresh,0.0,1.01,8,0.1484089306630336,0.1511887735212356,0.29959770418426923
200,200,fresh,0.0,1.01,9,0.14250578130608071,0.1476469853695228,0.2901527666756035
200,200,fresh,0.0,1.01,10,0.136978823532117,0.15020696294694028,0.28718578647905724
200,200,fresh,0.0,1.01,11,0.15171139163847014,0.14066723705687922,0.29237862869534936
200,200,fresh,0.5,1.01,0,0.0329170755168781,0.03266355755233243,0.06558063306921053
200,200,fresh,0.5,1.01,1,0.06356155004899539,0.0635606600964966,0.12712221014549197
200,200,fresh,0.5,1.01,2,0.03248563041606345,0.03248017465250662,0.06496580506857007
200,200,fresh,0.5,1.01,3,0.063529169044366,0.06352937295136356,0.12705854199572955
200,200,fresh,0.5,1.01,4,0.06351466060534426,0.06351433160148204,0.12702899220682629
200,200,fresh,0.5,1.01,5,0.06351783112171076,0.0635177090009727,0.12703554012268348
200,200,fresh,0.5,1.01,6,0.0635699390968318,0.0635672162729828,0.1271371553698146
200,200,fresh,0.5,1.01,7,0.03253848029962922,0.03251999810276489,0.06505847840239411
200,200,fresh,0.5,1.01,8,0.06353666086834643,0.06353621554865053,0.12707287641699697
200,200,fresh,0.5,1.01,9,0.06358388605965765,0.06358298394012982,0.12716686999978746
200,200,fresh,0.5,1.01,10,0.06370259017017667,0.06369752904722165,0.1274001192173983
200,200,fresh,0.5,1.01,11,0.06358320351923422,0.06358518073957833,0.12716838425881255
200,200,fresh,2.0,1.01,0,0.0303728039282728,-0.0010421928065969888,0.02933061112167581
200,200,fresh,2.0,1.01,1,0.030359905644342162,0.03035990401355801,0.06071980965790017
200,200,fresh,2.0,1.01,2,0.03050961303084321,-0.0009057949973320523,0.02960381803351116
200,200,fresh,2.0,1.01,3,0.0301543915209986,0.030154393458199737,0.06030878497919834
200,200,fresh,2.0,1.01,4,0.029976697553834315,0.029976684585294056,0.059953382139128375
200,200,fresh,2.0,1.01,5,0.03003293369157353,0.030032929878805445,0.06006586357037898
200,200,fresh,2.0,1.01,6,0.030126381440100616,0.03012637536031409,0.06025275680041471
200,200,fresh,2.0,1.01,7,0.009199047121538175,0.009066229678722795,0.018265276800260973
200,200,fresh,2.0,1.01,8,0.030209967068741427,0.030209964598757556,0.06041993166749898
200,200,fresh,2.0,1.01,9,0.0011048854554920108,0.030771447775926792,0.0318763332314188
200,200,fresh,2.0,1.01,10,0.008673987826299969,0.008689842523081004,0.017363830349380972
200,200,fresh,2.0,1.01,11,0.030366314962965407,0.030366316553954976,0.060732631516920384
200,200,up,0.0,1.01,0,0.12735080298144894,0.12735080298144894,0.25470160596289787
200,200,up,0.0,1.01,1,0.12735080298144894,0.12735080298144894,0.25470160596289787
200,200,up,0.0,1.01,2,0.12735080298144894,0.12735080298144894,0.25470160596289787
200,200,up,0.0,1.01,3,0.12735080298144894,0.12735080298144894,0.25470160596289787
200,200,up,0.0,1.01,4,0.12735080298144894,0.12735080298144894,0.25470160596289787
200,200,up,0.0,1.01,5,0.12735080298144894,0.12735080298144894,0.25470160596289787
200,200,up,0.0,1.01,6,0.12735080298144894,0.12735080298144894,0.25470160596289787
200,200,up,0.0,1.01,7,0.12735080298144894,0.12735080298144894,0.25470160596289787
200,200,up,0.0,1.01,8,0.12735080298144894,0.12735080298144894,0.25470160596289787
200,200,up,0.0,1.01,9,0.12735080298144894,0.12735080298144894,0.25470160596289787
200,200,up,0.0,1.01,10,0.12735080298144894,0.12735080298144894,0.25470160596289787
200,200,up,0.0,1.01,11,0.12735080298144894,0.12735080298144894,0.25470160596289787
200,200,up,0.5,1.01,0,0.09096618931819425,0.09096618931819425,0.1819323786363885
200,200,up,0.5,1.01,1,0.09096618931819563,0.0909661893181956,0.18193237863639122
200,200,up,0.5,1.01,2,0.09096618931819425,0.09096618931819425,0.1819323786363885
200,200,up,0.5,1.01,3,0.09096618931819425,0.09096618931819425,0.1819323786363885
200,200,up,0.5,1.01,4,0.09096618931819425,0.09096618931819425,0.1819323786363885
200,200,up,0.5,1.01,5,0.09096618931819425,0.09096618931819425,0.1819323786363885
200,200,up,0.5,1.01,6,0.09096618931819425,0.09096618931819425,0.1819323786363885
200,200,up,0.5,1.01,7,0.09096618931819425,0.09096618931819425,0.1819323786363885
200,200,up,0.5,1.01,8,0.09096618931819425,0.09096618931819425,0.1819323786363885
200,200,up,0.5,1.01,9,0.09096618931819425,0.09096618931819425,0.1819323786363885
200,200,up,0.5,1.01,10,0.09096618931819425,0.09096618931819425,0.1819323786363885
200,200,up,0.5,1.01,11,0.09096618931819425,0.09096618931819425,0.1819323786363885
200,200,up,2.0,1.01,0,0.031197807427904758,0.031197807427904758,0.062395614855809516
200,200,up,2.0,1.01,1,0.031197807427904758,0.031197807427904758,0.062395614855809516
200,200,up,2.0,1.01,2,0.031197807427904758,0.031197807427904758,0.062395614855809516
200,200,up,2.0,1.01,3,0.031197807427904758,0.031197807427904758,0.062395614855809516
200,200,up,2.0,1.01,4,0.031197807427904758,0.031197807427904758,0.062395614855809516
200,200,up,2.0,1.01,5,0.031197807427904758,0.031197807427904758,0.062395614855809516
200,200,up,2.0,1.01,6,0.031197807427904758,0.031197807427904758,0.062395614855809516
200,200,up,2.0,1.01,7,0.031197807427904758,0.031197807427904758,0.062395614855809516
200,200,up,2.0,1.01,8,0.031197807427904758,0.031197807427904758,0.062395614855809516
200,200,up,2.0,1.01,9,0.031197807427904758,0.031197807427904758,0.062395614855809516
200,200,up,2.0,1.01,10,0.031197807427904758,0.031197807427904758,0.062395614855809516
200,200,up,2.0,1.01,11,0.031197807427904758,0.031197807427904758,0.062395614855809516
200,200,down,0.0,1.01,0,0.1271305102716633,0.12767944540773896,0.25480995567940223
200,200,down,0.0,1.01,1,0.12767101464283656,0.14688345477595363,0.2745544694187902
200,200,down,0.0,1.01,2,0.13021824604607105,0.12844293759488778,0.2586611836409588
200,200,down,0.0,1.01,3,0.15274761251879226,0.13878237103271884,0.2915299835515111
200,200,down,0.0,1.01,4,0.15205877054995653,0.15513355133516143,0.30719232188511797
200,200,down,0.0,1.01,5,0.15302537159533244,0.15442229568863353,0.307447667283966
200,200,down,0.0,1.01,6,0.12754829525400624,0.15572652031644452,0.28327481557045076
200,200,down,0.0,1.01,7,0.15445521183306482,0.15530530336112405,0.3097605151941889
200,200,down,0.0,1.01,8,0.1296797866493853,0.15314438873271682,0.28282417538210214
200,200,down,0.0,1.01,9,0.12745545648833626,0.1288037228802807,0.256259179368617
200,200,down,0.0,1.01,10,0.12719149120439738,0.14372501540222743,0.2709165066066248
200,200,down,0.0,1.01,11,0.1544967861035832,0.12733199677504786,0.28182878287863106
200,200,down,0.5,1.01,0,0.03235128902668464,0.0323562913818688,0.06470758040855344
200,200,down,0.5,1.01,1,0.0616016887908728,0.061606351755227134,0.12320804054609993
200,200,down,0.5,1.01,2,0.059721792069258296,0.02890286891562482,0.08862466098488311
200,200,down,0.5,1.01,3,0.02957214137862877,0.06094141830829642,0.09051355968692519
200,200,down,0.5,1.01,4,0.032405955832885525,0.03240126631740793,0.06480722215029346
200,200,down,0.5,1.01,5,0.030458951757281624,0.06133929429123271,0.09179824604851433
200,200,down,0.5,1.01,6,0.0335290965254427,0.0340302128083573,0.0675593093338
200,200,down,0.5,1.01,7,0.03244470118365939,0.032427584492743335,0.06487228567640273
200,200,down,0.5,1.01,8,0.029491770585596554,0.06083373549770783,0.09032550608330439
200,200,down,0.5,1.01,9,0.06099653181691338,0.029622065964184686,0.09061859778109807
200,200,down,0.5,1.01,10,0.061042178985239844,0.029677712386769597,0.09071989137200945
200,200,down,0.5,1.01,11,0.033399600344584994,0.03284584670128652,0.06624544704587151
200,200,down,2.0,1.01,0,-0.00015782151784108579,0.03125810495266947,0.031100283434828388
200,200,down,2.0,1.01,1,0.030651303892598777,-0.000764498429838909,0.029886805462759868
200,200,down,2.0,1.01,2,-0.00011099482476581101,0.03130493169855114,0.03119393687378533
200,200,down,2.0,1.01,3,-0.00011591999394710229,0.03130000653450367,0.031184086540556568
200,200,down,2.0,1.01,4,0.03126390508087809,-0.00015202142444252332,0.031111883656435566
200,200,down,2.0,1.01,5,0.03050730298435326,-0.0009083682323944232,0.029598934751958836
200,200,down,2.0,1.01,6,0.031282547967898325,-0.00013337855275977973,0.031149169415138546
200,200,down,2.0,1.01,7,-0.00011440621106743264,0.03130152031222025,0.031187114101152817
200,200,down,2.0,1.01,8,0.03127546660488406,-0.00014045991604575648,0.031135006688838306
200,200,down,2.0,1.01,9,0.03115646790219955,-0.00025945828735416396,0.030897009614845386
200,200,down,2.0,1.01,10,-0.00020345034458870258,0.031212476008060718,0.031009025663472016
200,200,down,2.0,1.01,11,0.03104908668559972,-0.0003668376903061699,0.03068224899529355
200,200,fresh,0.0,1.02,0,0.18993772150555088,0.19004180808378912,0.37997952958934
200,200,fresh,0.0,1.02,1,0.19004115909211247,0.1901729646941683,0.3802141237862808
200,200,fresh,0.0,1.02,2,0.21713691401632937,0.19007969760974766,0.40721661162607703
200,200,fresh,0.0,1.02,3,0.19020931246686426,0.1901533850013652,0.3803626974682295
200,200,fresh,0.0,1.02,4,0.19020099371495378,0.19029725936801165,0.3804982530829654
200,200,fresh,0.0,1.02,5,0.19021349588658226,0.19024991225457655,0.3804634081411588
200,200,fresh,0.0,1.02,6,0.19003063072472465,0.19052165133017737,0.380552282054902
200,200,fresh,0.0,1.02,7,0.19179110342566832,0.19104642339316757,0.38283752681883587
200,200,fresh,0.0,1.02,8,0.19010698516100905,0.1902154805113872,0.38032246567239625
200,200,fresh,0.0,1.02,9,0.1900209391957671,0.1900900714522462,0.38011101064801334
200,200,fresh,0.0,1.02,10,0.18997476673454528,0.19016456408155882,0.38013933081610407
200,200,fresh,0.0,1.02,11,0.1902532228238275,0.190004416607196,0.38025763943102353
200,200,fresh,0.5,1.02,0,0.060897224990299294,0.06095608769207673,0.12185331268237602
200,200,fresh,0.5,1.02,1,0.09545278871254068,0.09543946125415902,0.19089224996669968
200,200,fresh,0.5,1.02,2,0.03800381493044747,0.06647958803519263,0.1044834029656401
200,200,fresh,0.5,1.02,3,0.09526274480950979,0.0952648287824887,0.19052757359199848
200,200,fresh,0.5,1.02,4,0.09521900766532278,0.0952157546054177,0.19043476227074047
200,200,fresh,0.5,1.02,5,0.0952189833197321,0.09521782137182515,0.19043680469155724
200,200,fresh,0.5,1.02,6,0.09596889326513665,0.09582165234267308,0.19179054560780973
200,200,fresh,0.5,1.02,7,0.04339870918843267,0.06418894639507969,0.10758765558351235
200,200,fresh,0.5,1.02,8,0.09530832591622039,0.09530328262527396,0.19061160854149434
200,200,fresh,0.5,1.02,9,0.09554126614985976,0.09552675989088064,0.1910680260407404
200,200,fresh,0.5,1.02,10,0.0978752313339876,0.09694433394756467,0.19481956528155225
200,200,fresh,0.5,1.02,11,0.09570875574529585,0.09576738610473289,0.19147614185002873
200,200,fresh,2.0,1.02,0,0.001215550433170316,0.03263147626993269,0.033847026703103
200,200,fresh,2.0,1.02,1,0.032460563258521806,0.03246056322943295,0.06492112648795476
200,200,fresh,2.0,1.02,2,0.0012631546909499703,0.03267907787668136,0.033942232567631334
200,200,fresh,2.0,1.02,3,0.03241570957350273,0.0324157095770284,0.06483141915053113
200,200,fresh,2.0,1.02,4,0.032388381387817876,0.03238838137812392,0.0647767627659418
200,200,fresh,2.0,1.02,5,0.032400396720983896,0.03240039671809878,0.06480079343908268
200,200,fresh,2.0,1.02,6,0.032412911664953296,0.03241291161870994,0.06482582328366324
200,200,fresh,2.0,1.02,7,0.0017511785264334944,0.0331608576005663,0.03491203612699979
200,200,fresh,2.0,1.02,8,0.03242388676082986,0.032423886753257955,0.06484777351408783
200,200,fresh,2.0,1.02,9,0.029670442916553838,0.029670443739385037,0.059340886655938875
200,200,fresh,2.0,1.02,10,0.006078119571624958,0.031003631810181967,0.03708175138180692
200,200,fresh,2.0,1.02,11,0.032476465762421594,0.03247646582442526,0.06495293158684685
200,200,up,0.0,1.02,0,0.1902618126812783,0.1902618126812783,0.3805236253625566
200,200,up,0.0,1.02,1,0.1902618126812783,0.1902618126812783,0.3805236253625566
200,200,up,0.0,1.02,2,0.1902618126812783,0.1902618126812783,0.3805236253625566
200,200,up,0.0,1.02,3,0.1902618126812783,0.1902618126812783,0.3805236253625566
200,200,up,0.0,1.02,4,0.1902618126812783,0.1902618126812783,0.3805236253625566
200,200,up,0.0,1.02,5,0.1902618126812783,0.1902618126812783,0.3805236253625566
200,200,up,0.0,1.02,6,0.1902618126812783,0.1902618126812783,0.3805236253625566
200,200,up,0.0,1.02,7,0.1902618126812783,0.1902618126812783,0.3805236253625566
200,200,up,0.0,1.02,8,0.1902618126812783,0.1902618126812783,0.3805236253625566
200,200,up,0.0,1.02,9,0.1902618126812783,0.1902618126812783,0.3805236253625566
200,200,up,0.0,1.02,10,0.1902618126812783,0.1902618126812783,0.3805236253625566
200,200,up,0.0,1.02,11,0.1902618126812783,0.1902618126812783,0.3805236253625566
200,200,up,0.5,1.02,0,0.09489596452197169,0.09489596452197169,0.18979192904394337
200,200,up,0.5,1.02,1,0.09489596452197134,0.09489596452197134,0.18979192904394268
200,200,up,0.5,1.02,2,0.09489596452197169,0.09489596452197169,0.18979192904394337
200,200,up,0.5,1.02,3,0.09489596452197169,0.09489596452197169,0.18979192904394337
200,200,up,0.5,1.02,4,0.09489596452197169,0.09489596452197169,0.18979192904394337
200,200,up,0.5,1.02,5,0.09489596452197169,0.09489596452197169,0.18979192904394337
200,200,up,0.5,1.02,6,0.09489596452197169,0.09489596452197169,0.18979192904394337
200,200,up,0.5,1.02,7,0.09489596452197169,0.09489596452197169,0.18979192904394337
200,200,up,0.5,1.02,8,0.09489596452197169,0.09489596452197169,0.18979192904394337
200,200,up,0.5,1.02,9,0.09489596452197169,0.09489596452197169,0.18979192904394337
200,200,up,0.5,1.02,10,0.09489596452197169,0.09489596452197169,0.18979192904394337
200,200,up,0.5,1.02,11,0.09489596452197169,0.09489596452197169,0.18979192904394337
200,200,up,2.0,1.02,0,0.05453784889441927,0.05453784889441927,0.10907569778883854
200,200,up,2.0,1.02,1,0.054537848894411434,0.05453784889441142,0.10907569778882285
200,200,up,2.0,1.02,2,0.05453784889441927,0.05453784889441927,0.10907569778883854
200,200,up,2.0,1.02,3,0.05453784889441927,0.05453784889441927,0.10907569778883854
200,200,up,2.0,1.02,4,0.05453784889441927,0.05453784889441927,0.10907569778883854
200,200,up,2.0,1.02,5,0.05453784889441927,0.05453784889441927,0.10907569778883854
200,200,up,2.0,1.02,6,0.05453784889441927,0.05453784889441927,0.10907569778883854
200,200,up,2.0,1.02,7,0.05453784889441927,0.05453784889441927,0.10907569778883854
200,200,up,2.0,1.02,8,0.05453784889441927,0.05453784889441927,0.10907569778883854
200,200,up,2.0,1.02,9,0.05453784889441927,0.05453784889441927,0.10907569778883854
200,200,up,2.0,1.02,10,0.05453784889441927,0.05453784889441927,0.10907569778883854
200,200,up,2.0,1.02,11,0.05453784889441927,0.05453784889441927,0.10907569778883854
200,200,down,0.0,1.02,0,0.18994250258967554,0.19017921609374183,0.3801217186834174
200,200,down,0.0,1.02,1,0.19017469058070674,0.19907430923112998,0.3892489998118367
200,200,down,0.0,1.02,2,0.19090153044049885,0.1905874021840509,0.38148893262454975
200,200,down,0.0,1.02,3,0.2118567021402714,0.19446225463896552,0.4063189567792369
200,200,down,0.0,1.02,4,0.20988277687192636,0.2168391582006359,0.4267219350725623
200,200,down,0.0,1.02,5,0.21260480662261558,0.2157342664570376,0.4283390730796532
200,200,down,0.0,1.02,6,0.1901093090698464,0.21653973246872738,0.4066490415385738
200,200,down,0.0,1.02,7,0.1963930975834046,0.2073109615756971,0.4037040591591017
200,200,down,0.0,1.02,8,0.19119523833204766,0.21291424625236233,0.40410948458441
200,200,down,0.0,1.02,9,0.19006087378373082,0.19077269639922748,0.38083357018295827
200,200,down,0.0,1.02,10,0.1899395633442623,0.19661211557405522,0.38655167891831754
200,200,down,0.0,1.02,11,0.2158677619750506,0.18999928587528303,0.4058670478503336
200,200,down,0.5,1.02,0,0.06483633683466337,0.033554892039453534,0.09839122887411691
200,200,down,0.5,1.02,1,0.06351629539185638,0.09101471477248424,0.15453101016434062
200,200,down,0.5,1.02,2,0.06451410549527395,0.08436741017284817,0.14888151566812213
200,200,down,0.5,1.02,3,0.060148301633863636,0.0596492260174557,0.11979752765131935
200,200,down,0.5,1.02,4,0.06342324816555561,0.04189967342875889,0.1053229215943145
200,200,down,0.5,1.02,5,0.09548592057891823,0.09546352934775655,0.19094944992667479
200,200,down,0.5,1.02,6,0.061912809900309757,0.06189191188708548,0.12380472178739524
200,200,down,0.5,1.02,7,0.033506410987043295,0.06467933318983626,0.09818574417687956
200,200,down,0.5,1.02,8,0.09290911633382734,0.09290081243614282,0.18580992876997016
200,200,down,0.5,1.02,9,0.06127805316224112,0.06130620312636779,0.12258425628860892
200,200,down,0.5,1.02,10,0.058362295292117776,0.05955991752538012,0.1179222128174979
200,200,down,0.5,1.02,11,0.06118896847045789,0.05923360057430727,0.12042256904476517
200,200,down,2.0,1.02,0,0.005220311346182598,0.034013425481482784,0.039233736827665386
200,200,down,2.0,1.02,1,0.03482249784152714,0.004467224488168426,0.03928972232969557
200,200,down,2.0,1.02,2,0.0013805160965492291,0.032796413458738696,0.03417692955528793
200,200,down,2.0,1.02,3,0.001937099687547743,0.03332993601850433,0.03526703570605207
200,200,down,2.0,1.02,4,0.03272169349877146,0.001305881876727142,0.0340275753754986
200,200,down,2.0,1.02,5,0.029274039856523472,0.029274039853108322,0.058548079709631794
200,200,down,2.0,1.02,6,0.03262348237742771,0.0012075578602818381,0.033831040237709546
200,200,down,2.0,1.02,7,0.001302144927947495,0.032718060228509385,0.03402020515645688
200,200,down,2.0,1.02,8,0.03272161990604019,0.001305851540990659,0.034027471447030846
200,200,down,2.0,1.02,9,0.03289998877264168,0.0014840667396225627,0.03438405551226424
200,200,down,2.0,1.02,10,0.02473072529177699,0.02509839298761534,0.049829118279392334
200,200,down,2.0,1.02,11,0.0333263723152703,0.0019108591030692424,0.035237231418339544
200,200,fresh,0.0,1.05,0,0.31860882770362936,0.31627968538138707,0.6348885130850164
200,200,fresh,0.0,1.05,1,0.3162843156308896,0.31574128585081984,0.6320256014817094
200,200,fresh,0.0,1.05,2,0.3157569885450393,0.3160580200622618,0.6318150086073011
200,200,fresh,0.0,1.05,3,0.3156630683530234,0.3157912953996377,0.6314543637526611
200,200,fresh,0.0,1.05,4,0.31567952313502123,0.31552699739952905,0.6312065205345503
200,200,fresh,0.0,1.05,5,0.31565508141537807,0.315592699495504,0.6312477809108821
200,200,fresh,0.0,1.05,6,0.31636461666815424,0.3153445515818462,0.6317091682500005
200,200,fresh,0.0,1.05,7,0.31514330970059773,0.31519839969930985,0.6303417093999075
200,200,fresh,0.0,1.05,8,0.3159408728447104,0.3156513571181683,0.6315922299628787
200,200,fresh,0.0,1.05,9,0.3164484678091388,0.31601021822534525,0.6324586860344841
200,200,fresh,0.0,1.05,10,0.31707920750381313,0.31576196906365456,0.6328411765674677
200,200,fresh,0.0,1.05,11,0.3155875947665532,0.3166201188610343,0.6322077136275874
200,200,fresh,0.5,1.05,0,0.09436411841447519,0.09654971987143401,0.1909138382859092
200,200,fresh,0.5,1.05,1,0.1647459682039422,0.15955867683178748,0.32430464503572964
200,200,fresh,0.5,1.05,2,0.09389850819350197,0.09268084220177457,0.18657935039527654
200,200,fresh,0.5,1.05,3,0.15928475161258362,0.15941302516067296,0.3186977767732566
200,200,fresh,0.5,1.05,4,0.15912756765344277,0.1589471351113177,0.31807470276476046
200,200,fresh,0.5,1.05,5,0.15901273314346492,0.15896160311849042,0.31797433626195537
200,200,fresh,0.5,1.05,6,0.15463736194039496,0.15392473702073264,0.30856209896112763
200,200,fresh,0.5,1.05,7,0.09320019478442401,0.09084312034733809,0.1840433151317621
200,200,fresh,0.5,1.05,8,0.16014919026124957,0.15959983445730408,0.31974902471855365
200,200,fresh,0.5,1.05,9,0.16661168707086305,0.16062667264844585,0.3272383597193089
200,200,fresh,0.5,1.05,10,0.15553536682457125,0.15537985256591916,0.3109152193904904
200,200,fresh,0.5,1.05,11,0.15210821021022977,0.15554151536591415,0.3076497255761439
200,200,fresh,2.0,1.05,0,0.03281993302614633,0.03281999131765287,0.0656399243437992
200,200,fresh,2.0,1.05,1,0.06478523704951143,0.06453336393831542,0.12931860098782685
200,200,fresh,2.0,1.05,2,0.03288927086799307,0.03288927823069321,0.06577854909868627
200,200,fresh,2.0,1.05,3,0.06569372616499092,0.06588176306575265,0.13157548923074358
200,200,fresh,2.0,1.05,4,0.06494856163847457,0.06440913310301574,0.1293576947414903
200,200,fresh,2.0,1.05,5,0.06515105734160878,0.0650999273810779,0.13025098472268667
200,200,fresh,2.0,1.05,6,0.06469714633062361,0.049986249673619414,0.11468339600424302
200,200,fresh,2.0,1.05,7,0.03310680789796321,0.03309920057287042,0.06620600847083363
200,200,fresh,2.0,1.05,8,0.06675871396806622,0.06573611447251362,0.13249482844057986
200,200,fresh,2.0,1.05,9,0.04711506677807434,0.038523996383153916,0.08563906316122825
200,200,fresh,2.0,1.05,10,0.05797920127963534,0.026595459244784445,0.08457466052441978
200,200,fresh,2.0,1.05,11,0.058026453906943755,0.0628604547016768,0.12088690860862056
200,200,up,0.0,1.05,0,0.3191658516115363,0.3191658516115363,0.6383317032230726
200,200,up,0.0,1.05,1,0.3191658516115363,0.3191658516115363,0.6383317032230726
200,200,up,0.0,1.05,2,0.3191658516115363,0.3191658516115363,0.6383317032230726
200,200,up,0.0,1.05,3,0.3191658516115363,0.3191658516115363,0.6383317032230726
200,200,up,0.0,1.05,4,0.3191658516115363,0.3191658516115363,0.6383317032230726
200,200,up,0.0,1.05,5,0.3191658516115363,0.3191658516115363,0.6383317032230726
200,200,up,0.0,1.05,6,0.3191658516115363,0.3191658516115363,0.6383317032230726
200,200,up,0.0,1.05,7,0.3191658516115363,0.3191658516115363,0.6383317032230726
200,200,up,0.0,1.05,8,0.3191658516115363,0.3191658516115363,0.6383317032230726
200,200,up,0.0,1.05,9,0.3191658516115363,0.3191658516115363,0.6383317032230726
200,200,up,0.0,1.05,10,0.3191658516115363,0.3191658516115363,0.6383317032230726
200,200,up,0.0,1.05,11,0.3191658516115363,0.3191658516115363,0.6383317032230726
200,200,up,0.5,1.05,0,0.15776638038543347,0.15776638038543347,0.31553276077086695
200,200,up,0.5,1.05,1,0.1577663803854329,0.15776638038543275,0.3155327607708657
200,200,up,0.5,1.05,2,0.15776638038543347,0.15776638038543347,0.31553276077086695
200,200,up,0.5,1.05,3,0.15776638038543347,0.15776638038543347,0.31553276077086695
200,200,up,0.5,1.05,4,0.15776638038543347,0.15776638038543347,0.31553276077086695
200,200,up,0.5,1.05,5,0.15776638038543347,0.15776638038543347,0.31553276077086695
200,200,up,0.5,1.05,6,0.15776638038543347,0.15776638038543347,0.31553276077086695
200,200,up,0.5,1.05,7,0.15776638038543347,0.15776638038543347,0.31553276077086695
200,200,up,0.5,1.05,8,0.15776638038543347,0.15776638038543347,0.31553276077086695
200,200,up,0.5,1.05,9,0.15776638038543347,0.15776638038543347,0.31553276077086695
200,200,up,0.5,1.05,10,0.15776638038543347,0.15776638038543347,0.31553276077086695
200,200,up,0.5,1.05,11,0.15776638038543347,0.15776638038543347,0.31553276077086695
200,200,up,2.0,1.05,0,0.06417900902624635,0.06417900902624635,0.1283580180524927
200,200,up,2.0,1.05,1,0.06417900902624858,0.06417900902624851,0.12835801805249708
200,200,up,2.0,1.05,2,0.06417900902624635,0.06417900902624635,0.1283580180524927
200,200,up,2.0,1.05,3,0.06417900902624635,0.06417900902624635,0.1283580180524927
200,200,up,2.0,1.05,4,0.06417900902624635,0.06417900902624635,0.1283580180524927
200,200,up,2.0,1.05,5,0.06417900902624635,0.06417900902624635,0.1283580180524927
200,200,up,2.0,1.05,6,0.06417900902624635,0.06417900902624635,0.1283580180524927
200,200,up,2.0,1.05,7,0.06417900902624635,0.06417900902624635,0.1283580180524927
200,200,up,2.0,1.05,8,0.06417900902624635,0.06417900902624635,0.1283580180524927
200,200,up,2.0,1.05,9,0.06417900902624635,0.06417900902624635,0.1283580180524927
200,200,up,2.0,1.05,10,0.06417900902624635,0.06417900902624635,0.1283580180524927
200,200,up,2.0,1.05,11,0.06417900902624635,0.06417900902624635,0.1283580180524927
200,200,down,0.0,1.05,0,0.31590768546818254,0.3291461126766353,0.6450537981448179
200,200,down,0.0,1.05,1,0.3289126984853351,0.31902348153313825,0.6479361800184733
200,200,down,0.0,1.05,2,0.31516996737253067,0.33614770451574943,0.65131767188828
200,200,down,0.0,1.05,3,0.31694484369964243,0.32189264441321824,0.6388374881128607
200,200,down,0.0,1.05,4,0.3172410230444598,0.31570452008087385,0.6329455431253337
200,200,down,0.0,1.05,5,0.31681887804051484,0.316116675680712,0.6329355537212269
200,200,down,0.0,1.05,6,0.3251212928045334,0.31524305011094156,0.640364342915475
200,200,down,0.0,1.05,7,0.3151249195727769,0.31513806453402593,0.6302629841068028
200,200,down,0.0,1.05,8,0.33463440415806756,0.31676364936056073,0.6513980535186283
200,200,down,0.0,1.05,9,0.3222623232656269,0.3361322369529398,0.6583945602185668
200,200,down,0.0,1.05,10,0.31700569936340117,0.3199970434855277,0.6370027428489289
200,200,down,0.0,1.05,11,0.31607554626090634,0.31927162305639056,0.635347169317297
200,200,down,0.5,1.05,0,0.09139387172416662,0.09318384195224837,0.18457771367641498
200,200,down,0.5,1.05,1,0.14623727758616553,0.12367313781128644,0.269910415397452
200,200,down,0.5,1.05,2,0.12440839808664578,0.09524999825045484,0.2196583963371006
200,200,down,0.5,1.05,3,0.15506072891563918,0.1551195209708817,0.3101802498865209
200,200,down,0.5,1.05,4,0.08641903209642067,0.09467440124741586,0.18109343334383654
200,200,down,0.5,1.05,5,0.15739901464126774,0.1575852246200907,0.31498423926135843
200,200,down,0.5,1.05,6,0.09911180454387193,0.10814853934645441,0.20726034389032633
200,200,down,0.5,1.05,7,0.0930812311997255,0.09268369666096249,0.185764927860688
200,200,down,0.5,1.05,8,0.12638657658416774,0.1268517131964444,0.25323828978061214
200,200,down,0.5,1.05,9,0.09369881124519396,0.09381238510089872,0.18751119634609267
200,200,down,0.5,1.05,10,0.09530767289667494,0.09527944616188336,0.1905871190585583
200,200,down,0.5,1.05,11,0.11347177215161537,0.09125288185777664,0.204724654009392
200,200,down,2.0,1.05,0,0.03266399797679696,0.03266399363161412,0.06532799160841107
200,200,down,2.0,1.05,1,0.03944319602091497,0.034445979990847204,0.07388917601176218
200,200,down,2.0,1.05,2,0.0328763878043199,0.03287652310244397,0.06575291090676387
200,200,down,2.0,1.05,3,0.032730256333153136,0.032730287891804724,0.06546054422495787
200,200,down,2.0,1.05,4,0.03354099133103262,0.03345408331024714,0.06699507464127977
200,200,down,2.0,1.05,5,0.03369824983964889,0.03376142163176581,0.06745967147141471
200,200,down,2.0,1.05,6,0.03377947649232937,0.0337613053936424,0.06754078188597176
200,200,down,2.0,1.05,7,0.033015852896187144,0.033016240764254974,0.06603209366044212
200,200,down,2.0,1.05,8,0.03329570390355542,0.033271979780404595,0.06656768368396002
200,200,down,2.0,1.05,9,0.05797066256618393,0.026562609490517274,0.0845332720567012
200,200,down,2.0,1.05,10,0.03269873902402949,0.03269872757722012,0.06539746660124962
200,200,down,2.0,1.05,11,0.05706331660889106,0.025756015778361244,0.08281933238725231
200,200,fresh,0.0,1.1,0,0.45827797970887846,0.46587561171639746,0.9241535914252759
200,200,fresh,0.0,1.1,1,0.4658618347402303,0.46730623355475404,0.9331680682949843
200,200,fresh,0.0,1.1,2,0.45217247795892435,0.46650970895693306,0.9186821869158575
200,200,fresh,0.0,1.1,3,0.46747561553485056,0.4671912777525557,0.9346668932874063
200,200,fresh,0.0,1.1,4,0.46744113351700434,0.46773187076887995,0.9351730042858843
200,200,fresh,0.0,1.1,5,0.4674921147459667,0.46761516789318525,0.935107282639152
200,200,fresh,0.0,1.1,6,0.46561982392960544,0.46794689887383356,0.933566722803439
200,200,fresh,0.0,1.1,7,0.4674326691667534,0.46781958748921026,0.9352522566559637
200,200,fresh,0.0,1.1,8,0.4668217365523774,0.467499753773294,0.9343214903256714
200,200,fresh,0.0,1.1,9,0.4653612757610578,0.4666391808881979,0.9320004566492557
200,200,fresh,0.0,1.1,10,0.4632796498664906,0.4672592735303671,0.9305389233968577
200,200,fresh,0.0,1.1,11,0.46762474501896356,0.4648156915096836,0.9324404365286472
200,200,fresh,0.5,1.1,0,0.15581675015792548,0.15548464999687733,0.3113014001548028
200,200,fresh,0.5,1.1,1,0.22263237034218186,0.22240580080278455,0.4450381711449664
200,200,fresh,0.5,1.1,2,0.1494517849811945,0.13886144763308292,0.28831323261427744
200,200,fresh,0.5,1.1,3,0.22208185050188306,0.22209058642810178,0.44417243692998487
200,200,fresh,0.5,1.1,4,0.22194168405729653,0.22192676813420095,0.4438684521914975
200,200,fresh,0.5,1.1,5,0.22206768142986155,0.2220645699258722,0.44413225135573375
200,200,fresh,0.5,1.1,6,0.21712553060286952,0.21478423404929423,0.43190976465216374
200,200,fresh,0.5,1.1,7,0.12823115136662067,0.15578604687900383,0.2840171982456245
200,200,fresh,0.5,1.1,8,0.22208345115251485,0.22204826884993634,0.44413172000245116
200,200,fresh,0.5,1.1,9,0.22283907870798145,0.22263184213924034,0.4454709208472218
200,200,fresh,0.5,1.1,10,0.21809369211487084,0.21745230361739457,0.4355459957322654
200,200,fresh,0.5,1.1,11,0.22106309347180747,0.22429926339229567,0.44536235686410314
200,200,fresh,2.0,1.1,0,0.0340407776965676,0.06545502689467331,0.09949580459124091
200,200,fresh,2.0,1.1,1,0.09197607333598366,0.09197277712871318,0.18394885046469683
200,200,fresh,2.0,1.1,2,0.0349710714997315,0.06638055037178438,0.10135162187151588
200,200,fresh,2.0,1.1,3,0.09050644427331861,0.09060300375833634,0.18110944803165496
200,200,fresh,2.0,1.1,4,0.08992519014357975,0.08960550000258982,0.17953069014616957
200,200,fresh,2.0,1.1,5,0.08973769963450236,0.08937867620603544,0.1791163758405378
200,200,fresh,2.0,1.1,6,0.09163725583264731,0.09163642662433144,0.18327368245697875
200,200,fresh,2.0,1.1,7,0.059115378109014106,0.059117458229734084,0.11823283633874819
200,200,fresh,2.0,1.1,8,0.09105185256010159,0.09099400080905536,0.18204585336915696
200,200,fresh,2.0,1.1,9,0.074827837760399,0.06974600728134109,0.1445738450417401
200,200,fresh,2.0,1.1,10,0.06083464490772328,0.06083221423846177,0.12166685914618505
200,200,fresh,2.0,1.1,11,0.09209407541391275,0.09209459938924343,0.18418867480315618
200,200,up,0.0,1.1,0,0.4645022068043451,0.4645022068043451,0.9290044136086902
200,200,up,0.0,1.1,1,0.4645022068043451,0.4645022068043451,0.9290044136086902
200,200,up,0.0,1.1,2,0.4645022068043451,0.4645022068043451,0.9290044136086902
200,200,up,0.0,1.1,3,0.4645022068043451,0.4645022068043451,0.9290044136086902
200,200,up,0.0,1.1,4,0.4645022068043451,0.4645022068043451,0.9290044136086902
200,200,up,0.0,1.1,5,0.4645022068043451,0.4645022068043451,0.9290044136086902
200,200,up,0.0,1.1,6,0.4645022068043451,0.4645022068043451,0.9290044136086902
200,200,up,0.0,1.1,7,0.4645022068043451,0.4645022068043451,0.9290044136086902
200,200,up,0.0,1.1,8,0.4645022068043451,0.4645022068043451,0.9290044136086902
200,200,up,0.0,1.1,9,0.4645022068043451,0.4645022068043451,0.9290044136086902
200,200,up,0.0,1.1,10,0.4645022068043451,0.4645022068043451,0.9290044136086902
200,200,up,0.0,1.1,11,0.4645022068043451,0.4645022068043451,0.9290044136086902
200,200,up,0.5,1.1,0,0.23667746835913278,0.23667746835913278,0.47335493671826556
200,200,up,0.5,1.1,1,0.2366774683591342,0.2366774683591342,0.4733549367182684
200,200,up,0.5,1.1,2,0.23667746835913278,0.23667746835913278,0.47335493671826556
200,200,up,0.5,1.1,3,0.23667746835913278,0.23667746835913278,0.47335493671826556
200,200,up,0.5,1.1,4,0.23667746835913278,0.23667746835913278,0.47335493671826556
200,200,up,0.5,1.1,5,0.23667746835913278,0.23667746835913278,0.47335493671826556
200,200,up,0.5,1.1,6,0.23667746835913278,0.23667746835913278,0.47335493671826556
200,200,up,0.5,1.1,7,0.23667746835913278,0.23667746835913278,0.47335493671826556
200,200,up,0.5,1.1,8,0.23667746835913278,0.23667746835913278,0.47335493671826556
200,200,up,0.5,1.1,9,0.23667746835913278,0.23667746835913278,0.47335493671826556
200,200,up,0.5,1.1,10,0.23667746835913278,0.23667746835913278,0.47335493671826556
200,200,up,0.5,1.1,11,0.23667746835913278,0.23667746835913278,0.47335493671826556
200,200,up,2.0,1.1,0,0.08625952229597715,0.08625952229597715,0.1725190445919543
200,200,up,2.0,1.1,1,0.08625952229597474,0.08625952229597474,0.17251904459194947
200,200,up,2.0,1.1,2,0.08625952229597715,0.08625952229597715,0.1725190445919543
200,200,up,2.0,1.1,3,0.08625952229597715,0.08625952229597715,0.1725190445919543
200,200,up,2.0,1.1,4,0.08625952229597715,0.08625952229597715,0.1725190445919543
200,200,up,2.0,1.1,5,0.08625952229597715,0.08625952229597715,0.1725190445919543
200,200,up,2.0,1.1,6,0.08625952229597715,0.08625952229597715,0.1725190445919543
200,200,up,2.0,1.1,7,0.08625952229597715,0.08625952229597715,0.1725190445919543
200,200,up,2.0,1.1,8,0.08625952229597715,0.08625952229597715,0.1725190445919543
200,200,up,2.0,1.1,9,0.08625952229597715,0.08625952229597715,0.1725190445919543
200,200,up,2.0,1.1,10,0.08625952229597715,0.08625952229597715,0.1725190445919543
200,200,up,2.0,1.1,11,0.08625952229597715,0.08625952229597715,0.1725190445919543
200,200,down,0.0,1.1,0,0.4662955413152918,0.45530956891486085,0.9216051102301526
200,200,down,0.0,1.1,1,0.4554445352949335,0.44563622475588205,0.9010807600508155
200,200,down,0.0,1.1,2,0.46789534950370465,0.44879333788802683,0.9166886873917315
200,200,down,0.0,1.1,3,0.44710733051880197,0.4454251376953539,0.8925324682141559
200,200,down,0.0,1.1,4,0.44662622327966345,0.4582131055490663,0.9048393288287297
200,200,down,0.0,1.1,5,0.4473877119571489,0.4511226979493472,0.898510409906496
200,200,down,0.0,1.1,6,0.45758569895033135,0.46670931948262706,0.9242950184329584
200,200,down,0.0,1.1,7,0.4678978638298895,0.46774586376691785,0.9356437275968074
200,200,down,0.0,1.1,8,0.44652252414192506,0.44753031555268874,0.8940528396946138
200,200,down,0.0,1.1,9,0.45936700427212485,0.4477236781267163,0.9070906823988412
200,200,down,0.0,1.1,10,0.464469963471455,0.4455008855490917,0.9099708490205467
200,200,down,0.0,1.1,11,0.45158178064138155,0.46178679613651413,0.9133685767778956
200,200,down,0.5,1.1,0,0.15367711935866338,0.13022646754037226,0.2839035868990356
200,200,down,0.5,1.1,1,0.19468076603883844,0.1954964958164743,0.39017726185531276
200,200,down,0.5,1.1,2,0.1573182457714256,0.15712741518710913,0.31444566095853477
200,200,down,0.5,1.1,3,0.21625854085516494,0.1987765297826411,0.41503507063780604
200,200,down,0.5,1.1,4,0.15680362963001812,0.1262300715702247,0.28303370120024285
200,200,down,0.5,1.1,5,0.22355088442073112,0.23483431024590232,0.4583851946666334
200,200,down,0.5,1.1,6,0.15471982640634052,0.15569461517798858,0.31041444158432907
200,200,down,0.5,1.1,7,0.1257811654415741,0.14951286413929324,0.27529402958086735
200,200,down,0.5,1.1,8,0.18317768555918462,0.18299426809261207,0.36617195365179667
200,200,down,0.5,1.1,9,0.15538172263777142,0.12468995063660827,0.2800716732743797
200,200,down,0.5,1.1,10,0.18305834463357598,0.18393039088335114,0.3669887355169271
200,200,down,0.5,1.1,11,0.12702293844486406,0.15697310388397284,0.2839960423288369
200,200,down,2.0,1.1,0,0.05761405662731249,0.05766811186490941,0.11528216849222189
200,200,down,2.0,1.1,1,0.034663602808551415,0.06602395267648191,0.10068755548503333
200,200,down,2.0,1.1,2,0.0589703548881657,0.05896941912645886,0.11793977401462456
200,200,down,2.0,1.1,3,0.057966833894639934,0.058178535972284354,0.11614536986692428
200,200,down,2.0,1.1,4,0.05936205122645674,0.059293817552784844,0.11865586877924159
200,200,down,2.0,1.1,5,0.06587564677398178,0.06587574451949195,0.13175139129347374
200,200,down,2.0,1.1,6,0.05814488370968349,0.058165687320385476,0.11631057103006896
200,200,down,2.0,1.1,7,0.05896173209302006,0.05896019217864008,0.11792192427166015
200,200,down,2.0,1.1,8,0.05917200017634542,0.05911518653244201,0.11828718670878743
200,200,down,2.0,1.1,9,0.034971387353542695,0.06625489194965667,0.10122627930319936
200,200,down,2.0,1.1,10,0.05633372227448575,0.056885732387403604,0.11321945466188935
200,200,down,2.0,1.1,11,0.051452844961770126,0.057257188420669534,0.10871003338243966
200,200,fresh,0.0,1.2,0,0.6698931017876799,0.6664568694215345,1.3363499712092144
200,200,fresh,0.0,1.2,1,0.6664892015720844,0.6628638297159662,1.3293530312880506
200,200,fresh,0.0,1.2,2,0.6610191720112847,0.6648781514798138,1.3258973234910985
200,200,fresh,0.0,1.2,3,0.6624616417099652,0.6631434464124247,1.32560508812239
200,200,fresh,0.0,1.2,4,0.6625426131356262,0.661867101398167,1.3244097145337932
200,200,fresh,0.0,1.2,5,0.6624230445677345,0.662137488981108,1.3245605335488424
200,200,fresh,0.0,1.2,6,0.6670377000195323,0.6612731501888792,1.3283108502084116
200,200,fresh,0.0,1.2,7,0.6608610177139903,0.6609505442132658,1.3218115619272561
200,200,fresh,0.0,1.2,8,0.6640737445212871,0.6624052046403496,1.3264789491616367
200,200,fresh,0.0,1.2,9,0.6675783303951036,0.6645440097806542,1.3321223401757578
200,200,fresh,0.0,1.2,10,0.6701223280920178,0.6629774005776758,1.3330997286696937
200,200,fresh,0.0,1.2,11,0.6621153695650791,0.6685479859213892,1.3306633554864682
200,200,fresh,0.5,1.2,0,0.275602468977797,0.25113078307052544,0.5267332520483224
200,200,fresh,0.5,1.2,1,0.3183316792840268,0.31843461189264594,0.6367662911766727
200,200,fresh,0.5,1.2,2,0.22170806136775897,0.22289689784181488,0.4446049592095739
200,200,fresh,0.5,1.2,3,0.3376243864852457,0.33667924598748455,0.6743036324727303
200,200,fresh,0.5,1.2,4,0.3326923881366964,0.3360533909126878,0.6687457790493843
200,200,fresh,0.5,1.2,5,0.3388851613490386,0.3391279233093909,0.6780130846584296
200,200,fresh,0.5,1.2,6,0.3109793337071896,0.30969451497557665,0.6206738486827663
200,200,fresh,0.5,1.2,7,0.27338707601184153,0.2720595889528617,0.5454466649647032
200,200,fresh,0.5,1.2,8,0.3243835399730966,0.3297254293618957,0.6541089693349923
200,200,fresh,0.5,1.2,9,0.31936966866378613,0.31970149233459083,0.639071160998377
200,200,fresh,0.5,1.2,10,0.3123224238835246,0.3109996973768535,0.6233221212603781
200,200,fresh,0.5,1.2,11,0.3151804592163272,0.3238048110298266,0.6389852702461538
200,200,fresh,2.0,1.2,0,0.06514950583923337,0.0964890354818209,0.16163854132105426
200,200,fresh,2.0,1.2,1,0.13052978010114608,0.12998740626660932,0.2605171863677554
200,200,fresh,2.0,1.2,2,0.06564448704754891,0.09692182090304023,0.16256630795058913
200,200,fresh,2.0,1.2,3,0.1284253899461309,0.1284260856122458,0.25685147555837673
200,200,fresh,2.0,1.2,4,0.12810593929704026,0.12810252686670004,0.25620846616374027
200,200,fresh,2.0,1.2,5,0.12821116910882535,0.1282108445250447,0.25642201363387007
200,200,fresh,2.0,1.2,6,0.12629351657301485,0.12078853091530788,0.24708204748832274
200,200,fresh,2.0,1.2,7,0.07005216911835195,0.09534969914401653,0.16540186826236847
200,200,fresh,2.0,1.2,8,0.12860692543651,0.12860370499458487,0.2572106304310949
200,200,fresh,2.0,1.2,9,0.12207594958216252,0.12207741121088361,0.24415336079304611
200,200,fresh,2.0,1.2,10,0.09385382312244822,0.09662192077416304,0.19047574389661126
200,200,fresh,2.0,1.2,11,0.1254237955108764,0.13084176651216706,0.25626556202304346
200,200,up,0.0,1.2,0,0.6614463022292211,0.6614463022292211,1.3228926044584421
200,200,up,0.0,1.2,1,0.6614463022292211,0.6614463022292211,1.3228926044584421
200,200,up,0.0,1.2,2,0.6614463022292211,0.6614463022292211,1.3228926044584421
200,200,up,0.0,1.2,3,0.6614463022292211,0.6614463022292211,1.3228926044584421
200,200,up,0.0,1.2,4,0.6614463022292211,0.6614463022292211,1.3228926044584421
200,200,up,0.0,1.2,5,0.6614463022292211,0.6614463022292211,1.3228926044584421
200,200,up,0.0,1.2,6,0.6614463022292211,0.6614463022292211,1.3228926044584421
200,200,up,0.0,1.2,7,0.6614463022292211,0.6614463022292211,1.3228926044584421
200,200,up,0.0,1.2,8,0.6614463022292211,0.6614463022292211,1.3228926044584421
200,200,up,0.0,1.2,9,0.6614463022292211,0.6614463022292211,1.3228926044584421
200,200,up,0.0,1.2,10,0.6614463022292211,0.6614463022292211,1.3228926044584421
200,200,up,0.0,1.2,11,0.6614463022292211,0.6614463022292211,1.3228926044584421
200,200,up,0.5,1.2,0,0.3385114612017617,0.3385114612017617,0.6770229224035234
200,200,up,0.5,1.2,1,0.33851146120175996,0.33851146120175996,0.6770229224035199
200,200,up,0.5,1.2,2,0.3385114612017617,0.3385114612017617,0.6770229224035234
200,200,up,0.5,1.2,3,0.3385114612017617,0.3385114612017617,0.6770229224035234
200,200,up,0.5,1.2,4,0.3385114612017617,0.3385114612017617,0.6770229224035234
200,200,up,0.5,1.2,5,0.3385114612017617,0.3385114612017617,0.6770229224035234
200,200,up,0.5,1.2,6,0.3385114612017617,0.3385114612017617,0.6770229224035234
200,200,up,0.5,1.2,7,0.3385114612017617,0.3385114612017617,0.6770229224035234
200,200,up,0.5,1.2,8,0.3385114612017617,0.3385114612017617,0.6770229224035234
200,200,up,0.5,1.2,9,0.3385114612017617,0.3385114612017617,0.6770229224035234
200,200,up,0.5,1.2,10,0.3385114612017617,0.3385114612017617,0.6770229224035234
200,200,up,0.5,1.2,11,0.3385114612017617,0.3385114612017617,0.6770229224035234
200,200,up,2.0,1.2,0,0.12844777017296927,0.12844777017296927,0.25689554034593853
200,200,up,2.0,1.2,1,0.1284477701729687,0.12844777017296857,0.2568955403459373
200,200,up,2.0,1.2,2,0.12844777017296927,0.12844777017296927,0.25689554034593853
200,200,up,2.0,1.2,3,0.12844777017296927,0.12844777017296927,0.25689554034593853
200,200,up,2.0,1.2,4,0.12844777017296927,0.12844777017296927,0.25689554034593853
200,200,up,2.0,1.2,5,0.12844777017296927,0.12844777017296927,0.25689554034593853
200,200,up,2.0,1.2,6,0.12844777017296927,0.12844777017296927,0.25689554034593853
200,200,up,2.0,1.2,7,0.12844777017296927,0.12844777017296927,0.25689554034593853
200,200,up,2.0,1.2,8,0.12844777017296927,0.12844777017296927,0.25689554034593853
200,200,up,2.0,1.2,9,0.12844777017296927,0.12844777017296927,0.25689554034593853
200,200,up,2.0,1.2,10,0.12844777017296927,0.12844777017296927,0.25689554034593853
200,200,up,2.0,1.2,11,0.12844777017296927,0.12844777017296927,0.25689554034593853
200,200,down,0.0,1.2,0,0.661551472890086,0.6609752708192912,1.322526743709377
200,200,down,0.0,1.2,1,0.6609773239066999,0.6608694952213842,1.321846819128084
200,200,down,0.0,1.2,2,0.6640119356632749,0.6608787131159124,1.3248906487791872
200,200,down,0.0,1.2,3,0.6609825101696356,0.660839388315901,1.3218218984855366
200,200,down,0.0,1.2,4,0.660949489172118,0.6616564138820183,1.3226059030541364
200,200,down,0.0,1.2,5,0.661000844737988,0.6612138174645713,1.3222146622025592
200,200,down,0.0,1.2,6,0.6610124939668435,0.6665419051291633,1.3275543990960068
200,200,down,0.0,1.2,7,0.6686853689819691,0.6703888939815215,1.3390742629634906
200,200,down,0.0,1.2,8,0.6608391611561945,0.6610099580588974,1.3218491192150919
200,200,down,0.0,1.2,9,0.661048009970773,0.660860552385027,1.3219085623557998
200,200,down,0.0,1.2,10,0.6612646960798634,0.6608541569170734,1.3221188529969368
200,200,down,0.0,1.2,11,0.6612382972076511,0.6611158301980936,1.3223541274057449
200,200,down,0.5,1.2,0,0.2551201640315776,0.2522353500494057,0.5073555140809833
200,200,down,0.5,1.2,1,0.31810830540462914,0.31810199288298463,0.6362102982876138
200,200,down,0.5,1.2,2,0.24771935300786369,0.21969982173662628,0.46741917474448996
200,200,down,0.5,1.2,3,0.31630197153868894,0.3158369987550708,0.6321389702937598
200,200,down,0.5,1.2,4,0.314858267725707,0.3148163872763007,0.6296746550020077
200,200,down,0.5,1.2,5,0.31996054164542787,0.31983824401001243,0.6397987856554403
200,200,down,0.5,1.2,6,0.27381915203148194,0.27548559580504045,0.5493047478365224
200,200,down,0.5,1.2,7,0.29889355313924737,0.3087289123277662,0.6076224654670136
200,200,down,0.5,1.2,8,0.320383158545186,0.31761318820152157,0.6379963467467076
200,200,down,0.5,1.2,9,0.2203071878611661,0.22184363001976976,0.44215081788093585
200,200,down,0.5,1.2,10,0.24961869977294726,0.2505634662083486,0.5001821659812958
200,200,down,0.5,1.2,11,0.21821425075682727,0.2186886836997354,0.4369029344565627
200,200,down,2.0,1.2,0,0.07094798664415179,0.09447278134904792,0.1654207679931997
200,200,down,2.0,1.2,1,0.09627372016716407,0.06488784174672844,0.16116156191389253
200,200,down,2.0,1.2,2,0.0651983306019568,0.09653326931965381,0.16173159992161062
200,200,down,2.0,1.2,3,0.12692318280327214,0.12692407295246738,0.2538472557557395
200,200,down,2.0,1.2,4,0.1293125656704076,0.12927470047676862,0.2585872661471762
200,200,down,2.0,1.2,5,0.09656479227353046,0.12128934816814549,0.21785414044167595
200,200,down,2.0,1.2,6,0.09621072401009471,0.06482098418212118,0.1610317081922159
200,200,down,2.0,1.2,7,0.06516056141038319,0.09651440873032896,0.16167497014071214
200,200,down,2.0,1.2,8,0.12910747836386632,0.12908729749951134,0.2581947758633777
200,200,down,2.0,1.2,9,0.09627233882760038,0.06487041669657685,0.16114275552417723
200,200,down,2.0,1.2,10,0.07963618005879226,0.08876603109668536,0.16840221115547763
200,200,down,2.0,1.2,11,0.09708848892448031,0.0657089965794566,0.1627974855039369
200,200,fresh,0.0,1.5,0,1.112237965009671,1.1198796601545977,2.2321176251642685
200,200,fresh,0.0,1.5,1,1.1198438581453078,1.1237556296928317,2.2435994878381393
200,200,fresh,0.0,1.5,2,1.1134129415090537,1.1216211832457197,2.2350341247547734
200,200,fresh,0.0,1.5,3,1.1241079928284767,1.1234829806647473,2.247590973493224
200,200,fresh,0.0,1.5,4,1.1240422014689007,1.1244432829964937,2.2484854844653945
200,200,fresh,0.0,1.5,5,1.1241381938247086,1.1243317951022735,2.248469988926982
200,200,fresh,0.0,1.5,6,1.1192339334851718,1.1240464994489567,2.2432804329341285
200,200,fresh,0.0,1.5,7,1.1206384090406645,1.1222950129281282,2.2429334219687926
200,200,fresh,0.0,1.5,8,1.122502224670574,1.1241518790507394,2.2466541037213137
200,200,fresh,0.0,1.5,9,1.1186248031504096,1.1219884872286867,2.2406132903790965
200,200,fresh,0.0,1.5,10,1.1152313507152056,1.1236469235621513,2.238878274277357
200,200,fresh,0.0,1.5,11,1.1243440762167793,1.1174893472058594,2.241833423422639
200,200,fresh,0.5,1.5,0,0.5027348139422595,0.5034471393878879,1.0061819533301475
200,200,fresh,0.5,1.5,1,0.541525572871645,0.5437780337546854,1.0853036066263304
200,200,fresh,0.5,1.5,2,0.43477714376165444,0.4373765684925862,0.8721537122542407
200,200,fresh,0.5,1.5,3,0.5608466995884409,0.5611806231471234,1.1220273227355642
200,200,fresh,0.5,1.5,4,0.5604841470835039,0.560046358821018,1.1205305059045219
200,200,fresh,0.5,1.5,5,0.5605804512894634,0.5601318094455433,1.1207122607350066
200,200,fresh,0.5,1.5,6,0.5078233821887291,0.5076114679212691,1.0154348501099983
200,200,fresh,0.5,1.5,7,0.539997752770277,0.5381650926360727,1.0781628454063497
200,200,fresh,0.5,1.5,8,0.5596289978125363,0.5598517164109963,1.1194807142235326
200,200,fresh,0.5,1.5,9,0.5518211556421206,0.556874358543564,1.1086955141856847
200,200,fresh,0.5,1.5,10,0.5291152658916376,0.5295091764907746,1.058624442382412
200,200,fresh,0.5,1.5,11,0.5287466213669475,0.5315854624992982,1.0603320838662458
200,200,fresh,2.0,1.5,0,0.15517429302887784,0.15491126757403956,0.31008556060291737
200,200,fresh,2.0,1.5,1,0.2185723183694041,0.21638960639480598,0.4349619247642101
200,200,fresh,2.0,1.5,2,0.1558168997778997,0.161943066949149,0.3177599667270487
200,200,fresh,2.0,1.5,3,0.22322852065915555,0.22353000977540474,0.44675853043456026
200,200,fresh,2.0,1.5,4,0.22146032552617914,0.22050784990396852,0.44196817543014766
200,200,fresh,2.0,1.5,5,0.22282974132145,0.22274595207988113,0.44557569340133113
200,200,fresh,2.0,1.5,6,0.21214310332392702,0.2124030023823563,0.4245461057062833
200,200,fresh,2.0,1.5,7,0.16336718907306785,0.14405001474838508,0.30741720382145293
200,200,fresh,2.0,1.5,8,0.2244192081959789,0.2221876628978748,0.4466068710938537
200,200,fresh,2.0,1.5,9,0.21370447508708618,0.21389170896899795,0.4275961840560841
200,200,fresh,2.0,1.5,10,0.18782353478061814,0.1852400899573054,0.37306362473792354
200,200,fresh,2.0,1.5,11,0.2157374940765574,0.21576849499078393,0.43150598906734133
200,200,up,0.0,1.5,0,1.1177611590845082,1.1177611590845082,2.2355223181690165
200,200,up,0.0,1.5,1,1.1177611590845082,1.1177611590845082,2.2355223181690165
200,200,up,0.0,1.5,2,1.1177611590845082,1.1177611590845082,2.2355223181690165
200,200,up,0.0,1.5,3,1.1177611590845082,1.1177611590845082,2.2355223181690165
200,200,up,0.0,1.5,4,1.1177611590845082,1.1177611590845082,2.2355223181690165
200,200,up,0.0,1.5,5,1.1177611590845082,1.1177611590845082,2.2355223181690165
200,200,up,0.0,1.5,6,1.1177611590845082,1.1177611590845082,2.2355223181690165
200,200,up,0.0,1.5,7,1.1177611590845082,1.1177611590845082,2.2355223181690165
200,200,up,0.0,1.5,8,1.1177611590845082,1.1177611590845082,2.2355223181690165
200,200,up,0.0,1.5,9,1.1177611590845082,1.1177611590845082,2.2355223181690165
200,200,up,0.0,1.5,10,1.1177611590845082,1.1177611590845082,2.2355223181690165
200,200,up,0.0,1.5,11,1.1177611590845082,1.1177611590845082,2.2355223181690165
200,200,up,0.5,1.5,0,0.5570221641771531,0.5570221641771531,1.1140443283543062
200,200,up,0.5,1.5,1,0.5570221641771557,0.5570221641771557,1.1140443283543113
200,200,up,0.5,1.5,2,0.5570221641771531,0.5570221641771531,1.1140443283543062
200,200,up,0.5,1.5,3,0.5570221641771531,0.5570221641771531,1.1140443283543062
200,200,up,0.5,1.5,4,0.5570221641771531,0.5570221641771531,1.1140443283543062
200,200,up,0.5,1.5,5,0.5570221641771531,0.5570221641771531,1.1140443283543062
200,200,up,0.5,1.5,6,0.5570221641771531,0.5570221641771531,1.1140443283543062
200,200,up,0.5,1.5,7,0.5570221641771531,0.5570221641771531,1.1140443283543062
200,200,up,0.5,1.5,8,0.5570221641771531,0.5570221641771531,1.1140443283543062
200,200,up,0.5,1.5,9,0.5570221641771531,0.5570221641771531,1.1140443283543062
200,200,up,0.5,1.5,10,0.5570221641771531,0.5570221641771531,1.1140443283543062
200,200,up,0.5,1.5,11,0.5570221641771531,0.5570221641771531,1.1140443283543062
200,200,up,2.0,1.5,0,0.22191193656318375,0.22191193656318375,0.4438238731263675
200,200,up,2.0,1.5,1,0.22191193656318262,0.22191193656318262,0.44382387312636523
200,200,up,2.0,1.5,2,0.22191193656318375,0.22191193656318375,0.4438238731263675
200,200,up,2.0,1.5,3,0.22191193656318375,0.22191193656318375,0.4438238731263675
200,200,up,2.0,1.5,4,0.22191193656318375,0.22191193656318375,0.4438238731263675
200,200,up,2.0,1.5,5,0.22191193656318375,0.22191193656318375,0.4438238731263675
200,200,up,2.0,1.5,6,0.22191193656318375,0.22191193656318375,0.4438238731263675
200,200,up,2.0,1.5,7,0.22191193656318375,0.22191193656318375,0.4438238731263675
200,200,up,2.0,1.5,8,0.22191193656318375,0.22191193656318375,0.4438238731263675
200,200,up,2.0,1.5,9,0.22191193656318375,0.22191193656318375,0.4438238731263675
200,200,up,2.0,1.5,10,0.22191193656318375,0.22191193656318375,0.4438238731263675
200,200,up,2.0,1.5,11,0.22191193656318375,0.22191193656318375,0.4438238731263675
200,200,down,0.0,1.5,0,1.122775505420986,1.1244320125446716,2.2472075179656574
200,200,down,0.0,1.5,1,1.1244299917191285,1.12317161018543,2.2476016019045586
200,200,down,0.0,1.5,2,1.114449330504317,1.124415343815009,2.238864674319326
200,200,down,0.0,1.5,3,1.1221813001965688,1.1235849492057457,2.2457662494023145
200,200,down,0.0,1.5,4,1.1224330403935818,1.1188417749756132,2.241274815369195
200,200,down,0.0,1.5,5,1.1220493024565088,1.1207628681231312,2.24281217057964
200,200,down,0.0,1.5,6,1.1243862986766124,1.1123087443076327,2.236695042984245
200,200,down,0.0,1.5,7,1.1105232218333367,1.110252293900886,2.220775515734223
200,200,down,0.0,1.5,8,1.124235814857084,1.1219854471686677,2.2462212620257516
200,200,down,0.0,1.5,9,1.124327678520479,1.124364037247903,2.248691715768382
200,200,down,0.0,1.5,10,1.1237778596600134,1.1233592990377412,2.247137158697755
200,200,down,0.0,1.5,11,1.1206353531421644,1.1241854380564427,2.244820791198607
200,200,down,0.5,1.5,0,0.4625895186539546,0.4716678652075606,0.9342573838615151
200,200,down,0.5,1.5,1,0.5423091953260607,0.5488658325765411,1.0911750279026018
200,200,down,0.5,1.5,2,0.43980488355294284,0.44018394815621403,0.8799888317091569
200,200,down,0.5,1.5,3,0.5606843997120623,0.5610656735264169,1.1217500732384793
200,200,down,0.5,1.5,4,0.5609508468213074,0.5609403589547491,1.1218912057760564
200,200,down,0.5,1.5,5,0.5589748289939485,0.5577630214021696,1.116737850396118
200,200,down,0.5,1.5,6,0.5067770069118063,0.5028673810314649,1.009644387943271
200,200,down,0.5,1.5,7,0.5598197523177894,0.5600774046533021,1.1198971569710916
200,200,down,0.5,1.5,8,0.5361030383393061,0.5427401134052835,1.0788431517445896
200,200,down,0.5,1.5,9,0.5239187704185346,0.5108780573780937,1.0347968277966282
200,200,down,0.5,1.5,10,0.44544629220516696,0.4592144560561999,0.9046607482613669
200,200,down,0.5,1.5,11,0.4441371757794539,0.4414839509069984,0.8856211266864522
200,200,down,2.0,1.5,0,0.15546901156404785,0.1546855799213448,0.31015459148539265
200,200,down,2.0,1.5,1,0.15565204259954754,0.15576542581937672,0.31141746841892426
200,200,down,2.0,1.5,2,0.16406445022660576,0.14175027645500862,0.30581472668161436
200,200,down,2.0,1.5,3,0.22317790775797036,0.22345414267160535,0.4466320504295757
200,200,down,2.0,1.5,4,0.2202474246549565,0.22203243124511488,0.44227985590007135
200,200,down,2.0,1.5,5,0.2225833181113701,0.2225244503918465,0.44510776850321665
200,200,down,2.0,1.5,6,0.1499936691006785,0.15726202622160698,0.30725569532228547
200,200,down,2.0,1.5,7,0.16347451290727022,0.1431182634194407,0.3065927763267109
200,200,down,2.0,1.5,8,0.2205967928751447,0.22328002132067482,0.4438768141958195
200,200,down,2.0,1.5,9,0.2127199447328178,0.21268315718178457,0.4254031019146024
200,200,down,2.0,1.5,10,0.1562830786989676,0.1562112036648341,0.3124942823638017
200,200,down,2.0,1.5,11,0.1962647266941221,0.19624839937231342,0.3925131260664355
200,200,fresh,0.0,2.0,0,1.7338005433359285,1.734533916292536,3.4683344596284646
200,200,fresh,0.0,2.0,1,1.7345450456487415,1.7318756752637117,3.466420720912453
200,200,fresh,0.0,2.0,2,1.7308823908901367,1.7337295647754971,3.464611955665634
200,200,fresh,0.0,2.0,3,1.7314367792007679,1.7321778775892094,3.4636146567899773
200,200,fresh,0.0,2.0,4,1.7315246669249822,1.7308283148106156,3.462352981735598
200,200,fresh,0.0,2.0,5,1.731395102170169,1.731093956065548,3.4624890582357173
200,200,fresh,0.0,2.0,6,1.7347058743926467,1.7303832742611436,3.4650891486537905
200,200,fresh,0.0,2.0,7,1.730376023692987,1.7303176525731383,3.4606936762661253
200,200,fresh,0.0,2.0,8,1.7330954448927338,1.7313758959442815,3.464471340837015
200,200,fresh,0.0,2.0,9,1.7348164142193383,1.733485650716308,3.468302064935646
200,200,fresh,0.0,2.0,10,1.7347209403854391,1.731999202218687,3.4667201426041263
200,200,fresh,0.0,2.0,11,1.7310713531779578,1.7349069038410403,3.465978257018998
200,200,fresh,0.5,2.0,0,0.8323939736393291,0.8215311717406482,1.6539251453799773
200,200,fresh,0.5,2.0,1,0.8518066316563819,0.850659560976079,1.702466192632461
200,200,fresh,0.5,2.0,2,0.7538351143363705,0.7528366631464575,1.506671777482828
200,200,fresh,0.5,2.0,3,0.866907425734681,0.8643192280706506,1.7312266538053316
200,200,fresh,0.5,2.0,4,0.8588245598300679,0.8626219684421463,1.7214465282722142
200,200,fresh,0.5,2.0,5,0.8692456707358897,0.8698224075529991,1.7390680782888888
200,200,fresh,0.5,2.0,6,0.7980340451405381,0.8096886718198685,1.6077227169604065
200,200,fresh,0.5,2.0,7,0.86569046055176,0.8627074044961215,1.7283978650478815
200,200,fresh,0.5,2.0,8,0.854615708760221,0.8545785451897627,1.7091942539499838
200,200,fresh,0.5,2.0,9,0.8563758688523458,0.8545685827622088,1.7109444516145547
200,200,fresh,0.5,2.0,10,0.82810219953012,0.8208837616076662,1.6489859611377862
200,200,fresh,0.5,2.0,11,0.8210048068790152,0.8254187340656577,1.646423540944673
200,200,fresh,2.0,2.0,0,0.26805525427283233,0.26649592256425975,0.5345511768370921
200,200,fresh,2.0,2.0,1,0.340964385735634,0.3408036032049214,0.6817679889405555
200,200,fresh,2.0,2.0,2,0.2640618546561915,0.27747978695414177,0.5415416416103332
200,200,fresh,2.0,2.0,3,0.3456693416448372,0.34571188718699936,0.6913812288318366
200,200,fresh,2.0,2.0,4,0.3428383880029393,0.33898716411954477,0.6818255521224841
200,200,fresh,2.0,2.0,5,0.34617244005350445,0.3459758545147817,0.6921482945682862
200,200,fresh,2.0,2.0,6,0.31965364939871255,0.31864074335897896,0.6382943927576915
200,200,fresh,2.0,2.0,7,0.2532824043841224,0.2806329590603194,0.5339153634444418
200,200,fresh,2.0,2.0,8,0.34402352676639103,0.34127813017869124,0.6853016569450823
200,200,fresh,2.0,2.0,9,0.3348331641898465,0.3378877013060639,0.6727208654959104
200,200,fresh,2.0,2.0,10,0.3119517418986313,0.31041585554771245,0.6223675974463437
200,200,fresh,2.0,2.0,11,0.3282254794505131,0.32327199223869046,0.6514974716892036
200,200,up,0.0,2.0,0,1.7315499464243898,1.7315499464243898,3.4630998928487795
200,200,up,0.0,2.0,1,1.7315499464243898,1.7315499464243898,3.4630998928487795
200,200,up,0.0,2.0,2,1.7315499464243898,1.7315499464243898,3.4630998928487795
200,200,up,0.0,2.0,3,1.7315499464243898,1.7315499464243898,3.4630998928487795
200,200,up,0.0,2.0,4,1.7315499464243898,1.7315499464243898,3.4630998928487795
200,200,up,0.0,2.0,5,1.7315499464243898,1.7315499464243898,3.4630998928487795
200,200,up,0.0,2.0,6,1.7315499464243898,1.7315499464243898,3.4630998928487795
200,200,up,0.0,2.0,7,1.7315499464243898,1.7315499464243898,3.4630998928487795
200,200,up,0.0,2.0,8,1.7315499464243898,1.7315499464243898,3.4630998928487795
200,200,up,0.0,2.0,9,1.7315499464243898,1.7315499464243898,3.4630998928487795
200,200,up,0.0,2.0,10,1.7315499464243898,1.7315499464243898,3.4630998928487795
200,200,up,0.0,2.0,11,1.7315499464243898,1.7315499464243898,3.4630998928487795
200,200,up,0.5,2.0,0,0.8702864293408823,0.8702864293408823,1.7405728586817646
200,200,up,0.5,2.0,1,0.8702864293408606,0.8702864293408606,1.7405728586817213
200,200,up,0.5,2.0,2,0.8702864293408823,0.8702864293408823,1.7405728586817646
200,200,up,0.5,2.0,3,0.8702864293408823,0.8702864293408823,1.7405728586817646
200,200,up,0.5,2.0,4,0.8702864293408823,0.8702864293408823,1.7405728586817646
200,200,up,0.5,2.0,5,0.8702864293408823,0.8702864293408823,1.7405728586817646
200,200,up,0.5,2.0,6,0.8702864293408823,0.8702864293408823,1.7405728586817646
200,200,up,0.5,2.0,7,0.8702864293408823,0.8702864293408823,1.7405728586817646
200,200,up,0.5,2.0,8,0.8702864293408823,0.8702864293408823,1.7405728586817646
200,200,up,0.5,2.0,9,0.8702864293408823,0.8702864293408823,1.7405728586817646
200,200,up,0.5,2.0,10,0.8702864293408823,0.8702864293408823,1.7405728586817646
200,200,up,0.5,2.0,11,0.8702864293408823,0.8702864293408823,1.7405728586817646
200,200,up,2.0,2.0,0,0.34621885108185835,0.34621885108185835,0.6924377021637167
200,200,up,2.0,2.0,1,0.3462188510818618,0.3462188510818618,0.6924377021637236
200,200,up,2.0,2.0,2,0.34621885108185835,0.34621885108185835,0.6924377021637167
200,200,up,2.0,2.0,3,0.34621885108185835,0.34621885108185835,0.6924377021637167
200,200,up,2.0,2.0,4,0.34621885108185835,0.34621885108185835,0.6924377021637167
200,200,up,2.0,2.0,5,0.34621885108185835,0.34621885108185835,0.6924377021637167
200,200,up,2.0,2.0,6,0.34621885108185835,0.34621885108185835,0.6924377021637167
200,200,up,2.0,2.0,7,0.34621885108185835,0.34621885108185835,0.6924377021637167
200,200,up,2.0,2.0,8,0.34621885108185835,0.34621885108185835,0.6924377021637167
200,200,up,2.0,2.0,9,0.34621885108185835,0.34621885108185835,0.6924377021637167
200,200,up,2.0,2.0,10,0.34621885108185835,0.34621885108185835,0.6924377021637167
200,200,up,2.0,2.0,11,0.34621885108185835,0.34621885108185835,0.6924377021637167
200,200,down,0.0,2.0,0,1.733800543335675,1.7345339162922933,3.468334459627968
200,200,down,0.0,2.0,1,1.734545045648541,1.7318756752635054,3.4664207209120463
200,200,down,0.0,2.0,2,1.7308823908901712,1.7337295647752597,3.464611955665431
200,200,down,0.0,2.0,3,1.731436779200765,1.7321778775892196,3.463614656789985
200,200,down,0.0,2.0,4,1.7315246669249733,1.7308283148105987,3.462352981735572
200,200,down,0.0,2.0,5,1.7313951021702052,1.731093956065579,3.462489058235784
200,200,down,0.0,2.0,6,1.7347058743924457,1.7303832742611007,3.4650891486535462
200,200,down,0.0,2.0,7,1.730376023692786,1.7303176525729413,3.4606936762657274
200,200,down,0.0,2.0,8,1.7330954448930003,1.7313758959444323,3.4644713408374326
200,200,down,0.0,2.0,9,1.7348164142192615,1.733485650716367,3.4683020649356284
200,200,down,0.0,2.0,10,1.7347209403853845,1.7319992022186823,3.466720142604067
200,200,down,0.0,2.0,11,1.7310713531780035,1.7349069038410736,3.465978257019077
200,200,down,0.5,2.0,0,0.8323939736393128,0.8215311717406361,1.6539251453799488
200,200,down,0.5,2.0,1,0.8518066316564066,0.8506595609760956,1.7024661926325022
200,200,down,0.5,2.0,2,0.7538351143363734,0.7528366631464719,1.5066717774828453
200,200,down,0.5,2.0,3,0.8669074257346678,0.864319228070638,1.7312266538053058
200,200,down,0.5,2.0,4,0.8588245598300597,0.8626219684421392,1.721446528272199
200,200,down,0.5,2.0,5,0.8692456707358872,0.8698224075529981,1.7390680782888852
200,200,down,0.5,2.0,6,0.7980340451404463,0.80968867181986,1.6077227169603063
200,200,down,0.5,2.0,7,0.8656904605517717,0.8627074044961547,1.7283978650479264
200,200,down,0.5,2.0,8,0.8546157087602255,0.8545785451897662,1.7091942539499918
200,200,down,0.5,2.0,9,0.8563758688523427,0.8545685827622057,1.7109444516145484
200,200,down,0.5,2.0,10,0.8281021995301094,0.8208837616076542,1.6489859611377637
200,200,down,0.5,2.0,11,0.8210048068789995,0.8254187340656383,1.6464235409446377
200,200,down,2.0,2.0,0,0.26805525427283494,0.26649592256425253,0.5345511768370874
200,200,down,2.0,2.0,1,0.3409643857356365,0.34080360320492387,0.6817679889405603
200,200,down,2.0,2.0,2,0.2640618546561957,0.27747978695414444,0.5415416416103401
200,200,down,2.0,2.0,3,0.3456693416448381,0.3457118871870037,0.6913812288318417
200,200,down,2.0,2.0,4,0.3428383880029405,0.3389871641195472,0.6818255521224876
200,200,down,2.0,2.0,5,0.3461724400535056,0.3459758545147826,0.6921482945682882
200,200,down,2.0,2.0,6,0.3196536493986978,0.31864074335896647,0.6382943927576643
200,200,down,2.0,2.0,7,0.25328240438412364,0.28063295906032,0.5339153634444436
200,200,down,2.0,2.0,8,0.34402352676638964,0.34127813017869035,0.68530165694508
200,200,down,2.0,2.0,9,0.33483316418985365,0.3378877013060654,0.672720865495919
200,200,down,2.0,2.0,10,0.3119517418986664,0.3104158555477481,0.6223675974464145
200,200,down,2.0,2.0,11,0.32822547945051317,0.3232719922386905,0.6514974716892037
