window,mode,alpha,bias,initialization_id,v1,v2,total_voltage
200,fresh,0.0,0.0,0,-3.259272091775267e-89,1.4272635615718583e-88,1.1013363523943316e-88
200,fresh,0.0,0.0,1,1.4835755329598064e-88,1.0641835276921854e-89,1.589993885729025e-88
200,fresh,0.0,0.0,2,-1.2808117724735534e-89,4.115251438770705e-89,2.834439666297152e-89
200,fresh,0.0,0.0,3,6.946344427717212e-90,1.34594959996313e-89,2.0405840427348513e-89
200,fresh,0.0,0.0,4,7.662896349778182e-90,1.9506857302043505e-90,9.613582079982533e-90
200,fresh,0.0,0.0,5,6.608858967307212e-90,4.179223661704793e-90,1.0788082629012006e-89
200,fresh,0.0,0.0,6,3.935353469944724e-88,-3.056640325809358e-90,3.9047870666866303e-88
200,fresh,0.0,0.0,7,-8.074586724507256e-90,-6.511714218420641e-90,-1.4586300942927898e-89
200,fresh,0.0,0.0,8,2.5261109892375754e-89,6.453706642411001e-90,3.171481653478676e-89
200,fresh,0.0,0.0,9,-8.688750332653721e-88,3.358487019613294e-89,-8.352901630692392e-88
200,fresh,0.0,0.0,10,-5.8101469184383994e-89,1.1757502317077374e-89,-4.6343966867306624e-89
200,fresh,0.0,0.0,11,3.9950203383735e-90,-1.402742464101996e-88,-1.362792260718261e-88
200,fresh,0.5,0.0,0,2.6025479395280584e-46,2.6025479395280584e-46,5.205095879056117e-46
200,fresh,0.5,0.0,1,0.0,0.0,0.0
200,fresh,0.5,0.0,2,1.898240192937156e-46,1.898240192937156e-46,3.796480385874312e-46
200,fresh,0.5,0.0,3,2.70227721796204e-46,2.70227721796204e-46,5.40455443592408e-46
200,fresh,0.5,0.0,4,1.2690310544952121e-46,1.2690310544952121e-46,2.5380621089904243e-46
200,fresh,0.5,0.0,5,1.4453922960663336e-46,1.4453922960663336e-46,2.8907845921326673e-46
200,fresh,0.5,0.0,6,1.205240109395218e-45,1.205240109395218e-45,2.410480218790436e-45
200,fresh,0.5,0.0,7,-1.958266248820477e-46,-1.958266248820477e-46,-3.916532497640954e-46
200,fresh,0.5,0.0,8,3.9718648543750176e-46,3.9718648543750176e-46,7.943729708750035e-46
200,fresh,0.5,0.0,9,-4.487808090310878e-46,-4.487808090310878e-46,-8.975616180621756e-46
200,fresh,0.5,0.0,10,-2.7253310764970648e-46,-2.7253310764970648e-46,-5.4506621529941295e-46
200,fresh,0.5,0.0,11,-7.04066121187831e-46,-7.04066121187831e-46,-1.408132242375662e-45
200,fresh,2.0,0.0,0,1.1812173247206386e-20,1.1812173247206386e-20,2.3624346494412772e-20
200,fresh,2.0,0.0,1,-4.440892098500626e-18,-4.440892098500626e-18,-8.881784197001253e-18
200,fresh,2.0,0.0,2,1.430615694117948e-20,1.430615694117948e-20,2.861231388235896e-20
200,fresh,2.0,0.0,3,3.0531034529385513e-20,3.0531034529385513e-20,6.106206905877103e-20
200,fresh,2.0,0.0,4,1.432889486200371e-20,1.432889486200371e-20,2.865778972400742e-20
200,fresh,2.0,0.0,5,1.6473071471050422e-20,1.6473071471050422e-20,3.2946142942100844e-20
200,fresh,2.0,0.0,6,6.022299987674809e-20,6.022299987674809e-20,1.2044599975349619e-19
200,fresh,2.0,0.0,7,-2.234656816187006e-20,-2.234656816187006e-20,-4.469313632374012e-20
200,fresh,2.0,0.0,8,4.2912862571214375e-20,4.2912862571214375e-20,8.582572514242875e-20
200,fresh,2.0,0.0,9,-1.6266154851407767e-20,-1.6266154851407767e-20,-3.2532309702815534e-20
200,fresh,2.0,0.0,10,-1.9174384209897898e-20,-1.9174384209897898e-20,-3.8348768419795795e-20
200,fresh,2.0,0.0,11,-4.447655382486992e-20,-4.447655382486992e-20,-8.895310764973984e-20
200,up,0.0,0.0,0,-3.259272091775267e-89,1.4272635615718583e-88,1.1013363523943316e-88
200,up,0.0,0.0,1,1.4835755329598064e-88,1.0641835276921854e-89,1.589993885729025e-88
200,up,0.0,0.0,2,-1.2808117724735534e-89,4.115251438770705e-89,2.834439666297152e-89
200,up,0.0,0.0,3,6.946344427717212e-90,1.34594959996313e-89,2.0405840427348513e-89
200,up,0.0,0.0,4,7.662896349778182e-90,1.9506857302043505e-90,9.613582079982533e-90
200,up,0.0,0.0,5,6.608858967307212e-90,4.179223661704793e-90,1.0788082629012006e-89
200,up,0.0,0.0,6,3.935353469944724e-88,-3.056640325809358e-90,3.9047870666866303e-88
200,up,0.0,0.0,7,-8.074586724507256e-90,-6.511714218420641e-90,-1.4586300942927898e-89
200,up,0.0,0.0,8,2.5261109892375754e-89,6.453706642411001e-90,3.171481653478676e-89
200,up,0.0,0.0,9,-8.688750332653721e-88,3.358487019613294e-89,-8.352901630692392e-88
200,up,0.0,0.0,10,-5.8101469184383994e-89,1.1757502317077374e-89,-4.6343966867306624e-89
200,up,0.0,0.0,11,3.9950203383735e-90,-1.402742464101996e-88,-1.362792260718261e-88
200,up,0.5,0.0,0,2.6025479395280584e-46,2.6025479395280584e-46,5.205095879056117e-46
200,up,0.5,0.0,1,0.0,0.0,0.0
200,up,0.5,0.0,2,1.898240192937156e-46,1.898240192937156e-46,3.796480385874312e-46
200,up,0.5,0.0,3,2.70227721796204e-46,2.70227721796204e-46,5.40455443592408e-46
200,up,0.5,0.0,4,1.2690310544952121e-46,1.2690310544952121e-46,2.5380621089904243e-46
200,up,0.5,0.0,5,1.4453922960663336e-46,1.4453922960663336e-46,2.8907845921326673e-46
200,up,0.5,0.0,6,1.205240109395218e-45,1.205240109395218e-45,2.410480218790436e-45
200,up,0.5,0.0,7,-1.958266248820477e-46,-1.958266248820477e-46,-3.916532497640954e-46
200,up,0.5,0.0,8,3.9718648543750176e-46,3.9718648543750176e-46,7.943729708750035e-46
200,up,0.5,0.0,9,-4.487808090310878e-46,-4.487808090310878e-46,-8.975616180621756e-46
200,up,0.5,0.0,10,-2.7253310764970648e-46,-2.7253310764970648e-46,-5.4506621529941295e-46
200,up,0.5,0.0,11,-7.04066121187831e-46,-7.04066121187831e-46,-1.408132242375662e-45
200,up,2.0,0.0,0,1.1812173247206386e-20,1.1812173247206386e-20,2.3624346494412772e-20
200,up,2.0,0.0,1,-4.440892098500626e-18,-4.440892098500626e-18,-8.881784197001253e-18
200,up,2.0,0.0,2,1.430615694117948e-20,1.430615694117948e-20,2.861231388235896e-20
200,up,2.0,0.0,3,3.0531034529385513e-20,3.0531034529385513e-20,6.106206905877103e-20
200,up,2.0,0.0,4,1.432889486200371e-20,1.432889486200371e-20,2.865778972400742e-20
200,up,2.0,0.0,5,1.6473071471050422e-20,1.6473071471050422e-20,3.2946142942100844e-20
200,up,2.0,0.0,6,6.022299987674809e-20,6.022299987674809e-20,1.2044599975349619e-19
200,up,2.0,0.0,7,-2.234656816187006e-20,-2.234656816187006e-20,-4.469313632374012e-20
200,up,2.0,0.0,8,4.2912862571214375e-20,4.2912862571214375e-20,8.582572514242875e-20
200,up,2.0,0.0,9,-1.6266154851407767e-20,-1.6266154851407767e-20,-3.2532309702815534e-20
200,up,2.0,0.0,10,-1.9174384209897898e-20,-1.9174384209897898e-20,-3.8348768419795795e-20
200,up,2.0,0.0,11,-4.447655382486992e-20,-4.447655382486992e-20,-8.895310764973984e-20
200,down,0.0,0.0,0,-1.1368683772161603e-15,-1.1368683772161603e-15,-2.2737367544323206e-15
200,down,0.0,0.0,1,0.0,0.0,0.0
200,down,0.0,0.0,2,-1.1368683772161603e-15,-1.1368683772161603e-15,-2.2737367544323206e-15
200,down,0.0,0.0,3,0.0,0.0,0.0
200,down,0.0,0.0,4,0.0,0.0,0.0
200,down,0.0,0.0,5,0.0,0.0,0.0
200,down,0.0,0.0,6,-1.1368683772161603e-15,-1.1368683772161603e-15,-2.2737367544323206e-15
200,down,0.0,0.0,7,0.0,0.0,0.0
200,down,0.0,0.0,8,0.0,0.0,0.0
200,down,0.0,0.0,9,-1.1368683772161603e-15,-1.1368683772161603e-15,-2.2737367544323206e-15
200,down,0.0,0.0,10,-1.1368683772161603e-15,-1.1368683772161603e-15,-2.2737367544323206e-15
200,down,0.0,0.0,11,-1.1368683772161603e-15,-1.1368683772161603e-15,-2.2737367544323206e-15
200,down,0.5,0.0,0,0.0,0.0,0.0
200,down,0.5,0.0,1,-5.684341886080802e-16,-5.684341886080802e-16,-1.1368683772161603e-15
200,down,0.5,0.0,2,0.0,0.0,0.0
200,down,0.5,0.0,3,-5.684341886080802e-16,-5.684341886080802e-16,-1.1368683772161603e-15
200,down,0.5,0.0,4,0.0,0.0,0.0
200,down,0.5,0.0,5,0.0,0.0,0.0
200,down,0.5,0.0,6,-5.684341886080802e-16,-5.684341886080802e-16,-1.1368683772161603e-15
200,down,0.5,0.0,7,0.0,0.0,0.0
200,down,0.5,0.0,8,0.0,0.0,0.0
200,down,0.5,0.0,9,-5.684341886080802e-16,-5.684341886080802e-16,-1.1368683772161603e-15
200,down,0.5,0.0,10,0.0,0.0,0.0
200,down,0.5,0.0,11,-5.684341886080802e-16,-5.684341886080802e-16,-1.1368683772161603e-15
200,down,2.0,0.0,0,-2.842170943040401e-16,-2.842170943040401e-16,-5.684341886080802e-16
200,down,2.0,0.0,1,-2.842170943040401e-16,-2.842170943040401e-16,-5.684341886080802e-16
200,down,2.0,0.0,2,-5.684341886080802e-16,-5.684341886080802e-16,-1.1368683772161603e-15
200,down,2.0,0.0,3,-2.842170943040401e-16,-2.842170943040401e-16,-5.684341886080802e-16
200,down,2.0,0.0,4,-2.842170943040401e-16,-2.842170943040401e-16,-5.684341886080802e-16
200,down,2.0,0.0,5,-2.842170943040401e-16,-2.842170943040401e-16,-5.684341886080802e-16
200,down,2.0,0.0,6,-5.684341886080802e-16,-5.684341886080802e-16,-1.1368683772161603e-15
200,down,2.0,0.0,7,-5.684341886080802e-16,-5.684341886080802e-16,-1.1368683772161603e-15
200,down,2.0,0.0,8,-2.842170943040401e-16,-2.842170943040401e-16,-5.684341886080802e-16
200,down,2.0,0.0,9,-2.842170943040401e-16,-2.842170943040401e-16,-5.684341886080802e-16
200,down,2.0,0.0,10,-2.842170943040401e-16,-2.842170943040401e-16,-5.684341886080802e-16
200,down,2.0,0.0,11,-2.842170943040401e-16,-2.842170943040401e-16,-5.684341886080802e-16
200,fresh,0.0,0.5,0,0.0,0.0,0.0
200,fresh,0.0,0.5,1,0.0,0.0,0.0
200,fresh,0.0,0.5,2,0.0,0.0,0.0
200,fresh,0.0,0.5,3,0.0,0.0,0.0
200,fresh,0.0,0.5,4,0.0,0.0,0.0
200,fresh,0.0,0.5,5,0.0,0.0,0.0
200,fresh,0.0,0.5,6,0.0,0.0,0.0
200,fresh,0.0,0.5,7,0.0,0.0,0.0
200,fresh,0.0,0.5,8,0.0,0.0,0.0
200,fresh,0.0,0.5,9,0.0,0.0,0.0
200,fresh,0.0,0.5,10,0.0,0.0,0.0
200,fresh,0.0,0.5,11,0.0,0.0,0.0
200,fresh,0.5,0.5,0,0.0,0.0,0.0
200,fresh,0.5,0.5,1,0.0,0.0,0.0
200,fresh,0.5,0.5,2,0.0,0.0,0.0
200,fresh,0.5,0.5,3,0.0,0.0,0.0
200,fresh,0.5,0.5,4,0.0,0.0,0.0
200,fresh,0.5,0.5,5,0.0,0.0,0.0
200,fresh,0.5,0.5,6,0.0,0.0,0.0
200,fresh,0.5,0.5,7,0.0,0.0,0.0
200,fresh,0.5,0.5,8,0.0,0.0,0.0
200,fresh,0.5,0.5,9,0.0,0.0,0.0
200,fresh,0.5,0.5,10,0.0,0.0,0.0
200,fresh,0.5,0.5,11,0.0,0.0,0.0
200,fresh,2.0,0.5,0,0.0,0.0,0.0
200,fresh,2.0,0.5,1,2.1649348980190553e-17,2.1649348980190553e-17,4.3298697960381107e-17
200,fresh,2.0,0.5,2,0.0,0.0,0.0
200,fresh,2.0,0.5,3,0.0,0.0,0.0
200,fresh,2.0,0.5,4,0.0,0.0,0.0
200,fresh,2.0,0.5,5,0.0,0.0,0.0
200,fresh,2.0,0.5,6,1.1102230246251566e-18,1.1102230246251566e-18,2.220446049250313e-18
200,fresh,2.0,0.5,7,0.0,0.0,0.0
200,fresh,2.0,0.5,8,1.1102230246251566e-18,1.1102230246251566e-18,2.220446049250313e-18
200,fresh,2.0,0.5,9,0.0,0.0,0.0
200,fresh,2.0,0.5,10,0.0,0.0,0.0
200,fresh,2.0,0.5,11,-6.106226635438361e-18,-6.106226635438361e-18,-1.2212453270876722e-17
200,up,0.0,0.5,0,0.0,0.0,0.0
200,up,0.0,0.5,1,0.0,0.0,0.0
200,up,0.0,0.5,2,0.0,0.0,0.0
200,up,0.0,0.5,3,0.0,0.0,0.0
200,up,0.0,0.5,4,0.0,0.0,0.0
200,up,0.0,0.5,5,0.0,0.0,0.0
200,up,0.0,0.5,6,0.0,0.0,0.0
200,up,0.0,0.5,7,0.0,0.0,0.0
200,up,0.0,0.5,8,0.0,0.0,0.0
200,up,0.0,0.5,9,0.0,0.0,0.0
200,up,0.0,0.5,10,0.0,0.0,0.0
200,up,0.0,0.5,11,0.0,0.0,0.0
200,up,0.5,0.5,0,0.0,0.0,0.0
200,up,0.5,0.5,1,0.0,0.0,0.0
200,up,0.5,0.5,2,0.0,0.0,0.0
200,up,0.5,0.5,3,0.0,0.0,0.0
200,up,0.5,0.5,4,0.0,0.0,0.0
200,up,0.5,0.5,5,0.0,0.0,0.0
200,up,0.5,0.5,6,0.0,0.0,0.0
200,up,0.5,0.5,7,0.0,0.0,0.0
200,up,0.5,0.5,8,0.0,0.0,0.0
200,up,0.5,0.5,9,0.0,0.0,0.0
200,up,0.5,0.5,10,0.0,0.0,0.0
200,up,0.5,0.5,11,0.0,0.0,0.0
200,up,2.0,0.5,0,0.0,0.0,0.0
200,up,2.0,0.5,1,0.0,0.0,0.0
200,up,2.0,0.5,2,0.0,0.0,0.0
200,up,2.0,0.5,3,0.0,0.0,0.0
200,up,2.0,0.5,4,0.0,0.0,0.0
200,up,2.0,0.5,5,0.0,0.0,0.0
200,up,2.0,0.5,6,0.0,0.0,0.0
200,up,2.0,0.5,7,0.0,0.0,0.0
200,up,2.0,0.5,8,0.0,0.0,0.0
200,up,2.0,0.5,9,0.0,0.0,0.0
200,up,2.0,0.5,10,0.0,0.0,0.0
200,up,2.0,0.5,11,0.0,0.0,0.0
200,down,0.0,0.5,0,0.0,0.0,0.0
200,down,0.0,0.5,1,0.0,0.0,0.0
200,down,0.0,0.5,2,0.0,0.0,0.0
200,down,0.0,0.5,3,0.0,0.0,0.0
200,down,0.0,0.5,4,0.0,0.0,0.0
200,down,0.0,0.5,5,0.0,0.0,0.0
200,down,0.0,0.5,6,0.0,0.0,0.0
200,down,0.0,0.5,7,0.0,0.0,0.0
200,down,0.0,0.5,8,0.0,0.0,0.0
200,down,0.0,0.5,9,0.0,0.0,0.0
200,down,0.0,0.5,10,0.0,0.0,0.0
200,down,0.0,0.5,11,0.0,0.0,0.0
200,down,0.5,0.5,0,0.0,0.0,0.0
200,down,0.5,0.5,1,0.0,0.0,0.0
200,down,0.5,0.5,2,0.0,0.0,0.0
200,down,0.5,0.5,3,0.0,0.0,0.0
200,down,0.5,0.5,4,0.0,0.0,0.0
200,down,0.5,0.5,5,0.0,0.0,0.0
200,down,0.5,0.5,6,0.0,0.0,0.0
200,down,0.5,0.5,7,0.0,0.0,0.0
200,down,0.5,0.5,8,0.0,0.0,0.0
200,down,0.5,0.5,9,0.0,0.0,0.0
200,down,0.5,0.5,10,0.0,0.0,0.0
200,down,0.5,0.5,11,0.0,0.0,0.0
200,down,2.0,0.5,0,0.0,0.0,0.0
200,down,2.0,0.5,1,0.0,0.0,0.0
200,down,2.0,0.5,2,0.0,0.0,0.0
200,down,2.0,0.5,3,0.0,0.0,0.0
200,down,2.0,0.5,4,0.0,0.0,0.0
200,down,2.0,0.5,5,0.0,0.0,0.0
200,down,2.0,0.5,6,0.0,0.0,0.0
200,down,2.0,0.5,7,0.0,0.0,0.0
200,down,2.0,0.5,8,0.0,0.0,0.0
200,down,2.0,0.5,9,0.0,0.0,0.0
200,down,2.0,0.5,10,0.0,0.0,0.0
200,down,2.0,0.5,11,0.0,0.0,0.0
200,fresh,0.0,0.8,0,0.0,0.0,0.0
200,fresh,0.0,0.8,1,0.0,0.0,0.0
200,fresh,0.0,0.8,2,0.0,0.0,0.0
200,fresh,0.0,0.8,3,0.0,0.0,0.0
200,fresh,0.0,0.8,4,0.0,0.0,0.0
200,fresh,0.0,0.8,5,0.0,0.0,0.0
200,fresh,0.0,0.8,6,0.0,0.0,0.0
200,fresh,0.0,0.8,7,0.0,0.0,0.0
200,fresh,0.0,0.8,8,0.0,0.0,0.0
200,fresh,0.0,0.8,9,0.0,0.0,0.0
200,fresh,0.0,0.8,10,0.0,0.0,0.0
200,fresh,0.0,0.8,11,0.0,0.0,0.0
200,fresh,0.5,0.8,0,0.0,0.0,0.0
200,fresh,0.5,0.8,1,0.0,0.0,0.0
200,fresh,0.5,0.8,2,0.0,0.0,0.0
200,fresh,0.5,0.8,3,0.0,0.0,0.0
200,fresh,0.5,0.8,4,0.0,0.0,0.0
200,fresh,0.5,0.8,5,0.0,0.0,0.0
200,fresh,0.5,0.8,6,0.0,0.0,0.0
200,fresh,0.5,0.8,7,0.0,0.0,0.0
200,fresh,0.5,0.8,8,0.0,0.0,0.0
200,fresh,0.5,0.8,9,0.0,0.0,0.0
200,fresh,0.5,0.8,10,0.0,0.0,0.0
200,fresh,0.5,0.8,11,0.0,0.0,0.0
200,fresh,2.0,0.8,0,1.456423870394019e-13,1.456423870394019e-13,2.912847740788038e-13
200,fresh,2.0,0.8,1,3.408939797111543e-13,3.408939797111543e-13,6.817879594223086e-13
200,fresh,2.0,0.8,2,1.5942247522104936e-13,1.5942247522104936e-13,3.188449504420987e-13
200,fresh,2.0,0.8,3,2.0292711955249843e-13,2.0292711955249843e-13,4.0585423910499686e-13
200,fresh,2.0,0.8,4,1.6221246568193236e-13,1.6221246568193236e-13,3.2442493136386473e-13
200,fresh,2.0,0.8,5,1.6840528971329148e-13,1.6840528971329148e-13,3.3681057942658297e-13
200,fresh,2.0,0.8,6,2.366301599110443e-13,2.366301599110443e-13,4.732603198220886e-13
200,fresh,2.0,0.8,7,-8.004152896035066e-15,-8.004152896035066e-15,-1.6008305792070132e-14
200,fresh,2.0,0.8,8,2.2567891999614175e-13,2.2567891999614175e-13,4.513578399922835e-13
200,fresh,2.0,0.8,9,-1.3650747199278612e-14,-1.3650747199278612e-14,-2.7301494398557224e-14
200,fresh,2.0,0.8,10,-2.8699265186560296e-16,-2.8699265186560296e-16,-5.739853037312059e-16
200,fresh,2.0,0.8,11,4.204281367492513e-13,4.204281367492513e-13,8.408562734985026e-13
200,up,0.0,0.8,0,0.0,0.0,0.0
200,up,0.0,0.8,1,0.0,0.0,0.0
200,up,0.0,0.8,2,0.0,0.0,0.0
200,up,0.0,0.8,3,0.0,0.0,0.0
200,up,0.0,0.8,4,0.0,0.0,0.0
200,up,0.0,0.8,5,0.0,0.0,0.0
200,up,0.0,0.8,6,0.0,0.0,0.0
200,up,0.0,0.8,7,0.0,0.0,0.0
200,up,0.0,0.8,8,0.0,0.0,0.0
200,up,0.0,0.8,9,0.0,0.0,0.0
200,up,0.0,0.8,10,0.0,0.0,0.0
200,up,0.0,0.8,11,0.0,0.0,0.0
200,up,0.5,0.8,0,0.0,0.0,0.0
200,up,0.5,0.8,1,0.0,0.0,0.0
200,up,0.5,0.8,2,0.0,0.0,0.0
200,up,0.5,0.8,3,0.0,0.0,0.0
200,up,0.5,0.8,4,0.0,0.0,0.0
200,up,0.5,0.8,5,0.0,0.0,0.0
200,up,0.5,0.8,6,0.0,0.0,0.0
200,up,0.5,0.8,7,0.0,0.0,0.0
200,up,0.5,0.8,8,0.0,0.0,0.0
200,up,0.5,0.8,9,0.0,0.0,0.0
200,up,0.5,0.8,10,0.0,0.0,0.0
200,up,0.5,0.8,11,0.0,0.0,0.0
200,up,2.0,0.8,0,6.067979452240024e-14,6.067979452240024e-14,1.2135958904480048e-13
200,up,2.0,0.8,1,6.064482249712455e-14,6.064482249712455e-14,1.212896449942491e-13
200,up,2.0,0.8,2,6.067979452240024e-14,6.067979452240024e-14,1.2135958904480048e-13
200,up,2.0,0.8,3,6.067979452240024e-14,6.067979452240024e-14,1.2135958904480048e-13
200,up,2.0,0.8,4,6.067979452240024e-14,6.067979452240024e-14,1.2135958904480048e-13
200,up,2.0,0.8,5,6.067979452240024e-14,6.067979452240024e-14,1.2135958904480048e-13
200,up,2.0,0.8,6,6.067979452240024e-14,6.067979452240024e-14,1.2135958904480048e-13
200,up,2.0,0.8,7,6.067979452240024e-14,6.067979452240024e-14,1.2135958904480048e-13
200,up,2.0,0.8,8,6.067979452240024e-14,6.067979452240024e-14,1.2135958904480048e-13
200,up,2.0,0.8,9,6.067979452240024e-14,6.067979452240024e-14,1.2135958904480048e-13
200,up,2.0,0.8,10,6.067979452240024e-14,6.067979452240024e-14,1.2135958904480048e-13
200,up,2.0,0.8,11,6.067979452240024e-14,6.067979452240024e-14,1.2135958904480048e-13
200,down,0.0,0.8,0,0.0,0.0,0.0
200,down,0.0,0.8,1,0.0,0.0,0.0
200,down,0.0,0.8,2,0.0,0.0,0.0
200,down,0.0,0.8,3,0.0,0.0,0.0
200,down,0.0,0.8,4,0.0,0.0,0.0
200,down,0.0,0.8,5,0.0,0.0,0.0
200,down,0.0,0.8,6,0.0,0.0,0.0
200,down,0.0,0.8,7,0.0,0.0,0.0
200,down,0.0,0.8,8,0.0,0.0,0.0
200,down,0.0,0.8,9,0.0,0.0,0.0
200,down,0.0,0.8,10,0.0,0.0,0.0
200,down,0.0,0.8,11,0.0,0.0,0.0
200,down,0.5,0.8,0,0.0,0.0,0.0
200,down,0.5,0.8,1,0.0,0.0,0.0
200,down,0.5,0.8,2,0.0,0.0,0.0
200,down,0.5,0.8,3,0.0,0.0,0.0
200,down,0.5,0.8,4,0.0,0.0,0.0
200,down,0.5,0.8,5,0.0,0.0,0.0
200,down,0.5,0.8,6,0.0,0.0,0.0
200,down,0.5,0.8,7,0.0,0.0,0.0
200,down,0.5,0.8,8,0.0,0.0,0.0
200,down,0.5,0.8,9,0.0,0.0,0.0
200,down,0.5,0.8,10,0.0,0.0,0.0
200,down,0.5,0.8,11,0.0,0.0,0.0
200,down,2.0,0.8,0,-3.8937741919653493e-14,-3.879563337250147e-14,-7.773337529215497e-14
200,down,2.0,0.8,1,-3.609557097661309e-14,-3.609557097661309e-14,-7.219114195322618e-14
200,down,2.0,0.8,2,-3.581135388230905e-14,-3.581135388230905e-14,-7.16227077646181e-14
200,down,2.0,0.8,3,-3.609557097661309e-14,-3.609557097661309e-14,-7.219114195322618e-14
200,down,2.0,0.8,4,-3.609557097661309e-14,-3.609557097661309e-14,-7.219114195322618e-14
200,down,2.0,0.8,5,-3.581135388230905e-14,-3.581135388230905e-14,-7.16227077646181e-14
200,down,2.0,0.8,6,-3.581135388230905e-14,-3.581135388230905e-14,-7.16227077646181e-14
200,down,2.0,0.8,7,-3.581135388230905e-14,-3.581135388230905e-14,-7.16227077646181e-14
200,down,2.0,0.8,8,-3.609557097661309e-14,-3.609557097661309e-14,-7.219114195322618e-14
200,down,2.0,0.8,9,-3.581135388230905e-14,-3.581135388230905e-14,-7.16227077646181e-14
200,down,2.0,0.8,10,-3.581135388230905e-14,-3.581135388230905e-14,-7.16227077646181e-14
200,down,2.0,0.8,11,-3.609557097661309e-14,-3.609557097661309e-14,-7.219114195322618e-14
200,fresh,0.0,0.9,0,0.0,0.0,0.0
200,fresh,0.0,0.9,1,0.0,0.0,0.0
200,fresh,0.0,0.9,2,0.0,0.0,0.0
200,fresh,0.0,0.9,3,0.0,0.0,0.0
200,fresh,0.0,0.9,4,0.0,0.0,0.0
200,fresh,0.0,0.9,5,0.0,0.0,0.0
200,fresh,0.0,0.9,6,0.0,0.0,0.0
200,fresh,0.0,0.9,7,0.0,0.0,0.0
200,fresh,0.0,0.9,8,0.0,0.0,0.0
200,fresh,0.0,0.9,9,0.0,0.0,0.0
200,fresh,0.0,0.9,10,0.0,0.0,0.0
200,fresh,0.0,0.9,11,0.0,0.0,0.0
200,fresh,0.5,0.9,0,0.0,0.0,0.0
200,fresh,0.5,0.9,1,0.0,0.0,0.0
200,fresh,0.5,0.9,2,0.0,0.0,0.0
200,fresh,0.5,0.9,3,0.0,0.0,0.0
200,fresh,0.5,0.9,4,0.0,0.0,0.0
200,fresh,0.5,0.9,5,0.0,0.0,0.0
200,fresh,0.5,0.9,6,0.0,0.0,0.0
200,fresh,0.5,0.9,7,0.0,0.0,0.0
200,fresh,0.5,0.9,8,0.0,0.0,0.0
200,fresh,0.5,0.9,9,0.0,0.0,0.0
200,fresh,0.5,0.9,10,0.0,0.0,0.0
200,fresh,0.5,0.9,11,0.0,0.0,0.0
200,fresh,2.0,0.9,0,8.59256166219069e-11,8.59256166219069e-11,1.718512332438138e-10
200,fresh,2.0,0.9,1,1.5129163699612035e-10,1.5129163699612035e-10,3.025832739922407e-10
200,fresh,2.0,0.9,2,9.166696623985615e-11,9.166696623985615e-11,1.833339324797123e-10
200,fresh,2.0,0.9,3,1.0823082541300266e-10,1.0823082541300266e-10,2.1646165082600532e-10
200,fresh,2.0,0.9,4,9.287397961799115e-11,9.287397961799115e-11,1.857479592359823e-10
200,fresh,2.0,0.9,5,9.527010846888117e-11,9.527010846888117e-11,1.9054021693776235e-10
200,fresh,2.0,0.9,6,1.1990871517930656e-10,1.1990871517930656e-10,2.398174303586131e-10
200,fresh,2.0,0.9,7,1.7535826124515096e-11,1.7535826124515096e-11,3.507165224903019e-11
200,fresh,2.0,0.9,8,1.1639848973565847e-10,1.1639848973565847e-10,2.3279697947131695e-10
200,fresh,2.0,0.9,9,8.202274415225475e-12,8.202274415225475e-12,1.640454883045095e-11
200,fresh,2.0,0.9,10,1.9900681103024453e-11,1.9900681103024453e-11,3.9801362206048906e-11
200,fresh,2.0,0.9,11,1.6712175643363025e-10,1.6712175643363025e-10,3.342435128672605e-10
200,up,0.0,0.9,0,0.0,0.0,0.0
200,up,0.0,0.9,1,0.0,0.0,0.0
200,up,0.0,0.9,2,0.0,0.0,0.0
200,up,0.0,0.9,3,0.0,0.0,0.0
200,up,0.0,0.9,4,0.0,0.0,0.0
200,up,0.0,0.9,5,0.0,0.0,0.0
200,up,0.0,0.9,6,0.0,0.0,0.0
200,up,0.0,0.9,7,0.0,0.0,0.0
200,up,0.0,0.9,8,0.0,0.0,0.0
200,up,0.0,0.9,9,0.0,0.0,0.0
200,up,0.0,0.9,10,0.0,0.0,0.0
200,up,0.0,0.9,11,0.0,0.0,0.0
200,up,0.5,0.9,0,0.0,0.0,0.0
200,up,0.5,0.9,1,0.0,0.0,0.0
200,up,0.5,0.9,2,0.0,0.0,0.0
200,up,0.5,0.9,3,0.0,0.0,0.0
200,up,0.5,0.9,4,0.0,0.0,0.0
200,up,0.5,0.9,5,0.0,0.0,0.0
200,up,0.5,0.9,6,0.0,0.0,0.0
200,up,0.5,0.9,7,0.0,0.0,0.0
200,up,0.5,0.9,8,0.0,0.0,0.0
200,up,0.5,0.9,9,0.0,0.0,0.0
200,up,0.5,0.9,10,0.0,0.0,0.0
200,up,0.5,0.9,11,0.0,0.0,0.0
200,up,2.0,0.9,0,2.1555964790920256e-11,2.1555964790920256e-11,4.311192958184051e-11
200,up,2.0,0.9,1,2.1555930374006493e-11,2.1555930374006493e-11,4.3111860748012986e-11
200,up,2.0,0.9,2,2.1555964790920256e-11,2.1555964790920256e-11,4.311192958184051e-11
200,up,2.0,0.9,3,2.1555964790920256e-11,2.1555964790920256e-11,4.311192958184051e-11
200,up,2.0,0.9,4,2.1555964790920256e-11,2.1555964790920256e-11,4.311192958184051e-11
200,up,2.0,0.9,5,2.1555964790920256e-11,2.1555964790920256e-11,4.311192958184051e-11
200,up,2.0,0.9,6,2.1555964790920256e-11,2.1555964790920256e-11,4.311192958184051e-11
200,up,2.0,0.9,7,2.1555964790920256e-11,2.1555964790920256e-11,4.311192958184051e-11
200,up,2.0,0.9,8,2.1555964790920256e-11,2.1555964790920256e-11,4.311192958184051e-11
200,up,2.0,0.9,9,2.1555964790920256e-11,2.1555964790920256e-11,4.311192958184051e-11
200,up,2.0,0.9,10,2.1555964790920256e-11,2.1555964790920256e-11,4.311192958184051e-11
200,up,2.0,0.9,11,2.1555964790920256e-11,2.1555964790920256e-11,4.311192958184051e-11
200,down,0.0,0.9,0,0.0,0.0,0.0
200,down,0.0,0.9,1,0.0,0.0,0.0
200,down,0.0,0.9,2,0.0,0.0,0.0
200,down,0.0,0.9,3,0.0,0.0,0.0
200,down,0.0,0.9,4,0.0,0.0,0.0
200,down,0.0,0.9,5,0.0,0.0,0.0
200,down,0.0,0.9,6,0.0,0.0,0.0
200,down,0.0,0.9,7,0.0,0.0,0.0
200,down,0.0,0.9,8,0.0,0.0,0.0
200,down,0.0,0.9,9,0.0,0.0,0.0
200,down,0.0,0.9,10,0.0,0.0,0.0
200,down,0.0,0.9,11,0.0,0.0,0.0
200,down,0.5,0.9,0,0.0,0.0,0.0
200,down,0.5,0.9,1,0.0,0.0,0.0
200,down,0.5,0.9,2,0.0,0.0,0.0
200,down,0.5,0.9,3,0.0,0.0,0.0
200,down,0.5,0.9,4,0.0,0.0,0.0
200,down,0.5,0.9,5,0.0,0.0,0.0
200,down,0.5,0.9,6,0.0,0.0,0.0
200,down,0.5,0.9,7,0.0,0.0,0.0
200,down,0.5,0.9,8,0.0,0.0,0.0
200,down,0.5,0.9,9,0.0,0.0,0.0
200,down,0.5,0.9,10,0.0,0.0,0.0
200,down,0.5,0.9,11,0.0,0.0,0.0
200,down,2.0,0.9,0,-2.0758932350872783e-11,-2.0758932350872783e-11,-4.1517864701745565e-11
200,down,2.0,0.9,1,-2.0754953311552526e-11,-2.0754953311552526e-11,-4.150990662310505e-11
200,down,2.0,0.9,2,-2.0754669094458223e-11,-2.0754669094458223e-11,-4.1509338188916445e-11
200,down,2.0,0.9,3,-2.0754953311552526e-11,-2.0754953311552526e-11,-4.150990662310505e-11
200,down,2.0,0.9,4,-2.0754953311552526e-11,-2.0754953311552526e-11,-4.150990662310505e-11
200,down,2.0,0.9,5,-2.0754953311552526e-11,-2.0754953311552526e-11,-4.150990662310505e-11
200,down,2.0,0.9,6,-2.0754953311552526e-11,-2.0754953311552526e-11,-4.150990662310505e-11
200,down,2.0,0.9,7,-2.0754669094458223e-11,-2.0754669094458223e-11,-4.1509338188916445e-11
200,down,2.0,0.9,8,-2.0754953311552526e-11,-2.0754953311552526e-11,-4.150990662310505e-11
200,down,2.0,0.9,9,-2.0754669094458223e-11,-2.0754669094458223e-11,-4.1509338188916445e-11
200,down,2.0,0.9,10,-2.0754669094458223e-11,-2.0754669094458223e-11,-4.1509338188916445e-11
200,down,2.0,0.9,11,-2.0754953311552526e-11,-2.0754953311552526e-11,-4.150990662310505e-11
200,fresh,0.0,0.95,0,0.0,0.0,0.0
200,fresh,0.0,0.95,1,0.0,0.0,0.0
200,fresh,0.0,0.95,2,0.0,0.0,0.0
200,fresh,0.0,0.95,3,0.0,0.0,0.0
200,fresh,0.0,0.95,4,0.0,0.0,0.0
200,fresh,0.0,0.95,5,0.0,0.0,0.0
200,fresh,0.0,0.95,6,0.0,0.0,0.0
200,fresh,0.0,0.95,7,0.0,0.0,0.0
200,fresh,0.0,0.95,8,0.0,0.0,0.0
200,fresh,0.0,0.95,9,0.0,0.0,0.0
200,fresh,0.0,0.95,10,0.0,0.0,0.0
200,fresh,0.0,0.95,11,0.0,0.0,0.0
200,fresh,0.5,0.95,0,3.552713678800501e-17,3.552713678800501e-17,7.105427357601002e-17
200,fresh,0.5,0.95,1,8.326672684688674e-17,8.326672684688674e-17,1.6653345369377348e-16
200,fresh,0.5,0.95,2,5.773159728050814e-17,5.773159728050814e-17,1.1546319456101628e-16
200,fresh,0.5,0.95,3,6.439293542825907e-17,6.439293542825907e-17,1.2878587085651815e-16
200,fresh,0.5,0.95,4,5.773159728050814e-17,5.773159728050814e-17,1.1546319456101628e-16
200,fresh,0.5,0.95,5,5.88418203051333e-17,5.88418203051333e-17,1.176836406102666e-16
200,fresh,0.5,0.95,6,7.327471962526034e-17,7.327471962526034e-17,1.4654943925052067e-16
200,fresh,0.5,0.95,7,9.992007221626408e-18,9.992007221626408e-18,1.9984014443252817e-17
200,fresh,0.5,0.95,8,6.772360450213455e-17,6.772360450213455e-17,1.354472090042691e-16
200,fresh,0.5,0.95,9,4.884981308350689e-17,4.884981308350689e-17,9.769962616701378e-17
200,fresh,0.5,0.95,10,9.325873406851315e-17,9.325873406851315e-17,1.865174681370263e-16
200,fresh,0.5,0.95,11,2.6645352591003756e-17,2.6645352591003756e-17,5.329070518200751e-17
200,fresh,2.0,0.95,0,9.481693901136622e-09,9.481693901136622e-09,1.8963387802273245e-08
200,fresh,2.0,0.95,1,1.4001730186397055e-08,1.4001730186397055e-08,2.800346037279411e-08
200,fresh,2.0,0.95,2,9.928216668786405e-09,9.928216668786405e-09,1.985643333757281e-08
200,fresh,2.0,0.95,3,1.1149148916311802e-08,1.1149148916311802e-08,2.2298297832623604e-08
200,fresh,2.0,0.95,4,1.0023208357745616e-08,1.0023208357745616e-08,2.0046416715491232e-08
200,fresh,2.0,0.95,5,1.0202006475168446e-08,1.0202006475168446e-08,2.0404012950336893e-08
200,fresh,2.0,0.95,6,1.1962906910634174e-08,1.1962906910634174e-08,2.3925813821268348e-08
200,fresh,2.0,0.95,7,3.755703642527308e-09,3.755703642527308e-09,7.511407285054616e-09
200,fresh,2.0,0.95,8,1.1728458041426748e-08,1.1728458041426748e-08,2.3456916082853496e-08
200,fresh,2.0,0.95,9,2.460835956119567e-09,2.460835956119567e-09,4.921671912239134e-09
200,fresh,2.0,0.95,10,3.893023072798485e-09,3.893023072798485e-09,7.78604614559697e-09
200,fresh,2.0,0.95,11,1.4865944248931839e-08,1.4865944248931839e-08,2.9731888497863677e-08
200,up,0.0,0.95,0,0.0,0.0,0.0
200,up,0.0,0.95,1,0.0,0.0,0.0
200,up,0.0,0.95,2,0.0,0.0,0.0
200,up,0.0,0.95,3,0.0,0.0,0.0
200,up,0.0,0.95,4,0.0,0.0,0.0
200,up,0.0,0.95,5,0.0,0.0,0.0
200,up,0.0,0.95,6,0.0,0.0,0.0
200,up,0.0,0.95,7,0.0,0.0,0.0
200,up,0.0,0.95,8,0.0,0.0,0.0
200,up,0.0,0.95,9,0.0,0.0,0.0
200,up,0.0,0.95,10,0.0,0.0,0.0
200,up,0.0,0.95,11,0.0,0.0,0.0
200,up,0.5,0.95,0,0.0,0.0,0.0
200,up,0.5,0.95,1,0.0,0.0,0.0
200,up,0.5,0.95,2,0.0,0.0,0.0
200,up,0.5,0.95,3,0.0,0.0,0.0
200,up,0.5,0.95,4,0.0,0.0,0.0
200,up,0.5,0.95,5,0.0,0.0,0.0
200,up,0.5,0.95,6,0.0,0.0,0.0
200,up,0.5,0.95,7,0.0,0.0,0.0
200,up,0.5,0.95,8,0.0,0.0,0.0
200,up,0.5,0.95,9,0.0,0.0,0.0
200,up,0.5,0.95,10,0.0,0.0,0.0
200,up,0.5,0.95,11,0.0,0.0,0.0
200,up,2.0,0.95,0,2.09056467470603e-09,2.09056467470603e-09,4.18112934941206e-09
200,up,2.0,0.95,1,2.090564672485584e-09,2.09056467470603e-09,4.1811293471916145e-09
200,up,2.0,0.95,2,2.09056467470603e-09,2.09056467470603e-09,4.18112934941206e-09
200,up,2.0,0.95,3,2.09056467470603e-09,2.09056467470603e-09,4.18112934941206e-09
200,up,2.0,0.95,4,2.09056467470603e-09,2.09056467470603e-09,4.18112934941206e-09
200,up,2.0,0.95,5,2.09056467470603e-09,2.09056467470603e-09,4.18112934941206e-09
200,up,2.0,0.95,6,2.09056467470603e-09,2.09056467470603e-09,4.18112934941206e-09
200,up,2.0,0.95,7,2.09056467470603e-09,2.09056467470603e-09,4.18112934941206e-09
200,up,2.0,0.95,8,2.09056467470603e-09,2.09056467470603e-09,4.18112934941206e-09
200,up,2.0,0.95,9,2.09056467470603e-09,2.09056467470603e-09,4.18112934941206e-09
200,up,2.0,0.95,10,2.09056467470603e-09,2.09056467470603e-09,4.18112934941206e-09
200,up,2.0,0.95,11,2.09056467470603e-09,2.09056467470603e-09,4.18112934941206e-09
200,down,0.0,0.95,0,0.0,0.0,0.0
200,down,0.0,0.95,1,0.0,0.0,0.0
200,down,0.0,0.95,2,0.0,0.0,0.0
200,down,0.0,0.95,3,0.0,0.0,0.0
200,down,0.0,0.95,4,0.0,0.0,0.0
200,down,0.0,0.95,5,0.0,0.0,0.0
200,down,0.0,0.95,6,0.0,0.0,0.0
200,down,0.0,0.95,7,0.0,0.0,0.0
200,down,0.0,0.95,8,0.0,0.0,0.0
200,down,0.0,0.95,9,0.0,0.0,0.0
200,down,0.0,0.95,10,0.0,0.0,0.0
200,down,0.0,0.95,11,0.0,0.0,0.0
200,down,0.5,0.95,0,0.0,0.0,0.0
200,down,0.5,0.95,1,0.0,0.0,0.0
200,down,0.5,0.95,2,0.0,0.0,0.0
200,down,0.5,0.95,3,0.0,0.0,0.0
200,down,0.5,0.95,4,0.0,0.0,0.0
200,down,0.5,0.95,5,0.0,0.0,0.0
200,down,0.5,0.95,6,0.0,0.0,0.0
200,down,0.5,0.95,7,0.0,0.0,0.0
200,down,0.5,0.95,8,0.0,0.0,0.0
200,down,0.5,0.95,9,0.0,0.0,0.0
200,down,0.5,0.95,10,0.0,0.0,0.0
200,down,0.5,0.95,11,0.0,0.0,0.0
200,down,2.0,0.95,0,-2.6888108095590722e-09,-2.6888108095590722e-09,-5.3776216191181445e-09
200,down,2.0,0.95,1,-2.6888079673881294e-09,-2.6888079673881294e-09,-5.377615934776259e-09
200,down,2.0,0.95,2,-2.6888082516052236e-09,-2.6888082516052236e-09,-5.377616503210447e-09
200,down,2.0,0.95,3,-2.6888079673881294e-09,-2.6888079673881294e-09,-5.377615934776259e-09
200,down,2.0,0.95,4,-2.6888079673881294e-09,-2.6888079673881294e-09,-5.377615934776259e-09
200,down,2.0,0.95,5,-2.6888079673881294e-09,-2.6888079673881294e-09,-5.377615934776259e-09
200,down,2.0,0.95,6,-2.6888079673881294e-09,-2.6888079673881294e-09,-5.377615934776259e-09
200,down,2.0,0.95,7,-2.6888082516052236e-09,-2.6888082516052236e-09,-5.377616503210447e-09
200,down,2.0,0.95,8,-2.6888079673881294e-09,-2.6888079673881294e-09,-5.377615934776259e-09
200,down,2.0,0.95,9,-2.6888082516052236e-09,-2.6888082516052236e-09,-5.377616503210447e-09
200,down,2.0,0.95,10,-2.6888082516052236e-09,-2.6888082516052236e-09,-5.377616503210447e-09
200,down,2.0,0.95,11,-2.6888079673881294e-09,-2.6888079673881294e-09,-5.377615934776259e-09
200,fresh,0.0,0.98,0,0.0,0.0,0.0
200,fresh,0.0,0.98,1,0.0,0.0,0.0
200,fresh,0.0,0.98,2,0.0,0.0,0.0
200,fresh,0.0,0.98,3,0.0,0.0,0.0
200,fresh,0.0,0.98,4,0.0,0.0,0.0
200,fresh,0.0,0.98,5,0.0,0.0,0.0
200,fresh,0.0,0.98,6,0.0,0.0,0.0
200,fresh,0.0,0.98,7,0.0,0.0,0.0
200,fresh,0.0,0.98,8,0.0,0.0,0.0
200,fresh,0.0,0.98,9,0.0,0.0,0.0
200,fresh,0.0,0.98,10,0.0,0.0,0.0
200,fresh,0.0,0.98,11,0.0,0.0,0.0
200,fresh,0.5,0.98,0,3.2825686613335847e-12,3.2825686613335847e-12,6.5651373226671694e-12
200,fresh,0.5,0.98,1,4.97781482700077e-12,4.97781482700077e-12,9.95562965400154e-12
200,fresh,0.5,0.98,2,4.0628367337092185e-12,4.0628367337092185e-12,8.125673467418437e-12
200,fresh,0.5,0.98,3,4.3884695877238755e-12,4.3884695877238755e-12,8.776939175447751e-12
200,fresh,0.5,0.98,4,4.104062645282625e-12,4.104062645282625e-12,8.20812529056525e-12
200,fresh,0.5,0.98,5,4.1492032032408585e-12,4.1492032032408585e-12,8.298406406481717e-12
200,fresh,0.5,0.98,6,4.696211197696698e-12,4.696211197696698e-12,9.392422395393396e-12
200,fresh,0.5,0.98,7,2.3119184344722043e-12,2.3119184344722043e-12,4.623836868944409e-12
200,fresh,0.5,0.98,8,4.5393333536480896e-12,4.5393333536480896e-12,9.078666707296179e-12
200,fresh,0.5,0.98,9,5.383107293255307e-12,5.383107293255307e-12,1.0766214586510614e-11
200,fresh,0.5,0.98,10,6.216338555020684e-12,6.216338555020684e-12,1.2432677110041369e-11
200,fresh,0.5,0.98,11,5.165405880802609e-12,5.165405880802609e-12,1.0330811761605218e-11
200,fresh,2.0,0.98,0,6.069951766618508e-07,6.069951766618508e-07,1.2139903533237017e-06
200,fresh,2.0,0.98,1,7.740435598901918e-07,7.740435598901918e-07,1.5480871197803835e-06
200,fresh,2.0,0.98,2,6.249953556092258e-07,6.249953556092258e-07,1.2499907112184517e-06
200,fresh,2.0,0.98,3,6.722191809427347e-07,6.722191809427347e-07,1.3444383618854693e-06
200,fresh,2.0,0.98,4,6.288350316430158e-07,6.288350316430158e-07,1.2576700632860316e-06
200,fresh,2.0,0.98,5,6.358322739064004e-07,6.358322739064004e-07,1.2716645478128008e-06
200,fresh,2.0,0.98,6,7.023455008658975e-07,7.023455008658975e-07,1.404691001731795e-06
200,fresh,2.0,0.98,7,3.549862750495958e-07,3.549862750495958e-07,7.099725500991916e-07
200,fresh,2.0,0.98,8,6.939101949166027e-07,6.939101949166027e-07,1.3878203898332054e-06
200,fresh,2.0,0.98,9,2.741873220624136e-07,2.741873220624136e-07,5.483746441248272e-07
200,fresh,2.0,0.98,10,3.5905570303973454e-07,3.5905570303973454e-07,7.181114060794691e-07
200,fresh,2.0,0.98,11,8.013550417818038e-07,8.013550417818038e-07,1.6027100835636076e-06
200,up,0.0,0.98,0,0.0,0.0,0.0
200,up,0.0,0.98,1,0.0,0.0,0.0
200,up,0.0,0.98,2,0.0,0.0,0.0
200,up,0.0,0.98,3,0.0,0.0,0.0
200,up,0.0,0.98,4,0.0,0.0,0.0
200,up,0.0,0.98,5,0.0,0.0,0.0
200,up,0.0,0.98,6,0.0,0.0,0.0
200,up,0.0,0.98,7,0.0,0.0,0.0
200,up,0.0,0.98,8,0.0,0.0,0.0
200,up,0.0,0.98,9,0.0,0.0,0.0
200,up,0.0,0.98,10,0.0,0.0,0.0
200,up,0.0,0.98,11,0.0,0.0,0.0
200,up,0.5,0.98,0,1.0372414038783972e-12,1.0372414038783972e-12,2.0744828077567944e-12
200,up,0.5,0.98,1,1.0372458447704958e-12,1.0372458447704958e-12,2.0744916895409916e-12
200,up,0.5,0.98,2,1.0372414038783972e-12,1.0372414038783972e-12,2.0744828077567944e-12
200,up,0.5,0.98,3,1.0372414038783972e-12,1.0372414038783972e-12,2.0744828077567944e-12
200,up,0.5,0.98,4,1.0372414038783972e-12,1.0372414038783972e-12,2.0744828077567944e-12
200,up,0.5,0.98,5,1.0372414038783972e-12,1.0372414038783972e-12,2.0744828077567944e-12
200,up,0.5,0.98,6,1.0372414038783972e-12,1.0372414038783972e-12,2.0744828077567944e-12
200,up,0.5,0.98,7,1.0372414038783972e-12,1.0372414038783972e-12,2.0744828077567944e-12
200,up,0.5,0.98,8,1.0372414038783972e-12,1.0372414038783972e-12,2.0744828077567944e-12
200,up,0.5,0.98,9,1.0372414038783972e-12,1.0372414038783972e-12,2.0744828077567944e-12
200,up,0.5,0.98,10,1.0372414038783972e-12,1.0372414038783972e-12,2.0744828077567944e-12
200,up,0.5,0.98,11,1.0372414038783972e-12,1.0372414038783972e-12,2.0744828077567944e-12
200,up,2.0,0.98,0,1.589226108067443e-07,1.589226108067443e-07,3.178452216134886e-07
200,up,2.0,0.98,1,1.5892261080452385e-07,1.5892261080785454e-07,3.178452216123784e-07
200,up,2.0,0.98,2,1.589226108067443e-07,1.589226108067443e-07,3.178452216134886e-07
200,up,2.0,0.98,3,1.589226108067443e-07,1.589226108067443e-07,3.178452216134886e-07
200,up,2.0,0.98,4,1.589226108067443e-07,1.589226108067443e-07,3.178452216134886e-07
200,up,2.0,0.98,5,1.589226108067443e-07,1.589226108067443e-07,3.178452216134886e-07
200,up,2.0,0.98,6,1.589226108067443e-07,1.589226108067443e-07,3.178452216134886e-07
200,up,2.0,0.98,7,1.589226108067443e-07,1.589226108067443e-07,3.178452216134886e-07
200,up,2.0,0.98,8,1.589226108067443e-07,1.589226108067443e-07,3.178452216134886e-07
200,up,2.0,0.98,9,1.589226108067443e-07,1.589226108067443e-07,3.178452216134886e-07
200,up,2.0,0.98,10,1.589226108067443e-07,1.589226108067443e-07,3.178452216134886e-07
200,up,2.0,0.98,11,1.589226108067443e-07,1.589226108067443e-07,3.178452216134886e-07
200,down,0.0,0.98,0,0.0,0.0,0.0
200,down,0.0,0.98,1,0.0,0.0,0.0
200,down,0.0,0.98,2,0.0,0.0,0.0
200,down,0.0,0.98,3,0.0,0.0,0.0
200,down,0.0,0.98,4,0.0,0.0,0.0
200,down,0.0,0.98,5,0.0,0.0,0.0
200,down,0.0,0.98,6,0.0,0.0,0.0
200,down,0.0,0.98,7,0.0,0.0,0.0
200,down,0.0,0.98,8,0.0,0.0,0.0
200,down,0.0,0.98,9,0.0,0.0,0.0
200,down,0.0,0.98,10,0.0,0.0,0.0
200,down,0.0,0.98,11,0.0,0.0,0.0
200,down,0.5,0.98,0,-7.685230229981243e-13,-7.685230229981243e-13,-1.5370460459962487e-12
200,down,0.5,0.98,1,-7.685230229981243e-13,-7.685230229981243e-13,-1.5370460459962487e-12
200,down,0.5,0.98,2,-7.685230229981243e-13,-7.685230229981243e-13,-1.5370460459962487e-12
200,down,0.5,0.98,3,-7.685230229981243e-13,-7.685230229981243e-13,-1.5370460459962487e-12
200,down,0.5,0.98,4,-7.690914571867324e-13,-7.690914571867324e-13,-1.5381829143734648e-12
200,down,0.5,0.98,5,-7.685230229981243e-13,-7.685230229981243e-13,-1.5370460459962487e-12
200,down,0.5,0.98,6,-7.685230229981243e-13,-7.685230229981243e-13,-1.5370460459962487e-12
200,down,0.5,0.98,7,-7.685230229981243e-13,-7.685230229981243e-13,-1.5370460459962487e-12
200,down,0.5,0.98,8,-7.690914571867324e-13,-7.690914571867324e-13,-1.5381829143734648e-12
200,down,0.5,0.98,9,-7.685230229981243e-13,-7.685230229981243e-13,-1.5370460459962487e-12
200,down,0.5,0.98,10,-7.690914571867324e-13,-7.690914571867324e-13,-1.5381829143734648e-12
200,down,0.5,0.98,11,-7.690914571867324e-13,-7.690914571867324e-13,-1.5381829143734648e-12
200,down,2.0,0.98,0,-1.200234837028802e-07,-1.200234837028802e-07,-2.400469674057604e-07
200,down,2.0,0.98,1,-1.2002347688166992e-07,-1.2002347688166992e-07,-2.4004695376333984e-07
200,down,2.0,0.98,2,-1.2002347631323574e-07,-1.2002347631323574e-07,-2.400469526264715e-07
200,down,2.0,0.98,3,-1.2002347631323574e-07,-1.2002347631323574e-07,-2.400469526264715e-07
200,down,2.0,0.98,4,-1.2002347659745283e-07,-1.2002347659745283e-07,-2.4004695319490566e-07
200,down,2.0,0.98,5,-1.20023477165887e-07,-1.20023477165887e-07,-2.40046954331774e-07
200,down,2.0,0.98,6,-1.2002347659745283e-07,-1.2002347659745283e-07,-2.4004695319490566e-07
200,down,2.0,0.98,7,-1.2002347631323574e-07,-1.2002347631323574e-07,-2.400469526264715e-07
200,down,2.0,0.98,8,-1.2002347659745283e-07,-1.2002347659745283e-07,-2.4004695319490566e-07
200,down,2.0,0.98,9,-1.2002347659745283e-07,-1.2002347659745283e-07,-2.4004695319490566e-07
200,down,2.0,0.98,10,-1.200234777343212e-07,-1.200234777343212e-07,-2.400469554686424e-07
200,down,2.0,0.98,11,-1.2002347659745283e-07,-1.2002347659745283e-07,-2.4004695319490566e-07
200,fresh,0.0,0.99,0,1.0524914273446484e-15,8.149037000748649e-16,1.8673951274195133e-15
200,fresh,0.0,0.99,1,8.648637361829969e-16,7.516209876712309e-16,1.6164847238542278e-15
200,fresh,0.0,0.99,2,-2.5313084961453567e-16,8.237854842718661e-16,5.706546346573305e-16
200,fresh,0.0,0.99,3,7.283063041541026e-16,7.638334409421077e-16,1.4921397450962103e-15
200,fresh,0.0,0.99,4,7.360778653264788e-16,6.872280522429719e-16,1.4233059175694507e-15
200,fresh,0.0,0.99,5,7.271960811294775e-16,7.072120666862247e-16,1.4344081478157022e-15
200,fresh,0.0,0.99,6,8.79296635503124e-16,6.106226635438361e-16,1.48991929904696e-15
200,fresh,0.0,0.99,7,4.340972026284362e-16,5.095923683029468e-16,9.43689570931383e-16
200,fresh,0.0,0.99,8,8.026912468039882e-16,7.294165271787279e-16,1.5321077739827161e-15
200,fresh,0.0,0.99,9,8.304468224196171e-16,7.571721027943568e-16,1.587618925213974e-15
200,fresh,0.0,0.99,10,9.103828801926283e-16,6.972200594645983e-16,1.6076029396572267e-15
200,fresh,0.0,0.99,11,6.550315845288424e-16,8.659739592076221e-16,1.5210055437364644e-15
200,fresh,0.5,0.99,0,8.342675461570081e-10,8.342676371952962e-10,1.6685351833523043e-09
200,fresh,0.5,0.99,1,1.1257870513592393e-09,1.1257870491387933e-09,2.2515741004980326e-09
200,fresh,0.5,0.99,2,9.753841601067848e-10,9.75384168988569e-10,1.9507683290953536e-09
200,fresh,0.5,0.99,3,1.0302564301678529e-09,1.0302564301678529e-09,2.0605128603357057e-09
200,fresh,0.5,0.99,4,9.82726379161747e-10,9.827263769413007e-10,1.965452756103048e-09
200,fresh,0.5,0.99,5,9.903346165351935e-10,9.903346165351935e-10,1.980669233070387e-09
200,fresh,0.5,0.99,6,1.0803933436775991e-09,1.0803933392367071e-09,2.1607866829143062e-09
200,fresh,0.5,0.99,7,6.614320302578136e-10,6.614320413600439e-10,1.3228640716178576e-09
200,fresh,0.5,0.99,8,1.0550870155334736e-09,1.0550870133130276e-09,2.110174028846501e-09
200,fresh,0.5,0.99,9,1.1893785956118563e-09,1.1893785956118563e-09,2.3787571912237127e-09
200,fresh,0.5,0.99,10,1.3117674591001106e-09,1.3117674568796644e-09,2.623534915979775e-09
200,fresh,0.5,0.99,11,1.1550843015406543e-09,1.1550843037611003e-09,2.3101686053017546e-09
200,fresh,2.0,0.99,0,4.5419930983015e-06,4.5419930983015e-06,9.083986196603e-06
200,fresh,2.0,0.99,1,5.39254771270703e-06,5.39254771270703e-06,1.078509542541406e-05
200,fresh,2.0,0.99,2,4.637229939037368e-06,4.637229939037368e-06,9.274459878074737e-06
200,fresh,2.0,0.99,3,4.882490021469455e-06,4.882490021469455e-06,9.76498004293891e-06
200,fresh,2.0,0.99,4,4.657525608121605e-06,4.657525608121605e-06,9.31505121624321e-06
200,fresh,2.0,0.99,5,4.694091891961349e-06,4.694091891961349e-06,9.388183783922699e-06
200,fresh,2.0,0.99,6,5.035863565872045e-06,5.035863565872045e-06,1.007172713174409e-05
200,fresh,2.0,0.99,7,3.136210105347814e-06,3.136210105347814e-06,6.272420210695628e-06
200,fresh,2.0,0.99,8,4.993390567004097e-06,4.993390567004097e-06,9.986781134008194e-06
200,fresh,2.0,0.99,9,2.6122380406079504e-06,2.612238040621273e-06,5.224476081229223e-06
200,fresh,2.0,0.99,10,3.154788794595964e-06,3.154788794595964e-06,6.309577589191928e-06
200,fresh,2.0,0.99,11,5.523058807668235e-06,5.523058807668235e-06,1.104611761533647e-05
200,up,0.0,0.99,0,1.1435297153639113e-16,1.1435297153639113e-16,2.2870594307278225e-16
200,up,0.0,0.99,1,1.1435297153639113e-16,1.1435297153639113e-16,2.2870594307278225e-16
200,up,0.0,0.99,2,1.1435297153639113e-16,1.1435297153639113e-16,2.2870594307278225e-16
200,up,0.0,0.99,3,1.1435297153639113e-16,1.1435297153639113e-16,2.2870594307278225e-16
200,up,0.0,0.99,4,1.1435297153639113e-16,1.1435297153639113e-16,2.2870594307278225e-16
200,up,0.0,0.99,5,1.1435297153639113e-16,1.1435297153639113e-16,2.2870594307278225e-16
200,up,0.0,0.99,6,1.1435297153639113e-16,1.1435297153639113e-16,2.2870594307278225e-16
200,up,0.0,0.99,7,1.1435297153639113e-16,1.1435297153639113e-16,2.2870594307278225e-16
200,up,0.0,0.99,8,1.1435297153639113e-16,1.1435297153639113e-16,2.2870594307278225e-16
200,up,0.0,0.99,9,1.1435297153639113e-16,1.1435297153639113e-16,2.2870594307278225e-16
200,up,0.0,0.99,10,1.1435297153639113e-16,1.1435297153639113e-16,2.2870594307278225e-16
200,up,0.0,0.99,11,1.1435297153639113e-16,1.1435297153639113e-16,2.2870594307278225e-16
200,up,0.5,0.99,0,1.8217123476382825e-10,1.8217123476382825e-10,3.643424695276565e-10
200,up,0.5,0.99,1,1.821712380944973e-10,1.821712380944973e-10,3.643424761889946e-10
200,up,0.5,0.99,2,1.8217123476382825e-10,1.8217123476382825e-10,3.643424695276565e-10
200,up,0.5,0.99,3,1.8217123476382825e-10,1.8217123476382825e-10,3.643424695276565e-10
200,up,0.5,0.99,4,1.8217123476382825e-10,1.8217123476382825e-10,3.643424695276565e-10
200,up,0.5,0.99,5,1.8217123476382825e-10,1.8217123476382825e-10,3.643424695276565e-10
200,up,0.5,0.99,6,1.8217123476382825e-10,1.8217123476382825e-10,3.643424695276565e-10
200,up,0.5,0.99,7,1.8217123476382825e-10,1.8217123476382825e-10,3.643424695276565e-10
200,up,0.5,0.99,8,1.8217123476382825e-10,1.8217123476382825e-10,3.643424695276565e-10
200,up,0.5,0.99,9,1.8217123476382825e-10,1.8217123476382825e-10,3.643424695276565e-10
200,up,0.5,0.99,10,1.8217123476382825e-10,1.8217123476382825e-10,3.643424695276565e-10
200,up,0.5,0.99,11,1.8217123476382825e-10,1.8217123476382825e-10,3.643424695276565e-10
200,up,2.0,0.99,0,8.611709773898024e-07,8.611709773898024e-07,1.7223419547796048e-06
200,up,2.0,0.99,1,8.611709773909127e-07,8.611709773909127e-07,1.7223419547818253e-06
200,up,2.0,0.99,2,8.611709773898024e-07,8.611709773898024e-07,1.7223419547796048e-06
200,up,2.0,0.99,3,8.611709773898024e-07,8.611709773898024e-07,1.7223419547796048e-06
200,up,2.0,0.99,4,8.611709773898024e-07,8.611709773898024e-07,1.7223419547796048e-06
200,up,2.0,0.99,5,8.611709773898024e-07,8.611709773898024e-07,1.7223419547796048e-06
200,up,2.0,0.99,6,8.611709773898024e-07,8.611709773898024e-07,1.7223419547796048e-06
200,up,2.0,0.99,7,8.611709773898024e-07,8.611709773898024e-07,1.7223419547796048e-06
200,up,2.0,0.99,8,8.611709773898024e-07,8.611709773898024e-07,1.7223419547796048e-06
200,up,2.0,0.99,9,8.611709773898024e-07,8.611709773898024e-07,1.7223419547796048e-06
200,up,2.0,0.99,10,8.611709773898024e-07,8.611709773898024e-07,1.7223419547796048e-06
200,up,2.0,0.99,11,8.611709773898024e-07,8.611709773898024e-07,1.7223419547796048e-06
200,down,0.0,0.99,0,0.0,0.0,0.0
200,down,0.0,0.99,1,0.0,0.0,0.0
200,down,0.0,0.99,2,0.0,0.0,0.0
200,down,0.0,0.99,3,0.0,0.0,0.0
200,down,0.0,0.99,4,0.0,0.0,0.0
200,down,0.0,0.99,5,0.0,0.0,0.0
200,down,0.0,0.99,6,0.0,0.0,0.0
200,down,0.0,0.99,7,0.0,0.0,0.0
200,down,0.0,0.99,8,0.0,0.0,0.0
200,down,0.0,0.99,9,0.0,0.0,0.0
200,down,0.0,0.99,10,0.0,0.0,0.0
200,down,0.0,0.99,11,0.0,0.0,0.0
200,down,0.5,0.99,0,-1.8150331015931442e-10,-1.8150331015931442e-10,-3.6300662031862884e-10
200,down,0.5,0.99,1,-1.8150331015931442e-10,-1.8150331015931442e-10,-3.6300662031862884e-10
200,down,0.5,0.99,2,-1.8150387859350304e-10,-1.8150387859350304e-10,-3.630077571870061e-10
200,down,0.5,0.99,3,-1.8150331015931442e-10,-1.8150331015931442e-10,-3.6300662031862884e-10
200,down,0.5,0.99,4,-1.8150387859350304e-10,-1.8150387859350304e-10,-3.630077571870061e-10
200,down,0.5,0.99,5,-1.8150331015931442e-10,-1.8150331015931442e-10,-3.6300662031862884e-10
200,down,0.5,0.99,6,-1.8150331015931442e-10,-1.8150331015931442e-10,-3.6300662031862884e-10
200,down,0.5,0.99,7,-1.8150331015931442e-10,-1.8150331015931442e-10,-3.6300662031862884e-10
200,down,0.5,0.99,8,-1.8150387859350304e-10,-1.8150387859350304e-10,-3.630077571870061e-10
200,down,0.5,0.99,9,-1.8150331015931442e-10,-1.8150331015931442e-10,-3.6300662031862884e-10
200,down,0.5,0.99,10,-1.8150387859350304e-10,-1.8150387859350304e-10,-3.630077571870061e-10
200,down,0.5,0.99,11,-1.8150331015931442e-10,-1.8150331015931442e-10,-3.6300662031862884e-10
200,down,2.0,0.99,0,-8.616745455469754e-07,-8.616745455469754e-07,-1.7233490910939507e-06
200,down,2.0,0.99,1,-8.581585652223111e-07,-8.581585652223111e-07,-1.7163171304446223e-06
200,down,2.0,0.99,2,-8.57981438571187e-07,-8.57981438571187e-07,-1.715962877142374e-06
200,down,2.0,0.99,3,-8.57860619873918e-07,-8.57860619873918e-07,-1.715721239747836e-06
200,down,2.0,0.99,4,-8.580675424241236e-07,-8.580675424241236e-07,-1.7161350848482471e-06
200,down,2.0,0.99,5,-8.582639520682278e-07,-8.582639520682278e-07,-1.7165279041364555e-06
200,down,2.0,0.99,6,-8.580534455404631e-07,-8.580534455404631e-07,-1.7161068910809262e-06
200,down,2.0,0.99,7,-8.580081052400601e-07,-8.580081052400601e-07,-1.7160162104801202e-06
200,down,2.0,0.99,8,-8.580555498838293e-07,-8.580555498838293e-07,-1.7161110997676586e-06
200,down,2.0,0.99,9,-8.581106388305671e-07,-8.581106388305671e-07,-1.7162212776611342e-06
200,down,2.0,0.99,10,-8.587021804373763e-07,-8.587021804373763e-07,-1.7174043608747525e-06
200,down,2.0,0.99,11,-8.581313326772033e-07,-8.581313326772033e-07,-1.7162626653544066e-06
200,fresh,0.0,0.995,0,2.707878365981742e-12,2.2920665365688818e-12,4.999944902550624e-12
200,fresh,0.0,0.995,1,2.2935608967600275e-12,2.0832735536657764e-12,4.376834450425804e-12
200,fresh,0.0,0.995,2,-2.7062352359052965e-13,2.2183366255035253e-12,1.9477131019129955e-12
200,fresh,0.0,0.995,3,2.041755653436894e-12,2.1077561918048104e-12,4.149511845241704e-12
200,fresh,0.0,0.995,4,2.0508472697855495e-12,1.9573509479897666e-12,4.008198217775316e-12
200,fresh,0.0,0.995,5,2.0372614706332116e-12,2.0003487755104744e-12,4.0376102461436855e-12
200,fresh,0.0,0.995,6,2.317313008148858e-12,1.8036239168850443e-12,4.120936925033902e-12
200,fresh,0.0,0.995,7,1.4357381949992031e-12,1.5953749432640053e-12,3.0311131382632084e-12
200,fresh,0.0,0.995,8,2.17334705787664e-12,2.0351575980015468e-12,4.2085046558781865e-12
200,fresh,0.0,0.995,9,2.3406743210330203e-12,2.2004753574833557e-12,4.5411496785163756e-12
200,fresh,0.0,0.995,10,2.4845103752113573e-12,2.0934831646002292e-12,4.577993539811586e-12
200,fresh,0.0,0.995,11,1.9970847198180763e-12,2.384936692578776e-12,4.382021412396852e-12
200,fresh,0.5,0.995,0,3.882741924865485e-08,3.8827518376027823e-08,7.765493762468267e-08
200,fresh,0.5,0.995,1,4.808896815311492e-08,4.808896589270084e-08,9.617793404581576e-08
200,fresh,0.5,0.995,2,4.345461803278994e-08,4.345462781607523e-08,8.690924584886518e-08
200,fresh,0.5,0.995,3,4.5172899639789324e-08,4.517290030370269e-08,9.034579994349202e-08
200,fresh,0.5,0.995,4,4.369129270265226e-08,4.369129160353147e-08,8.738258430618373e-08
200,fresh,0.5,0.995,5,4.3929865548575366e-08,4.3929865126690616e-08,8.785973067526599e-08
200,fresh,0.5,0.995,6,4.670988929422748e-08,4.670988532406994e-08,9.341977461829742e-08
200,fresh,0.5,0.995,7,3.3131348032844344e-08,3.3131361415472685e-08,6.626270944831703e-08
200,fresh,0.5,0.995,8,4.593873295433149e-08,4.5938731610961625e-08,9.187746456529311e-08
200,fresh,0.5,0.995,9,4.998721390592209e-08,4.9987211692137376e-08,9.997442559805947e-08
200,fresh,0.5,0.995,10,5.3503368979690434e-08,5.350336369502884e-08,1.0700673267471927e-07
200,fresh,0.5,0.995,11,4.896245046293046e-08,4.896245408669841e-08,9.792490454962887e-08
200,fresh,2.0,0.995,0,1.7168838162264778e-05,1.7168838162264778e-05,3.4337676324529557e-05
200,fresh,2.0,0.995,1,1.9415086763813205e-05,1.9415086763813205e-05,3.883017352762641e-05
200,fresh,2.0,0.995,2,1.7426513026995715e-05,1.7426513026995715e-05,3.485302605399143e-05
200,fresh,2.0,0.995,3,1.8082330344613152e-05,1.8082330344613152e-05,3.6164660689226305e-05
200,fresh,2.0,0.995,4,1.7481348998376057e-05,1.7481348998376057e-05,3.4962697996752114e-05
200,fresh,2.0,0.995,5,1.7579545684481836e-05,1.7579545684481836e-05,3.515909136896367e-05
200,fresh,2.0,0.995,6,1.8487243017195622e-05,1.8487243017195622e-05,3.6974486034391243e-05
200,fresh,2.0,0.995,7,1.3212956293655598e-05,1.321295629366448e-05,2.6425912587320076e-05
200,fresh,2.0,0.995,8,1.837581554661738e-05,1.837581554661738e-05,3.675163109323476e-05
200,fresh,2.0,0.995,9,1.1592541481583174e-05,1.159254148564881e-05,2.3185082967231984e-05
200,fresh,2.0,0.995,10,1.3259249915152927e-05,1.3259249915379411e-05,2.6518499830532336e-05
200,fresh,2.0,0.995,11,1.9746890600074174e-05,1.9746890600074174e-05,3.949378120014835e-05
200,up,0.0,0.995,0,3.6339931064333087e-13,3.6339931064333087e-13,7.267986212866617e-13
200,up,0.0,0.995,1,3.6339931064333087e-13,3.6339931064333087e-13,7.267986212866617e-13
200,up,0.0,0.995,2,3.6339931064333087e-13,3.6339931064333087e-13,7.267986212866617e-13
200,up,0.0,0.995,3,3.6339931064333087e-13,3.6339931064333087e-13,7.267986212866617e-13
200,up,0.0,0.995,4,3.6339931064333087e-13,3.6339931064333087e-13,7.267986212866617e-13
200,up,0.0,0.995,5,3.6339931064333087e-13,3.6339931064333087e-13,7.267986212866617e-13
200,up,0.0,0.995,6,3.6339931064333087e-13,3.6339931064333087e-13,7.267986212866617e-13
200,up,0.0,0.995,7,3.6339931064333087e-13,3.6339931064333087e-13,7.267986212866617e-13
200,up,0.0,0.995,8,3.6339931064333087e-13,3.6339931064333087e-13,7.267986212866617e-13
200,up,0.0,0.995,9,3.6339931064333087e-13,3.6339931064333087e-13,7.267986212866617e-13
200,up,0.0,0.995,10,3.6339931064333087e-13,3.6339931064333087e-13,7.267986212866617e-13
200,up,0.0,0.995,11,3.6339931064333087e-13,3.6339931064333087e-13,7.267986212866617e-13
200,up,0.5,0.995,0,7.90522336036048e-09,7.90522336036048e-09,1.581044672072096e-08
200,up,0.5,0.995,1,7.905223364801373e-09,7.905223365911596e-09,1.5810446730712967e-08
200,up,0.5,0.995,2,7.90522336036048e-09,7.90522336036048e-09,1.581044672072096e-08
200,up,0.5,0.995,3,7.90522336036048e-09,7.90522336036048e-09,1.581044672072096e-08
200,up,0.5,0.995,4,7.90522336036048e-09,7.90522336036048e-09,1.581044672072096e-08
200,up,0.5,0.995,5,7.90522336036048e-09,7.90522336036048e-09,1.581044672072096e-08
200,up,0.5,0.995,6,7.90522336036048e-09,7.90522336036048e-09,1.581044672072096e-08
200,up,0.5,0.995,7,7.90522336036048e-09,7.90522336036048e-09,1.581044672072096e-08
200,up,0.5,0.995,8,7.90522336036048e-09,7.90522336036048e-09,1.581044672072096e-08
200,up,0.5,0.995,9,7.90522336036048e-09,7.90522336036048e-09,1.581044672072096e-08
200,up,0.5,0.995,10,7.90522336036048e-09,7.90522336036048e-09,1.581044672072096e-08
200,up,0.5,0.995,11,7.90522336036048e-09,7.90522336036048e-09,1.581044672072096e-08
200,up,2.0,0.995,0,3.117251464829218e-06,3.117251464829218e-06,6.234502929658436e-06
200,up,2.0,0.995,1,3.117251464828108e-06,3.1172514648247775e-06,6.2345029296528855e-06
200,up,2.0,0.995,2,3.117251464829218e-06,3.117251464829218e-06,6.234502929658436e-06
200,up,2.0,0.995,3,3.117251464829218e-06,3.117251464829218e-06,6.234502929658436e-06
200,up,2.0,0.995,4,3.117251464829218e-06,3.117251464829218e-06,6.234502929658436e-06
200,up,2.0,0.995,5,3.117251464829218e-06,3.117251464829218e-06,6.234502929658436e-06
200,up,2.0,0.995,6,3.117251464829218e-06,3.117251464829218e-06,6.234502929658436e-06
200,up,2.0,0.995,7,3.117251464829218e-06,3.117251464829218e-06,6.234502929658436e-06
200,up,2.0,0.995,8,3.117251464829218e-06,3.117251464829218e-06,6.234502929658436e-06
200,up,2.0,0.995,9,3.117251464829218e-06,3.117251464829218e-06,6.234502929658436e-06
200,up,2.0,0.995,10,3.117251464829218e-06,3.117251464829218e-06,6.234502929658436e-06
200,up,2.0,0.995,11,3.117251464829218e-06,3.117251464829218e-06,6.234502929658436e-06
200,down,0.0,0.995,0,-1.88606463780161e-12,-1.8928858480649067e-12,-3.778950485866516e-12
200,down,0.0,0.995,1,-1.894022716442123e-12,-1.905391400214285e-12,-3.799414116656408e-12
200,down,0.0,0.995,2,-1.8781065591610968e-12,-1.894022716442123e-12,-3.77212927560322e-12
200,down,0.0,0.995,3,-1.9065282685915008e-12,-1.8974333215737717e-12,-3.8039615901652725e-12
200,down,0.0,0.995,4,-1.9042545318370685e-12,-1.9383605831535534e-12,-3.8426151149906215e-12
200,down,0.0,0.995,5,-1.9110757421003653e-12,-1.920170689118095e-12,-3.8312464312184605e-12
200,down,0.0,0.995,6,-1.8906121113104745e-12,-1.829221218940802e-12,-3.719833330251276e-12
200,down,0.0,0.995,7,-1.8712853488978e-12,-1.8667378753889354e-12,-3.738023224286735e-12
200,down,0.0,0.995,8,-1.8951595848193394e-12,-1.908802005345933e-12,-3.8039615901652725e-12
200,down,0.0,0.995,9,-1.891748979687691e-12,-1.8962964531965553e-12,-3.788045432884246e-12
200,down,0.0,0.995,10,-1.8872015061788263e-12,-1.90084392670542e-12,-3.788045432884246e-12
200,down,0.0,0.995,11,-1.9190338207408785e-12,-1.8872015061788263e-12,-3.806235326919705e-12
200,down,0.5,0.995,0,-3.7790936175952086e-08,-3.7790936175952086e-08,-7.558187235190417e-08
200,down,0.5,0.995,1,-4.483667055410479e-08,-4.483657278342434e-08,-8.967324333752912e-08
200,down,0.5,0.995,2,-3.900875810813886e-08,-3.900875810813886e-08,-7.801751621627772e-08
200,down,0.5,0.995,3,-3.986250305842986e-08,-3.986250305842986e-08,-7.972500611685973e-08
200,down,0.5,0.995,4,-3.793245070937701e-08,-3.793245070937701e-08,-7.586490141875401e-08
200,down,0.5,0.995,5,-3.6149650668448885e-08,-3.6149650668448885e-08,-7.229930133689777e-08
200,down,0.5,0.995,6,-3.688416654767934e-08,-3.688416654767934e-08,-7.376833309535868e-08
200,down,0.5,0.995,7,-3.7602004567816036e-08,-3.7602004567816036e-08,-7.520400913563207e-08
200,down,0.5,0.995,8,-3.9745858089190735e-08,-3.9745858089190735e-08,-7.949171617838147e-08
200,down,0.5,0.995,9,-4.1491218212286184e-08,-4.1491217075417806e-08,-8.298243528770399e-08
200,down,0.5,0.995,10,-4.1771428982428915e-08,-4.177142784556054e-08,-8.354285682798945e-08
200,down,0.5,0.995,11,-3.845460980755888e-08,-3.845460980755888e-08,-7.690921961511777e-08
200,down,2.0,0.995,0,-4.82441125413402e-05,-4.824411294890751e-05,-9.648822549024772e-05
200,down,2.0,0.995,1,-1.1832492028815977e-05,-1.1832492028815977e-05,-2.3664984057631953e-05
200,down,2.0,0.995,2,-9.921850058276504e-06,-9.921850058276504e-06,-1.984370011655301e-05
200,down,2.0,0.995,3,-8.614159208377714e-06,-8.614159208377714e-06,-1.7228318416755428e-05
200,down,2.0,0.995,4,-1.0851576715538159e-05,-1.0851576715538159e-05,-2.1703153431076318e-05
200,down,2.0,0.995,5,-1.2965696538742578e-05,-1.2965696538742578e-05,-2.5931393077485156e-05
200,down,2.0,0.995,6,-1.0699498858741663e-05,-1.0699498858741663e-05,-2.1398997717483325e-05
200,down,2.0,0.995,7,-1.0209982523861072e-05,-1.0209982523861072e-05,-2.0419965047722143e-05
200,down,2.0,0.995,8,-1.07221905653887e-05,-1.07221905653887e-05,-2.14443811307774e-05
200,down,2.0,0.995,9,-1.1316265002676573e-05,-1.1316265002676573e-05,-2.2632530005353146e-05
200,down,2.0,0.995,10,-1.7649295928663376e-05,-1.7649295928663376e-05,-3.529859185732675e-05
200,down,2.0,0.995,11,-1.153922625320547e-05,-1.153922625320547e-05,-2.307845250641094e-05
200,fresh,0.0,1.0,0,2.5470639055429345e-05,2.515472843708233e-05,5.062536749251168e-05
200,fresh,0.0,1.0,1,2.515589036472754e-05,2.4975167807681498e-05,5.013105817240904e-05
200,fresh,0.0,1.0,2,2.0794526621591425e-05,2.5093031842263745e-05,4.5887558463855174e-05
200,fresh,0.0,1.0,3,2.4937580506612102e-05,2.499702932359904e-05,4.993460983021114e-05
200,fresh,0.0,1.0,4,2.494587079732491e-05,2.4859085602372267e-05,4.980495639969718e-05
200,fresh,0.0,1.0,5,2.4933476214524798e-05,2.4899431273300854e-05,4.9832907487825655e-05
200,fresh,0.0,1.0,6,2.5175345677815875e-05,2.4708500365543396e-05,4.988384604335927e-05
200,fresh,0.0,1.0,7,2.4302357816621268e-05,2.4487202797640607e-05,4.878956061426188e-05
200,fresh,0.0,1.0,8,2.5054500796289902e-05,2.4931543903753405e-05,4.998604470004331e-05
200,fresh,0.0,1.0,9,2.5194370962413616e-05,2.5077892557385793e-05,5.027226351979941e-05
200,fresh,0.0,1.0,10,2.5307286640821047e-05,2.4984395934382065e-05,5.0291682575203116e-05
200,fresh,0.0,1.0,11,2.4896475262328187e-05,2.5229809497986365e-05,5.012628476031455e-05
200,fresh,0.5,1.0,0,4.874495486039687e-05,4.875076101219622e-05,9.74957158725931e-05
200,fresh,0.5,1.0,1,5.0345115419136996e-05,5.0345022307189956e-05,0.00010069013772632695
200,fresh,0.5,1.0,2,4.9586242305065256e-05,4.958671602649178e-05,9.917295833155703e-05
200,fresh,0.5,1.0,3,4.987544313731829e-05,4.987547331288922e-05,9.975091645020751e-05
200,fresh,0.5,1.0,4,4.962770046260112e-05,4.962764781623163e-05,9.925534827883275e-05
200,fresh,0.5,1.0,5,4.966801754597183e-05,4.9667997514253324e-05,9.933601506022515e-05
200,fresh,0.5,1.0,6,5.0125397149735074e-05,5.012522560486343e-05,0.00010025062275459851
200,fresh,0.5,1.0,7,4.766248719826449e-05,4.7663435003583164e-05,9.532592220184765e-05
200,fresh,0.5,1.0,8,5.00010993283595e-05,5.00010398368611e-05,0.0001000021391652206
200,fresh,0.5,1.0,9,5.063883551901238e-05,5.063874978102678e-05,0.00010127758530003916
200,fresh,0.5,1.0,10,5.115337032021827e-05,5.115318668708291e-05,0.00010230655700730118
200,fresh,0.5,1.0,11,5.0480482140209394e-05,5.0480627417432974e-05,0.00010096110955764236
200,fresh,2.0,1.0,0,0.00012186020812922527,0.00012186020812926524,0.00024372041625849052
200,fresh,2.0,1.0,1,0.00012747791546369736,0.00012747791546369514,0.0002549558309273925
200,fresh,2.0,1.0,2,0.0001225227050123745,0.00012252270501238337,0.0002450454100247579
200,fresh,2.0,1.0,3,0.00012418612699316434,0.00012418612699316434,0.00024837225398632867
200,fresh,2.0,1.0,4,0.00012266340102257467,0.00012266340102257467,0.00024532680204514935
200,fresh,2.0,1.0,5,0.00012291374827659186,0.00012291374827659186,0.0002458274965531837
200,fresh,2.0,1.0,6,0.00012519810007031174,0.00012519810007030952,0.00025039620014062126
200,fresh,2.0,1.0,7,0.00011117349595087145,0.00011117349595823001,0.00022234699190910146
200,fresh,2.0,1.0,8,0.00012492151340814828,0.00012492151340814828,0.00024984302681629655
200,fresh,2.0,1.0,9,0.00010628638781690957,0.00010628639240962246,0.00021257278022653205
200,fresh,2.0,1.0,10,0.00011128147763126317,0.00011128147781518272,0.0002225629554464459
200,fresh,2.0,1.0,11,0.00012827321051882114,0.00012827321051882114,0.00025654642103764227
200,up,0.0,1.0,0,2.164850439814958e-05,2.164850439814958e-05,4.329700879629916e-05
200,up,0.0,1.0,1,2.164850439814958e-05,2.164850439814958e-05,4.329700879629916e-05
200,up,0.0,1.0,2,2.164850439814958e-05,2.164850439814958e-05,4.329700879629916e-05
200,up,0.0,1.0,3,2.164850439814958e-05,2.164850439814958e-05,4.329700879629916e-05
200,up,0.0,1.0,4,2.164850439814958e-05,2.164850439814958e-05,4.329700879629916e-05
200,up,0.0,1.0,5,2.164850439814958e-05,2.164850439814958e-05,4.329700879629916e-05
200,up,0.0,1.0,6,2.164850439814958e-05,2.164850439814958e-05,4.329700879629916e-05
200,up,0.0,1.0,7,2.164850439814958e-05,2.164850439814958e-05,4.329700879629916e-05
200,up,0.0,1.0,8,2.164850439814958e-05,2.164850439814958e-05,4.329700879629916e-05
200,up,0.0,1.0,9,2.164850439814958e-05,2.164850439814958e-05,4.329700879629916e-05
200,up,0.0,1.0,10,2.164850439814958e-05,2.164850439814958e-05,4.329700879629916e-05
200,up,0.0,1.0,11,2.164850439814958e-05,2.164850439814958e-05,4.329700879629916e-05
200,up,0.5,1.0,0,3.7889377386068904e-05,3.7889377386068904e-05,7.577875477213781e-05
200,up,0.5,1.0,1,3.7889377386068904e-05,3.788937738607001e-05,7.577875477213892e-05
200,up,0.5,1.0,2,3.7889377386068904e-05,3.7889377386068904e-05,7.577875477213781e-05
200,up,0.5,1.0,3,3.7889377386068904e-05,3.7889377386068904e-05,7.577875477213781e-05
200,up,0.5,1.0,4,3.7889377386068904e-05,3.7889377386068904e-05,7.577875477213781e-05
200,up,0.5,1.0,5,3.7889377386068904e-05,3.7889377386068904e-05,7.577875477213781e-05
200,up,0.5,1.0,6,3.7889377386068904e-05,3.7889377386068904e-05,7.577875477213781e-05
200,up,0.5,1.0,7,3.7889377386068904e-05,3.7889377386068904e-05,7.577875477213781e-05
200,up,0.5,1.0,8,3.7889377386068904e-05,3.7889377386068904e-05,7.577875477213781e-05
200,up,0.5,1.0,9,3.7889377386068904e-05,3.7889377386068904e-05,7.577875477213781e-05
200,up,0.5,1.0,10,3.7889377386068904e-05,3.7889377386068904e-05,7.577875477213781e-05
200,up,0.5,1.0,11,3.7889377386068904e-05,3.7889377386068904e-05,7.577875477213781e-05
200,up,2.0,1.0,0,6.670319464947338e-05,6.670319464947338e-05,0.00013340638929894676
200,up,2.0,1.0,1,6.67031946494756e-05,6.670319464947338e-05,0.00013340638929894898
200,up,2.0,1.0,2,6.670319464947338e-05,6.670319464947338e-05,0.00013340638929894676
200,up,2.0,1.0,3,6.670319464947338e-05,6.670319464947338e-05,0.00013340638929894676
200,up,2.0,1.0,4,6.670319464947338e-05,6.670319464947338e-05,0.00013340638929894676
200,up,2.0,1.0,5,6.670319464947338e-05,6.670319464947338e-05,0.00013340638929894676
200,up,2.0,1.0,6,6.670319464947338e-05,6.670319464947338e-05,0.00013340638929894676
200,up,2.0,1.0,7,6.670319464947338e-05,6.670319464947338e-05,0.00013340638929894676
200,up,2.0,1.0,8,6.670319464947338e-05,6.670319464947338e-05,0.00013340638929894676
200,up,2.0,1.0,9,6.670319464947338e-05,6.670319464947338e-05,0.00013340638929894676
200,up,2.0,1.0,10,6.670319464947338e-05,6.670319464947338e-05,0.00013340638929894676
200,up,2.0,1.0,11,6.670319464947338e-05,6.670319464947338e-05,0.00013340638929894676
200,down,0.0,1.0,0,2.2791249178908402e-05,2.094851256401853e-05,4.373976174292693e-05
200,down,0.0,1.0,1,2.09606640464699e-05,1.7508938396986197e-05,3.84696024434561e-05
200,down,0.0,1.0,2,2.5508089305503744e-05,2.0182071024237304e-05,4.569016032974105e-05
200,down,0.0,1.0,3,1.5924937221143408e-05,1.820310214611709e-05,3.41280393672605e-05
200,down,0.0,1.0,4,1.6328016357647357e-05,9.030523818864821e-06,2.535854017651218e-05
200,down,0.0,1.0,5,1.5711549260686296e-05,1.3478534206115001e-05,2.9190083466801298e-05
200,down,0.0,1.0,6,2.1154062133064143e-05,5.5180029094117344e-05,7.63340912271815e-05
200,down,0.0,1.0,7,2.8665836306345228e-05,3.107079517235434e-05,5.973663147869957e-05
200,down,0.0,1.0,8,1.954152264829645e-05,1.5607661476906288e-05,3.514918412520274e-05
200,down,0.0,1.0,9,2.1326481245296237e-05,1.9948792652257907e-05,4.1275273897554147e-05
200,down,0.0,1.0,10,2.2103584000205957e-05,1.7818196344023818e-05,3.992178034422977e-05
200,down,0.0,1.0,11,1.3234861961564093e-05,2.161050897370842e-05,3.484537093527251e-05
200,down,0.5,1.0,0,4.583960648062657e-05,4.5844901775922154e-05,9.168450825654872e-05
200,down,0.5,1.0,1,-1.9207127479603513e-08,8.284969214855664e-07,8.09289794005963e-07
200,down,0.5,1.0,2,2.790270676257478e-05,2.790850623625829e-05,5.5811212998833074e-05
200,down,0.5,1.0,3,1.9277638108405883e-05,1.923171392149925e-05,3.850935202990513e-05
200,down,0.5,1.0,4,4.332751331048712e-05,4.332868472943119e-05,8.665619803991832e-05
200,down,0.5,1.0,5,8.76390383530179e-05,8.763776493537989e-05,0.0001752768032883978
200,down,0.5,1.0,6,6.556673962563763e-05,6.556825177426617e-05,0.0001311349913999038
200,down,0.5,1.0,7,4.9413908666338105e-05,4.9408888120296975e-05,9.882279678663508e-05
200,down,0.5,1.0,8,2.0296271477491244e-05,2.0279731488699325e-05,4.0576002966190565e-05
200,down,0.5,1.0,9,8.537033793913907e-06,8.61555062726893e-06,1.7152584421182835e-05
200,down,0.5,1.0,10,7.252198071228122e-06,7.368808759338208e-06,1.462100683056633e-05
200,down,0.5,1.0,11,3.50919782664505e-05,3.510867887882796e-05,7.020065714527846e-05
200,down,2.0,1.0,0,0.00011610533452596883,0.00011610582825483107,0.0002322111627807999
200,down,2.0,1.0,1,6.873961251528726e-05,6.873961251471883e-05,0.0001374792250300061
200,down,2.0,1.0,2,0.00019125172361356135,0.0001912517236175404,0.00038250344723110173
200,down,2.0,1.0,3,0.00040921110830311136,0.0004092111083650707,0.0008184222166681821
200,down,2.0,1.0,4,0.00011620124092274864,0.0001162012409221802,0.00023240248184492885
200,down,2.0,1.0,5,3.617821175652125e-05,3.617821175822655e-05,7.23564235147478e-05
200,down,2.0,1.0,6,0.00012597741474081658,0.00012597741473740598,0.0002519548294782225
200,down,2.0,1.0,7,0.0001636184157055709,0.00016361841570954993,0.00032723683141512084
200,down,2.0,1.0,8,0.00012446743281060434,0.00012446743281003592,0.0002489348656206403
200,down,2.0,1.0,9,9.075680926287077e-05,9.075680926287077e-05,0.00018151361852574154
200,down,2.0,1.0,10,3.6592106766875076e-09,3.659210108253319e-09,7.318420784940826e-09
200,down,2.0,1.0,11,8.054506233293068e-05,8.054506233236225e-05,0.00016109012466529292
200,fresh,0.0,1.005,0,0.09495585966610313,0.09483375065411682,0.18978961032021996
200,fresh,0.0,1.005,1,0.09483412667387212,0.0947809106296045,0.18961503730347662
200,fresh,0.0,1.005,2,0.09456690621860239,0.09481444392369703,0.18938135014229943
200,fresh,0.0,1.005,3,0.09477106569347343,0.09478681843830034,0.18955788413177377
200,fresh,0.0,1.005,4,0.0947732037899118,0.09475171571400494,0.18952491950391676
200,fresh,0.0,1.005,5,0.09477001404798051,0.09476146293782557,0.18953147698580608
200,fresh,0.0,1.005,6,0.09484049325395832,0.09471874332292538,0.1895592365768837
200,fresh,0.0,1.005,7,0.09465161634754647,0.09467871390158375,0.1893303302491302
200,fresh,0.0,1.005,8,0.09480301680521126,0.09476952049659854,0.18957253730180978
200,fresh,0.0,1.005,9,0.09484684990977767,0.09480989803475959,0.18965674794453724
200,fresh,0.0,1.005,10,0.09488741305974716,0.09478338781506687,0.18967080087481403
200,fresh,0.0,1.005,11,0.0947607347542089,0.09485904603072136,0.18961978078493025
200,fresh,0.5,1.005,0,0.030891003100326647,0.03089090384861402,0.06178190694894067
200,fresh,0.5,1.005,1,0.061855511812539135,0.061856333339768706,0.12371184515230785
200,fresh,0.5,1.005,2,0.030869350741140326,0.03087005000068147,0.0617394007418218
200,fresh,0.5,1.005,3,0.06193685375547619,0.061936673254799415,0.1238735270102756
200,fresh,0.5,1.005,4,0.0619440850223112,0.061944383088184625,0.12388846811049582
200,fresh,0.5,1.005,5,0.06195306245198728,0.06195317136031187,0.12390623381229915
200,fresh,0.5,1.005,6,0.06162691861426992,0.06163043742106888,0.1232573560353388
200,fresh,0.5,1.005,7,0.030844142130776363,0.030843829857482224,0.06168797198825859
200,fresh,0.5,1.005,8,0.06191407766281878,0.061914476450895435,0.12382855411371421
200,fresh,0.5,1.005,9,0.06183899425094585,0.06183981333378008,0.12367880758472594
200,fresh,0.5,1.005,10,0.06142215104179687,0.06142924711470085,0.12285139815649773
200,fresh,0.5,1.005,11,0.06173051116937683,0.061728396786682335,0.12345890795605916
200,fresh,2.0,1.005,0,0.030844038040864198,-0.0005718884943512726,0.030272149546512927
200,fresh,2.0,1.005,1,0.0307397680027987,0.030739768002821542,0.06147953600562024
200,fresh,2.0,1.005,2,0.03085294209351833,-0.0005629844339886824,0.03028995765952965
200,fresh,2.0,1.005,3,0.030760524728546262,0.03076052472854228,0.06152104945708854
200,fresh,2.0,1.005,4,0.030756358765266677,0.03075635876527811,0.06151271753054478
200,fresh,2.0,1.005,5,0.03076360195391914,0.030763601953922724,0.06152720390784186
200,fresh,2.0,1.005,6,0.030720932915685402,0.03072093291571963,0.06144186583140503
200,fresh,2.0,1.005,7,0.03086303050983033,-0.0005528959349457108,0.030310134574884618
200,fresh,2.0,1.005,8,0.030756803806572027,0.030756803806579996,0.06151360761315203
200,fresh,2.0,1.005,9,0.030917496929834486,-0.0004983114513418341,0.030419185478492653
200,fresh,2.0,1.005,10,0.03089001615030637,-0.0005259081024559397,0.030364108047850433
200,fresh,2.0,1.005,11,0.03072171176204467,0.030721711762006033,0.0614434235240507
200,up,0.0,1.005,0,0.09499712046264965,0.09499712046264965,0.1899942409252993
200,up,0.0,1.005,1,0.09499712046264965,0.09499712046264965,0.1899942409252993
200,up,0.0,1.005,2,0.09499712046264965,0.09499712046264965,0.1899942409252993
200,up,0.0,1.005,3,0.09499712046264965,0.09499712046264965,0.1899942409252993
200,up,0.0,1.005,4,0.09499712046264965,0.09499712046264965,0.1899942409252993
200,up,0.0,1.005,5,0.09499712046264965,0.09499712046264965,0.1899942409252993
200,up,0.0,1.005,6,0.09499712046264965,0.09499712046264965,0.1899942409252993
200,up,0.0,1.005,7,0.09499712046264965,0.09499712046264965,0.1899942409252993
200,up,0.0,1.005,8,0.09499712046264965,0.09499712046264965,0.1899942409252993
200,up,0.0,1.005,9,0.09499712046264965,0.09499712046264965,0.1899942409252993
200,up,0.0,1.005,10,0.09499712046264965,0.09499712046264965,0.1899942409252993
200,up,0.0,1.005,11,0.09499712046264965,0.09499712046264965,0.1899942409252993
200,up,0.5,1.005,0,0.03406593290895731,0.03406593290895731,0.06813186581791462
200,up,0.5,1.005,1,0.03406593290895715,0.03406593290895715,0.0681318658179143
200,up,0.5,1.005,2,0.03406593290895731,0.03406593290895731,0.06813186581791462
200,up,0.5,1.005,3,0.03406593290895731,0.03406593290895731,0.06813186581791462
200,up,0.5,1.005,4,0.03406593290895731,0.03406593290895731,0.06813186581791462
200,up,0.5,1.005,5,0.03406593290895731,0.03406593290895731,0.06813186581791462
200,up,0.5,1.005,6,0.03406593290895731,0.03406593290895731,0.06813186581791462
200,up,0.5,1.005,7,0.03406593290895731,0.03406593290895731,0.06813186581791462
200,up,0.5,1.005,8,0.03406593290895731,0.03406593290895731,0.06813186581791462
200,up,0.5,1.005,9,0.03406593290895731,0.03406593290895731,0.06813186581791462
200,up,0.5,1.005,10,0.03406593290895731,0.03406593290895731,0.06813186581791462
200,up,0.5,1.005,11,0.03406593290895731,0.03406593290895731,0.06813186581791462
200,up,2.0,1.005,0,0.002456964783028144,0.002456964783028144,0.004913929566056288
200,up,2.0,1.005,1,0.0024569647830281482,0.0024569647830281482,0.0049139295660562965
200,up,2.0,1.005,2,0.002456964783028144,0.002456964783028144,0.004913929566056288
200,up,2.0,1.005,3,0.002456964783028144,0.002456964783028144,0.004913929566056288
200,up,2.0,1.005,4,0.002456964783028144,0.002456964783028144,0.004913929566056288
200,up,2.0,1.005,5,0.002456964783028144,0.002456964783028144,0.004913929566056288
200,up,2.0,1.005,6,0.002456964783028144,0.002456964783028144,0.004913929566056288
200,up,2.0,1.005,7,0.002456964783028144,0.002456964783028144,0.004913929566056288
200,up,2.0,1.005,8,0.002456964783028144,0.002456964783028144,0.004913929566056288
200,up,2.0,1.005,9,0.002456964783028144,0.002456964783028144,0.004913929566056288
200,up,2.0,1.005,10,0.002456964783028144,0.002456964783028144,0.004913929566056288
200,up,2.0,1.005,11,0.002456964783028144,0.002456964783028144,0.004913929566056288
200,down,0.0,1.005,0,0.11368048644856231,0.09542770795568573,0.20910819440424805
200,down,0.0,1.005,1,0.09543558201890505,0.09475786449886187,0.19019344651776693
200,down,0.0,1.005,2,0.09726332618406104,0.09509659993036394,0.19235992611442498
200,down,0.0,1.005,3,0.09469631118345888,0.09480177548508437,0.18949808666854323
200,down,0.0,1.005,4,0.09470852868755741,0.09461109381756728,0.18931962250512469
200,down,0.0,1.005,5,0.09469052374543593,0.09464860800478732,0.18933913175022327
200,down,0.0,1.005,6,0.09557909537005685,0.09455128082555006,0.1901303761956069
200,down,0.0,1.005,7,0.0946819814446144,0.09459137496565745,0.18927335641027185
200,down,0.0,1.005,8,0.09495425075825778,0.09468785718276194,0.1896421079410197
200,down,0.0,1.005,9,0.09574398169385176,0.09503598451046855,0.1907799662043203
200,down,0.0,1.005,10,0.09771375287791216,0.09477559790845135,0.1924893507863635
200,down,0.0,1.005,11,0.09464544247373965,0.09613691062449903,0.19078235309823868
200,down,0.5,1.005,0,0.03016909744662257,0.029622148925374178,0.059791246371996745
200,down,0.5,1.005,1,0.030712431675785298,0.030748267351072514,0.061460699026857815
200,down,0.5,1.005,2,0.03084194406447864,0.030842350354841983,0.06168429441932062
200,down,0.5,1.005,3,0.030791009101789654,0.030787526446926564,0.061578535548716215
200,down,0.5,1.005,4,0.03045831663314857,0.03044043751346976,0.06089875414661833
200,down,0.5,1.005,5,0.03125348753522417,0.03132421465146194,0.06257770218668611
200,down,0.5,1.005,6,0.033141326172749924,0.0018935694822158665,0.03503489565496579
200,down,0.5,1.005,7,0.005305885941325528,0.03533355559381277,0.0406394415351383
200,down,0.5,1.005,8,0.030795634028622773,0.030794322855450675,0.06158995688407345
200,down,0.5,1.005,9,0.030689116955335292,0.03069314003976501,0.061382256995100304
200,down,0.5,1.005,10,0.030675385091938095,0.030681115186872603,0.0613565002788107
200,down,0.5,1.005,11,0.030873335880649506,0.03086809793360601,0.061741433814255516
200,down,2.0,1.005,0,0.030268419386351296,-0.001147482480190547,0.02912093690616075
200,down,2.0,1.005,1,0.030779656828235316,-0.0006362696556587366,0.03014338717257658
200,down,2.0,1.005,2,0.001559397579424342,0.001559397581335844,0.003118795160760186
200,down,2.0,1.005,3,0.002401452417792882,0.002401442434884018,0.0048028948526769
200,down,2.0,1.005,4,0.02597632547993925,-0.003471930827642211,0.02250439465229704
200,down,2.0,1.005,5,-0.0005763328361942399,0.03083959369864232,0.03026326086244808
200,down,2.0,1.005,6,0.003913017714808688,0.00391067163355217,0.00782368934836086
200,down,2.0,1.005,7,0.001688527990523312,0.00168852803534719,0.0033770560258705017
200,down,2.0,1.005,8,0.004726672869118147,0.004699004137210636,0.009425677006328782
200,down,2.0,1.005,9,0.030398840691355247,-0.0010170841222307558,0.029381756569124493
200,down,2.0,1.005,10,0.03058813844070329,-0.0008277876924168481,0.02976035074828644
200,down,2.0,1.005,11,0.03064203573690662,-0.0007738904531495905,0.02986814528375703
200,fresh,0.0,1.01,0,0.1322676709068628,0.14448022784700584,0.2767478987538686
200,fresh,0.0,1.01,1,0.14442491665633425,0.15039807333396002,0.29482298999029427
200,fresh,0.0,1.01,2,0.15535449384203442,0.14710421868146384,0.30245871252349826
200,fresh,0.0,1.01,3,0.15108943601991498,0.14992996228855357,0.3010193983084686
200,fresh,0.0,1.01,4,0.1509480518911086,0.152181157325748,0.3031292092168566
200,fresh,0.0,1.01,5,0.15115729851282217,0.15167065489344622,0.3028279534062684
200,fresh,0.0,1.01,6,0.14347318618559948,0.1534686374260617,0.2969418236116612
200,fresh,0.0,1.01,7,0.15490693643961573,0.15445309607658617,0.3093600325162019
200,fresh,0.0,1.01,8,0.14840893066301125,0.1511887735212416,0.29959770418425286
200,fresh,0.0,1.01,9,0.14250578130622543,0.14764698536957513,0.2901527666758006
200,fresh,0.0,1.01,10,0.13697882353225282,0.15020696294721614,0.28718578647946896
200,fresh,0.0,1.01,11,0.15171139163833317,0.14066723705653517,0.2923786286948683
200,fresh,0.5,1.01,0,0.03291707551684755,0.032663557552331114,0.06558063306917866
200,fresh,0.5,1.01,1,0.0635615500489952,0.06356066009649643,0.12712221014549163
200,fresh,0.5,1.01,2,0.032485630416067404,0.032480174652510484,0.06496580506857788
200,fresh,0.5,1.01,3,0.06352916904436576,0.06352937295136332,0.12705854199572908
200,fresh,0.5,1.01,4,0.06351466060534418,0.06351433160148194,0.12702899220682612
200,fresh,0.5,1.01,5,0.06351783112171065,0.0635177090009726,0.12703554012268325
200,fresh,0.5,1.01,6,0.06356993909683165,0.06356721627298265,0.1271371553698143
200,fresh,0.5,1.01,7,0.0325384802996289,0.03251999810276446,0.06505847840239336
200,fresh,0.5,1.01,8,0.0635366608683465,0.0635362155486506,0.1270728764169971
200,fresh,0.5,1.01,9,0.06358388605965747,0.06358298394012964,0.1271668699997871
200,fresh,0.5,1.01,10,0.06370259017017961,0.06369752904722453,0.12740011921740413
200,fresh,0.5,1.01,11,0.06358320351923259,0.06358518073957674,0.12716838425880933
200,fresh,2.0,1.01,0,0.030372803928272872,-0.0010421928065969177,0.029330611121675954
200,fresh,2.0,1.01,1,0.030359905644342277,0.030359904013558127,0.0607198096579004
200,fresh,2.0,1.01,2,0.03050961303084284,-0.0009057949973324319,0.029603818033510407
200,fresh,2.0,1.01,3,0.0301543915209986,0.030154393458199737,0.06030878497919834
200,fresh,2.0,1.01,4,0.029976697553834163,0.029976684585293904,0.05995338213912807
200,fresh,2.0,1.01,5,0.030032933691573404,0.03003292987880532,0.06006586357037873
200,fresh,2.0,1.01,6,0.030126381440101033,0.03012637536031451,0.060252756800415544
200,fresh,2.0,1.01,7,0.00919904712153932,0.009066229678723942,0.018265276800263262
200,fresh,2.0,1.01,8,0.030209967068741392,0.030209964598757518,0.06041993166749891
200,fresh,2.0,1.01,9,0.001104885455508251,0.03077144777592621,0.03187633323143446
200,fresh,2.0,1.01,10,0.008673987826300982,0.008689842523082057,0.01736383034938304
200,fresh,2.0,1.01,11,0.030366314962965105,0.030366316553954675,0.06073263151691978
200,up,0.0,1.01,0,0.12735080298131435,0.12735080298131435,0.2547016059626287
200,up,0.0,1.01,1,0.12735080298131435,0.12735080298131435,0.2547016059626287
200,up,0.0,1.01,2,0.12735080298131435,0.12735080298131435,0.2547016059626287
200,up,0.0,1.01,3,0.12735080298131435,0.12735080298131435,0.2547016059626287
200,up,0.0,1.01,4,0.12735080298131435,0.12735080298131435,0.2547016059626287
200,up,0.0,1.01,5,0.12735080298131435,0.12735080298131435,0.2547016059626287
200,up,0.0,1.01,6,0.12735080298131435,0.12735080298131435,0.2547016059626287
200,up,0.0,1.01,7,0.12735080298131435,0.12735080298131435,0.2547016059626287
200,up,0.0,1.01,8,0.12735080298131435,0.12735080298131435,0.2547016059626287
200,up,0.0,1.01,9,0.12735080298131435,0.12735080298131435,0.2547016059626287
200,up,0.0,1.01,10,0.12735080298131435,0.12735080298131435,0.2547016059626287
200,up,0.0,1.01,11,0.12735080298131435,0.12735080298131435,0.2547016059626287
200,up,0.5,1.01,0,0.0909661893181892,0.0909661893181892,0.1819323786363784
200,up,0.5,1.01,1,0.09096618931818888,0.09096618931818892,0.1819323786363778
200,up,0.5,1.01,2,0.0909661893181892,0.0909661893181892,0.1819323786363784
200,up,0.5,1.01,3,0.0909661893181892,0.0909661893181892,0.1819323786363784
200,up,0.5,1.01,4,0.0909661893181892,0.0909661893181892,0.1819323786363784
200,up,0.5,1.01,5,0.0909661893181892,0.0909661893181892,0.1819323786363784
200,up,0.5,1.01,6,0.0909661893181892,0.0909661893181892,0.1819323786363784
200,up,0.5,1.01,7,0.0909661893181892,0.0909661893181892,0.1819323786363784
200,up,0.5,1.01,8,0.0909661893181892,0.0909661893181892,0.1819323786363784
200,up,0.5,1.01,9,0.0909661893181892,0.0909661893181892,0.1819323786363784
200,up,0.5,1.01,10,0.0909661893181892,0.0909661893181892,0.1819323786363784
200,up,0.5,1.01,11,0.0909661893181892,0.0909661893181892,0.1819323786363784
200,up,2.0,1.01,0,0.031197807427904883,0.031197807427904883,0.062395614855809765
200,up,2.0,1.01,1,0.031197807427904883,0.031197807427904883,0.062395614855809765
200,up,2.0,1.01,2,0.031197807427904883,0.031197807427904883,0.062395614855809765
200,up,2.0,1.01,3,0.031197807427904883,0.031197807427904883,0.062395614855809765
200,up,2.0,1.01,4,0.031197807427904883,0.031197807427904883,0.062395614855809765
200,up,2.0,1.01,5,0.031197807427904883,0.031197807427904883,0.062395614855809765
200,up,2.0,1.01,6,0.031197807427904883,0.031197807427904883,0.062395614855809765
200,up,2.0,1.01,7,0.031197807427904883,0.031197807427904883,0.062395614855809765
200,up,2.0,1.01,8,0.031197807427904883,0.031197807427904883,0.062395614855809765
200,up,2.0,1.01,9,0.031197807427904883,0.031197807427904883,0.062395614855809765
200,up,2.0,1.01,10,0.031197807427904883,0.031197807427904883,0.062395614855809765
200,up,2.0,1.01,11,0.031197807427904883,0.031197807427904883,0.062395614855809765
200,down,0.0,1.01,0,0.1271305102717156,0.12767944540780946,0.254809955679525
200,down,0.0,1.01,1,0.1276710146427115,0.14688345477578765,0.27455446941849915
200,down,0.0,1.01,2,0.13021824604595167,0.12844293760525716,0.2586611836512088
200,down,0.0,1.01,3,0.1527476125182477,0.1387823710312716,0.2915299835495193
200,down,0.0,1.01,4,0.15205877055010092,0.15513355133510573,0.3071923218852066
200,down,0.0,1.01,5,0.15302537159511873,0.15442229568858123,0.3074476672837
200,down,0.0,1.01,6,0.12754829525284778,0.15572652031625467,0.28327481556910244
200,down,0.0,1.01,7,0.15445521183303867,0.15530530336109336,0.30976051519413206
200,down,0.0,1.01,8,0.12967978664864177,0.1531443887324076,0.28282417538104937
200,down,0.0,1.01,9,0.12745545648832263,0.12880372288043304,0.25625917936875564
200,down,0.0,1.01,10,0.12719149120438034,0.14372501539907262,0.27091650660345296
200,down,0.0,1.01,11,0.15449678610268847,0.12733199677506263,0.2818287828777511
200,down,0.5,1.01,0,0.03235128902667782,0.03235629138186198,0.0647075804085398
200,down,0.5,1.01,1,0.06160168879087166,0.061606351755226,0.12320804054609766
200,down,0.5,1.01,2,0.05972179206934413,0.02890286891565836,0.08862466098500249
200,down,0.5,1.01,3,0.02957214137862877,0.06094141830829756,0.09051355968692633
200,down,0.5,1.01,4,0.03240595583287643,0.032401266317398834,0.06480722215027526
200,down,0.5,1.01,5,0.030458951757292994,0.06133929429124066,0.09179824604853365
200,down,0.5,1.01,6,0.03352909652544156,0.03403021280835617,0.06755930933379772
200,down,0.5,1.01,7,0.03244470118366223,0.03242758449274618,0.0648722856764084
200,down,0.5,1.01,8,0.02949177058557723,0.06083373549768623,0.09032550608326347
200,down,0.5,1.01,9,0.060996531816894614,0.029622065964165927,0.09061859778106054
200,down,0.5,1.01,10,0.06104217898526201,0.029677712386790633,0.09071989137205265
200,down,0.5,1.01,11,0.03339960034466344,0.03284584670130926,0.0662454470459727
200,down,2.0,1.01,0,-0.00015782151784009103,0.031258104952670465,0.031100283434830372
200,down,2.0,1.01,1,0.03065130389259764,-0.0007644984298400459,0.029886805462757595
200,down,2.0,1.01,2,-0.00011099482476609524,0.03130493169855086,0.031193936873784762
200,down,2.0,1.01,3,-0.0001159199939490918,0.03130000653450168,0.031184086540552585
200,down,2.0,1.01,4,0.031263905080880366,-0.00015202142444024956,0.031111883656440117
200,down,2.0,1.01,5,0.03050730298432626,-0.0009083682324214237,0.029598934751904837
200,down,2.0,1.01,6,0.03128254796789861,-0.0001333785527594955,0.031149169415139115
200,down,2.0,1.01,7,-0.00011440621106700632,0.03130152031222067,0.031187114101153667
200,down,2.0,1.01,8,0.03127546660488633,-0.00014045991604348275,0.031135006688842847
200,down,2.0,1.01,9,0.031156467902192446,-0.0002594582873612694,0.030897009614831175
200,down,2.0,1.01,10,-0.00020345034459296585,0.031212476008056454,0.031009025663463488
200,down,2.0,1.01,11,0.03104908668560313,-0.00036683769030275925,0.030682248995300372
200,fresh,0.0,1.02,0,0.18993772150550364,0.19004180808369853,0.37997952958920217
200,fresh,0.0,1.02,1,0.19004115909211297,0.19017296469416994,0.38021412378628294
200,fresh,0.0,1.02,2,0.217136914016072,0.19007969761258545,0.4072166116286574
200,fresh,0.0,1.02,3,0.19020931246686149,0.1901533850013627,0.38036269746822415
200,fresh,0.0,1.02,4,0.1902009937149488,0.19029725936800454,0.3804982530829534
200,fresh,0.0,1.02,5,0.19021349588657913,0.19024991225457327,0.3804634081411524
200,fresh,0.0,1.02,6,0.1900306307246966,0.19052165133015214,0.3805522820548487
200,fresh,0.0,1.02,7,0.1917911034228302,0.19104642339108277,0.382837526813913
200,fresh,0.0,1.02,8,0.19010698516101013,0.1902154805113894,0.3803224656723995
200,fresh,0.0,1.02,9,0.19002093919576993,0.19009007145224652,0.38011101064801645
200,fresh,0.0,1.02,10,0.18997476673454236,0.1901645640815704,0.38013933081611273
200,fresh,0.0,1.02,11,0.19025322282380105,0.19000441660718617,0.3802576394309872
200,fresh,0.5,1.02,0,0.06089722499007659,0.060956087691881454,0.12185331268195804
200,fresh,0.5,1.02,1,0.0954527887125399,0.09543946125415817,0.19089224996669807
200,fresh,0.5,1.02,2,0.03800381493032842,0.06647958803518375,0.10448340296551217
200,fresh,0.5,1.02,3,0.09526274480950954,0.09526482878248844,0.19052757359199798
200,fresh,0.5,1.02,4,0.09521900766532307,0.095215754605418,0.19043476227074108
200,fresh,0.5,1.02,5,0.09521898331973225,0.09521782137182529,0.19043680469155755
200,fresh,0.5,1.02,6,0.095968893265104,0.09582165234264178,0.19179054560774578
200,fresh,0.5,1.02,7,0.04339870918795088,0.06418894639521627,0.10758765558316716
200,fresh,0.5,1.02,8,0.09530832591622028,0.09530328262527385,0.19061160854149412
200,fresh,0.5,1.02,9,0.09554126614985728,0.09552675989087808,0.19106802604073536
200,fresh,0.5,1.02,10,0.09787523133433722,0.09694433394789469,0.1948195652822319
200,fresh,0.5,1.02,11,0.0957087557452953,0.09576738610473229,0.1914761418500276
200,fresh,2.0,1.02,0,0.001215550433170316,0.03263147626993269,0.033847026703103
200,fresh,2.0,1.02,1,0.032460563258521764,0.03246056322943291,0.06492112648795467
200,fresh,2.0,1.02,2,0.0012631546909500147,0.0326790778766814,0.03394223256763142
200,fresh,2.0,1.02,3,0.032415709573502774,0.03241570957702845,0.06483141915053123
200,fresh,2.0,1.02,4,0.03238838138781785,0.0323883813781239,0.06477676276594174
200,fresh,2.0,1.02,5,0.03240039672098396,0.03240039671809884,0.0648007934390828
200,fresh,2.0,1.02,6,0.03241291166495347,0.032412911618710114,0.06482582328366358
200,fresh,2.0,1.02,7,0.001751178526433459,0.033160857600566265,0.034912036126999724
200,fresh,2.0,1.02,8,0.032423886760829884,0.03242388675325798,0.06484777351408787
200,fresh,2.0,1.02,9,0.029670442916555972,0.029670443739387178,0.05934088665594315
200,fresh,2.0,1.02,10,0.006078119571267093,0.031003631810436055,0.03708175138170315
200,fresh,2.0,1.02,11,0.03247646576242149,0.03247646582442515,0.06495293158684665
200,up,0.0,1.02,0,0.19026181268115905,0.19026181268115905,0.3805236253623181
200,up,0.0,1.02,1,0.19026181268115905,0.19026181268115905,0.3805236253623181
200,up,0.0,1.02,2,0.19026181268115905,0.19026181268115905,0.3805236253623181
200,up,0.0,1.02,3,0.19026181268115905,0.19026181268115905,0.3805236253623181
200,up,0.0,1.02,4,0.19026181268115905,0.19026181268115905,0.3805236253623181
200,up,0.0,1.02,5,0.19026181268115905,0.19026181268115905,0.3805236253623181
200,up,0.0,1.02,6,0.19026181268115905,0.19026181268115905,0.3805236253623181
200,up,0.0,1.02,7,0.19026181268115905,0.19026181268115905,0.3805236253623181
200,up,0.0,1.02,8,0.19026181268115905,0.19026181268115905,0.3805236253623181
200,up,0.0,1.02,9,0.19026181268115905,0.19026181268115905,0.3805236253623181
200,up,0.0,1.02,10,0.19026181268115905,0.19026181268115905,0.3805236253623181
200,up,0.0,1.02,11,0.19026181268115905,0.19026181268115905,0.3805236253623181
200,up,0.5,1.02,0,0.09489596452196906,0.09489596452196906,0.18979192904393813
200,up,0.5,1.02,1,0.09489596452196877,0.09489596452196877,0.18979192904393755
200,up,0.5,1.02,2,0.09489596452196906,0.09489596452196906,0.18979192904393813
200,up,0.5,1.02,3,0.09489596452196906,0.09489596452196906,0.18979192904393813
200,up,0.5,1.02,4,0.09489596452196906,0.09489596452196906,0.18979192904393813
200,up,0.5,1.02,5,0.09489596452196906,0.09489596452196906,0.18979192904393813
200,up,0.5,1.02,6,0.09489596452196906,0.09489596452196906,0.18979192904393813
200,up,0.5,1.02,7,0.09489596452196906,0.09489596452196906,0.18979192904393813
200,up,0.5,1.02,8,0.09489596452196906,0.09489596452196906,0.18979192904393813
200,up,0.5,1.02,9,0.09489596452196906,0.09489596452196906,0.18979192904393813
200,up,0.5,1.02,10,0.09489596452196906,0.09489596452196906,0.18979192904393813
200,up,0.5,1.02,11,0.09489596452196906,0.09489596452196906,0.18979192904393813
200,up,2.0,1.02,0,0.0545378488944074,0.0545378488944074,0.1090756977888148
200,up,2.0,1.02,1,0.05453784889441954,0.05453784889441952,0.10907569778883905
200,up,2.0,1.02,2,0.0545378488944074,0.0545378488944074,0.1090756977888148
200,up,2.0,1.02,3,0.0545378488944074,0.0545378488944074,0.1090756977888148
200,up,2.0,1.02,4,0.0545378488944074,0.0545378488944074,0.1090756977888148
200,up,2.0,1.02,5,0.0545378488944074,0.0545378488944074,0.1090756977888148
200,up,2.0,1.02,6,0.0545378488944074,0.0545378488944074,0.1090756977888148
200,up,2.0,1.02,7,0.0545378488944074,0.0545378488944074,0.1090756977888148
200,up,2.0,1.02,8,0.0545378488944074,0.0545378488944074,0.1090756977888148
200,up,2.0,1.02,9,0.0545378488944074,0.0545378488944074,0.1090756977888148
200,up,2.0,1.02,10,0.0545378488944074,0.0545378488944074,0.1090756977888148
200,up,2.0,1.02,11,0.0545378488944074,0.0545378488944074,0.1090756977888148
200,down,0.0,1.02,0,0.1899425025897574,0.19017921609355312,0.3801217186833105
200,down,0.0,1.02,1,0.19017469058064193,0.19907430922983735,0.3892489998104793
200,down,0.0,1.02,2,0.19090153044044883,0.1905874021830732,0.381488932623522
200,down,0.0,1.02,3,0.21185670213865251,0.19446225463830616,0.4063189567769587
200,down,0.0,1.02,4,0.20988277686428433,0.21683915820031302,0.4267219350645973
200,down,0.0,1.02,5,0.2126048066220892,0.21573426645695917,0.4283390730790484
200,down,0.0,1.02,6,0.19010930906925297,0.21653973246859096,0.4066490415378439
200,down,0.0,1.02,7,0.1963930975833307,0.20731096157562776,0.40370405915895846
200,down,0.0,1.02,8,0.19119523833159177,0.21291424625143804,0.4041094845830298
200,down,0.0,1.02,9,0.19006087378367398,0.1907726963992002,0.38083357018287417
200,down,0.0,1.02,10,0.18993956334431913,0.19661211556979197,0.38655167891411113
200,down,0.0,1.02,11,0.21586776197524388,0.18999928587532622,0.4058670478505701
200,down,0.5,1.02,0,0.06483633683472646,0.03355489203952118,0.09839122887424764
200,down,0.5,1.02,1,0.063516295392468,0.09101471476855863,0.15453101016102663
200,down,0.5,1.02,2,0.06451410549495734,0.08436741017252927,0.1488815156674866
200,down,0.5,1.02,3,0.060148301633864774,0.05964922601745684,0.11979752765132162
200,down,0.5,1.02,4,0.06342324816542544,0.041899673429148264,0.10532292159457371
200,down,0.5,1.02,5,0.09548592057891767,0.09546352934775598,0.19094944992667365
200,down,0.5,1.02,6,0.06191280990013127,0.06189191188690586,0.12380472178703714
200,down,0.5,1.02,7,0.03350641098702965,0.06467933318982261,0.09818574417685226
200,down,0.5,1.02,8,0.09290911633350958,0.0929008124358262,0.18580992876933577
200,down,0.5,1.02,9,0.06127805316224397,0.06130620312637063,0.12258425628861461
200,down,0.5,1.02,10,0.05836229529212005,0.05955991752538239,0.11792221281750244
200,down,0.5,1.02,11,0.06118896847043459,0.05923360057437606,0.12042256904481065
200,down,2.0,1.02,0,0.005220311346185582,0.03401342548148577,0.03923373682767135
200,down,2.0,1.02,1,0.03482249784149331,0.004467224488376189,0.039289722329869506
200,down,2.0,1.02,2,0.001380516096551503,0.03279641345874097,0.03417692955529247
200,down,2.0,1.02,3,0.0019370996875457535,0.033329936018502336,0.03526703570604809
200,down,2.0,1.02,4,0.03272169349876549,0.0013058818767211734,0.03402757537548667
200,down,2.0,1.02,5,0.029274039856521484,0.02927403985310633,0.05854807970962782
200,down,2.0,1.02,6,0.032623482377427425,0.001207557860281554,0.03383104023770898
200,down,2.0,1.02,7,0.0013021449279483476,0.03271806022851024,0.03402020515645859
200,down,2.0,1.02,8,0.0327216199060453,0.0013058515409957749,0.034027471447041074
200,down,2.0,1.02,9,0.032899988772645654,0.0014840667396265417,0.034384055512272194
200,down,2.0,1.02,10,0.02473072529178012,0.025098392987618467,0.049829118279398586
200,down,2.0,1.02,11,0.03332637231528025,0.00191085910307919,0.035237231418359445
200,fresh,0.0,1.05,0,0.31860882770347343,0.31627968538128665,0.6348885130847601
200,fresh,0.0,1.05,1,0.3162843156308865,0.31574128585081745,0.632025601481704
200,fresh,0.0,1.05,2,0.31575698854493994,0.31605802006050826,0.6318150086054481
200,fresh,0.0,1.05,3,0.31566306835301805,0.31579129539963197,0.63145436375265
200,fresh,0.0,1.05,4,0.31567952313501224,0.31552699739951734,0.6312065205345296
200,fresh,0.0,1.05,5,0.31565508141537535,0.3155926994955013,0.6312477809108766
200,fresh,0.0,1.05,6,0.31636461666807064,0.31534455158184016,0.6317091682499107
200,fresh,0.0,1.05,7,0.31514330970026505,0.3151983996990235,0.6303417093992886
200,fresh,0.0,1.05,8,0.3159408728447073,0.3156513571181662,0.6315922299628736
200,fresh,0.0,1.05,9,0.31644846780913866,0.31601021822533787,0.6324586860344765
200,fresh,0.0,1.05,10,0.31707920750381197,0.3157619690636885,0.6328411765675004
200,fresh,0.0,1.05,11,0.3155875947665129,0.3166201188609986,0.6322077136275115
200,fresh,0.5,1.05,0,0.09436411841450162,0.09654971987150755,0.19091383828600916
200,fresh,0.5,1.05,1,0.1647459682035345,0.15955867683146813,0.3243046450350026
200,fresh,0.5,1.05,2,0.09389850819349398,0.09268084220149252,0.1865793503949865
200,fresh,0.5,1.05,3,0.15928475161258454,0.15941302516067396,0.3186977767732585
200,fresh,0.5,1.05,4,0.1591275676534422,0.1589471351113172,0.31807470276475935
200,fresh,0.5,1.05,5,0.15901273314346565,0.1589616031184911,0.31797433626195676
200,fresh,0.5,1.05,6,0.15463736194032685,0.15392473702066106,0.3085620989609879
200,fresh,0.5,1.05,7,0.09320019478440673,0.09084312034733517,0.1840433151317419
200,fresh,0.5,1.05,8,0.16014919026124497,0.15959983445729972,0.3197490247185447
200,fresh,0.5,1.05,9,0.16661168706957474,0.16062667264766511,0.32723835971723986
200,fresh,0.5,1.05,10,0.15553536682451333,0.15537985256585995,0.31091521939037325
200,fresh,0.5,1.05,11,0.15210821020862336,0.1555415153649491,0.30764972557357245
200,fresh,2.0,1.05,0,0.03281993302614645,0.03281999131765299,0.06563992434379944
200,fresh,2.0,1.05,1,0.06478523704945947,0.06453336393834873,0.1293186009878082
200,fresh,2.0,1.05,2,0.03288927086799368,0.03288927823069382,0.0657785490986875
200,fresh,2.0,1.05,3,0.06569372616499151,0.06588176306575323,0.13157548923074475
200,fresh,2.0,1.05,4,0.06494856163847444,0.06440913310301562,0.12935769474149006
200,fresh,2.0,1.05,5,0.06515105734160803,0.06509992738107714,0.13025098472268518
200,fresh,2.0,1.05,6,0.06469714633051937,0.04998624967337616,0.11468339600389553
200,fresh,2.0,1.05,7,0.03310680789796333,0.03309920057287053,0.06620600847083385
200,fresh,2.0,1.05,8,0.06675871396806489,0.06573611447251243,0.1324948284405773
200,fresh,2.0,1.05,9,0.047115066778114736,0.038523996383194314,0.08563906316130905
200,fresh,2.0,1.05,10,0.05797920127939334,0.026595459244550375,0.08457466052394372
200,fresh,2.0,1.05,11,0.05802645390712081,0.06286045470172832,0.12088690860884913
200,up,0.0,1.05,0,0.3191658515981068,0.3191658515981068,0.6383317031962136
200,up,0.0,1.05,1,0.3191658515981068,0.3191658515981068,0.6383317031962136
200,up,0.0,1.05,2,0.3191658515981068,0.3191658515981068,0.6383317031962136
200,up,0.0,1.05,3,0.3191658515981068,0.3191658515981068,0.6383317031962136
200,up,0.0,1.05,4,0.3191658515981068,0.3191658515981068,0.6383317031962136
200,up,0.0,1.05,5,0.3191658515981068,0.3191658515981068,0.6383317031962136
200,up,0.0,1.05,6,0.3191658515981068,0.3191658515981068,0.6383317031962136
200,up,0.0,1.05,7,0.3191658515981068,0.3191658515981068,0.6383317031962136
200,up,0.0,1.05,8,0.3191658515981068,0.3191658515981068,0.6383317031962136
200,up,0.0,1.05,9,0.3191658515981068,0.3191658515981068,0.6383317031962136
200,up,0.0,1.05,10,0.3191658515981068,0.3191658515981068,0.6383317031962136
200,up,0.0,1.05,11,0.3191658515981068,0.3191658515981068,0.6383317031962136
200,up,0.5,1.05,0,0.1577663803854319,0.1577663803854319,0.3155327607708638
200,up,0.5,1.05,1,0.1577663803854349,0.15776638038543475,0.31553276077086967
200,up,0.5,1.05,2,0.1577663803854319,0.1577663803854319,0.3155327607708638
200,up,0.5,1.05,3,0.1577663803854319,0.1577663803854319,0.3155327607708638
200,up,0.5,1.05,4,0.1577663803854319,0.1577663803854319,0.3155327607708638
200,up,0.5,1.05,5,0.1577663803854319,0.1577663803854319,0.3155327607708638
200,up,0.5,1.05,6,0.1577663803854319,0.1577663803854319,0.3155327607708638
200,up,0.5,1.05,7,0.1577663803854319,0.1577663803854319,0.3155327607708638
200,up,0.5,1.05,8,0.1577663803854319,0.1577663803854319,0.3155327607708638
200,up,0.5,1.05,9,0.1577663803854319,0.1577663803854319,0.3155327607708638
200,up,0.5,1.05,10,0.1577663803854319,0.1577663803854319,0.3155327607708638
200,up,0.5,1.05,11,0.1577663803854319,0.1577663803854319,0.3155327607708638
200,up,2.0,1.05,0,0.06417900902624957,0.06417900902624957,0.12835801805249913
200,up,2.0,1.05,1,0.06417900902625,0.06417900902625,0.1283580180525
200,up,2.0,1.05,2,0.06417900902624957,0.06417900902624957,0.12835801805249913
200,up,2.0,1.05,3,0.06417900902624957,0.06417900902624957,0.12835801805249913
200,up,2.0,1.05,4,0.06417900902624957,0.06417900902624957,0.12835801805249913
200,up,2.0,1.05,5,0.06417900902624957,0.06417900902624957,0.12835801805249913
200,up,2.0,1.05,6,0.06417900902624957,0.06417900902624957,0.12835801805249913
200,up,2.0,1.05,7,0.06417900902624957,0.06417900902624957,0.12835801805249913
200,up,2.0,1.05,8,0.06417900902624957,0.06417900902624957,0.12835801805249913
200,up,2.0,1.05,9,0.06417900902624957,0.06417900902624957,0.12835801805249913
200,up,2.0,1.05,10,0.06417900902624957,0.06417900902624957,0.12835801805249913
200,up,2.0,1.05,11,0.06417900902624957,0.06417900902624957,0.12835801805249913
200,down,0.0,1.05,0,0.3159076854686475,0.3291461126760521,0.6450537981446995
200,down,0.0,1.05,1,0.3289126984868244,0.31902348153304955,0.647936180019874
200,down,0.0,1.05,2,0.31516996737245107,0.33614770450168635,0.6513176718741374
200,down,0.0,1.05,3,0.31694484369960263,0.3218926444131057,0.6388374881127084
200,down,0.0,1.05,4,0.3172410230445303,0.315704520080908,0.6329455431254383
200,down,0.0,1.05,5,0.31681887804048986,0.316116675680712,0.6329355537212018
200,down,0.0,1.05,6,0.3251212928011512,0.3152430501108654,0.6403643429120166
200,down,0.0,1.05,7,0.3151249195727553,0.3151380645340362,0.6302629841067915
200,down,0.0,1.05,8,0.33463440415764806,0.31676364936050505,0.6513980535181532
200,down,0.0,1.05,9,0.3222623232639535,0.33613223695287386,0.6583945602168273
200,down,0.0,1.05,10,0.31700569936262807,0.31999704348573005,0.6370027428483581
200,down,0.0,1.05,11,0.31607554626071876,0.3192716230557733,0.635347169316492
200,down,0.5,1.05,0,0.09139387172416605,0.09318384195224666,0.1845777136764127
200,down,0.5,1.05,1,0.14623727758427493,0.12367313781124324,0.2699104153955182
200,down,0.5,1.05,2,0.12440839808636156,0.09524999825043551,0.21965839633679707
200,down,0.5,1.05,3,0.1550607289156693,0.15511952097091183,0.3101802498865811
200,down,0.5,1.05,4,0.08641903209593466,0.09467440124759378,0.18109343334352845
200,down,0.5,1.05,5,0.15739901464116599,0.15758522461997188,0.31498423926113783
200,down,0.5,1.05,6,0.09911180454297608,0.10814853935186478,0.20726034389484085
200,down,0.5,1.05,7,0.09308123119972493,0.09268369666096418,0.1857649278606891
200,down,0.5,1.05,8,0.12638657658529895,0.1268517131967957,0.2532382897820946
200,down,0.5,1.05,9,0.09369881124519282,0.09381238510089758,0.1875111963460904
200,down,0.5,1.05,10,0.09530767289677612,0.0952794461619834,0.19058711905875952
200,down,0.5,1.05,11,0.11347177215179727,0.09125288185784938,0.20472465400964665
200,down,2.0,1.05,0,0.03266399797679938,0.03266399363161653,0.0653279916084159
200,down,2.0,1.05,1,0.03944319602091497,0.034445979990847204,0.07388917601176218
200,down,2.0,1.05,2,0.0328763878043199,0.03287652310244397,0.06575291090676387
200,down,2.0,1.05,3,0.032730256333148876,0.03273028789180046,0.06546054422494933
200,down,2.0,1.05,4,0.033540991331033186,0.03345408331024373,0.06699507464127691
200,down,2.0,1.05,5,0.03369824983964833,0.033761421631765244,0.06745967147141357
200,down,2.0,1.05,6,0.03377947649232553,0.033761305393638995,0.06754078188596452
200,down,2.0,1.05,7,0.03301585289618629,0.03301624076425412,0.06603209366044041
200,down,2.0,1.05,8,0.033295703903556274,0.03327197978040544,0.06656768368396171
200,down,2.0,1.05,9,0.05797066256619672,0.026562609490530065,0.08453327205672678
200,down,2.0,1.05,10,0.03269873902403063,0.03269872757722126,0.0653974666012519
200,down,2.0,1.05,11,0.057063316608892765,0.02575601577836295,0.08281933238725572
200,fresh,0.0,1.1,0,0.4582779797038134,0.4658756117150071,0.9241535914188205
200,fresh,0.0,1.1,1,0.46586183474023984,0.4673062335547414,0.9331680682949812
200,fresh,0.0,1.1,2,0.452172477958697,0.46650970895186206,0.918682186910559
200,fresh,0.0,1.1,3,0.4674756155348113,0.46719127775250513,0.9346668932873164
200,fresh,0.0,1.1,4,0.467441133516939,0.46773187076880973,0.9351730042857487
200,fresh,0.0,1.1,5,0.46749211474592733,0.46761516789314844,0.9351072826390758
200,fresh,0.0,1.1,6,0.4656198239277408,0.46794689887379076,0.9335667228015316
200,fresh,0.0,1.1,7,0.4674326691659067,0.46781958748858754,0.9352522566544943
200,fresh,0.0,1.1,8,0.46682173655234527,0.4674997537732951,0.9343214903256404
200,fresh,0.0,1.1,9,0.4653612757610254,0.466639180888122,0.9320004566491473
200,fresh,0.0,1.1,10,0.46327964986686127,0.46725927353067265,0.9305389233975339
200,fresh,0.0,1.1,11,0.4676247450187311,0.46481569150911545,0.9324404365278465
200,fresh,0.5,1.1,0,0.15581675015782082,0.1554846499967621,0.3113014001545829
200,fresh,0.5,1.1,1,0.22263237034219727,0.2224058008027987,0.445038171144996
200,fresh,0.5,1.1,2,0.14945178497990258,0.13886144763779404,0.2883132326176966
200,fresh,0.5,1.1,3,0.22208185050188256,0.22209058642810128,0.44417243692998387
200,fresh,0.5,1.1,4,0.2219416840572958,0.22192676813420026,0.44386845219149607
200,fresh,0.5,1.1,5,0.22206768142986255,0.2220645699258732,0.44413225135573575
200,fresh,0.5,1.1,6,0.21712553060274872,0.21478423404914998,0.4319097646518987
200,fresh,0.5,1.1,7,0.1282311513664766,0.15578604687877992,0.2840171982452565
200,fresh,0.5,1.1,8,0.22208345115251535,0.22204826884993684,0.44413172000245216
200,fresh,0.5,1.1,9,0.2228390787080231,0.22263184213927872,0.44547092084730183
200,fresh,0.5,1.1,10,0.2180936921148,0.21745230361731874,0.4355459957321187
200,fresh,0.5,1.1,11,0.2210630934715727,0.22429926338593603,0.44536235685750875
200,fresh,2.0,1.1,0,0.034040777696567236,0.06545502689467293,0.09949580459124016
200,fresh,2.0,1.1,1,0.09197607333598366,0.09197277712871318,0.18394885046469683
200,fresh,2.0,1.1,2,0.0349710714997237,0.06638055037177665,0.10135162187150035
200,fresh,2.0,1.1,3,0.09050644427331818,0.09060300375833591,0.18110944803165407
200,fresh,2.0,1.1,4,0.08992519014357953,0.0896055000025896,0.17953069014616913
200,fresh,2.0,1.1,5,0.0897376996345014,0.08937867620603449,0.17911637584053589
200,fresh,2.0,1.1,6,0.09163725583263077,0.09163642662431488,0.18327368245694564
200,fresh,2.0,1.1,7,0.05911537810900638,0.05911745822972639,0.11823283633873277
200,fresh,2.0,1.1,8,0.09105185256010173,0.0909940008090555,0.18204585336915724
200,fresh,2.0,1.1,9,0.0748278377604118,0.06974600728135387,0.14457384504176568
200,fresh,2.0,1.1,10,0.06083464490762643,0.060832214238364886,0.12166685914599132
200,fresh,2.0,1.1,11,0.09209407541389318,0.09209459938922386,0.18418867480311704
200,up,0.0,1.1,0,0.46450220680403076,0.46450220680403076,0.9290044136080615
200,up,0.0,1.1,1,0.46450220680403076,0.46450220680403076,0.9290044136080615
200,up,0.0,1.1,2,0.46450220680403076,0.46450220680403076,0.9290044136080615
200,up,0.0,1.1,3,0.46450220680403076,0.46450220680403076,0.9290044136080615
200,up,0.0,1.1,4,0.46450220680403076,0.46450220680403076,0.9290044136080615
200,up,0.0,1.1,5,0.46450220680403076,0.46450220680403076,0.9290044136080615
200,up,0.0,1.1,6,0.46450220680403076,0.46450220680403076,0.9290044136080615
200,up,0.0,1.1,7,0.46450220680403076,0.46450220680403076,0.9290044136080615
200,up,0.0,1.1,8,0.46450220680403076,0.46450220680403076,0.9290044136080615
200,up,0.0,1.1,9,0.46450220680403076,0.46450220680403076,0.9290044136080615
200,up,0.0,1.1,10,0.46450220680403076,0.46450220680403076,0.9290044136080615
200,up,0.0,1.1,11,0.46450220680403076,0.46450220680403076,0.9290044136080615
200,up,0.5,1.1,0,0.2366774683591396,0.2366774683591396,0.4733549367182792
200,up,0.5,1.1,1,0.23667746835914072,0.23667746835914072,0.47335493671828144
200,up,0.5,1.1,2,0.2366774683591396,0.2366774683591396,0.4733549367182792
200,up,0.5,1.1,3,0.2366774683591396,0.2366774683591396,0.4733549367182792
200,up,0.5,1.1,4,0.2366774683591396,0.2366774683591396,0.4733549367182792
200,up,0.5,1.1,5,0.2366774683591396,0.2366774683591396,0.4733549367182792
200,up,0.5,1.1,6,0.2366774683591396,0.2366774683591396,0.4733549367182792
200,up,0.5,1.1,7,0.2366774683591396,0.2366774683591396,0.4733549367182792
200,up,0.5,1.1,8,0.2366774683591396,0.2366774683591396,0.4733549367182792
200,up,0.5,1.1,9,0.2366774683591396,0.2366774683591396,0.4733549367182792
200,up,0.5,1.1,10,0.2366774683591396,0.2366774683591396,0.4733549367182792
200,up,0.5,1.1,11,0.2366774683591396,0.2366774683591396,0.4733549367182792
200,up,2.0,1.1,0,0.08625952229600997,0.08625952229600997,0.17251904459201994
200,up,2.0,1.1,1,0.08625952229600856,0.08625952229600856,0.1725190445920171
200,up,2.0,1.1,2,0.08625952229600997,0.08625952229600997,0.17251904459201994
200,up,2.0,1.1,3,0.08625952229600997,0.08625952229600997,0.17251904459201994
200,up,2.0,1.1,4,0.08625952229600997,0.08625952229600997,0.17251904459201994
200,up,2.0,1.1,5,0.08625952229600997,0.08625952229600997,0.17251904459201994
200,up,2.0,1.1,6,0.08625952229600997,0.08625952229600997,0.17251904459201994
200,up,2.0,1.1,7,0.08625952229600997,0.08625952229600997,0.17251904459201994
200,up,2.0,1.1,8,0.08625952229600997,0.08625952229600997,0.17251904459201994
200,up,2.0,1.1,9,0.08625952229600997,0.08625952229600997,0.17251904459201994
200,up,2.0,1.1,10,0.08625952229600997,0.08625952229600997,0.17251904459201994
200,up,2.0,1.1,11,0.08625952229600997,0.08625952229600997,0.17251904459201994
200,down,0.0,1.1,0,0.4662955413152315,0.4553095689147142,0.9216051102299456
200,down,0.0,1.1,1,0.45544453529479484,0.4456362247555501,0.901080760050345
200,down,0.0,1.1,2,0.4678953495038479,0.4487933378871833,0.9166886873910312
200,down,0.0,1.1,3,0.447107330519226,0.44542513769514813,0.8925324682143742
200,down,0.0,1.1,4,0.4466262232807321,0.4582131055530613,0.9048393288337934
200,down,0.0,1.1,5,0.4473877119566362,0.45112269794921644,0.8985104099058526
200,down,0.0,1.1,6,0.4575856989500562,0.46670931948271344,0.9242950184327696
200,down,0.0,1.1,7,0.46789786382980764,0.4677458637668815,0.9356437275966891
200,down,0.0,1.1,8,0.4465225241413725,0.4475303155515974,0.8940528396929699
200,down,0.0,1.1,9,0.45936700427202026,0.4477236781266686,0.9070906823986888
200,down,0.0,1.1,10,0.4644699634714766,0.44550088554980904,0.9099708490212857
200,down,0.0,1.1,11,0.4515817806369739,0.46178679613637885,0.9133685767733528
200,down,0.5,1.1,0,0.15367711935870376,0.13022646754038306,0.2839035868990868
200,down,0.5,1.1,1,0.19468076603876738,0.1954964958163248,0.39017726185509216
200,down,0.5,1.1,2,0.1573182457713341,0.15712741518706877,0.3144456609584029
200,down,0.5,1.1,3,0.21625854085515697,0.1987765297830208,0.4150350706381778
200,down,0.5,1.1,4,0.1568036296300221,0.12623007157022756,0.2830337012002496
200,down,0.5,1.1,5,0.22355088442087037,0.23483431024611548,0.45838519466698585
200,down,0.5,1.1,6,0.15471982640636156,0.15569461517803462,0.3104144415843962
200,down,0.5,1.1,7,0.1257811654415906,0.14951286413915965,0.2752940295807502
200,down,0.5,1.1,8,0.18317768555965472,0.18299426808919178,0.36617195364884647
200,down,0.5,1.1,9,0.15538172263778677,0.12468995063662248,0.28007167327440924
200,down,0.5,1.1,10,0.1830583446330928,0.18393039088311924,0.36698873551621203
200,down,0.5,1.1,11,0.12702293844486293,0.15697310388398533,0.28399604232884823
200,down,2.0,1.1,0,0.05761405662731917,0.057668111864915515,0.11528216849223469
200,down,2.0,1.1,1,0.03466360280855042,0.06602395267648092,0.10068755548503135
200,down,2.0,1.1,2,0.05897035488816641,0.05896941912645957,0.11793977401462598
200,down,2.0,1.1,3,0.057966833894622025,0.05817853597227099,0.11614536986689301
200,down,2.0,1.1,4,0.05936205122644452,0.059293817552772056,0.11865586877921658
200,down,2.0,1.1,5,0.06587564677409602,0.0658757445196062,0.13175139129370222
200,down,2.0,1.1,6,0.05814488370968547,0.05816568732038746,0.11631057103007293
200,down,2.0,1.1,7,0.05896173209302205,0.058960192178642075,0.11792192427166412
200,down,2.0,1.1,8,0.05917200017634343,0.05911518653244002,0.11828718670878345
200,down,2.0,1.1,9,0.03497138735354611,0.06625489194966008,0.10122627930320618
200,down,2.0,1.1,10,0.05633372227449471,0.056885732387407156,0.11321945466190186
200,down,2.0,1.1,11,0.05145284496177183,0.05725718842067124,0.10871003338244307
200,fresh,0.0,1.2,0,0.6698931017818452,0.6664568694207702,1.3363499712026154
200,fresh,0.0,1.2,1,0.6664892015722352,0.6628638297160632,1.3293530312882984
200,fresh,0.0,1.2,2,0.6610191720118014,0.6648781514728976,1.325897323484699
200,fresh,0.0,1.2,3,0.6624616417099374,0.6631434464123849,1.3256050881223223
200,fresh,0.0,1.2,4,0.662542613135579,0.6618671013980771,1.3244097145336562
200,fresh,0.0,1.2,5,0.6624230445676783,0.6621374889810546,1.324560533548733
200,fresh,0.0,1.2,6,0.6670377000181539,0.6612731501888344,1.3283108502069882
200,fresh,0.0,1.2,7,0.6608610177139426,0.6609505442134016,1.321811561927344
200,fresh,0.0,1.2,8,0.664073744521204,0.6624052046403445,1.3264789491615485
200,fresh,0.0,1.2,9,0.6675783303950752,0.6645440097805491,1.3321223401756241
200,fresh,0.0,1.2,10,0.6701223280929534,0.6629774005781102,1.3330997286710635
200,fresh,0.0,1.2,11,0.6621153695647554,0.668547985920696,1.3306633554854512
200,fresh,0.5,1.2,0,0.2756024689769186,0.2511307830699143,0.5267332520468329
200,fresh,0.5,1.2,1,0.3183316792839874,0.3184346118926029,0.6367662911765903
200,fresh,0.5,1.2,2,0.2217080613667888,0.22289689784063466,0.4446049592074235
200,fresh,0.5,1.2,3,0.3376243864852458,0.33667924598748383,0.6743036324727296
200,fresh,0.5,1.2,4,0.33269238813666613,0.3360533909126726,0.6687457790493387
200,fresh,0.5,1.2,5,0.33888516134903574,0.33912792330938835,0.678013084658424
200,fresh,0.5,1.2,6,0.310979333706751,0.30969451497511924,0.6206738486818703
200,fresh,0.5,1.2,7,0.27338707601040046,0.2720595889411385,0.545446664951539
200,fresh,0.5,1.2,8,0.32438353997315006,0.32972542936179056,0.6541089693349407
200,fresh,0.5,1.2,9,0.3193696686636629,0.31970149233444856,0.6390711609981115
200,fresh,0.5,1.2,10,0.3123224238833206,0.3109996973765934,0.623322121259914
200,fresh,0.5,1.2,11,0.3151804592161563,0.3238048110289036,0.6389852702450599
200,fresh,2.0,1.2,0,0.0651495058392323,0.09648903548181983,0.16163854132105215
200,fresh,2.0,1.2,1,0.13052978010114719,0.12998740626661043,0.2605171863677576
200,fresh,2.0,1.2,2,0.06564448704754838,0.09692182090303969,0.16256630795058807
200,fresh,2.0,1.2,3,0.12842538994613073,0.1284260856122456,0.25685147555837634
200,fresh,2.0,1.2,4,0.12810593929704026,0.12810252686670004,0.25620846616374027
200,fresh,2.0,1.2,5,0.12821116910882527,0.1282108445250446,0.25642201363386985
200,fresh,2.0,1.2,6,0.126293516573011,0.12078853091532225,0.24708204748833323
200,fresh,2.0,1.2,7,0.07005216911833895,0.0953496991440279,0.16540186826236686
200,fresh,2.0,1.2,8,0.12860692543651017,0.128603704994585,0.25721063043109516
200,fresh,2.0,1.2,9,0.12207594958220465,0.12207741121092561,0.24415336079313027
200,fresh,2.0,1.2,10,0.09385382312244342,0.09662192077416122,0.19047574389660465
200,fresh,2.0,1.2,11,0.125423795510885,0.13084176651213958,0.2562655620230246
200,up,0.0,1.2,0,0.6614463022293807,0.6614463022293807,1.3228926044587614
200,up,0.0,1.2,1,0.6614463022293807,0.6614463022293807,1.3228926044587614
200,up,0.0,1.2,2,0.6614463022293807,0.6614463022293807,1.3228926044587614
200,up,0.0,1.2,3,0.6614463022293807,0.6614463022293807,1.3228926044587614
200,up,0.0,1.2,4,0.6614463022293807,0.6614463022293807,1.3228926044587614
200,up,0.0,1.2,5,0.6614463022293807,0.6614463022293807,1.3228926044587614
200,up,0.0,1.2,6,0.6614463022293807,0.6614463022293807,1.3228926044587614
200,up,0.0,1.2,7,0.6614463022293807,0.6614463022293807,1.3228926044587614
200,up,0.0,1.2,8,0.6614463022293807,0.6614463022293807,1.3228926044587614
200,up,0.0,1.2,9,0.6614463022293807,0.6614463022293807,1.3228926044587614
200,up,0.0,1.2,10,0.6614463022293807,0.6614463022293807,1.3228926044587614
200,up,0.0,1.2,11,0.6614463022293807,0.6614463022293807,1.3228926044587614
200,up,0.5,1.2,0,0.3385114612017483,0.3385114612017483,0.6770229224034966
200,up,0.5,1.2,1,0.33851146120174663,0.33851146120174663,0.6770229224034933
200,up,0.5,1.2,2,0.3385114612017483,0.3385114612017483,0.6770229224034966
200,up,0.5,1.2,3,0.3385114612017483,0.3385114612017483,0.6770229224034966
200,up,0.5,1.2,4,0.3385114612017483,0.3385114612017483,0.6770229224034966
200,up,0.5,1.2,5,0.3385114612017483,0.3385114612017483,0.6770229224034966
200,up,0.5,1.2,6,0.3385114612017483,0.3385114612017483,0.6770229224034966
200,up,0.5,1.2,7,0.3385114612017483,0.3385114612017483,0.6770229224034966
200,up,0.5,1.2,8,0.3385114612017483,0.3385114612017483,0.6770229224034966
200,up,0.5,1.2,9,0.3385114612017483,0.3385114612017483,0.6770229224034966
200,up,0.5,1.2,10,0.3385114612017483,0.3385114612017483,0.6770229224034966
200,up,0.5,1.2,11,0.3385114612017483,0.3385114612017483,0.6770229224034966
200,up,2.0,1.2,0,0.1284477701729687,0.1284477701729687,0.2568955403459374
200,up,2.0,1.2,1,0.1284477701729704,0.12844777017297027,0.25689554034594064
200,up,2.0,1.2,2,0.1284477701729687,0.1284477701729687,0.2568955403459374
200,up,2.0,1.2,3,0.1284477701729687,0.1284477701729687,0.2568955403459374
200,up,2.0,1.2,4,0.1284477701729687,0.1284477701729687,0.2568955403459374
200,up,2.0,1.2,5,0.1284477701729687,0.1284477701729687,0.2568955403459374
200,up,2.0,1.2,6,0.1284477701729687,0.1284477701729687,0.2568955403459374
200,up,2.0,1.2,7,0.1284477701729687,0.1284477701729687,0.2568955403459374
200,up,2.0,1.2,8,0.1284477701729687,0.1284477701729687,0.2568955403459374
200,up,2.0,1.2,9,0.1284477701729687,0.1284477701729687,0.2568955403459374
200,up,2.0,1.2,10,0.1284477701729687,0.1284477701729687,0.2568955403459374
200,up,2.0,1.2,11,0.1284477701729687,0.1284477701729687,0.2568955403459374
200,down,0.0,1.2,0,0.6615514728899847,0.6609752708191218,1.3225267437091066
200,down,0.0,1.2,1,0.6609773239064839,0.6608694952212727,1.3218468191277566
200,down,0.0,1.2,2,0.6640119356631488,0.6608787131157521,1.3248906487789007
200,down,0.0,1.2,3,0.6609825101695822,0.6608393883158271,1.3218218984854093
200,down,0.0,1.2,4,0.6609494891723807,0.6616564138823628,1.3226059030547437
200,down,0.0,1.2,5,0.6610008447378186,0.6612138174643246,1.3222146622021431
200,down,0.0,1.2,6,0.6610124939657953,0.6665419051279082,1.3275543990937035
200,down,0.0,1.2,7,0.6686853689815894,0.6703888939811486,1.339074262962738
200,down,0.0,1.2,8,0.6608391611561808,0.6610099580589929,1.3218491192151736
200,down,0.0,1.2,9,0.6610480099707945,0.6608605523849894,1.3219085623557838
200,down,0.0,1.2,10,0.6612646960796575,0.6608541569169291,1.3221188529965866
200,down,0.0,1.2,11,0.6612382972075477,0.6611158301980038,1.3223541274055515
200,down,0.5,1.2,0,0.25512016403244275,0.25223535004980246,0.5073555140822452
200,down,0.5,1.2,1,0.31810830540461493,0.3181019928829704,0.6362102982875854
200,down,0.5,1.2,2,0.24771935300785686,0.2196998217366024,0.46741917474445926
200,down,0.5,1.2,3,0.3163019715386804,0.31583699875506455,0.632138970293745
200,down,0.5,1.2,4,0.31485826772572184,0.3148163872763155,0.6296746550020373
200,down,0.5,1.2,5,0.3199605416454165,0.31983824401000105,0.6397987856554175
200,down,0.5,1.2,6,0.2738191520310812,0.27548559580495807,0.5493047478360393
200,down,0.5,1.2,7,0.2988935531391508,0.3087289123276639,0.6076224654668148
200,down,0.5,1.2,8,0.3203831585452258,0.31761318820155454,0.6379963467467804
200,down,0.5,1.2,9,0.2203071878612451,0.2218436300203092,0.4421508178815543
200,down,0.5,1.2,10,0.24961869977285234,0.25056346620828324,0.5001821659811356
200,down,0.5,1.2,11,0.2182142507568142,0.21868868369973712,0.4369029344565513
200,down,2.0,1.2,0,0.0709479866441491,0.09447278134904522,0.16542076799319433
200,down,2.0,1.2,1,0.09627372016716365,0.06488784174672801,0.16116156191389167
200,down,2.0,1.2,2,0.06519833060195737,0.09653326931965438,0.16173159992161174
200,down,2.0,1.2,3,0.12692318280326617,0.12692407295246141,0.2538472557557276
200,down,2.0,1.2,4,0.1293125656704076,0.12927470047676862,0.2585872661471762
200,down,2.0,1.2,5,0.0965647922737098,0.12128934816808154,0.21785414044179136
200,down,2.0,1.2,6,0.0962107240100957,0.06482098418212218,0.16103170819221788
200,down,2.0,1.2,7,0.0651605614103839,0.09651440873032968,0.16167497014071358
200,down,2.0,1.2,8,0.12910747836387146,0.12908729749951647,0.2581947758633879
200,down,2.0,1.2,9,0.09627233882760095,0.06487041669657742,0.16114275552417837
200,down,2.0,1.2,10,0.07963618005879212,0.08876603109668522,0.16840221115547735
200,down,2.0,1.2,11,0.09708848892447562,0.06570899657945191,0.16279748550392753
200,fresh,0.0,1.5,0,1.1122379650075462,1.1198796601509908,2.232117625158537
200,fresh,0.0,1.5,1,1.1198438581470151,1.1237556296936626,2.2435994878406778
200,fresh,0.0,1.5,2,1.1134129415117875,1.121621183232974,2.235034124744762
200,fresh,0.0,1.5,3,1.124107992828547,1.1234829806647537,2.247590973493301
200,fresh,0.0,1.5,4,1.124042201469149,1.1244432829965703,2.248485484465719
200,fresh,0.0,1.5,5,1.124138193824435,1.1243317951020175,2.248469988926453
200,fresh,0.0,1.5,6,1.1192339334844064,1.1240464994489807,2.2432804329333873
200,fresh,0.0,1.5,7,1.1206384090404293,1.1222950129279585,2.242933421968388
200,fresh,0.0,1.5,8,1.1225022246701444,1.124151879050865,2.2466541037210095
200,fresh,0.0,1.5,9,1.1186248031511576,1.1219884872291777,2.2406132903803355
200,fresh,0.0,1.5,10,1.115231350717725,1.123646923562356,2.238878274280081
200,fresh,0.0,1.5,11,1.1243440762161612,1.1174893472051712,2.2418334234213324
200,fresh,0.5,1.5,0,0.5027348139421414,0.5034471393868416,1.006181953328983
200,fresh,0.5,1.5,1,0.5415255728716548,0.5437780337547037,1.0853036066263586
200,fresh,0.5,1.5,2,0.43477714376228116,0.43737656849267686,0.8721537122549581
200,fresh,0.5,1.5,3,0.5608466995884419,0.5611806231471244,1.1220273227355664
200,fresh,0.5,1.5,4,0.5604841470835109,0.5600463588210239,1.1205305059045347
200,fresh,0.5,1.5,5,0.5605804512894652,0.5601318094455451,1.1207122607350102
200,fresh,0.5,1.5,6,0.5078233821884196,0.5076114679208502,1.0154348501092698
200,fresh,0.5,1.5,7,0.5399977527701643,0.5381650926360209,1.0781628454061851
200,fresh,0.5,1.5,8,0.5596289978124804,0.5598517164109547,1.119480714223435
200,fresh,0.5,1.5,9,0.5518211556421785,0.556874358543585,1.1086955141857635
200,fresh,0.5,1.5,10,0.5291152658915133,0.5295091764907016,1.0586244423822149
200,fresh,0.5,1.5,11,0.5287466213669001,0.5315854624992622,1.0603320838661623
200,fresh,2.0,1.5,0,0.15517429302887698,0.1549112675740387,0.3100855606029157
200,fresh,2.0,1.5,1,0.21857231836940647,0.21638960639481003,0.43496192476421647
200,fresh,2.0,1.5,2,0.15581689977789917,0.16194306694915028,0.3177599667270494
200,fresh,2.0,1.5,3,0.22322852065915563,0.22353000977540483,0.4467585304345605
200,fresh,2.0,1.5,4,0.221460325526178,0.2205078499039681,0.4419681754301461
200,fresh,2.0,1.5,5,0.22282974132145042,0.22274595207988157,0.44557569340133196
200,fresh,2.0,1.5,6,0.21214310332392342,0.21240300238235338,0.4245461057062768
200,fresh,2.0,1.5,7,0.16336718907306003,0.14405001474840318,0.3074172038214632
200,fresh,2.0,1.5,8,0.22441920819597655,0.2221876628978729,0.44660687109384944
200,fresh,2.0,1.5,9,0.2137044750870903,0.21389170896900123,0.42759618405609157
200,fresh,2.0,1.5,10,0.18782353478062042,0.1852400899573091,0.37306362473792953
200,fresh,2.0,1.5,11,0.21573749407656073,0.21576849499078726,0.431505989067348
200,up,0.0,1.5,0,1.117761159083618,1.117761159083618,2.235522318167236
200,up,0.0,1.5,1,1.117761159083618,1.117761159083618,2.235522318167236
200,up,0.0,1.5,2,1.117761159083618,1.117761159083618,2.235522318167236
200,up,0.0,1.5,3,1.117761159083618,1.117761159083618,2.235522318167236
200,up,0.0,1.5,4,1.117761159083618,1.117761159083618,2.235522318167236
200,up,0.0,1.5,5,1.117761159083618,1.117761159083618,2.235522318167236
200,up,0.0,1.5,6,1.117761159083618,1.117761159083618,2.235522318167236
200,up,0.0,1.5,7,1.117761159083618,1.117761159083618,2.235522318167236
200,up,0.0,1.5,8,1.117761159083618,1.117761159083618,2.235522318167236
200,up,0.0,1.5,9,1.117761159083618,1.117761159083618,2.235522318167236
200,up,0.0,1.5,10,1.117761159083618,1.117761159083618,2.235522318167236
200,up,0.0,1.5,11,1.117761159083618,1.117761159083618,2.235522318167236
200,up,0.5,1.5,0,0.5570221641771576,0.5570221641771576,1.114044328354315
200,up,0.5,1.5,1,0.5570221641771602,0.5570221641771602,1.1140443283543204
200,up,0.5,1.5,2,0.5570221641771576,0.5570221641771576,1.114044328354315
200,up,0.5,1.5,3,0.5570221641771576,0.5570221641771576,1.114044328354315
200,up,0.5,1.5,4,0.5570221641771576,0.5570221641771576,1.114044328354315
200,up,0.5,1.5,5,0.5570221641771576,0.5570221641771576,1.114044328354315
200,up,0.5,1.5,6,0.5570221641771576,0.5570221641771576,1.114044328354315
200,up,0.5,1.5,7,0.5570221641771576,0.5570221641771576,1.114044328354315
200,up,0.5,1.5,8,0.5570221641771576,0.5570221641771576,1.114044328354315
200,up,0.5,1.5,9,0.5570221641771576,0.5570221641771576,1.114044328354315
200,up,0.5,1.5,10,0.5570221641771576,0.5570221641771576,1.114044328354315
200,up,0.5,1.5,11,0.5570221641771576,0.5570221641771576,1.114044328354315
200,up,2.0,1.5,0,0.2219119365631812,0.2219119365631812,0.4438238731263624
200,up,2.0,1.5,1,0.2219119365631829,0.2219119365631829,0.4438238731263658
200,up,2.0,1.5,2,0.2219119365631812,0.2219119365631812,0.4438238731263624
200,up,2.0,1.5,3,0.2219119365631812,0.2219119365631812,0.4438238731263624
200,up,2.0,1.5,4,0.2219119365631812,0.2219119365631812,0.4438238731263624
200,up,2.0,1.5,5,0.2219119365631812,0.2219119365631812,0.4438238731263624
200,up,2.0,1.5,6,0.2219119365631812,0.2219119365631812,0.4438238731263624
200,up,2.0,1.5,7,0.2219119365631812,0.2219119365631812,0.4438238731263624
200,up,2.0,1.5,8,0.2219119365631812,0.2219119365631812,0.4438238731263624
200,up,2.0,1.5,9,0.2219119365631812,0.2219119365631812,0.4438238731263624
200,up,2.0,1.5,10,0.2219119365631812,0.2219119365631812,0.4438238731263624
200,up,2.0,1.5,11,0.2219119365631812,0.2219119365631812,0.4438238731263624
200,down,0.0,1.5,0,1.1227755054214543,1.1244320125444467,2.247207517965901
200,down,0.0,1.5,1,1.1244299917196106,1.1231716101858302,2.2476016019054406
200,down,0.0,1.5,2,1.1144493305086725,1.1244153438153535,2.238864674324026
200,down,0.0,1.5,3,1.12218130019681,1.1235849492059435,2.2457662494027533
200,down,0.0,1.5,4,1.1224330403930134,1.1188417749752335,2.241274815368247
200,down,0.0,1.5,5,1.1220493024566838,1.1207628681233563,2.24281217058004
200,down,0.0,1.5,6,1.1243862986761177,1.1123087443082114,2.236695042984329
200,down,0.0,1.5,7,1.1105232218331513,1.1102522939008894,2.220775515734041
200,down,0.0,1.5,8,1.1242358148572429,1.1219854471688473,2.24622126202609
200,down,0.0,1.5,9,1.1243276785207201,1.1243640372479415,2.2486917157686617
200,down,0.0,1.5,10,1.1237778596603112,1.1233592990376662,2.2471371586979774
200,down,0.0,1.5,11,1.120635353141861,1.1241854380567462,2.244820791198607
200,down,0.5,1.5,0,0.46258951865454806,0.47166786520749926,0.9342573838620474
200,down,0.5,1.5,1,0.5423091953260317,0.5488658325765065,1.0911750279025383
200,down,0.5,1.5,2,0.4398048835529346,0.4401839481563576,0.8799888317092922
200,down,0.5,1.5,3,0.5606843997120652,0.5610656735264209,1.121750073238486
200,down,0.5,1.5,4,0.560950846821309,0.560940358954752,1.121891205776061
200,down,0.5,1.5,5,0.5589748289939388,0.5577630214021599,1.1167378503960987
200,down,0.5,1.5,6,0.5067770069112612,0.502867381031412,1.0096443879426733
200,down,0.5,1.5,7,0.5598197523177837,0.5600774046532965,1.11989715697108
200,down,0.5,1.5,8,0.5361030383392582,0.5427401134051414,1.0788431517443997
200,down,0.5,1.5,9,0.5239187704185773,0.5108780573781465,1.0347968277967237
200,down,0.5,1.5,10,0.4454462922049953,0.4592144560561948,0.9046607482611901
200,down,0.5,1.5,11,0.4441371757792578,0.44148395090696596,0.8856211266862237
200,down,2.0,1.5,0,0.1554690115640483,0.15468557992134493,0.31015459148539326
200,down,2.0,1.5,1,0.15565204259954457,0.1557654258193746,0.31141746841891915
200,down,2.0,1.5,2,0.16406445022660535,0.14175027645501984,0.3058147266816252
200,down,2.0,1.5,3,0.22317790775797164,0.22345414267160663,0.44663205042957826
200,down,2.0,1.5,4,0.22024742465495778,0.22203243124510336,0.44227985590006114
200,down,2.0,1.5,5,0.22258331811136997,0.22252445039184635,0.4451077685032163
200,down,2.0,1.5,6,0.14999366910068232,0.15726202622160457,0.3072556953222869
200,down,2.0,1.5,7,0.16347451290727022,0.14311826341945122,0.30659277632672144
200,down,2.0,1.5,8,0.22059679287515024,0.2232800213206866,0.44387681419583686
200,down,2.0,1.5,9,0.21271994473281766,0.21268315718178443,0.42540310191460207
200,down,2.0,1.5,10,0.15628307869897567,0.15621120366484248,0.31249428236381815
200,down,2.0,1.5,11,0.1962647266941093,0.19624839937230149,0.39251312606641076
200,fresh,0.0,2.0,0,1.7338005433371615,1.7345339162944384,3.4683344596316
200,fresh,0.0,2.0,1,1.7345450456482852,1.7318756752640418,3.466420720912327
200,fresh,0.0,2.0,2,1.7308823908918416,1.7337295647780544,3.4646119556698958
200,fresh,0.0,2.0,3,1.7314367792021839,1.7321778775904013,3.4636146567925854
200,fresh,0.0,2.0,4,1.7315246669250033,1.7308283148106856,3.462352981735689
200,fresh,0.0,2.0,5,1.7313951021719356,1.7310939560673035,3.462489058239239
200,fresh,0.0,2.0,6,1.7347058743975876,1.7303832742624454,3.465089148660033
200,fresh,0.0,2.0,7,1.7303760236945012,1.7303176525743966,3.460693676268898
200,fresh,0.0,2.0,8,1.7330954448966707,1.7313758959471455,3.464471340843816
200,fresh,0.0,2.0,9,1.734816414219751,1.7334856507178518,3.468302064937603
200,fresh,0.0,2.0,10,1.7347209403876462,1.7319992022210897,3.466720142608736
200,fresh,0.0,2.0,11,1.731071353180979,1.734906903844398,3.4659782570253768
200,fresh,0.5,2.0,0,0.8323939736393692,0.8215311717406706,1.6539251453800397
200,fresh,0.5,2.0,1,0.85180663165643,0.8506595609760992,1.7024661926325293
200,fresh,0.5,2.0,2,0.7538351143363794,0.7528366631465566,1.5066717774829361
200,fresh,0.5,2.0,3,0.866907425734675,0.8643192280706419,1.731226653805317
200,fresh,0.5,2.0,4,0.8588245598300662,0.8626219684421497,1.721446528272216
200,fresh,0.5,2.0,5,0.8692456707358904,0.869822407553,1.7390680782888905
200,fresh,0.5,2.0,6,0.7980340451408056,0.8096886718198956,1.6077227169607011
200,fresh,0.5,2.0,7,0.8656904605517731,0.8627074044961437,1.7283978650479168
200,fresh,0.5,2.0,8,0.8546157087602377,0.8545785451897818,1.7091942539500196
200,fresh,0.5,2.0,9,0.8563758688523575,0.8545685827622199,1.7109444516145773
200,fresh,0.5,2.0,10,0.8281021995302058,0.8208837616077241,1.6489859611379298
200,fresh,0.5,2.0,11,0.8210048068790547,0.825418734065708,1.6464235409447627
200,fresh,2.0,2.0,0,0.2680552542728368,0.26649592256424937,0.5345511768370861
200,fresh,2.0,2.0,1,0.3409643857356324,0.3408036032049198,0.6817679889405522
200,fresh,2.0,2.0,2,0.26406185465619,0.27747978695413955,0.5415416416103296
200,fresh,2.0,2.0,3,0.3456693416448393,0.34571188718700574,0.691381228831845
200,fresh,2.0,2.0,4,0.34283838800294214,0.3389871641195538,0.681825552122496
200,fresh,2.0,2.0,5,0.34617244005350484,0.3459758545147821,0.6921482945682869
200,fresh,2.0,2.0,6,0.31965364939870367,0.31864074335897036,0.6382943927576741
200,fresh,2.0,2.0,7,0.25328240438412186,0.2806329590603174,0.5339153634444392
200,fresh,2.0,2.0,8,0.3440235267663875,0.34127813017868597,0.6853016569450734
200,fresh,2.0,2.0,9,0.3348331641898374,0.3378877013060627,0.6727208654959
200,fresh,2.0,2.0,10,0.3119517418986297,0.3104158555477104,0.6223675974463401
200,fresh,2.0,2.0,11,0.3282254794505134,0.3232719922386913,0.6514974716892047
200,up,0.0,2.0,0,1.731549946425781,1.731549946425781,3.463099892851562
200,up,0.0,2.0,1,1.731549946425781,1.731549946425781,3.463099892851562
200,up,0.0,2.0,2,1.731549946425781,1.731549946425781,3.463099892851562
200,up,0.0,2.0,3,1.731549946425781,1.731549946425781,3.463099892851562
200,up,0.0,2.0,4,1.731549946425781,1.731549946425781,3.463099892851562
200,up,0.0,2.0,5,1.731549946425781,1.731549946425781,3.463099892851562
200,up,0.0,2.0,6,1.731549946425781,1.731549946425781,3.463099892851562
200,up,0.0,2.0,7,1.731549946425781,1.731549946425781,3.463099892851562
200,up,0.0,2.0,8,1.731549946425781,1.731549946425781,3.463099892851562
200,up,0.0,2.0,9,1.731549946425781,1.731549946425781,3.463099892851562
200,up,0.0,2.0,10,1.731549946425781,1.731549946425781,3.463099892851562
200,up,0.0,2.0,11,1.731549946425781,1.731549946425781,3.463099892851562
200,up,0.5,2.0,0,0.8702864293408765,0.8702864293408765,1.740572858681753
200,up,0.5,2.0,1,0.8702864293408709,0.8702864293408709,1.7405728586817417
200,up,0.5,2.0,2,0.8702864293408765,0.8702864293408765,1.740572858681753
200,up,0.5,2.0,3,0.8702864293408765,0.8702864293408765,1.740572858681753
200,up,0.5,2.0,4,0.8702864293408765,0.8702864293408765,1.740572858681753
200,up,0.5,2.0,5,0.8702864293408765,0.8702864293408765,1.740572858681753
200,up,0.5,2.0,6,0.8702864293408765,0.8702864293408765,1.740572858681753
200,up,0.5,2.0,7,0.8702864293408765,0.8702864293408765,1.740572858681753
200,up,0.5,2.0,8,0.8702864293408765,0.8702864293408765,1.740572858681753
200,up,0.5,2.0,9,0.8702864293408765,0.8702864293408765,1.740572858681753
200,up,0.5,2.0,10,0.8702864293408765,0.8702864293408765,1.740572858681753
200,up,0.5,2.0,11,0.8702864293408765,0.8702864293408765,1.740572858681753
200,up,2.0,2.0,0,0.3462188510818538,0.3462188510818538,0.6924377021637076
200,up,2.0,2.0,1,0.3462188510818547,0.3462188510818547,0.6924377021637094
200,up,2.0,2.0,2,0.3462188510818538,0.3462188510818538,0.6924377021637076
200,up,2.0,2.0,3,0.3462188510818538,0.3462188510818538,0.6924377021637076
200,up,2.0,2.0,4,0.3462188510818538,0.3462188510818538,0.6924377021637076
200,up,2.0,2.0,5,0.3462188510818538,0.3462188510818538,0.6924377021637076
200,up,2.0,2.0,6,0.3462188510818538,0.3462188510818538,0.6924377021637076
200,up,2.0,2.0,7,0.3462188510818538,0.3462188510818538,0.6924377021637076
200,up,2.0,2.0,8,0.3462188510818538,0.3462188510818538,0.6924377021637076
200,up,2.0,2.0,9,0.3462188510818538,0.3462188510818538,0.6924377021637076
200,up,2.0,2.0,10,0.3462188510818538,0.3462188510818538,0.6924377021637076
200,up,2.0,2.0,11,0.3462188510818538,0.3462188510818538,0.6924377021637076
200,down,0.0,2.0,0,1.7338005433371864,1.7345339162944151,3.4683344596316017
200,down,0.0,2.0,1,1.7345450456482856,1.73187567526398,3.4664207209122653
200,down,0.0,2.0,2,1.7308823908917805,1.7337295647780138,3.4646119556697945
200,down,0.0,2.0,3,1.7314367792021712,1.732177877590387,3.4636146567925583
200,down,0.0,2.0,4,1.7315246669249944,1.7308283148106813,3.462352981735676
200,down,0.0,2.0,5,1.7313951021719174,1.7310939560672853,3.4624890582392025
200,down,0.0,2.0,6,1.734705874397548,1.7303832742624297,3.4650891486599775
200,down,0.0,2.0,7,1.730376023694506,1.7303176525744,3.460693676268906
200,down,0.0,2.0,8,1.7330954448967435,1.731375895947183,3.4644713408439265
200,down,0.0,2.0,9,1.7348164142197373,1.733485650717883,3.46830206493762
200,down,0.0,2.0,10,1.734720940387636,1.7319992022210773,3.4667201426087133
200,down,0.0,2.0,11,1.7310713531809656,1.7349069038443699,3.4659782570253355
200,down,0.5,2.0,0,0.8323939736393684,0.8215311717406668,1.6539251453800352
200,down,0.5,2.0,1,0.8518066316565196,0.8506595609761479,1.7024661926326674
200,down,0.5,2.0,2,0.7538351143363785,0.7528366631465708,1.5066717774829494
200,down,0.5,2.0,3,0.8669074257346752,0.864319228070642,1.7312266538053172
200,down,0.5,2.0,4,0.8588245598300666,0.86262196844215,1.7214465282722164
200,down,0.5,2.0,5,0.8692456707358815,0.8698224075529924,1.739068078288874
200,down,0.5,2.0,6,0.798034045140587,0.8096886718198768,1.6077227169604638
200,down,0.5,2.0,7,0.8656904605517797,0.8627074044961672,1.7283978650479468
200,down,0.5,2.0,8,0.85461570876024,0.8545785451897835,1.7091942539500233
200,down,0.5,2.0,9,0.8563758688523532,0.8545685827622168,1.71094445161457
200,down,0.5,2.0,10,0.8281021995301976,0.8208837616077134,1.648985961137911
200,down,0.5,2.0,11,0.8210048068790446,0.8254187340656953,1.64642354094474
200,down,2.0,2.0,0,0.26805525427283244,0.2664959225642607,0.5345511768370932
200,down,2.0,2.0,1,0.34096438573563675,0.3408036032049242,0.681767988940561
200,down,2.0,2.0,2,0.2640618546561972,0.27747978695414666,0.5415416416103438
200,down,2.0,2.0,3,0.3456693416448391,0.3457118871870027,0.6913812288318417
200,down,2.0,2.0,4,0.3428383880029399,0.33898716411954327,0.6818255521224832
200,down,2.0,2.0,5,0.3461724400535056,0.34597585451478285,0.6921482945682884
200,down,2.0,2.0,6,0.31965364939870233,0.318640743358971,0.6382943927576734
200,down,2.0,2.0,7,0.25328240438412225,0.28063295906031654,0.5339153634444388
200,down,2.0,2.0,8,0.34402352676638875,0.3412781301786895,0.6853016569450783
200,down,2.0,2.0,9,0.3348331641898379,0.3378877013060641,0.672720865495902
200,down,2.0,2.0,10,0.3119517418986533,0.3104158555477323,0.6223675974463856
200,down,2.0,2.0,11,0.3282254794504839,0.32327199223868797,0.6514974716891719
400,fresh,0.0,0.0,0,-1.6296360458876335e-89,7.136317807859291e-89,5.506681761971658e-89
400,fresh,0.0,0.0,1,7.417877664799032e-89,5.320917638460927e-90,7.949969428645125e-89
400,fresh,0.0,0.0,2,-6.404058862367767e-90,2.0576257193853527e-89,1.417219833148576e-89
400,fresh,0.0,0.0,3,3.473172213858606e-90,6.72974799981565e-90,1.0202920213674257e-89
400,fresh,0.0,0.0,4,3.831448174889091e-90,9.753428651021753e-91,4.806791039991266e-90
400,fresh,0.0,0.0,5,3.304429483653606e-90,2.0896118308523966e-90,5.394041314506003e-90
400,fresh,0.0,0.0,6,1.967676734972362e-88,-1.528320162904679e-90,1.9523935333433152e-88
400,fresh,0.0,0.0,7,-4.037293362253628e-90,-3.2558571092103204e-90,-7.293150471463949e-90
400,fresh,0.0,0.0,8,1.2630554946187877e-89,3.2268533212055005e-90,1.585740826739338e-89
400,fresh,0.0,0.0,9,-4.344375166326861e-88,1.679243509806647e-89,-4.176450815346196e-88
400,fresh,0.0,0.0,10,-2.9050734592191997e-89,5.878751158538687e-90,-2.3171983433653312e-89
400,fresh,0.0,0.0,11,1.99751016918675e-90,-7.01371232050998e-89,-6.813961303591304e-89
400,fresh,0.5,0.0,0,1.3012739697640292e-46,1.3012739697640292e-46,2.6025479395280584e-46
400,fresh,0.5,0.0,1,0.0,0.0,0.0
400,fresh,0.5,0.0,2,9.49120096468578e-47,9.49120096468578e-47,1.898240192937156e-46
400,fresh,0.5,0.0,3,1.35113860898102e-46,1.35113860898102e-46,2.70227721796204e-46
400,fresh,0.5,0.0,4,6.345155272476061e-47,6.345155272476061e-47,1.2690310544952121e-46
400,fresh,0.5,0.0,5,7.226961480331668e-47,7.226961480331668e-47,1.4453922960663336e-46
400,fresh,0.5,0.0,6,6.02620054697609e-46,6.02620054697609e-46,1.205240109395218e-45
400,fresh,0.5,0.0,7,-9.791331244102384e-47,-9.791331244102384e-47,-1.958266248820477e-46
400,fresh,0.5,0.0,8,1.9859324271875088e-46,1.9859324271875088e-46,3.9718648543750176e-46
400,fresh,0.5,0.0,9,-2.243904045155439e-46,-2.243904045155439e-46,-4.487808090310878e-46
400,fresh,0.5,0.0,10,-1.3626655382485324e-46,-1.3626655382485324e-46,-2.7253310764970648e-46
400,fresh,0.5,0.0,11,-3.520330605939155e-46,-3.520330605939155e-46,-7.04066121187831e-46
400,fresh,2.0,0.0,0,5.906086623603193e-21,5.906086623603193e-21,1.1812173247206386e-20
400,fresh,2.0,0.0,1,-2.220446049250313e-18,-2.220446049250313e-18,-4.440892098500626e-18
400,fresh,2.0,0.0,2,7.15307847058974e-21,7.15307847058974e-21,1.430615694117948e-20
400,fresh,2.0,0.0,3,1.5265517264692757e-20,1.5265517264692757e-20,3.0531034529385513e-20
400,fresh,2.0,0.0,4,7.164447431001856e-21,7.164447431001856e-21,1.432889486200371e-20
400,fresh,2.0,0.0,5,8.236535735525211e-21,8.236535735525211e-21,1.6473071471050422e-20
400,fresh,2.0,0.0,6,3.0111499938374047e-20,3.0111499938374047e-20,6.022299987674809e-20
400,fresh,2.0,0.0,7,-1.117328408093503e-20,-1.117328408093503e-20,-2.234656816187006e-20
400,fresh,2.0,0.0,8,2.1456431285607188e-20,2.1456431285607188e-20,4.2912862571214375e-20
400,fresh,2.0,0.0,9,-8.133077425703883e-21,-8.133077425703883e-21,-1.6266154851407767e-20
400,fresh,2.0,0.0,10,-9.587192104948949e-21,-9.587192104948949e-21,-1.9174384209897898e-20
400,fresh,2.0,0.0,11,-2.223827691243496e-20,-2.223827691243496e-20,-4.447655382486992e-20
400,up,0.0,0.0,0,-1.6296360458876335e-89,7.136317807859291e-89,5.506681761971658e-89
400,up,0.0,0.0,1,7.417877664799032e-89,5.320917638460927e-90,7.949969428645125e-89
400,up,0.0,0.0,2,-6.404058862367767e-90,2.0576257193853527e-89,1.417219833148576e-89
400,up,0.0,0.0,3,3.473172213858606e-90,6.72974799981565e-90,1.0202920213674257e-89
400,up,0.0,0.0,4,3.831448174889091e-90,9.753428651021753e-91,4.806791039991266e-90
400,up,0.0,0.0,5,3.304429483653606e-90,2.0896118308523966e-90,5.394041314506003e-90
400,up,0.0,0.0,6,1.967676734972362e-88,-1.528320162904679e-90,1.9523935333433152e-88
400,up,0.0,0.0,7,-4.037293362253628e-90,-3.2558571092103204e-90,-7.293150471463949e-90
400,up,0.0,0.0,8,1.2630554946187877e-89,3.2268533212055005e-90,1.585740826739338e-89
400,up,0.0,0.0,9,-4.344375166326861e-88,1.679243509806647e-89,-4.176450815346196e-88
400,up,0.0,0.0,10,-2.9050734592191997e-89,5.878751158538687e-90,-2.3171983433653312e-89
400,up,0.0,0.0,11,1.99751016918675e-90,-7.01371232050998e-89,-6.813961303591304e-89
400,up,0.5,0.0,0,1.3012739697640292e-46,1.3012739697640292e-46,2.6025479395280584e-46
400,up,0.5,0.0,1,0.0,0.0,0.0
400,up,0.5,0.0,2,9.49120096468578e-47,9.49120096468578e-47,1.898240192937156e-46
400,up,0.5,0.0,3,1.35113860898102e-46,1.35113860898102e-46,2.70227721796204e-46
400,up,0.5,0.0,4,6.345155272476061e-47,6.345155272476061e-47,1.2690310544952121e-46
400,up,0.5,0.0,5,7.226961480331668e-47,7.226961480331668e-47,1.4453922960663336e-46
400,up,0.5,0.0,6,6.02620054697609e-46,6.02620054697609e-46,1.205240109395218e-45
400,up,0.5,0.0,7,-9.791331244102384e-47,-9.791331244102384e-47,-1.958266248820477e-46
400,up,0.5,0.0,8,1.9859324271875088e-46,1.9859324271875088e-46,3.9718648543750176e-46
400,up,0.5,0.0,9,-2.243904045155439e-46,-2.243904045155439e-46,-4.487808090310878e-46
400,up,0.5,0.0,10,-1.3626655382485324e-46,-1.3626655382485324e-46,-2.7253310764970648e-46
400,up,0.5,0.0,11,-3.520330605939155e-46,-3.520330605939155e-46,-7.04066121187831e-46
400,up,2.0,0.0,0,5.906086623603193e-21,5.906086623603193e-21,1.1812173247206386e-20
400,up,2.0,0.0,1,-2.220446049250313e-18,-2.220446049250313e-18,-4.440892098500626e-18
400,up,2.0,0.0,2,7.15307847058974e-21,7.15307847058974e-21,1.430615694117948e-20
400,up,2.0,0.0,3,1.5265517264692757e-20,1.5265517264692757e-20,3.0531034529385513e-20
400,up,2.0,0.0,4,7.164447431001856e-21,7.164447431001856e-21,1.432889486200371e-20
400,up,2.0,0.0,5,8.236535735525211e-21,8.236535735525211e-21,1.6473071471050422e-20
400,up,2.0,0.0,6,3.0111499938374047e-20,3.0111499938374047e-20,6.022299987674809e-20
400,up,2.0,0.0,7,-1.117328408093503e-20,-1.117328408093503e-20,-2.234656816187006e-20
400,up,2.0,0.0,8,2.1456431285607188e-20,2.1456431285607188e-20,4.2912862571214375e-20
400,up,2.0,0.0,9,-8.133077425703883e-21,-8.133077425703883e-21,-1.6266154851407767e-20
400,up,2.0,0.0,10,-9.587192104948949e-21,-9.587192104948949e-21,-1.9174384209897898e-20
400,up,2.0,0.0,11,-2.223827691243496e-20,-2.223827691243496e-20,-4.447655382486992e-20
400,down,0.0,0.0,0,-5.684341886080802e-16,-5.684341886080802e-16,-1.1368683772161603e-15
400,down,0.0,0.0,1,0.0,0.0,0.0
400,down,0.0,0.0,2,-5.684341886080802e-16,-5.684341886080802e-16,-1.1368683772161603e-15
400,down,0.0,0.0,3,0.0,0.0,0.0
400,down,0.0,0.0,4,0.0,0.0,0.0
400,down,0.0,0.0,5,0.0,0.0,0.0
400,down,0.0,0.0,6,-5.684341886080802e-16,-5.684341886080802e-16,-1.1368683772161603e-15
400,down,0.0,0.0,7,0.0,0.0,0.0
400,down,0.0,0.0,8,0.0,0.0,0.0
400,down,0.0,0.0,9,-5.684341886080802e-16,-5.684341886080802e-16,-1.1368683772161603e-15
400,down,0.0,0.0,10,-5.684341886080802e-16,-5.684341886080802e-16,-1.1368683772161603e-15
400,down,0.0,0.0,11,-5.684341886080802e-16,-5.684341886080802e-16,-1.1368683772161603e-15
400,down,0.5,0.0,0,0.0,0.0,0.0
400,down,0.5,0.0,1,-2.842170943040401e-16,-2.842170943040401e-16,-5.684341886080802e-16
400,down,0.5,0.0,2,0.0,0.0,0.0
400,down,0.5,0.0,3,-2.842170943040401e-16,-2.842170943040401e-16,-5.684341886080802e-16
400,down,0.5,0.0,4,0.0,0.0,0.0
400,down,0.5,0.0,5,0.0,0.0,0.0
400,down,0.5,0.0,6,-2.842170943040401e-16,-2.842170943040401e-16,-5.684341886080802e-16
400,down,0.5,0.0,7,0.0,0.0,0.0
400,down,0.5,0.0,8,0.0,0.0,0.0
400,down,0.5,0.0,9,-2.842170943040401e-16,-2.842170943040401e-16,-5.684341886080802e-16
400,down,0.5,0.0,10,0.0,0.0,0.0
400,down,0.5,0.0,11,-2.842170943040401e-16,-2.842170943040401e-16,-5.684341886080802e-16
400,down,2.0,0.0,0,-1.4210854715202004e-16,-1.4210854715202004e-16,-2.842170943040401e-16
400,down,2.0,0.0,1,-1.4210854715202004e-16,-1.4210854715202004e-16,-2.842170943040401e-16
400,down,2.0,0.0,2,-2.842170943040401e-16,-2.842170943040401e-16,-5.684341886080802e-16
400,down,2.0,0.0,3,-1.4210854715202004e-16,-1.4210854715202004e-16,-2.842170943040401e-16
400,down,2.0,0.0,4,-1.4210854715202004e-16,-1.4210854715202004e-16,-2.842170943040401e-16
400,down,2.0,0.0,5,-1.4210854715202004e-16,-1.4210854715202004e-16,-2.842170943040401e-16
400,down,2.0,0.0,6,-2.842170943040401e-16,-2.842170943040401e-16,-5.684341886080802e-16
400,down,2.0,0.0,7,-2.842170943040401e-16,-2.842170943040401e-16,-5.684341886080802e-16
400,down,2.0,0.0,8,-1.4210854715202004e-16,-1.4210854715202004e-16,-2.842170943040401e-16
400,down,2.0,0.0,9,-1.4210854715202004e-16,-1.4210854715202004e-16,-2.842170943040401e-16
400,down,2.0,0.0,10,-1.4210854715202004e-16,-1.4210854715202004e-16,-2.842170943040401e-16
400,down,2.0,0.0,11,-1.4210854715202004e-16,-1.4210854715202004e-16,-2.842170943040401e-16
400,fresh,0.0,0.5,0,0.0,0.0,0.0
400,fresh,0.0,0.5,1,0.0,0.0,0.0
400,fresh,0.0,0.5,2,0.0,0.0,0.0
400,fresh,0.0,0.5,3,0.0,0.0,0.0
400,fresh,0.0,0.5,4,0.0,0.0,0.0
400,fresh,0.0,0.5,5,0.0,0.0,0.0
400,fresh,0.0,0.5,6,0.0,0.0,0.0
400,fresh,0.0,0.5,7,0.0,0.0,0.0
400,fresh,0.0,0.5,8,0.0,0.0,0.0
400,fresh,0.0,0.5,9,0.0,0.0,0.0
400,fresh,0.0,0.5,10,0.0,0.0,0.0
400,fresh,0.0,0.5,11,0.0,0.0,0.0
400,fresh,0.5,0.5,0,0.0,0.0,0.0
400,fresh,0.5,0.5,1,0.0,0.0,0.0
400,fresh,0.5,0.5,2,0.0,0.0,0.0
400,fresh,0.5,0.5,3,0.0,0.0,0.0
400,fresh,0.5,0.5,4,0.0,0.0,0.0
400,fresh,0.5,0.5,5,0.0,0.0,0.0
400,fresh,0.5,0.5,6,0.0,0.0,0.0
400,fresh,0.5,0.5,7,0.0,0.0,0.0
400,fresh,0.5,0.5,8,0.0,0.0,0.0
400,fresh,0.5,0.5,9,0.0,0.0,0.0
400,fresh,0.5,0.5,10,0.0,0.0,0.0
400,fresh,0.5,0.5,11,0.0,0.0,0.0
400,fresh,2.0,0.5,0,0.0,0.0,0.0
400,fresh,2.0,0.5,1,1.0824674490095277e-17,1.0824674490095277e-17,2.1649348980190553e-17
400,fresh,2.0,0.5,2,0.0,0.0,0.0
400,fresh,2.0,0.5,3,0.0,0.0,0.0
400,fresh,2.0,0.5,4,0.0,0.0,0.0
400,fresh,2.0,0.5,5,0.0,0.0,0.0
400,fresh,2.0,0.5,6,5.551115123125783e-19,5.551115123125783e-19,1.1102230246251566e-18
400,fresh,2.0,0.5,7,0.0,0.0,0.0
400,fresh,2.0,0.5,8,5.551115123125783e-19,5.551115123125783e-19,1.1102230246251566e-18
400,fresh,2.0,0.5,9,0.0,0.0,0.0
400,fresh,2.0,0.5,10,0.0,0.0,0.0
400,fresh,2.0,0.5,11,-3.0531133177191805e-18,-3.0531133177191805e-18,-6.106226635438361e-18
400,up,0.0,0.5,0,0.0,0.0,0.0
400,up,0.0,0.5,1,0.0,0.0,0.0
400,up,0.0,0.5,2,0.0,0.0,0.0
400,up,0.0,0.5,3,0.0,0.0,0.0
400,up,0.0,0.5,4,0.0,0.0,0.0
400,up,0.0,0.5,5,0.0,0.0,0.0
400,up,0.0,0.5,6,0.0,0.0,0.0
400,up,0.0,0.5,7,0.0,0.0,0.0
400,up,0.0,0.5,8,0.0,0.0,0.0
400,up,0.0,0.5,9,0.0,0.0,0.0
400,up,0.0,0.5,10,0.0,0.0,0.0
400,up,0.0,0.5,11,0.0,0.0,0.0
400,up,0.5,0.5,0,0.0,0.0,0.0
400,up,0.5,0.5,1,0.0,0.0,0.0
400,up,0.5,0.5,2,0.0,0.0,0.0
400,up,0.5,0.5,3,0.0,0.0,0.0
400,up,0.5,0.5,4,0.0,0.0,0.0
400,up,0.5,0.5,5,0.0,0.0,0.0
400,up,0.5,0.5,6,0.0,0.0,0.0
400,up,0.5,0.5,7,0.0,0.0,0.0
400,up,0.5,0.5,8,0.0,0.0,0.0
400,up,0.5,0.5,9,0.0,0.0,0.0
400,up,0.5,0.5,10,0.0,0.0,0.0
400,up,0.5,0.5,11,0.0,0.0,0.0
400,up,2.0,0.5,0,0.0,0.0,0.0
400,up,2.0,0.5,1,0.0,0.0,0.0
400,up,2.0,0.5,2,0.0,0.0,0.0
400,up,2.0,0.5,3,0.0,0.0,0.0
400,up,2.0,0.5,4,0.0,0.0,0.0
400,up,2.0,0.5,5,0.0,0.0,0.0
400,up,2.0,0.5,6,0.0,0.0,0.0
400,up,2.0,0.5,7,0.0,0.0,0.0
400,up,2.0,0.5,8,0.0,0.0,0.0
400,up,2.0,0.5,9,0.0,0.0,0.0
400,up,2.0,0.5,10,0.0,0.0,0.0
400,up,2.0,0.5,11,0.0,0.0,0.0
400,down,0.0,0.5,0,0.0,0.0,0.0
400,down,0.0,0.5,1,0.0,0.0,0.0
400,down,0.0,0.5,2,0.0,0.0,0.0
400,down,0.0,0.5,3,0.0,0.0,0.0
400,down,0.0,0.5,4,0.0,0.0,0.0
400,down,0.0,0.5,5,0.0,0.0,0.0
400,down,0.0,0.5,6,0.0,0.0,0.0
400,down,0.0,0.5,7,0.0,0.0,0.0
400,down,0.0,0.5,8,0.0,0.0,0.0
400,down,0.0,0.5,9,0.0,0.0,0.0
400,down,0.0,0.5,10,0.0,0.0,0.0
400,down,0.0,0.5,11,0.0,0.0,0.0
400,down,0.5,0.5,0,0.0,0.0,0.0
400,down,0.5,0.5,1,0.0,0.0,0.0
400,down,0.5,0.5,2,0.0,0.0,0.0
400,down,0.5,0.5,3,0.0,0.0,0.0
400,down,0.5,0.5,4,0.0,0.0,0.0
400,down,0.5,0.5,5,0.0,0.0,0.0
400,down,0.5,0.5,6,0.0,0.0,0.0
400,down,0.5,0.5,7,0.0,0.0,0.0
400,down,0.5,0.5,8,0.0,0.0,0.0
400,down,0.5,0.5,9,0.0,0.0,0.0
400,down,0.5,0.5,10,0.0,0.0,0.0
400,down,0.5,0.5,11,0.0,0.0,0.0
400,down,2.0,0.5,0,0.0,0.0,0.0
400,down,2.0,0.5,1,0.0,0.0,0.0
400,down,2.0,0.5,2,0.0,0.0,0.0
400,down,2.0,0.5,3,0.0,0.0,0.0
400,down,2.0,0.5,4,0.0,0.0,0.0
400,down,2.0,0.5,5,0.0,0.0,0.0
400,down,2.0,0.5,6,0.0,0.0,0.0
400,down,2.0,0.5,7,0.0,0.0,0.0
400,down,2.0,0.5,8,0.0,0.0,0.0
400,down,2.0,0.5,9,0.0,0.0,0.0
400,down,2.0,0.5,10,0.0,0.0,0.0
400,down,2.0,0.5,11,0.0,0.0,0.0
400,fresh,0.0,0.8,0,0.0,0.0,0.0
400,fresh,0.0,0.8,1,0.0,0.0,0.0
400,fresh,0.0,0.8,2,0.0,0.0,0.0
400,fresh,0.0,0.8,3,0.0,0.0,0.0
400,fresh,0.0,0.8,4,0.0,0.0,0.0
400,fresh,0.0,0.8,5,0.0,0.0,0.0
400,fresh,0.0,0.8,6,0.0,0.0,0.0
400,fresh,0.0,0.8,7,0.0,0.0,0.0
400,fresh,0.0,0.8,8,0.0,0.0,0.0
400,fresh,0.0,0.8,9,0.0,0.0,0.0
400,fresh,0.0,0.8,10,0.0,0.0,0.0
400,fresh,0.0,0.8,11,0.0,0.0,0.0
400,fresh,0.5,0.8,0,0.0,0.0,0.0
400,fresh,0.5,0.8,1,0.0,0.0,0.0
400,fresh,0.5,0.8,2,0.0,0.0,0.0
400,fresh,0.5,0.8,3,0.0,0.0,0.0
400,fresh,0.5,0.8,4,0.0,0.0,0.0
400,fresh,0.5,0.8,5,0.0,0.0,0.0
400,fresh,0.5,0.8,6,0.0,0.0,0.0
400,fresh,0.5,0.8,7,0.0,0.0,0.0
400,fresh,0.5,0.8,8,0.0,0.0,0.0
400,fresh,0.5,0.8,9,0.0,0.0,0.0
400,fresh,0.5,0.8,10,0.0,0.0,0.0
400,fresh,0.5,0.8,11,0.0,0.0,0.0
400,fresh,2.0,0.8,0,7.282119351970095e-14,7.282119351970095e-14,1.456423870394019e-13
400,fresh,2.0,0.8,1,1.7044698985557716e-13,1.7044698985557716e-13,3.408939797111543e-13
400,fresh,2.0,0.8,2,7.971123761052468e-14,7.971123761052468e-14,1.5942247522104936e-13
400,fresh,2.0,0.8,3,1.0146355977624922e-13,1.0146355977624922e-13,2.0292711955249843e-13
400,fresh,2.0,0.8,4,8.110623284096618e-14,8.110623284096618e-14,1.6221246568193236e-13
400,fresh,2.0,0.8,5,8.420264485664574e-14,8.420264485664574e-14,1.6840528971329148e-13
400,fresh,2.0,0.8,6,1.1831507995552215e-13,1.1831507995552215e-13,2.366301599110443e-13
400,fresh,2.0,0.8,7,-4.002076448017533e-15,-4.002076448017533e-15,-8.004152896035066e-15
400,fresh,2.0,0.8,8,1.1283945999807087e-13,1.1283945999807087e-13,2.2567891999614175e-13
400,fresh,2.0,0.8,9,-6.825373599639306e-15,-6.825373599639306e-15,-1.3650747199278612e-14
400,fresh,2.0,0.8,10,-1.4349632593280148e-16,-1.4349632593280148e-16,-2.8699265186560296e-16
400,fresh,2.0,0.8,11,2.1021406837462565e-13,2.1021406837462565e-13,4.204281367492513e-13
400,up,0.0,0.8,0,0.0,0.0,0.0
400,up,0.0,0.8,1,0.0,0.0,0.0
400,up,0.0,0.8,2,0.0,0.0,0.0
400,up,0.0,0.8,3,0.0,0.0,0.0
400,up,0.0,0.8,4,0.0,0.0,0.0
400,up,0.0,0.8,5,0.0,0.0,0.0
400,up,0.0,0.8,6,0.0,0.0,0.0
400,up,0.0,0.8,7,0.0,0.0,0.0
400,up,0.0,0.8,8,0.0,0.0,0.0
400,up,0.0,0.8,9,0.0,0.0,0.0
400,up,0.0,0.8,10,0.0,0.0,0.0
400,up,0.0,0.8,11,0.0,0.0,0.0
400,up,0.5,0.8,0,0.0,0.0,0.0
400,up,0.5,0.8,1,0.0,0.0,0.0
400,up,0.5,0.8,2,0.0,0.0,0.0
400,up,0.5,0.8,3,0.0,0.0,0.0
400,up,0.5,0.8,4,0.0,0.0,0.0
400,up,0.5,0.8,5,0.0,0.0,0.0
400,up,0.5,0.8,6,0.0,0.0,0.0
400,up,0.5,0.8,7,0.0,0.0,0.0
400,up,0.5,0.8,8,0.0,0.0,0.0
400,up,0.5,0.8,9,0.0,0.0,0.0
400,up,0.5,0.8,10,0.0,0.0,0.0
400,up,0.5,0.8,11,0.0,0.0,0.0
400,up,2.0,0.8,0,3.033989726120012e-14,3.033989726120012e-14,6.067979452240024e-14
400,up,2.0,0.8,1,3.0322411248562276e-14,3.0322411248562276e-14,6.064482249712455e-14
400,up,2.0,0.8,2,3.033989726120012e-14,3.033989726120012e-14,6.067979452240024e-14
400,up,2.0,0.8,3,3.033989726120012e-14,3.033989726120012e-14,6.067979452240024e-14
400,up,2.0,0.8,4,3.033989726120012e-14,3.033989726120012e-14,6.067979452240024e-14
400,up,2.0,0.8,5,3.033989726120012e-14,3.033989726120012e-14,6.067979452240024e-14
400,up,2.0,0.8,6,3.033989726120012e-14,3.033989726120012e-14,6.067979452240024e-14
400,up,2.0,0.8,7,3.033989726120012e-14,3.033989726120012e-14,6.067979452240024e-14
400,up,2.0,0.8,8,3.033989726120012e-14,3.033989726120012e-14,6.067979452240024e-14
400,up,2.0,0.8,9,3.033989726120012e-14,3.033989726120012e-14,6.067979452240024e-14
400,up,2.0,0.8,10,3.033989726120012e-14,3.033989726120012e-14,6.067979452240024e-14
400,up,2.0,0.8,11,3.033989726120012e-14,3.033989726120012e-14,6.067979452240024e-14
400,down,0.0,0.8,0,0.0,0.0,0.0
400,down,0.0,0.8,1,0.0,0.0,0.0
400,down,0.0,0.8,2,0.0,0.0,0.0
400,down,0.0,0.8,3,0.0,0.0,0.0
400,down,0.0,0.8,4,0.0,0.0,0.0
400,down,0.0,0.8,5,0.0,0.0,0.0
400,down,0.0,0.8,6,0.0,0.0,0.0
400,down,0.0,0.8,7,0.0,0.0,0.0
400,down,0.0,0.8,8,0.0,0.0,0.0
400,down,0.0,0.8,9,0.0,0.0,0.0
400,down,0.0,0.8,10,0.0,0.0,0.0
400,down,0.0,0.8,11,0.0,0.0,0.0
400,down,0.5,0.8,0,0.0,0.0,0.0
400,down,0.5,0.8,1,0.0,0.0,0.0
400,down,0.5,0.8,2,0.0,0.0,0.0
400,down,0.5,0.8,3,0.0,0.0,0.0
400,down,0.5,0.8,4,0.0,0.0,0.0
400,down,0.5,0.8,5,0.0,0.0,0.0
400,down,0.5,0.8,6,0.0,0.0,0.0
400,down,0.5,0.8,7,0.0,0.0,0.0
400,down,0.5,0.8,8,0.0,0.0,0.0
400,down,0.5,0.8,9,0.0,0.0,0.0
400,down,0.5,0.8,10,0.0,0.0,0.0
400,down,0.5,0.8,11,0.0,0.0,0.0
400,down,2.0,0.8,0,-1.9468870959826747e-14,-1.9397816686250735e-14,-3.8866687646077485e-14
400,down,2.0,0.8,1,-1.8047785488306545e-14,-1.8047785488306545e-14,-3.609557097661309e-14
400,down,2.0,0.8,2,-1.7905676941154525e-14,-1.7905676941154525e-14,-3.581135388230905e-14
400,down,2.0,0.8,3,-1.8047785488306545e-14,-1.8047785488306545e-14,-3.609557097661309e-14
400,down,2.0,0.8,4,-1.8047785488306545e-14,-1.8047785488306545e-14,-3.609557097661309e-14
400,down,2.0,0.8,5,-1.7905676941154525e-14,-1.7905676941154525e-14,-3.581135388230905e-14
400,down,2.0,0.8,6,-1.7905676941154525e-14,-1.7905676941154525e-14,-3.581135388230905e-14
400,down,2.0,0.8,7,-1.7905676941154525e-14,-1.7905676941154525e-14,-3.581135388230905e-14
400,down,2.0,0.8,8,-1.8047785488306545e-14,-1.8047785488306545e-14,-3.609557097661309e-14
400,down,2.0,0.8,9,-1.7905676941154525e-14,-1.7905676941154525e-14,-3.581135388230905e-14
400,down,2.0,0.8,10,-1.7905676941154525e-14,-1.7905676941154525e-14,-3.581135388230905e-14
400,down,2.0,0.8,11,-1.8047785488306545e-14,-1.8047785488306545e-14,-3.609557097661309e-14
400,fresh,0.0,0.9,0,0.0,0.0,0.0
400,fresh,0.0,0.9,1,0.0,0.0,0.0
400,fresh,0.0,0.9,2,0.0,0.0,0.0
400,fresh,0.0,0.9,3,0.0,0.0,0.0
400,fresh,0.0,0.9,4,0.0,0.0,0.0
400,fresh,0.0,0.9,5,0.0,0.0,0.0
400,fresh,0.0,0.9,6,0.0,0.0,0.0
400,fresh,0.0,0.9,7,0.0,0.0,0.0
400,fresh,0.0,0.9,8,0.0,0.0,0.0
400,fresh,0.0,0.9,9,0.0,0.0,0.0
400,fresh,0.0,0.9,10,0.0,0.0,0.0
400,fresh,0.0,0.9,11,0.0,0.0,0.0
400,fresh,0.5,0.9,0,0.0,0.0,0.0
400,fresh,0.5,0.9,1,0.0,0.0,0.0
400,fresh,0.5,0.9,2,0.0,0.0,0.0
400,fresh,0.5,0.9,3,0.0,0.0,0.0
400,fresh,0.5,0.9,4,0.0,0.0,0.0
400,fresh,0.5,0.9,5,0.0,0.0,0.0
400,fresh,0.5,0.9,6,0.0,0.0,0.0
400,fresh,0.5,0.9,7,0.0,0.0,0.0
400,fresh,0.5,0.9,8,0.0,0.0,0.0
400,fresh,0.5,0.9,9,0.0,0.0,0.0
400,fresh,0.5,0.9,10,0.0,0.0,0.0
400,fresh,0.5,0.9,11,0.0,0.0,0.0
400,fresh,2.0,0.9,0,4.296280886606496e-11,4.296280886606496e-11,8.592561773212993e-11
400,fresh,2.0,0.9,1,7.564581905317169e-11,7.564581905317169e-11,1.5129163810634338e-10
400,fresh,2.0,0.9,2,4.583348367503959e-11,4.583348367503959e-11,9.166696735007918e-11
400,fresh,2.0,0.9,3,5.4115413261612843e-11,5.4115413261612843e-11,1.0823082652322569e-10
400,fresh,2.0,0.9,4,4.6436990364107087e-11,4.6436990364107087e-11,9.287398072821417e-11
400,fresh,2.0,0.9,5,4.76350547895521e-11,4.76350547895521e-11,9.52701095791042e-11
400,fresh,2.0,0.9,6,5.99543581447648e-11,5.99543581447648e-11,1.199087162895296e-10
400,fresh,2.0,0.9,7,8.767913062257548e-12,8.767913062257548e-12,1.7535826124515096e-11
400,fresh,2.0,0.9,8,5.819924542294075e-11,5.819924542294075e-11,1.163984908458815e-10
400,fresh,2.0,0.9,9,4.1011372076127375e-12,4.1011372076127375e-12,8.202274415225475e-12
400,fresh,2.0,0.9,10,9.950340551512226e-12,9.950340551512226e-12,1.9900681103024453e-11
400,fresh,2.0,0.9,11,8.356088043726118e-11,8.356088043726118e-11,1.6712176087452235e-10
400,up,0.0,0.9,0,0.0,0.0,0.0
400,up,0.0,0.9,1,0.0,0.0,0.0
400,up,0.0,0.9,2,0.0,0.0,0.0
400,up,0.0,0.9,3,0.0,0.0,0.0
400,up,0.0,0.9,4,0.0,0.0,0.0
400,up,0.0,0.9,5,0.0,0.0,0.0
400,up,0.0,0.9,6,0.0,0.0,0.0
400,up,0.0,0.9,7,0.0,0.0,0.0
400,up,0.0,0.9,8,0.0,0.0,0.0
400,up,0.0,0.9,9,0.0,0.0,0.0
400,up,0.0,0.9,10,0.0,0.0,0.0
400,up,0.0,0.9,11,0.0,0.0,0.0
400,up,0.5,0.9,0,0.0,0.0,0.0
400,up,0.5,0.9,1,0.0,0.0,0.0
400,up,0.5,0.9,2,0.0,0.0,0.0
400,up,0.5,0.9,3,0.0,0.0,0.0
400,up,0.5,0.9,4,0.0,0.0,0.0
400,up,0.5,0.9,5,0.0,0.0,0.0
400,up,0.5,0.9,6,0.0,0.0,0.0
400,up,0.5,0.9,7,0.0,0.0,0.0
400,up,0.5,0.9,8,0.0,0.0,0.0
400,up,0.5,0.9,9,0.0,0.0,0.0
400,up,0.5,0.9,10,0.0,0.0,0.0
400,up,0.5,0.9,11,0.0,0.0,0.0
400,up,2.0,0.9,0,1.0777982395460128e-11,1.0777982395460128e-11,2.1555964790920256e-11
400,up,2.0,0.9,1,1.0777965187003247e-11,1.0777965187003247e-11,2.1555930374006493e-11
400,up,2.0,0.9,2,1.0777982395460128e-11,1.0777982395460128e-11,2.1555964790920256e-11
400,up,2.0,0.9,3,1.0777982395460128e-11,1.0777982395460128e-11,2.1555964790920256e-11
400,up,2.0,0.9,4,1.0777982395460128e-11,1.0777982395460128e-11,2.1555964790920256e-11
400,up,2.0,0.9,5,1.0777982395460128e-11,1.0777982395460128e-11,2.1555964790920256e-11
400,up,2.0,0.9,6,1.0777982395460128e-11,1.0777982395460128e-11,2.1555964790920256e-11
400,up,2.0,0.9,7,1.0777982395460128e-11,1.0777982395460128e-11,2.1555964790920256e-11
400,up,2.0,0.9,8,1.0777982395460128e-11,1.0777982395460128e-11,2.1555964790920256e-11
400,up,2.0,0.9,9,1.0777982395460128e-11,1.0777982395460128e-11,2.1555964790920256e-11
400,up,2.0,0.9,10,1.0777982395460128e-11,1.0777982395460128e-11,2.1555964790920256e-11
400,up,2.0,0.9,11,1.0777982395460128e-11,1.0777982395460128e-11,2.1555964790920256e-11
400,down,0.0,0.9,0,0.0,0.0,0.0
400,down,0.0,0.9,1,0.0,0.0,0.0
400,down,0.0,0.9,2,0.0,0.0,0.0
400,down,0.0,0.9,3,0.0,0.0,0.0
400,down,0.0,0.9,4,0.0,0.0,0.0
400,down,0.0,0.9,5,0.0,0.0,0.0
400,down,0.0,0.9,6,0.0,0.0,0.0
400,down,0.0,0.9,7,0.0,0.0,0.0
400,down,0.0,0.9,8,0.0,0.0,0.0
400,down,0.0,0.9,9,0.0,0.0,0.0
400,down,0.0,0.9,10,0.0,0.0,0.0
400,down,0.0,0.9,11,0.0,0.0,0.0
400,down,0.5,0.9,0,0.0,0.0,0.0
400,down,0.5,0.9,1,0.0,0.0,0.0
400,down,0.5,0.9,2,0.0,0.0,0.0
400,down,0.5,0.9,3,0.0,0.0,0.0
400,down,0.5,0.9,4,0.0,0.0,0.0
400,down,0.5,0.9,5,0.0,0.0,0.0
400,down,0.5,0.9,6,0.0,0.0,0.0
400,down,0.5,0.9,7,0.0,0.0,0.0
400,down,0.5,0.9,8,0.0,0.0,0.0
400,down,0.5,0.9,9,0.0,0.0,0.0
400,down,0.5,0.9,10,0.0,0.0,0.0
400,down,0.5,0.9,11,0.0,0.0,0.0
400,down,2.0,0.9,0,-1.0379466175436391e-11,-1.0379466175436391e-11,-2.0758932350872783e-11
400,down,2.0,0.9,1,-1.0377476655776263e-11,-1.0377476655776263e-11,-2.0754953311552526e-11
400,down,2.0,0.9,2,-1.0377334547229111e-11,-1.0377334547229111e-11,-2.0754669094458223e-11
400,down,2.0,0.9,3,-1.0377476655776263e-11,-1.0377476655776263e-11,-2.0754953311552526e-11
400,down,2.0,0.9,4,-1.0377476655776263e-11,-1.0377476655776263e-11,-2.0754953311552526e-11
400,down,2.0,0.9,5,-1.0377476655776263e-11,-1.0377476655776263e-11,-2.0754953311552526e-11
400,down,2.0,0.9,6,-1.0377476655776263e-11,-1.0377476655776263e-11,-2.0754953311552526e-11
400,down,2.0,0.9,7,-1.0377334547229111e-11,-1.0377334547229111e-11,-2.0754669094458223e-11
400,down,2.0,0.9,8,-1.0377476655776263e-11,-1.0377476655776263e-11,-2.0754953311552526e-11
400,down,2.0,0.9,9,-1.0377334547229111e-11,-1.0377334547229111e-11,-2.0754669094458223e-11
400,down,2.0,0.9,10,-1.0377334547229111e-11,-1.0377334547229111e-11,-2.0754669094458223e-11
400,down,2.0,0.9,11,-1.0377476655776263e-11,-1.0377476655776263e-11,-2.0754953311552526e-11
400,fresh,0.0,0.95,0,0.0,0.0,0.0
400,fresh,0.0,0.95,1,0.0,0.0,0.0
400,fresh,0.0,0.95,2,0.0,0.0,0.0
400,fresh,0.0,0.95,3,0.0,0.0,0.0
400,fresh,0.0,0.95,4,0.0,0.0,0.0
400,fresh,0.0,0.95,5,0.0,0.0,0.0
400,fresh,0.0,0.95,6,0.0,0.0,0.0
400,fresh,0.0,0.95,7,0.0,0.0,0.0
400,fresh,0.0,0.95,8,0.0,0.0,0.0
400,fresh,0.0,0.95,9,0.0,0.0,0.0
400,fresh,0.0,0.95,10,0.0,0.0,0.0
400,fresh,0.0,0.95,11,0.0,0.0,0.0
400,fresh,0.5,0.95,0,1.7763568394002505e-17,1.7763568394002505e-17,3.552713678800501e-17
400,fresh,0.5,0.95,1,4.163336342344337e-17,4.163336342344337e-17,8.326672684688674e-17
400,fresh,0.5,0.95,2,2.886579864025407e-17,2.886579864025407e-17,5.773159728050814e-17
400,fresh,0.5,0.95,3,3.219646771412954e-17,3.219646771412954e-17,6.439293542825907e-17
400,fresh,0.5,0.95,4,2.886579864025407e-17,2.886579864025407e-17,5.773159728050814e-17
400,fresh,0.5,0.95,5,2.942091015256665e-17,2.942091015256665e-17,5.88418203051333e-17
400,fresh,0.5,0.95,6,3.663735981263017e-17,3.663735981263017e-17,7.327471962526034e-17
400,fresh,0.5,0.95,7,4.996003610813204e-18,4.996003610813204e-18,9.992007221626408e-18
400,fresh,0.5,0.95,8,3.3861802251067274e-17,3.3861802251067274e-17,6.772360450213455e-17
400,fresh,0.5,0.95,9,2.4424906541753444e-17,2.4424906541753444e-17,4.884981308350689e-17
400,fresh,0.5,0.95,10,4.662936703425657e-17,4.662936703425657e-17,9.325873406851315e-17
400,fresh,0.5,0.95,11,1.3322676295501878e-17,1.3322676295501878e-17,2.6645352591003756e-17
400,fresh,2.0,0.95,0,4.740864772423415e-09,4.740864772423415e-09,9.48172954484683e-09
400,fresh,2.0,0.95,1,7.000891422137556e-09,7.000891422137556e-09,1.4001782844275112e-08
400,fresh,2.0,0.95,2,4.964126996132023e-09,4.964126996132023e-09,9.928253992264046e-09
400,fresh,2.0,0.95,3,5.57459542083194e-09,5.57459542083194e-09,1.114919084166388e-08
400,fresh,2.0,0.95,4,5.011623020467759e-09,5.011623020467759e-09,1.0023246040935518e-08
400,fresh,2.0,0.95,5,5.1010224122460816e-09,5.1010224122460816e-09,1.0202044824492163e-08
400,fresh,2.0,0.95,6,5.981475945104897e-09,5.981475945104897e-09,1.1962951890209794e-08
400,fresh,2.0,0.95,7,1.8778588678491915e-09,1.8778588678491915e-09,3.755717735698383e-09
400,fresh,2.0,0.95,8,5.864251070297754e-09,5.864251070297754e-09,1.1728502140595509e-08
400,fresh,2.0,0.95,9,1.2304225865955586e-09,1.2304225865955586e-09,2.4608451731911172e-09
400,fresh,2.0,0.95,10,1.9465188383360756e-09,1.9465188383360756e-09,3.893037676672151e-09
400,fresh,2.0,0.95,11,7.433000004386514e-09,7.433000004386514e-09,1.4866000008773029e-08
400,up,0.0,0.95,0,0.0,0.0,0.0
400,up,0.0,0.95,1,0.0,0.0,0.0
400,up,0.0,0.95,2,0.0,0.0,0.0
400,up,0.0,0.95,3,0.0,0.0,0.0
400,up,0.0,0.95,4,0.0,0.0,0.0
400,up,0.0,0.95,5,0.0,0.0,0.0
400,up,0.0,0.95,6,0.0,0.0,0.0
400,up,0.0,0.95,7,0.0,0.0,0.0
400,up,0.0,0.95,8,0.0,0.0,0.0
400,up,0.0,0.95,9,0.0,0.0,0.0
400,up,0.0,0.95,10,0.0,0.0,0.0
400,up,0.0,0.95,11,0.0,0.0,0.0
400,up,0.5,0.95,0,0.0,0.0,0.0
400,up,0.5,0.95,1,0.0,0.0,0.0
400,up,0.5,0.95,2,0.0,0.0,0.0
400,up,0.5,0.95,3,0.0,0.0,0.0
400,up,0.5,0.95,4,0.0,0.0,0.0
400,up,0.5,0.95,5,0.0,0.0,0.0
400,up,0.5,0.95,6,0.0,0.0,0.0
400,up,0.5,0.95,7,0.0,0.0,0.0
400,up,0.5,0.95,8,0.0,0.0,0.0
400,up,0.5,0.95,9,0.0,0.0,0.0
400,up,0.5,0.95,10,0.0,0.0,0.0
400,up,0.5,0.95,11,0.0,0.0,0.0
400,up,2.0,0.95,0,1.0452862481136194e-09,1.0452862481136194e-09,2.090572496227239e-09
400,up,2.0,0.95,1,1.0452862486687308e-09,1.0452862492238424e-09,2.0905724978925735e-09
400,up,2.0,0.95,2,1.0452862481136194e-09,1.0452862481136194e-09,2.090572496227239e-09
400,up,2.0,0.95,3,1.0452862481136194e-09,1.0452862481136194e-09,2.090572496227239e-09
400,up,2.0,0.95,4,1.0452862481136194e-09,1.0452862481136194e-09,2.090572496227239e-09
400,up,2.0,0.95,5,1.0452862481136194e-09,1.0452862481136194e-09,2.090572496227239e-09
400,up,2.0,0.95,6,1.0452862481136194e-09,1.0452862481136194e-09,2.090572496227239e-09
400,up,2.0,0.95,7,1.0452862481136194e-09,1.0452862481136194e-09,2.090572496227239e-09
400,up,2.0,0.95,8,1.0452862481136194e-09,1.0452862481136194e-09,2.090572496227239e-09
400,up,2.0,0.95,9,1.0452862481136194e-09,1.0452862481136194e-09,2.090572496227239e-09
400,up,2.0,0.95,10,1.0452862481136194e-09,1.0452862481136194e-09,2.090572496227239e-09
400,up,2.0,0.95,11,1.0452862481136194e-09,1.0452862481136194e-09,2.090572496227239e-09
400,down,0.0,0.95,0,0.0,0.0,0.0
400,down,0.0,0.95,1,0.0,0.0,0.0
400,down,0.0,0.95,2,0.0,0.0,0.0
400,down,0.0,0.95,3,0.0,0.0,0.0
400,down,0.0,0.95,4,0.0,0.0,0.0
400,down,0.0,0.95,5,0.0,0.0,0.0
400,down,0.0,0.95,6,0.0,0.0,0.0
400,down,0.0,0.95,7,0.0,0.0,0.0
400,down,0.0,0.95,8,0.0,0.0,0.0
400,down,0.0,0.95,9,0.0,0.0,0.0
400,down,0.0,0.95,10,0.0,0.0,0.0
400,down,0.0,0.95,11,0.0,0.0,0.0
400,down,0.5,0.95,0,0.0,0.0,0.0
400,down,0.5,0.95,1,0.0,0.0,0.0
400,down,0.5,0.95,2,0.0,0.0,0.0
400,down,0.5,0.95,3,0.0,0.0,0.0
400,down,0.5,0.95,4,0.0,0.0,0.0
400,down,0.5,0.95,5,0.0,0.0,0.0
400,down,0.5,0.95,6,0.0,0.0,0.0
400,down,0.5,0.95,7,0.0,0.0,0.0
400,down,0.5,0.95,8,0.0,0.0,0.0
400,down,0.5,0.95,9,0.0,0.0,0.0
400,down,0.5,0.95,10,0.0,0.0,0.0
400,down,0.5,0.95,11,0.0,0.0,0.0
400,down,2.0,0.95,0,-1.3444073942991962e-09,-1.3444073942991962e-09,-2.6888147885983925e-09
400,down,2.0,0.95,1,-1.3444044100197062e-09,-1.3444044100197062e-09,-2.6888088200394123e-09
400,down,2.0,0.95,2,-1.3444045521282532e-09,-1.3444045521282532e-09,-2.6888091042565065e-09
400,down,2.0,0.95,3,-1.3444044100197062e-09,-1.3444044100197062e-09,-2.6888088200394123e-09
400,down,2.0,0.95,4,-1.3444044100197062e-09,-1.3444044100197062e-09,-2.6888088200394123e-09
400,down,2.0,0.95,5,-1.3444044100197062e-09,-1.3444044100197062e-09,-2.6888088200394123e-09
400,down,2.0,0.95,6,-1.3444045521282532e-09,-1.3444045521282532e-09,-2.6888091042565065e-09
400,down,2.0,0.95,7,-1.3444045521282532e-09,-1.3444045521282532e-09,-2.6888091042565065e-09
400,down,2.0,0.95,8,-1.3444044100197062e-09,-1.3444044100197062e-09,-2.6888088200394123e-09
400,down,2.0,0.95,9,-1.3444045521282532e-09,-1.3444045521282532e-09,-2.6888091042565065e-09
400,down,2.0,0.95,10,-1.3444045521282532e-09,-1.3444045521282532e-09,-2.6888091042565065e-09
400,down,2.0,0.95,11,-1.3444044100197062e-09,-1.3444044100197062e-09,-2.6888088200394123e-09
400,fresh,0.0,0.98,0,0.0,0.0,0.0
400,fresh,0.0,0.98,1,0.0,0.0,0.0
400,fresh,0.0,0.98,2,0.0,0.0,0.0
400,fresh,0.0,0.98,3,0.0,0.0,0.0
400,fresh,0.0,0.98,4,0.0,0.0,0.0
400,fresh,0.0,0.98,5,0.0,0.0,0.0
400,fresh,0.0,0.98,6,0.0,0.0,0.0
400,fresh,0.0,0.98,7,0.0,0.0,0.0
400,fresh,0.0,0.98,8,0.0,0.0,0.0
400,fresh,0.0,0.98,9,0.0,0.0,0.0
400,fresh,0.0,0.98,10,0.0,0.0,0.0
400,fresh,0.0,0.98,11,0.0,0.0,0.0
400,fresh,0.5,0.98,0,1.6412843306667924e-12,1.6412843306667924e-12,3.2825686613335847e-12
400,fresh,0.5,0.98,1,2.488907413500385e-12,2.488907413500385e-12,4.97781482700077e-12
400,fresh,0.5,0.98,2,2.0314183668546092e-12,2.0314183668546092e-12,4.0628367337092185e-12
400,fresh,0.5,0.98,3,2.1942347938619377e-12,2.1942347938619377e-12,4.3884695877238755e-12
400,fresh,0.5,0.98,4,2.0520313226413123e-12,2.0520313226413123e-12,4.104062645282625e-12
400,fresh,0.5,0.98,5,2.0746016016204292e-12,2.0746016016204292e-12,4.1492032032408585e-12
400,fresh,0.5,0.98,6,2.348105598848349e-12,2.348105598848349e-12,4.696211197696698e-12
400,fresh,0.5,0.98,7,1.1559592172361022e-12,1.1559592172361022e-12,2.3119184344722043e-12
400,fresh,0.5,0.98,8,2.2696666768240448e-12,2.2696666768240448e-12,4.5393333536480896e-12
400,fresh,0.5,0.98,9,2.6915536466276536e-12,2.6915536466276536e-12,5.383107293255307e-12
400,fresh,0.5,0.98,10,3.108169277510342e-12,3.108169277510342e-12,6.216338555020684e-12
400,fresh,0.5,0.98,11,2.5827029404013045e-12,2.5827029404013045e-12,5.165405880802609e-12
400,fresh,2.0,0.98,0,3.036035344300414e-07,3.036035344300414e-07,6.072070688600828e-07
400,fresh,2.0,0.98,1,3.871568718721852e-07,3.871568718721852e-07,7.743137437443704e-07
400,fresh,2.0,0.98,2,3.1260676472022466e-07,3.1260676472022466e-07,6.252135294404493e-07
400,fresh,2.0,0.98,3,3.3622691712642536e-07,3.3622691712642536e-07,6.724538342528507e-07
400,fresh,2.0,0.98,4,3.14527272706755e-07,3.14527272706755e-07,6.2905454541351e-07
400,fresh,2.0,0.98,5,3.1802711476069944e-07,3.1802711476069944e-07,6.360542295213989e-07
400,fresh,2.0,0.98,6,3.5129533340283456e-07,3.5129533340283456e-07,7.025906668056691e-07
400,fresh,2.0,0.98,7,1.7755510519690264e-07,1.7755510519690264e-07,3.551102103938053e-07
400,fresh,2.0,0.98,8,3.470762086832391e-07,3.470762086832391e-07,6.941524173664782e-07
400,fresh,2.0,0.98,9,1.371415260598141e-07,1.371415260598141e-07,2.742830521196282e-07
400,fresh,2.0,0.98,10,1.7959052944049869e-07,1.7959052944049869e-07,3.5918105888099737e-07
400,fresh,2.0,0.98,11,4.0081737753716593e-07,4.0081737753716593e-07,8.016347550743319e-07
400,up,0.0,0.98,0,0.0,0.0,0.0
400,up,0.0,0.98,1,0.0,0.0,0.0
400,up,0.0,0.98,2,0.0,0.0,0.0
400,up,0.0,0.98,3,0.0,0.0,0.0
400,up,0.0,0.98,4,0.0,0.0,0.0
400,up,0.0,0.98,5,0.0,0.0,0.0
400,up,0.0,0.98,6,0.0,0.0,0.0
400,up,0.0,0.98,7,0.0,0.0,0.0
400,up,0.0,0.98,8,0.0,0.0,0.0
400,up,0.0,0.98,9,0.0,0.0,0.0
400,up,0.0,0.98,10,0.0,0.0,0.0
400,up,0.0,0.98,11,0.0,0.0,0.0
400,up,0.5,0.98,0,5.186207019391986e-13,5.186207019391986e-13,1.0372414038783972e-12
400,up,0.5,0.98,1,5.186229223852479e-13,5.186229223852479e-13,1.0372458447704958e-12
400,up,0.5,0.98,2,5.186207019391986e-13,5.186207019391986e-13,1.0372414038783972e-12
400,up,0.5,0.98,3,5.186207019391986e-13,5.186207019391986e-13,1.0372414038783972e-12
400,up,0.5,0.98,4,5.186207019391986e-13,5.186207019391986e-13,1.0372414038783972e-12
400,up,0.5,0.98,5,5.186207019391986e-13,5.186207019391986e-13,1.0372414038783972e-12
400,up,0.5,0.98,6,5.186207019391986e-13,5.186207019391986e-13,1.0372414038783972e-12
400,up,0.5,0.98,7,5.186207019391986e-13,5.186207019391986e-13,1.0372414038783972e-12
400,up,0.5,0.98,8,5.186207019391986e-13,5.186207019391986e-13,1.0372414038783972e-12
400,up,0.5,0.98,9,5.186207019391986e-13,5.186207019391986e-13,1.0372414038783972e-12
400,up,0.5,0.98,10,5.186207019391986e-13,5.186207019391986e-13,1.0372414038783972e-12
400,up,0.5,0.98,11,5.186207019391986e-13,5.186207019391986e-13,1.0372414038783972e-12
400,up,2.0,0.98,0,7.948905018095864e-08,7.948905018095864e-08,1.5897810036191727e-07
400,up,2.0,0.98,1,7.948905017984842e-08,7.948905018151375e-08,1.5897810036136215e-07
400,up,2.0,0.98,2,7.948905018095864e-08,7.948905018095864e-08,1.5897810036191727e-07
400,up,2.0,0.98,3,7.948905018095864e-08,7.948905018095864e-08,1.5897810036191727e-07
400,up,2.0,0.98,4,7.948905018095864e-08,7.948905018095864e-08,1.5897810036191727e-07
400,up,2.0,0.98,5,7.948905018095864e-08,7.948905018095864e-08,1.5897810036191727e-07
400,up,2.0,0.98,6,7.948905018095864e-08,7.948905018095864e-08,1.5897810036191727e-07
400,up,2.0,0.98,7,7.948905018095864e-08,7.948905018095864e-08,1.5897810036191727e-07
400,up,2.0,0.98,8,7.948905018095864e-08,7.948905018095864e-08,1.5897810036191727e-07
400,up,2.0,0.98,9,7.948905018095864e-08,7.948905018095864e-08,1.5897810036191727e-07
400,up,2.0,0.98,10,7.948905018095864e-08,7.948905018095864e-08,1.5897810036191727e-07
400,up,2.0,0.98,11,7.948905018095864e-08,7.948905018095864e-08,1.5897810036191727e-07
400,down,0.0,0.98,0,0.0,0.0,0.0
400,down,0.0,0.98,1,0.0,0.0,0.0
400,down,0.0,0.98,2,0.0,0.0,0.0
400,down,0.0,0.98,3,0.0,0.0,0.0
400,down,0.0,0.98,4,0.0,0.0,0.0
400,down,0.0,0.98,5,0.0,0.0,0.0
400,down,0.0,0.98,6,0.0,0.0,0.0
400,down,0.0,0.98,7,0.0,0.0,0.0
400,down,0.0,0.98,8,0.0,0.0,0.0
400,down,0.0,0.98,9,0.0,0.0,0.0
400,down,0.0,0.98,10,0.0,0.0,0.0
400,down,0.0,0.98,11,0.0,0.0,0.0
400,down,0.5,0.98,0,-3.8426151149906217e-13,-3.8426151149906217e-13,-7.685230229981243e-13
400,down,0.5,0.98,1,-3.8426151149906217e-13,-3.8426151149906217e-13,-7.685230229981243e-13
400,down,0.5,0.98,2,-3.8426151149906217e-13,-3.8426151149906217e-13,-7.685230229981243e-13
400,down,0.5,0.98,3,-3.8426151149906217e-13,-3.8426151149906217e-13,-7.685230229981243e-13
400,down,0.5,0.98,4,-3.845457285933662e-13,-3.845457285933662e-13,-7.690914571867324e-13
400,down,0.5,0.98,5,-3.8426151149906217e-13,-3.8426151149906217e-13,-7.685230229981243e-13
400,down,0.5,0.98,6,-3.8426151149906217e-13,-3.8426151149906217e-13,-7.685230229981243e-13
400,down,0.5,0.98,7,-3.8426151149906217e-13,-3.8426151149906217e-13,-7.685230229981243e-13
400,down,0.5,0.98,8,-3.845457285933662e-13,-3.845457285933662e-13,-7.690914571867324e-13
400,down,0.5,0.98,9,-3.8426151149906217e-13,-3.8426151149906217e-13,-7.685230229981243e-13
400,down,0.5,0.98,10,-3.845457285933662e-13,-3.845457285933662e-13,-7.690914571867324e-13
400,down,0.5,0.98,11,-3.845457285933662e-13,-3.845457285933662e-13,-7.690914571867324e-13
400,down,2.0,0.98,0,-6.003269874099715e-08,-6.003269881205142e-08,-1.2006539755304858e-07
400,down,2.0,0.98,1,-6.003269277243817e-08,-6.003269277243817e-08,-1.2006538554487634e-07
400,down,2.0,0.98,2,-6.003269248822107e-08,-6.003269248822107e-08,-1.2006538497644214e-07
400,down,2.0,0.98,3,-6.003269248822107e-08,-6.003269248822107e-08,-1.2006538497644214e-07
400,down,2.0,0.98,4,-6.003269263032963e-08,-6.003269263032963e-08,-1.2006538526065925e-07
400,down,2.0,0.98,5,-6.003269291454671e-08,-6.003269291454671e-08,-1.2006538582909343e-07
400,down,2.0,0.98,6,-6.003269263032963e-08,-6.003269263032963e-08,-1.2006538526065925e-07
400,down,2.0,0.98,7,-6.003269248822107e-08,-6.003269248822107e-08,-1.2006538497644214e-07
400,down,2.0,0.98,8,-6.003269263032963e-08,-6.003269263032963e-08,-1.2006538526065925e-07
400,down,2.0,0.98,9,-6.003269263032963e-08,-6.003269263032963e-08,-1.2006538526065925e-07
400,down,2.0,0.98,10,-6.003269319876382e-08,-6.003269319876382e-08,-1.2006538639752763e-07
400,down,2.0,0.98,11,-6.003269277243817e-08,-6.003269277243817e-08,-1.2006538554487634e-07
400,fresh,0.0,0.99,0,5.262457136723242e-16,4.0745185003743244e-16,9.336975637097567e-16
400,fresh,0.0,0.99,1,4.3243186809149847e-16,3.7581049383561547e-16,8.082423619271139e-16
400,fresh,0.0,0.99,2,-1.2656542480726783e-16,4.1189274213593307e-16,2.8532731732866526e-16
400,fresh,0.0,0.99,3,3.641531520770513e-16,3.8191672047105384e-16,7.460698725481052e-16
400,fresh,0.0,0.99,4,3.680389326632394e-16,3.4361402612148597e-16,7.116529587847254e-16
400,fresh,0.0,0.99,5,3.6359804056473876e-16,3.5360603334311236e-16,7.172040739078511e-16
400,fresh,0.0,0.99,6,4.39648317751562e-16,3.0531133177191805e-16,7.4495964952348e-16
400,fresh,0.0,0.99,7,2.170486013142181e-16,2.547961841514734e-16,4.718447854656915e-16
400,fresh,0.0,0.99,8,4.013456234019941e-16,3.6470826358936394e-16,7.660538869913581e-16
400,fresh,0.0,0.99,9,4.1522341120980857e-16,3.785860513971784e-16,7.93809462606987e-16
400,fresh,0.0,0.99,10,4.551914400963141e-16,3.4861002973229917e-16,8.038014698286134e-16
400,fresh,0.0,0.99,11,3.275157922644212e-16,4.3298697960381104e-16,7.605027718682322e-16
400,fresh,0.5,0.99,0,4.171340628467135e-10,4.171341083658575e-10,8.342681712125711e-10
400,fresh,0.5,0.99,1,5.628939259150201e-10,5.628939248047971e-10,1.1257878507198172e-09
400,fresh,0.5,0.99,2,4.876924225571955e-10,4.876924269980876e-10,9.753848495552832e-10
400,fresh,0.5,0.99,3,5.15128580902413e-10,5.15128580902413e-10,1.030257161804826e-09
400,fresh,0.5,0.99,4,4.913635359704572e-10,4.913635348602341e-10,9.827270708306911e-10
400,fresh,0.5,0.99,5,4.951676574327379e-10,4.951676574327379e-10,9.903353148654759e-10
400,fresh,0.5,0.99,6,5.401970520901856e-10,5.401970498697395e-10,1.080394101959925e-09
400,fresh,0.5,0.99,7,3.307162416144038e-10,3.307162471655189e-10,6.614324887799227e-10
400,fresh,0.5,0.99,8,5.275438841323421e-10,5.275438830221191e-10,1.0550877671544612e-09
400,fresh,0.5,0.99,9,5.946896530772961e-10,5.946896530772961e-10,1.1893793061545921e-09
400,fresh,0.5,0.99,10,6.558841425530204e-10,6.558841414427974e-10,1.3117682839958179e-09
400,fresh,0.5,0.99,11,5.775424971599108e-10,5.775424982701339e-10,1.1550849954300447e-09
400,fresh,2.0,0.99,0,2.2790177329035098e-06,2.2790177329035098e-06,4.5580354658070196e-06
400,fresh,2.0,0.99,1,2.7057914413247674e-06,2.7057914413247674e-06,5.411582882649535e-06
400,fresh,2.0,0.99,2,2.326803794566179e-06,2.326803794566179e-06,4.653607589132358e-06
400,fresh,2.0,0.99,3,2.44986545335113e-06,2.44986545335113e-06,4.89973090670226e-06
400,fresh,2.0,0.99,4,2.3369873518064298e-06,2.3369873518064298e-06,4.6739747036128596e-06
400,fresh,2.0,0.99,5,2.3553348519839148e-06,2.3553348519839148e-06,4.7106697039678295e-06
400,fresh,2.0,0.99,6,2.526822062369205e-06,2.526822062369205e-06,5.05364412473841e-06
400,fresh,2.0,0.99,7,1.5736490873891063e-06,1.5736490873891063e-06,3.1472981747782127e-06
400,fresh,2.0,0.99,8,2.505510844136305e-06,2.505510844136305e-06,5.01102168827261e-06
400,fresh,2.0,0.99,9,1.3107385043825691e-06,1.3107385043892306e-06,2.6214770087717997e-06
400,fresh,2.0,0.99,10,1.582971201679606e-06,1.582971201679606e-06,3.165942403359212e-06
400,fresh,2.0,0.99,11,2.7712764420928517e-06,2.7712764420928517e-06,5.542552884185703e-06
400,up,0.0,0.99,0,5.717648576819556e-17,5.717648576819556e-17,1.1435297153639113e-16
400,up,0.0,0.99,1,5.717648576819556e-17,5.717648576819556e-17,1.1435297153639113e-16
400,up,0.0,0.99,2,5.717648576819556e-17,5.717648576819556e-17,1.1435297153639113e-16
400,up,0.0,0.99,3,5.717648576819556e-17,5.717648576819556e-17,1.1435297153639113e-16
400,up,0.0,0.99,4,5.717648576819556e-17,5.717648576819556e-17,1.1435297153639113e-16
400,up,0.0,0.99,5,5.717648576819556e-17,5.717648576819556e-17,1.1435297153639113e-16
400,up,0.0,0.99,6,5.717648576819556e-17,5.717648576819556e-17,1.1435297153639113e-16
400,up,0.0,0.99,7,5.717648576819556e-17,5.717648576819556e-17,1.1435297153639113e-16
400,up,0.0,0.99,8,5.717648576819556e-17,5.717648576819556e-17,1.1435297153639113e-16
400,up,0.0,0.99,9,5.717648576819556e-17,5.717648576819556e-17,1.1435297153639113e-16
400,up,0.0,0.99,10,5.717648576819556e-17,5.717648576819556e-17,1.1435297153639113e-16
400,up,0.0,0.99,11,5.717648576819556e-17,5.717648576819556e-17,1.1435297153639113e-16
400,up,0.5,0.99,0,9.10856662317272e-11,9.10856662317272e-11,1.821713324634544e-10
400,up,0.5,0.99,1,9.108566567661569e-11,9.10856662317272e-11,1.8217133190834288e-10
400,up,0.5,0.99,2,9.10856662317272e-11,9.10856662317272e-11,1.821713324634544e-10
400,up,0.5,0.99,3,9.10856662317272e-11,9.10856662317272e-11,1.821713324634544e-10
400,up,0.5,0.99,4,9.10856662317272e-11,9.10856662317272e-11,1.821713324634544e-10
400,up,0.5,0.99,5,9.10856662317272e-11,9.10856662317272e-11,1.821713324634544e-10
400,up,0.5,0.99,6,9.10856662317272e-11,9.10856662317272e-11,1.821713324634544e-10
400,up,0.5,0.99,7,9.10856662317272e-11,9.10856662317272e-11,1.821713324634544e-10
400,up,0.5,0.99,8,9.10856662317272e-11,9.10856662317272e-11,1.821713324634544e-10
400,up,0.5,0.99,9,9.10856662317272e-11,9.10856662317272e-11,1.821713324634544e-10
400,up,0.5,0.99,10,9.10856662317272e-11,9.10856662317272e-11,1.821713324634544e-10
400,up,0.5,0.99,11,9.10856662317272e-11,9.10856662317272e-11,1.821713324634544e-10
400,up,2.0,0.99,0,4.3211026112932596e-07,4.3211026112932596e-07,8.642205222586519e-07
400,up,2.0,0.99,1,4.321102611282157e-07,4.3211026112932596e-07,8.642205222575417e-07
400,up,2.0,0.99,2,4.3211026112932596e-07,4.3211026112932596e-07,8.642205222586519e-07
400,up,2.0,0.99,3,4.3211026112932596e-07,4.3211026112932596e-07,8.642205222586519e-07
400,up,2.0,0.99,4,4.3211026112932596e-07,4.3211026112932596e-07,8.642205222586519e-07
400,up,2.0,0.99,5,4.3211026112932596e-07,4.3211026112932596e-07,8.642205222586519e-07
400,up,2.0,0.99,6,4.3211026112932596e-07,4.3211026112932596e-07,8.642205222586519e-07
400,up,2.0,0.99,7,4.3211026112932596e-07,4.3211026112932596e-07,8.642205222586519e-07
400,up,2.0,0.99,8,4.3211026112932596e-07,4.3211026112932596e-07,8.642205222586519e-07
400,up,2.0,0.99,9,4.3211026112932596e-07,4.3211026112932596e-07,8.642205222586519e-07
400,up,2.0,0.99,10,4.3211026112932596e-07,4.3211026112932596e-07,8.642205222586519e-07
400,up,2.0,0.99,11,4.3211026112932596e-07,4.3211026112932596e-07,8.642205222586519e-07
400,down,0.0,0.99,0,0.0,0.0,0.0
400,down,0.0,0.99,1,0.0,0.0,0.0
400,down,0.0,0.99,2,0.0,0.0,0.0
400,down,0.0,0.99,3,0.0,0.0,0.0
400,down,0.0,0.99,4,0.0,0.0,0.0
400,down,0.0,0.99,5,0.0,0.0,0.0
400,down,0.0,0.99,6,0.0,0.0,0.0
400,down,0.0,0.99,7,0.0,0.0,0.0
400,down,0.0,0.99,8,0.0,0.0,0.0
400,down,0.0,0.99,9,0.0,0.0,0.0
400,down,0.0,0.99,10,0.0,0.0,0.0
400,down,0.0,0.99,11,0.0,0.0,0.0
400,down,0.5,0.99,0,-9.075193929675152e-11,-9.075193929675152e-11,-1.8150387859350304e-10
400,down,0.5,0.99,1,-9.075193929675152e-11,-9.075193929675152e-11,-1.8150387859350304e-10
400,down,0.5,0.99,2,-9.075222351384582e-11,-9.075222351384582e-11,-1.8150444702769164e-10
400,down,0.5,0.99,3,-9.075193929675152e-11,-9.075193929675152e-11,-1.8150387859350304e-10
400,down,0.5,0.99,4,-9.075193929675152e-11,-9.075193929675152e-11,-1.8150387859350304e-10
400,down,0.5,0.99,5,-9.075193929675152e-11,-9.075193929675152e-11,-1.8150387859350304e-10
400,down,0.5,0.99,6,-9.075193929675152e-11,-9.075193929675152e-11,-1.8150387859350304e-10
400,down,0.5,0.99,7,-9.075193929675152e-11,-9.075193929675152e-11,-1.8150387859350304e-10
400,down,0.5,0.99,8,-9.075193929675152e-11,-9.075193929675152e-11,-1.8150387859350304e-10
400,down,0.5,0.99,9,-9.075193929675152e-11,-9.075193929675152e-11,-1.8150387859350304e-10
400,down,0.5,0.99,10,-9.075193929675152e-11,-9.075193929675152e-11,-1.8150387859350304e-10
400,down,0.5,0.99,11,-9.075193929675152e-11,-9.075193929675152e-11,-1.8150387859350304e-10
400,down,2.0,0.99,0,-4.3236478902031195e-07,-4.3236478902031195e-07,-8.647295780406239e-07
400,down,2.0,0.99,1,-4.306005617138453e-07,-4.306005617138453e-07,-8.612011234276906e-07
400,down,2.0,0.99,2,-4.3051168532315385e-07,-4.3051168532315385e-07,-8.610233706463077e-07
400,down,2.0,0.99,3,-4.3045106011163627e-07,-4.3045106011163627e-07,-8.609021202232725e-07
400,down,2.0,0.99,4,-4.3055488930576757e-07,-4.3055488930576757e-07,-8.611097786115351e-07
400,down,2.0,0.99,5,-4.3065344172532606e-07,-4.3065344172532606e-07,-8.613068834506521e-07
400,down,2.0,0.99,6,-4.3054781642126725e-07,-4.3054781642126725e-07,-8.610956328425345e-07
400,down,2.0,0.99,7,-4.3052506612184513e-07,-4.3052506612184513e-07,-8.610501322436903e-07
400,down,2.0,0.99,8,-4.305488717193384e-07,-4.305488717193384e-07,-8.610977434386768e-07
400,down,2.0,0.99,9,-4.3057651353706207e-07,-4.3057651353706207e-07,-8.611530270741241e-07
400,down,2.0,0.99,10,-4.308733343805216e-07,-4.308733343805216e-07,-8.617466687610431e-07
400,down,2.0,0.99,11,-4.305868969822768e-07,-4.305868969822768e-07,-8.611737939645536e-07
400,fresh,0.0,0.995,0,1.353939182990871e-12,1.1460332682844409e-12,2.499972451275312e-12
400,fresh,0.0,0.995,1,1.1467804483800138e-12,1.0416367768328882e-12,2.188417225212902e-12
400,fresh,0.0,0.995,2,-1.3531176179526483e-13,1.1091683127517626e-12,9.738565509564977e-13
400,fresh,0.0,0.995,3,1.020877826718447e-12,1.0538780959024052e-12,2.074755922620852e-12
400,fresh,0.0,0.995,4,1.0254236348927747e-12,9.786754739948833e-13,2.004099108887658e-12
400,fresh,0.0,0.995,5,1.0186307353166058e-12,1.0001743877552372e-12,2.0188051230718428e-12
400,fresh,0.0,0.995,6,1.158656504074429e-12,9.018119584425222e-13,2.060468462516951e-12
400,fresh,0.0,0.995,7,7.178690974996016e-13,7.976874716320026e-13,1.5155565691316042e-12
400,fresh,0.0,0.995,8,1.08667352893832e-12,1.0175787990007734e-12,2.1042523279390933e-12
400,fresh,0.0,0.995,9,1.1703371605165102e-12,1.1002376787416778e-12,2.2705748392581878e-12
400,fresh,0.0,0.995,10,1.2422551876056786e-12,1.0467415823001146e-12,2.288996769905793e-12
400,fresh,0.0,0.995,11,9.985423599090381e-13,1.192468346289388e-12,2.191010706198426e-12
400,fresh,0.5,0.995,0,1.9414602068779096e-08,1.9414651632465585e-08,3.882925370124468e-08
400,fresh,0.5,0.995,1,2.404558938295942e-08,2.404558825275238e-08,4.80911776357118e-08
400,fresh,0.5,0.995,2,2.172830781188573e-08,2.1728312703528375e-08,4.3456620515414103e-08
400,fresh,0.5,0.995,3,2.2587488103797958e-08,2.2587488435754643e-08,4.51749765395526e-08
400,fresh,0.5,0.995,4,2.1846650581913707e-08,2.1846650032353308e-08,4.369330061426702e-08
400,fresh,0.5,0.995,5,2.1965942491597446e-08,2.196594228065507e-08,4.393188477225251e-08
400,fresh,0.5,0.995,6,2.3356018254983013e-08,2.3356016269904245e-08,4.671203452488726e-08
400,fresh,0.5,0.995,7,1.6566435541709447e-08,1.6566442233023614e-08,3.313287777473306e-08
400,fresh,0.5,0.995,8,2.2970422361989763e-08,2.297042169030483e-08,4.5940844052294594e-08
400,fresh,0.5,0.995,9,2.4994755813967373e-08,2.4994754707075017e-08,4.998951052104239e-08
400,fresh,0.5,0.995,10,2.6752914170646848e-08,2.6752911528316048e-08,5.3505825698962896e-08
400,fresh,0.5,0.995,11,2.4482350533538976e-08,2.4482352345422954e-08,4.8964702878961927e-08
400,fresh,2.0,0.995,0,8.739732384330234e-06,8.739732384330234e-06,1.7479464768660467e-05
400,fresh,2.0,0.995,1,9.88278454206959e-06,9.88278454206959e-06,1.976556908413918e-05
400,fresh,2.0,0.995,2,8.870860336147035e-06,8.870860336147035e-06,1.774172067229407e-05
400,fresh,2.0,0.995,3,9.204593376488934e-06,9.204593376488934e-06,1.8409186752977868e-05
400,fresh,2.0,0.995,4,8.898765617220694e-06,8.898765617220694e-06,1.7797531234441388e-05
400,fresh,2.0,0.995,5,8.94873644414873e-06,8.94873644414873e-06,1.789747288829746e-05
400,fresh,2.0,0.995,6,9.410641989733292e-06,9.410641989733292e-06,1.8821283979466585e-05
400,fresh,2.0,0.995,7,6.726478698633187e-06,6.726478698637628e-06,1.3452957397270816e-05
400,fresh,2.0,0.995,8,9.353939988352433e-06,9.353939988352433e-06,1.8707879976704866e-05
400,fresh,2.0,0.995,9,5.901725613649544e-06,5.901725615682363e-06,1.1803451229331906e-05
400,fresh,2.0,0.995,10,6.750040371986676e-06,6.7500403720999195e-06,1.3500080744086596e-05
400,fresh,2.0,0.995,11,1.0051622557525342e-05,1.0051622557525342e-05,2.0103245115050683e-05
400,up,0.0,0.995,0,1.8169965532166543e-13,1.8169965532166543e-13,3.6339931064333087e-13
400,up,0.0,0.995,1,1.8169965532166543e-13,1.8169965532166543e-13,3.6339931064333087e-13
400,up,0.0,0.995,2,1.8169965532166543e-13,1.8169965532166543e-13,3.6339931064333087e-13
400,up,0.0,0.995,3,1.8169965532166543e-13,1.8169965532166543e-13,3.6339931064333087e-13
400,up,0.0,0.995,4,1.8169965532166543e-13,1.8169965532166543e-13,3.6339931064333087e-13
400,up,0.0,0.995,5,1.8169965532166543e-13,1.8169965532166543e-13,3.6339931064333087e-13
400,up,0.0,0.995,6,1.8169965532166543e-13,1.8169965532166543e-13,3.6339931064333087e-13
400,up,0.0,0.995,7,1.8169965532166543e-13,1.8169965532166543e-13,3.6339931064333087e-13
400,up,0.0,0.995,8,1.8169965532166543e-13,1.8169965532166543e-13,3.6339931064333087e-13
400,up,0.0,0.995,9,1.8169965532166543e-13,1.8169965532166543e-13,3.6339931064333087e-13
400,up,0.0,0.995,10,1.8169965532166543e-13,1.8169965532166543e-13,3.6339931064333087e-13
400,up,0.0,0.995,11,1.8169965532166543e-13,1.8169965532166543e-13,3.6339931064333087e-13
400,up,0.5,0.995,0,3.952793362627105e-09,3.952793362627105e-09,7.90558672525421e-09
400,up,0.5,0.995,1,3.952793365957774e-09,3.952793365402662e-09,7.905586731360436e-09
400,up,0.5,0.995,2,3.952793362627105e-09,3.952793362627105e-09,7.90558672525421e-09
400,up,0.5,0.995,3,3.952793362627105e-09,3.952793362627105e-09,7.90558672525421e-09
400,up,0.5,0.995,4,3.952793362627105e-09,3.952793362627105e-09,7.90558672525421e-09
400,up,0.5,0.995,5,3.952793362627105e-09,3.952793362627105e-09,7.90558672525421e-09
400,up,0.5,0.995,6,3.952793362627105e-09,3.952793362627105e-09,7.90558672525421e-09
400,up,0.5,0.995,7,3.952793362627105e-09,3.952793362627105e-09,7.90558672525421e-09
400,up,0.5,0.995,8,3.952793362627105e-09,3.952793362627105e-09,7.90558672525421e-09
400,up,0.5,0.995,9,3.952793362627105e-09,3.952793362627105e-09,7.90558672525421e-09
400,up,0.5,0.995,10,3.952793362627105e-09,3.952793362627105e-09,7.90558672525421e-09
400,up,0.5,0.995,11,3.952793362627105e-09,3.952793362627105e-09,7.90558672525421e-09
400,up,2.0,0.995,0,1.587225694525407e-06,1.587225694525407e-06,3.174451389050814e-06
400,up,2.0,0.995,1,1.5872256945259622e-06,1.5872256945259622e-06,3.1744513890519244e-06
400,up,2.0,0.995,2,1.587225694525407e-06,1.587225694525407e-06,3.174451389050814e-06
400,up,2.0,0.995,3,1.587225694525407e-06,1.587225694525407e-06,3.174451389050814e-06
400,up,2.0,0.995,4,1.587225694525407e-06,1.587225694525407e-06,3.174451389050814e-06
400,up,2.0,0.995,5,1.587225694525407e-06,1.587225694525407e-06,3.174451389050814e-06
400,up,2.0,0.995,6,1.587225694525407e-06,1.587225694525407e-06,3.174451389050814e-06
400,up,2.0,0.995,7,1.587225694525407e-06,1.587225694525407e-06,3.174451389050814e-06
400,up,2.0,0.995,8,1.587225694525407e-06,1.587225694525407e-06,3.174451389050814e-06
400,up,2.0,0.995,9,1.587225694525407e-06,1.587225694525407e-06,3.174451389050814e-06
400,up,2.0,0.995,10,1.587225694525407e-06,1.587225694525407e-06,3.174451389050814e-06
400,up,2.0,0.995,11,1.587225694525407e-06,1.587225694525407e-06,3.174451389050814e-06
400,down,0.0,0.995,0,-9.43032318900805e-13,-9.464429240324534e-13,-1.889475242933258e-12
400,down,0.0,0.995,1,-9.470113582210615e-13,-9.526957001071424e-13,-1.899707058328204e-12
400,down,0.0,0.995,2,-9.390532795805484e-13,-9.470113582210615e-13,-1.88606463780161e-12
400,down,0.0,0.995,3,-9.532641342957504e-13,-9.487166607868858e-13,-1.9019807950826362e-12
400,down,0.0,0.995,4,-9.521272659185342e-13,-9.691802915767767e-13,-1.9213075574953107e-12
400,down,0.0,0.995,5,-9.555378710501827e-13,-9.600853445590474e-13,-1.9156232156092303e-12
400,down,0.0,0.995,6,-9.453060556552372e-13,-9.14610609470401e-13,-1.859916665125638e-12
400,down,0.0,0.995,7,-9.356426744489e-13,-9.333689376944677e-13,-1.8690116121433677e-12
400,down,0.0,0.995,8,-9.475797924096697e-13,-9.544010026729665e-13,-1.9019807950826362e-12
400,down,0.0,0.995,9,-9.458744898438454e-13,-9.481482265982777e-13,-1.894022716442123e-12
400,down,0.0,0.995,10,-9.436007530894131e-13,-9.5042196335271e-13,-1.894022716442123e-12
400,down,0.0,0.995,11,-9.595169103704392e-13,-9.436007530894131e-13,-1.9031176634598526e-12
400,down,0.5,0.995,0,-1.889632187612733e-08,-1.889632187612733e-08,-3.779264375225466e-08
400,down,0.5,0.995,1,-2.2419350216296152e-08,-2.2419301330955933e-08,-4.4838651547252085e-08
400,down,0.5,0.995,2,-1.9505260695495962e-08,-1.9505260695495962e-08,-3.9010521390991924e-08
400,down,0.5,0.995,3,-1.9932153065838066e-08,-1.9932153065838066e-08,-3.986430613167613e-08
400,down,0.5,0.995,4,-1.8967082553444925e-08,-1.8967082553444925e-08,-3.793416510688985e-08
400,down,0.5,0.995,5,-1.8075641605719283e-08,-1.8075641605719283e-08,-3.6151283211438566e-08
400,down,0.5,0.995,6,-1.8442916314143078e-08,-1.8442916314143078e-08,-3.6885832628286156e-08
400,down,0.5,0.995,7,-1.8801851808802893e-08,-1.8801851808802893e-08,-3.760370361760579e-08
400,down,0.5,0.995,8,-1.9873828307481746e-08,-1.9873828307481746e-08,-3.974765661496349e-08
400,down,0.5,0.995,9,-2.074654730677139e-08,-2.07465467383372e-08,-4.149309404510859e-08
400,down,0.5,0.995,10,-2.0886659797270113e-08,-2.0886659228835924e-08,-4.177331902610604e-08
400,down,0.5,0.995,11,-1.922817460808801e-08,-1.922817460808801e-08,-3.845634921617602e-08
400,down,2.0,0.995,0,-2.4588962647129618e-05,-2.458896285084222e-05,-4.917792549797184e-05
400,down,2.0,0.995,1,-6.026472968585495e-06,-6.026472968585495e-06,-1.205294593717099e-05
400,down,2.0,0.995,2,-5.053172091891156e-06,-5.053172091891156e-06,-1.0106344183782313e-05
400,down,2.0,0.995,3,-4.387061347017607e-06,-4.387061347017607e-06,-8.774122694035214e-06
400,down,2.0,0.995,4,-5.526775703259545e-06,-5.526775703259545e-06,-1.105355140651909e-05
400,down,2.0,0.995,5,-6.603772520890061e-06,-6.603772520890061e-06,-1.3207545041780122e-05
400,down,2.0,0.995,6,-5.449305963196593e-06,-5.449305963196593e-06,-1.0898611926393186e-05
400,down,2.0,0.995,7,-5.199945251774807e-06,-5.199945251774807e-06,-1.0399890503549614e-05
400,down,2.0,0.995,8,-5.4608652820320455e-06,-5.4608652820320455e-06,-1.0921730564064091e-05
400,down,2.0,0.995,9,-5.763494600046215e-06,-5.763494600046215e-06,-1.152698920009243e-05
400,down,2.0,0.995,10,-8.990050701243036e-06,-8.990050701243036e-06,-1.7980101402486072e-05
400,down,2.0,0.995,11,-5.877075749509686e-06,-5.877075749509686e-06,-1.1754151499019372e-05
400,fresh,0.0,1.0,0,1.694529056445404e-05,1.6758341754045115e-05,3.3703632318499155e-05
400,fresh,0.0,1.0,1,1.6759029831709958e-05,1.6651965886004262e-05,3.341099571771422e-05
400,fresh,0.0,1.0,2,1.4149341869242326e-05,1.672180080308727e-05,3.0871142672329595e-05
400,fresh,0.0,1.0,3,1.6629687564526096e-05,1.6664921683162136e-05,3.329460924768823e-05
400,fresh,0.0,1.0,4,1.663460161285768e-05,1.658315090164175e-05,3.3217752514499435e-05
400,fresh,0.0,1.0,5,1.662725468882631e-05,1.660707236336989e-05,3.32343270521962e-05
400,fresh,0.0,1.0,6,1.6770550478606983e-05,1.649382877529637e-05,3.326437925390335e-05
400,fresh,0.0,1.0,7,1.6252614754218576e-05,1.6362452238840587e-05,3.261506699305916e-05
400,fresh,0.0,1.0,8,1.6698975019122652e-05,1.662610926955965e-05,3.33250842886823e-05
400,fresh,0.0,1.0,9,1.678181552494884e-05,1.6712832758217776e-05,3.349464828316661e-05
400,fresh,0.0,1.0,10,1.684865455375828e-05,1.6657434907333403e-05,3.350608946109168e-05
400,fresh,0.0,1.0,11,1.6605319853258972e-05,1.680279649359351e-05,3.3408116346852484e-05
400,fresh,0.5,1.0,0,3.2588865436751214e-05,3.259192906205466e-05,6.518079449880588e-05
400,fresh,0.5,1.0,1,3.353788991393603e-05,3.35378408895437e-05,6.707573080347973e-05
400,fresh,0.5,1.0,2,3.308816775592638e-05,3.308841742783064e-05,6.617658518375701e-05
400,fresh,0.5,1.0,3,3.3259635540850986e-05,3.325965143850973e-05,6.651928697936072e-05
400,fresh,0.5,1.0,4,3.311273990861396e-05,3.3112712163221316e-05,6.622545207183529e-05
400,fresh,0.5,1.0,5,3.3136651551824994e-05,3.3136640995397036e-05,6.627329254722204e-05
400,fresh,0.5,1.0,6,3.340775078310876e-05,3.3407660436733934e-05,6.68154112198427e-05
400,fresh,0.5,1.0,7,3.194461149632455e-05,3.1945112380688536e-05,6.388972387701308e-05
400,fresh,0.5,1.0,8,3.333410629255518e-05,3.333407495539231e-05,6.666818124794748e-05
400,fresh,0.5,1.0,9,3.371175880074961e-05,3.3711713676184416e-05,6.742347247693404e-05
400,fresh,0.5,1.0,10,3.401606760068177e-05,3.4015971017313796e-05,6.803203861799556e-05
400,fresh,0.5,1.0,11,3.361804246532651e-05,3.361811894166067e-05,6.723616140698717e-05
400,fresh,2.0,1.0,0,8.147193401594421e-05,8.14719340159642e-05,0.00016294386803190843
400,fresh,2.0,1.0,1,8.480212241540052e-05,8.480212241539941e-05,0.00016960424483079993
400,fresh,2.0,1.0,2,8.186553775166861e-05,8.186553775167304e-05,0.00016373107550334167
400,fresh,2.0,1.0,3,8.285277029211446e-05,8.285277029211446e-05,0.00016570554058422892
400,fresh,2.0,1.0,4,8.194909768067415e-05,8.194909768067415e-05,0.0001638981953613483
400,fresh,2.0,1.0,5,8.20977535051487e-05,8.20977535051487e-05,0.0001641955070102974
400,fresh,2.0,1.0,6,8.345265040098304e-05,8.345265040098193e-05,0.00016690530080196498
400,fresh,2.0,1.0,7,7.50884337906954e-05,7.508843379438024e-05,0.00015017686758507563
400,fresh,2.0,1.0,8,8.328874830686728e-05,8.328874830686728e-05,0.00016657749661373457
400,fresh,2.0,1.0,9,7.21463244848769e-05,7.214632678494148e-05,0.00014429265126981837
400,fresh,2.0,1.0,10,7.515327145475537e-05,7.515327154684392e-05,0.00015030654300159929
400,fresh,2.0,1.0,11,8.527224419045076e-05,8.527224419045076e-05,0.00017054448838090151
400,up,0.0,1.0,0,1.4664866172821035e-05,1.4664866172821035e-05,2.932973234564207e-05
400,up,0.0,1.0,1,1.4664866172821035e-05,1.4664866172821035e-05,2.932973234564207e-05
400,up,0.0,1.0,2,1.4664866172821035e-05,1.4664866172821035e-05,2.932973234564207e-05
400,up,0.0,1.0,3,1.4664866172821035e-05,1.4664866172821035e-05,2.932973234564207e-05
400,up,0.0,1.0,4,1.4664866172821035e-05,1.4664866172821035e-05,2.932973234564207e-05
400,up,0.0,1.0,5,1.4664866172821035e-05,1.4664866172821035e-05,2.932973234564207e-05
400,up,0.0,1.0,6,1.4664866172821035e-05,1.4664866172821035e-05,2.932973234564207e-05
400,up,0.0,1.0,7,1.4664866172821035e-05,1.4664866172821035e-05,2.932973234564207e-05
400,up,0.0,1.0,8,1.4664866172821035e-05,1.4664866172821035e-05,2.932973234564207e-05
400,up,0.0,1.0,9,1.4664866172821035e-05,1.4664866172821035e-05,2.932973234564207e-05
400,up,0.0,1.0,10,1.4664866172821035e-05,1.4664866172821035e-05,2.932973234564207e-05
400,up,0.0,1.0,11,1.4664866172821035e-05,1.4664866172821035e-05,2.932973234564207e-05
400,up,0.5,1.0,0,2.6048218712139693e-05,2.6048218712139693e-05,5.2096437424279385e-05
400,up,0.5,1.0,1,2.6048218712138026e-05,2.6048218712139137e-05,5.209643742427716e-05
400,up,0.5,1.0,2,2.6048218712139693e-05,2.6048218712139693e-05,5.2096437424279385e-05
400,up,0.5,1.0,3,2.6048218712139693e-05,2.6048218712139693e-05,5.2096437424279385e-05
400,up,0.5,1.0,4,2.6048218712139693e-05,2.6048218712139693e-05,5.2096437424279385e-05
400,up,0.5,1.0,5,2.6048218712139693e-05,2.6048218712139693e-05,5.2096437424279385e-05
400,up,0.5,1.0,6,2.6048218712139693e-05,2.6048218712139693e-05,5.2096437424279385e-05
400,up,0.5,1.0,7,2.6048218712139693e-05,2.6048218712139693e-05,5.2096437424279385e-05
400,up,0.5,1.0,8,2.6048218712139693e-05,2.6048218712139693e-05,5.2096437424279385e-05
400,up,0.5,1.0,9,2.6048218712139693e-05,2.6048218712139693e-05,5.2096437424279385e-05
400,up,0.5,1.0,10,2.6048218712139693e-05,2.6048218712139693e-05,5.2096437424279385e-05
400,up,0.5,1.0,11,2.6048218712139693e-05,2.6048218712139693e-05,5.2096437424279385e-05
400,up,2.0,1.0,0,4.7642950822987526e-05,4.7642950822987526e-05,9.528590164597505e-05
400,up,2.0,1.0,1,4.764295082298808e-05,4.764295082298697e-05,9.528590164597505e-05
400,up,2.0,1.0,2,4.7642950822987526e-05,4.7642950822987526e-05,9.528590164597505e-05
400,up,2.0,1.0,3,4.7642950822987526e-05,4.7642950822987526e-05,9.528590164597505e-05
400,up,2.0,1.0,4,4.7642950822987526e-05,4.7642950822987526e-05,9.528590164597505e-05
400,up,2.0,1.0,5,4.7642950822987526e-05,4.7642950822987526e-05,9.528590164597505e-05
400,up,2.0,1.0,6,4.7642950822987526e-05,4.7642950822987526e-05,9.528590164597505e-05
400,up,2.0,1.0,7,4.7642950822987526e-05,4.7642950822987526e-05,9.528590164597505e-05
400,up,2.0,1.0,8,4.7642950822987526e-05,4.7642950822987526e-05,9.528590164597505e-05
400,up,2.0,1.0,9,4.7642950822987526e-05,4.7642950822987526e-05,9.528590164597505e-05
400,up,2.0,1.0,10,4.7642950822987526e-05,4.7642950822987526e-05,9.528590164597505e-05
400,up,2.0,1.0,11,4.7642950822987526e-05,4.7642950822987526e-05,9.528590164597505e-05
400,down,0.0,1.0,0,1.535110121380967e-05,1.4242476105437163e-05,2.9593577319246834e-05
400,down,0.0,1.0,1,1.424982224989435e-05,1.2141885124492546e-05,2.6391707374386895e-05
400,down,0.0,1.0,2,1.696743570448689e-05,1.3778120782603765e-05,3.074555648709065e-05
400,down,0.0,1.0,3,1.1158599717191464e-05,1.256943305634195e-05,2.3728032773533413e-05
400,down,0.0,1.0,4,1.1409873544607762e-05,6.718310780797765e-06,1.8128184325405525e-05
400,down,0.0,1.0,5,1.1025271012385929e-05,9.616356560400164e-06,2.064162757278609e-05
400,down,0.0,1.0,6,1.4366674709549444e-05,3.375288544305022e-05,4.811956015259966e-05
400,down,0.0,1.0,7,1.882240832685511e-05,2.0220315466872307e-05,3.904272379372742e-05
400,down,0.0,1.0,8,1.3388474211524227e-05,1.0960282019141232e-05,2.4348756230665458e-05
400,down,0.0,1.0,9,1.4470748119492783e-05,1.3636385612016966e-05,2.8107133731509746e-05
400,down,0.0,1.0,10,1.4938630591814217e-05,1.2332604459288632e-05,2.727123505110285e-05
400,down,0.0,1.0,11,9.46098566373621e-06,1.464197952827817e-05,2.410296519201438e-05
400,down,0.5,1.0,0,3.085636423548976e-05,3.0859170302335314e-05,6.171553453782508e-05
400,down,0.5,1.0,1,7.887521178417955e-09,7.454651176885818e-07,7.533526388669997e-07
400,down,0.5,1.0,2,1.9834025787588417e-05,1.9837230613859447e-05,3.9671256401447864e-05
400,down,0.5,1.0,3,1.4244677327042155e-05,1.4218291613019573e-05,2.846296894006173e-05
400,down,0.5,1.0,4,2.9348216955042972e-05,2.9348840268141885e-05,5.869705722318486e-05
400,down,0.5,1.0,5,5.493118452221779e-05,5.493053299034045e-05,0.00010986171751255824
400,down,0.5,1.0,6,4.241776646978224e-05,4.241855028141117e-05,8.483631675119342e-05
400,down,0.5,1.0,7,3.298574728773929e-05,3.298310061154552e-05,6.596884789928482e-05
400,down,0.5,1.0,8,1.491950577189982e-05,1.4910057861357019e-05,2.982956363325684e-05
400,down,0.5,1.0,9,6.819190650162455e-06,6.8689933556242975e-06,1.3688184005786751e-05
400,down,0.5,1.0,10,5.875522505220942e-06,5.9510208222945945e-06,1.1826543327515537e-05
400,down,0.5,1.0,11,2.433019381186341e-05,2.4339231306100828e-05,4.866942511796424e-05
400,down,2.0,1.0,0,-0.0008961627902816361,0.01481180028150348,0.013915637491221844
400,down,2.0,1.0,1,4.893927513748508e-05,4.8939275137200864e-05,9.787855027468595e-05
400,down,2.0,1.0,2,0.0001216557516451644,0.00012165575164715391,0.00024331150329231832
400,down,2.0,1.0,3,0.00024067707947594385,0.00024067707950692352,0.00048135415898286737
400,down,2.0,1.0,4,7.809989490709768e-05,7.809989490681346e-05,0.00015619978981391114
400,down,2.0,1.0,5,2.7514744494681054e-05,2.7514744495533705e-05,5.502948899021476e-05
400,down,2.0,1.0,6,8.391424754279342e-05,8.391424754108812e-05,0.00016782849508388152
400,down,2.0,1.0,7,0.00010587511178087538,0.0001058751117828649,0.0002117502235637403
400,down,2.0,1.0,8,8.301957784993874e-05,8.301957784965452e-05,0.00016603915569959326
400,down,2.0,1.0,9,6.268919932978179e-05,6.268919932978179e-05,0.00012537839865956358
400,down,2.0,1.0,10,3.6452891549743073e-09,3.6452885865401186e-09,7.290577741514426e-09
400,down,2.0,1.0,11,5.63680439000791e-05,5.6368043899794884e-05,0.00011273608779987398
400,fresh,0.0,1.005,0,0.09476154622860601,0.0946952703873309,0.1894568166159369
400,fresh,0.0,1.005,1,0.09469547321604295,0.09466694815243698,0.18936242136847992
400,fresh,0.0,1.005,2,0.09475953969638079,0.09468487653743848,0.18944441623381927
400,fresh,0.0,1.005,3,0.0946617249726397,0.09467009247296651,0.1893318174456062
400,fresh,0.0,1.005,4,0.09466285744651393,0.09465153077765238,0.1893143882241663
400,fresh,0.0,1.005,5,0.09466116835692549,0.09465665288064973,0.18931782123757523
400,fresh,0.0,1.005,6,0.09469890943110575,0.09463446054462349,0.18933336997572925
400,fresh,0.0,1.005,7,0.09460203285644858,0.09461457261048124,0.1892166054669298
400,fresh,0.0,1.005,8,0.09467874668309013,0.09466090722308378,0.1893396539061739
400,fresh,0.0,1.005,9,0.09470234385379137,0.09468243579475807,0.18938477964854944
400,fresh,0.0,1.005,10,0.09472432382379317,0.09466826573121648,0.18939258955500965
400,fresh,0.0,1.005,11,0.09465626926303745,0.09470894205081759,0.18936521131385503
400,fresh,0.5,1.005,0,0.02984146014360971,0.029963859952733603,0.05980532009634332
400,fresh,0.5,1.005,1,0.04732324500175872,0.047323347830024974,0.0946465928317837
400,fresh,0.5,1.005,2,0.018204750274772922,0.03306408603584096,0.05126883631061388
400,fresh,0.5,1.005,3,0.047351514042560085,0.047351463801413016,0.09470297784397311
400,fresh,0.5,1.005,4,0.04735220653794858,0.047352299043076175,0.09470450558102475
400,fresh,0.5,1.005,5,0.04735775496091858,0.047357792006957056,0.09471554696787564
400,fresh,0.5,1.005,6,0.047263510000965646,0.04726359845070851,0.09452710845167415
400,fresh,0.5,1.005,7,0.024935375020320852,0.030763035138027986,0.05569841015834884
400,fresh,0.5,1.005,8,0.047342053669780476,0.04734214095207305,0.09468419462185353
400,fresh,0.5,1.005,9,0.047322003288675724,0.047322091170340655,0.09464409445901638
400,fresh,0.5,1.005,10,0.04725309613413093,0.047253159252232495,0.09450625538636342
400,fresh,0.5,1.005,11,0.04728938868131916,0.04728928770790331,0.09457867638922247
400,fresh,2.0,1.005,0,0.017280529956673504,0.001581934916884819,0.018862464873558322
400,fresh,2.0,1.005,1,0.01636088387798749,0.016360883941687887,0.03272176781967538
400,fresh,2.0,1.005,2,0.017247662496625394,0.0017665489252709388,0.019014211421896333
400,fresh,2.0,1.005,3,0.01648878737654832,0.016488787292524964,0.032977574669073285
400,fresh,2.0,1.005,4,0.01650868525998367,0.01650868560057813,0.0330173708605618
400,fresh,2.0,1.005,5,0.016534073823204053,0.016534073968276733,0.03306814779148079
400,fresh,2.0,1.005,6,0.016341383245816875,0.01634138332511944,0.032682766570936314
400,fresh,2.0,1.005,7,0.014264945575615862,0.013753922018161066,0.028018867593776926
400,fresh,2.0,1.005,8,0.01645828067145927,0.016458280778424997,0.032916561449884266
400,fresh,2.0,1.005,9,0.015028692664109205,0.015012127586499224,0.03004082025060843
400,fresh,2.0,1.005,10,0.014660333890569345,0.014472377803651537,0.02913271169422088
400,fresh,2.0,1.005,11,0.016306155731996515,0.0163061556902583,0.03261231142225482
400,up,0.0,1.005,0,0.10815532470915457,0.10815532470915457,0.21631064941830913
400,up,0.0,1.005,1,0.10815532470915457,0.10815532470915457,0.21631064941830913
400,up,0.0,1.005,2,0.10815532470915457,0.10815532470915457,0.21631064941830913
400,up,0.0,1.005,3,0.10815532470915457,0.10815532470915457,0.21631064941830913
400,up,0.0,1.005,4,0.10815532470915457,0.10815532470915457,0.21631064941830913
400,up,0.0,1.005,5,0.10815532470915457,0.10815532470915457,0.21631064941830913
400,up,0.0,1.005,6,0.10815532470915457,0.10815532470915457,0.21631064941830913
400,up,0.0,1.005,7,0.10815532470915457,0.10815532470915457,0.21631064941830913
400,up,0.0,1.005,8,0.10815532470915457,0.10815532470915457,0.21631064941830913
400,up,0.0,1.005,9,0.10815532470915457,0.10815532470915457,0.21631064941830913
400,up,0.0,1.005,10,0.10815532470915457,0.10815532470915457,0.21631064941830913
400,up,0.0,1.005,11,0.10815532470915457,0.10815532470915457,0.21631064941830913
400,up,0.5,1.005,0,0.0480667040457601,0.0480667040457601,0.0961334080915202
400,up,0.5,1.005,1,0.048066704045760036,0.04806670404576002,0.09613340809152006
400,up,0.5,1.005,2,0.0480667040457601,0.0480667040457601,0.0961334080915202
400,up,0.5,1.005,3,0.0480667040457601,0.0480667040457601,0.0961334080915202
400,up,0.5,1.005,4,0.0480667040457601,0.0480667040457601,0.0961334080915202
400,up,0.5,1.005,5,0.0480667040457601,0.0480667040457601,0.0961334080915202
400,up,0.5,1.005,6,0.0480667040457601,0.0480667040457601,0.0961334080915202
400,up,0.5,1.005,7,0.0480667040457601,0.0480667040457601,0.0961334080915202
400,up,0.5,1.005,8,0.0480667040457601,0.0480667040457601,0.0961334080915202
400,up,0.5,1.005,9,0.0480667040457601,0.0480667040457601,0.0961334080915202
400,up,0.5,1.005,10,0.0480667040457601,0.0480667040457601,0.0961334080915202
400,up,0.5,1.005,11,0.0480667040457601,0.0480667040457601,0.0961334080915202
400,up,2.0,1.005,0,0.01661259673030016,0.01661259673030016,0.03322519346060032
400,up,2.0,1.005,1,0.016612596730300147,0.016612596730300147,0.033225193460600294
400,up,2.0,1.005,2,0.01661259673030016,0.01661259673030016,0.03322519346060032
400,up,2.0,1.005,3,0.01661259673030016,0.01661259673030016,0.03322519346060032
400,up,2.0,1.005,4,0.01661259673030016,0.01661259673030016,0.03322519346060032
400,up,2.0,1.005,5,0.01661259673030016,0.01661259673030016,0.03322519346060032
400,up,2.0,1.005,6,0.01661259673030016,0.01661259673030016,0.03322519346060032
400,up,2.0,1.005,7,0.01661259673030016,0.01661259673030016,0.03322519346060032
400,up,2.0,1.005,8,0.01661259673030016,0.01661259673030016,0.03322519346060032
400,up,2.0,1.005,9,0.01661259673030016,0.01661259673030016,0.03322519346060032
400,up,2.0,1.005,10,0.01661259673030016,0.01661259673030016,0.03322519346060032
400,up,2.0,1.005,11,0.01661259673030016,0.01661259673030016,0.03322519346060032
400,down,0.0,1.005,0,0.1042471238668088,0.09501643938533334,0.19926356325214215
400,down,0.0,1.005,1,0.09502064789068186,0.09465475863832012,0.189675406529002
400,down,0.0,1.005,2,0.1091631357192415,0.09483807893766141,0.2040012146569029
400,down,0.0,1.005,3,0.09462316570879523,0.09467808194598376,0.189301247654779
400,down,0.0,1.005,4,0.0946292776231229,0.09458624286147313,0.18921552048459603
400,down,0.0,1.005,5,0.094620309308159,0.09460071112891341,0.1892210204370724
400,down,0.0,1.005,6,0.09509710436024647,0.09460758942981329,0.18970469379005978
400,down,0.0,1.005,7,0.09597430283184792,0.09491600874629796,0.1908903115781459
400,down,0.0,1.005,8,0.09476067050271865,0.09461900266505893,0.1893796731677776
400,down,0.0,1.005,9,0.09518441530912071,0.09480514789610708,0.1899895632052278
400,down,0.0,1.005,10,0.09620307161862683,0.0946641267971836,0.19086719841581043
400,down,0.0,1.005,11,0.0945993394091181,0.09539061964374014,0.18998995905285826
400,down,0.5,1.005,0,0.031719822555576795,0.016014609547743818,0.04773443210332061
400,down,0.5,1.005,1,0.03071874184022903,0.030715391609166715,0.061434133449395745
400,down,0.5,1.005,2,0.02971571855973906,0.02902404547016573,0.05873976402990479
400,down,0.5,1.005,3,0.030345883405983612,0.03041093529325053,0.06075681869923415
400,down,0.5,1.005,4,0.031731500394450905,0.01602579879281848,0.047757299187269384
400,down,0.5,1.005,5,0.03127388924292831,0.03131564324492473,0.06258953248785304
400,down,0.5,1.005,6,0.03197278349146785,0.016348414472316507,0.048321197963784354
400,down,0.5,1.005,7,0.01599664722166722,0.031700889275429064,0.04769753649709628
400,down,0.5,1.005,8,0.030315032336929164,0.030349336662546023,0.060664368999475186
400,down,0.5,1.005,9,0.030544130780889987,0.030537209033964244,0.06108133981485423
400,down,0.5,1.005,10,0.030551377509040377,0.03054371789109638,0.06109509540013676
400,down,0.5,1.005,11,0.03246536607836987,0.01682833086605484,0.04929369694442471
400,down,2.0,1.005,0,0.014802728461797017,0.01480274074460567,0.02960546920640269
400,down,2.0,1.005,1,0.016269947615914618,0.0005619946799440357,0.016831942295858653
400,down,2.0,1.005,2,0.00037510088572503266,0.016083064146810315,0.016458165032535346
400,down,2.0,1.005,3,0.000912713369307312,0.01662067164221412,0.01753338501152143
400,down,2.0,1.005,4,0.015972250112913713,0.00026428684611161656,0.01623653695902533
400,down,2.0,1.005,5,0.013775186380264443,0.013777504771983473,0.027552691152247916
400,down,2.0,1.005,6,0.01597845830580198,0.00027049504340837416,0.01624895334921035
400,down,2.0,1.005,7,0.00032041371108832095,0.016028376973072866,0.016348790684161188
400,down,2.0,1.005,8,0.0159734469073112,0.00026548364056310446,0.016238930547874304
400,down,2.0,1.005,9,0.016027631226142633,0.0003196679708237582,0.01634729919696639
400,down,2.0,1.005,10,0.014877527922902659,0.014877527909675763,0.029755055832578422
400,down,2.0,1.005,11,0.016099900762341975,0.0003919377684800907,0.016491838530822065
400,fresh,0.0,1.01,0,0.14140033887663075,0.1414001104113371,0.2828004492879679
400,fresh,0.0,1.01,1,0.14140010986474671,0.14140032552753973,0.28280043539228644
400,fresh,0.0,1.01,2,0.14153894389789515,0.14140015482517265,0.2829390987230678
400,fresh,0.0,1.01,3,0.1414004042994252,0.14140028518776548,0.28280068948719067
400,fresh,0.0,1.01,4,0.14140038589579673,0.1414006078378107,0.28280099373360745
400,fresh,0.0,1.01,5,0.1414004136272929,0.1414004965664628,0.2828009101937557
400,fresh,0.0,1.01,6,0.1414001022886764,0.14140115095249967,0.28280125324117605
400,fresh,0.0,1.01,7,0.14140369696385333,0.1414023337271533,0.2828060306910066
400,fresh,0.0,1.01,8,0.14140019807840723,0.14140041806866063,0.28280061614706786
400,fresh,0.0,1.01,9,0.14140009774281442,0.14140017038378885,0.2828002681266033
400,fresh,0.0,1.01,10,0.14140012796286708,0.14140030801102424,0.2828004359738913
400,fresh,0.0,1.01,11,0.14140050423877232,0.14140009675526216,0.2828006009940345
400,fresh,0.5,1.01,0,0.04693903310633995,0.0312413895039571,0.07818042261029705
400,fresh,0.5,1.01,1,0.06352727693762626,0.06352709412390338,0.12705437106152964
400,fresh,0.5,1.01,2,0.046800795070742016,0.031122456894862097,0.07792325196560411
400,fresh,0.5,1.01,3,0.06356379889635949,0.06356373384354322,0.1271275327399027
400,fresh,0.5,1.01,4,0.0635559886285236,0.0635561258714458,0.1271121144999694
400,fresh,0.5,1.01,5,0.06357008487936021,0.06357015220007123,0.12714023707943145
400,fresh,0.5,1.01,6,0.06344671017512626,0.06344541437098149,0.12689212454610777
400,fresh,0.5,1.01,7,0.04676192093399126,0.031064184342371695,0.07782610527636295
400,fresh,0.5,1.01,8,0.06354854760785111,0.0635485912169699,0.12709713882482102
400,fresh,0.5,1.01,9,0.06353793978439022,0.06353771349861388,0.1270756532830041
400,fresh,0.5,1.01,10,0.06351001450532796,0.06350746946313937,0.12701748396846735
400,fresh,0.5,1.01,11,0.06348607950946726,0.06348690916648596,0.12697298867595322
400,fresh,2.0,1.01,0,0.014937528182022809,0.014937982757543926,0.029875510939566734
400,fresh,2.0,1.01,1,0.03067208761571029,0.03067208679828267,0.06134417441399296
400,fresh,2.0,1.01,2,0.015021017467590317,0.015021082283936584,0.0300420997515269
400,fresh,2.0,1.01,3,0.030547821328096206,0.030547822298143058,0.06109564362623926
400,fresh,2.0,1.01,4,0.030446033199738393,0.030446026710171978,0.06089205990991037
400,fresh,2.0,1.01,5,0.0304764337136897,0.030476431805277072,0.06095286551896677
400,fresh,2.0,1.01,6,0.030538471893751286,0.030538468851129773,0.061076940744881056
400,fresh,2.0,1.01,7,0.00399150427648117,0.019611514145607453,0.023603018422088624
400,fresh,2.0,1.01,8,0.030581145483474972,0.03058114424636168,0.06116228972983665
400,fresh,2.0,1.01,9,0.01593896883577149,0.01593896806050986,0.03187793689628135
400,fresh,2.0,1.01,10,0.013586446429182955,0.014032394241062906,0.02761884067024586
400,fresh,2.0,1.01,11,0.03067758372354208,0.030677584520806364,0.061355168244348446
400,up,0.0,1.01,0,0.14140894491833264,0.14140894491833264,0.2828178898366653
400,up,0.0,1.01,1,0.14140894491833264,0.14140894491833264,0.2828178898366653
400,up,0.0,1.01,2,0.14140894491833264,0.14140894491833264,0.2828178898366653
400,up,0.0,1.01,3,0.14140894491833264,0.14140894491833264,0.2828178898366653
400,up,0.0,1.01,4,0.14140894491833264,0.14140894491833264,0.2828178898366653
400,up,0.0,1.01,5,0.14140894491833264,0.14140894491833264,0.2828178898366653
400,up,0.0,1.01,6,0.14140894491833264,0.14140894491833264,0.2828178898366653
400,up,0.0,1.01,7,0.14140894491833264,0.14140894491833264,0.2828178898366653
400,up,0.0,1.01,8,0.14140894491833264,0.14140894491833264,0.2828178898366653
400,up,0.0,1.01,9,0.14140894491833264,0.14140894491833264,0.2828178898366653
400,up,0.0,1.01,10,0.14140894491833264,0.14140894491833264,0.2828178898366653
400,up,0.0,1.01,11,0.14140894491833264,0.14140894491833264,0.2828178898366653
400,up,0.5,1.01,0,0.07757816536036272,0.07757816536036272,0.15515633072072543
400,up,0.5,1.01,1,0.07757816536036252,0.07757816536036254,0.15515633072072504
400,up,0.5,1.01,2,0.07757816536036272,0.07757816536036272,0.15515633072072543
400,up,0.5,1.01,3,0.07757816536036272,0.07757816536036272,0.15515633072072543
400,up,0.5,1.01,4,0.07757816536036272,0.07757816536036272,0.15515633072072543
400,up,0.5,1.01,5,0.07757816536036272,0.07757816536036272,0.15515633072072543
400,up,0.5,1.01,6,0.07757816536036272,0.07757816536036272,0.15515633072072543
400,up,0.5,1.01,7,0.07757816536036272,0.07757816536036272,0.15515633072072543
400,up,0.5,1.01,8,0.07757816536036272,0.07757816536036272,0.15515633072072543
400,up,0.5,1.01,9,0.07757816536036272,0.07757816536036272,0.15515633072072543
400,up,0.5,1.01,10,0.07757816536036272,0.07757816536036272,0.15515633072072543
400,up,0.5,1.01,11,0.07757816536036272,0.07757816536036272,0.15515633072072543
400,up,2.0,1.01,0,0.031190350480466447,0.031190350480466447,0.06238070096093289
400,up,2.0,1.01,1,0.031190350480466447,0.031190350480466447,0.06238070096093289
400,up,2.0,1.01,2,0.031190350480466447,0.031190350480466447,0.06238070096093289
400,up,2.0,1.01,3,0.031190350480466447,0.031190350480466447,0.06238070096093289
400,up,2.0,1.01,4,0.031190350480466447,0.031190350480466447,0.06238070096093289
400,up,2.0,1.01,5,0.031190350480466447,0.031190350480466447,0.06238070096093289
400,up,2.0,1.01,6,0.031190350480466447,0.031190350480466447,0.06238070096093289
400,up,2.0,1.01,7,0.031190350480466447,0.031190350480466447,0.06238070096093289
400,up,2.0,1.01,8,0.031190350480466447,0.031190350480466447,0.06238070096093289
400,up,2.0,1.01,9,0.031190350480466447,0.031190350480466447,0.06238070096093289
400,up,2.0,1.01,10,0.031190350480466447,0.031190350480466447,0.06238070096093289
400,up,2.0,1.01,11,0.031190350480466447,0.031190350480466447,0.06238070096093289
400,down,0.0,1.01,0,0.1414278389934782,0.14140493145388747,0.28283277044736566
400,down,0.0,1.01,1,0.14140499214520388,0.141400149302512,0.28280514144771585
400,down,0.0,1.01,2,0.14210947068578433,0.14140215583219173,0.28351162651797607
400,down,0.0,1.01,3,0.14140078366365288,0.14140010621440752,0.2828008898780604
400,down,0.0,1.01,4,0.14140057787065813,0.14140495354706728,0.2828055314177254
400,down,0.0,1.01,5,0.14140090025857602,0.14140227147171003,0.282803171730286
400,down,0.0,1.01,6,0.14140604870992887,0.14142964245717166,0.2828356911671005
400,down,0.0,1.01,7,0.1418693601196634,0.1415527575819209,0.2834221177015843
400,down,0.0,1.01,8,0.141400947242509,0.14140095860111215,0.2828019058436212
400,down,0.0,1.01,9,0.1414071509384968,0.1414016268031395,0.28280877774163626
400,down,0.0,1.01,10,0.14141478992971485,0.14140010397347794,0.2828148939031928
400,down,0.0,1.01,11,0.14140242680487233,0.14140936501795465,0.282811791822827
400,down,0.5,1.01,0,0.04612529941722272,0.030547972142906873,0.0766732715601296
400,down,0.5,1.01,1,0.04728127693414166,0.062181849844483564,0.10946312677862521
400,down,0.5,1.01,2,0.046866741148724314,0.031162627035496656,0.07802936818422097
400,down,0.5,1.01,3,0.03116057306432765,0.04685671108063673,0.07801728414496438
400,down,0.5,1.01,4,0.046685751024115235,0.03101021454981094,0.07769596557392618
400,down,0.5,1.01,5,0.0462459378912402,0.04623232053839132,0.09247825842963152
400,down,0.5,1.01,6,0.03307264405773594,0.03330826882641134,0.06638091288414727
400,down,0.5,1.01,7,0.03173078942616683,0.038658720572807115,0.07038950999897395
400,down,0.5,1.01,8,0.031118126037394233,0.04682057547709206,0.0779387015144863
400,down,0.5,1.01,9,0.046737429416162685,0.031044689875307938,0.07778211929147062
400,down,0.5,1.01,10,0.046758720244863806,0.031072797416943843,0.07783151766180765
400,down,0.5,1.01,11,0.04693391407988884,0.031233835672296095,0.07816774975218493
400,down,2.0,1.01,0,0.015528670506171736,0.015528670520119334,0.03105734102629107
400,down,2.0,1.01,1,0.015119490045462527,0.015119515645056793,0.03023900569051932
400,down,2.0,1.01,2,0.015597290565262227,0.015597290565243185,0.03119458113050541
400,down,2.0,1.01,3,0.015587587266091418,0.015587587266654167,0.031175174532745584
400,down,2.0,1.01,4,0.015566754750432921,0.015566754761147905,0.031133509511580826
400,down,2.0,1.01,5,0.01517526449340906,0.012552309927075242,0.0277275744204843
400,down,2.0,1.01,6,0.015581486384791106,0.015581486385684115,0.031162972770475222
400,down,2.0,1.01,7,0.015595531657088203,0.015595531656959878,0.03119106331404808
400,down,2.0,1.01,8,0.015575644892550287,0.015575644896770057,0.031151289789320344
400,down,2.0,1.01,9,0.015483230300147284,0.015483230438801456,0.03096646073894874
400,down,2.0,1.01,10,0.015463624507348186,0.01546362464929416,0.03092724915664235
400,down,2.0,1.01,11,0.015402365446899467,0.01540236585811698,0.030804731305016445
400,fresh,0.0,1.02,0,0.20325171179694299,0.20356880588019827,0.4068205176771412
400,fresh,0.0,1.02,1,0.20356800240908896,0.20367195959823298,0.40723996200732193
400,fresh,0.0,1.02,2,0.20372607738296067,0.20360872684987974,0.4073348042328404
400,fresh,0.0,1.02,3,0.20368907586935245,0.2036613744011754,0.40735045027052785
400,fresh,0.0,1.02,4,0.20368541410966606,0.20372081630622627,0.4074062304158923
400,fresh,0.0,1.02,5,0.20369086565524275,0.20370514248793017,0.4073960081431729
400,fresh,0.0,1.02,6,0.20355424619644333,0.20376906588400612,0.4073233120804495
400,fresh,0.0,1.02,7,0.2038431267892374,0.20381739449062955,0.40766052127986696
400,fresh,0.0,1.02,8,0.2036311369044644,0.2036917030597315,0.40732283996419594
400,fresh,0.0,1.02,9,0.2035402229121151,0.20361774953627554,0.40715797244839064
400,fresh,0.0,1.02,10,0.2034437644609312,0.20366754986715951,0.4071113143280907
400,fresh,0.0,1.02,11,0.20370633552832337,0.20351250054586983,0.4072188360741932
400,fresh,0.5,1.02,0,0.047353483149679576,0.06299728919787763,0.1103507723475572
400,fresh,0.5,1.02,1,0.09515231256601464,0.09514535235757865,0.1902976649235933
400,fresh,0.5,1.02,2,0.04715406378908066,0.0628415227938593,0.10999558658293995
400,fresh,0.5,1.02,3,0.09507333016305712,0.09507437568737039,0.1901477058504275
400,fresh,0.5,1.02,4,0.09504416517029231,0.09504253235428894,0.19008669752458124
400,fresh,0.5,1.02,5,0.095053591856801,0.09505302042212183,0.19010661227892284
400,fresh,0.5,1.02,6,0.09543069491716656,0.09535245390607627,0.19078314882324282
400,fresh,0.5,1.02,7,0.047024786671064724,0.0627216255801367,0.10974641225120144
400,fresh,0.5,1.02,8,0.0950878079147708,0.09508522191788604,0.19017302983265683
400,fresh,0.5,1.02,9,0.09520465444805983,0.09519711570242287,0.1904017701504827
400,fresh,0.5,1.02,10,0.09649739373379522,0.09602040978297907,0.19251780351677428
400,fresh,0.5,1.02,11,0.09527936258089958,0.09531016468142334,0.19058952726232292
400,fresh,2.0,1.02,0,0.014681889572748496,0.03038941818260873,0.045071307755357226
400,fresh,2.0,1.02,1,0.0325678355285806,0.03256783561066583,0.06513567113924643
400,fresh,2.0,1.02,2,0.014937247895781446,0.030645196539452108,0.04558244443523356
400,fresh,2.0,1.02,3,0.03272645145166714,0.03272645121301366,0.06545290266468079
400,fresh,2.0,1.02,4,0.03267000654739448,0.03267000705809742,0.0653400136054919
400,fresh,2.0,1.02,5,0.032765047221672006,0.03276504763259707,0.06553009485426908
400,fresh,2.0,1.02,6,0.032430569932247,0.032430569942182005,0.06486113987442901
400,fresh,2.0,1.02,7,0.015343899860207172,0.031051790935225254,0.046395690795432425
400,fresh,2.0,1.02,8,0.03268645509839317,0.0326864553622196,0.06537291046061278
400,fresh,2.0,1.02,9,0.015793511131962187,0.03149294969595882,0.047286460827921005
400,fresh,2.0,1.02,10,0.015547009329922767,0.03125474473484822,0.04680175406477098
400,fresh,2.0,1.02,11,0.032481589983049106,0.03248158997985586,0.06496317996290496
400,up,0.0,1.02,0,0.19442455766339692,0.19442455766339692,0.38884911532679384
400,up,0.0,1.02,1,0.19442455766339692,0.19442455766339692,0.38884911532679384
400,up,0.0,1.02,2,0.19442455766339692,0.19442455766339692,0.38884911532679384
400,up,0.0,1.02,3,0.19442455766339692,0.19442455766339692,0.38884911532679384
400,up,0.0,1.02,4,0.19442455766339692,0.19442455766339692,0.38884911532679384
400,up,0.0,1.02,5,0.19442455766339692,0.19442455766339692,0.38884911532679384
400,up,0.0,1.02,6,0.19442455766339692,0.19442455766339692,0.38884911532679384
400,up,0.0,1.02,7,0.19442455766339692,0.19442455766339692,0.38884911532679384
400,up,0.0,1.02,8,0.19442455766339692,0.19442455766339692,0.38884911532679384
400,up,0.0,1.02,9,0.19442455766339692,0.19442455766339692,0.38884911532679384
400,up,0.0,1.02,10,0.19442455766339692,0.19442455766339692,0.38884911532679384
400,up,0.0,1.02,11,0.19442455766339692,0.19442455766339692,0.38884911532679384
400,up,0.5,1.02,0,0.09502244484522145,0.09502244484522145,0.1900448896904429
400,up,0.5,1.02,1,0.09502244484522154,0.09502244484522154,0.1900448896904431
400,up,0.5,1.02,2,0.09502244484522145,0.09502244484522145,0.1900448896904429
400,up,0.5,1.02,3,0.09502244484522145,0.09502244484522145,0.1900448896904429
400,up,0.5,1.02,4,0.09502244484522145,0.09502244484522145,0.1900448896904429
400,up,0.5,1.02,5,0.09502244484522145,0.09502244484522145,0.1900448896904429
400,up,0.5,1.02,6,0.09502244484522145,0.09502244484522145,0.1900448896904429
400,up,0.5,1.02,7,0.09502244484522145,0.09502244484522145,0.1900448896904429
400,up,0.5,1.02,8,0.09502244484522145,0.09502244484522145,0.1900448896904429
400,up,0.5,1.02,9,0.09502244484522145,0.09502244484522145,0.1900448896904429
400,up,0.5,1.02,10,0.09502244484522145,0.09502244484522145,0.1900448896904429
400,up,0.5,1.02,11,0.09502244484522145,0.09502244484522145,0.1900448896904429
400,up,2.0,1.02,0,0.046283229610643135,0.046283229610643135,0.09256645922128627
400,up,2.0,1.02,1,0.04628322961064363,0.046283229610643614,0.09256645922128724
400,up,2.0,1.02,2,0.046283229610643135,0.046283229610643135,0.09256645922128627
400,up,2.0,1.02,3,0.046283229610643135,0.046283229610643135,0.09256645922128627
400,up,2.0,1.02,4,0.046283229610643135,0.046283229610643135,0.09256645922128627
400,up,2.0,1.02,5,0.046283229610643135,0.046283229610643135,0.09256645922128627
400,up,2.0,1.02,6,0.046283229610643135,0.046283229610643135,0.09256645922128627
400,up,2.0,1.02,7,0.046283229610643135,0.046283229610643135,0.09256645922128627
400,up,2.0,1.02,8,0.046283229610643135,0.046283229610643135,0.09256645922128627
400,up,2.0,1.02,9,0.046283229610643135,0.046283229610643135,0.09256645922128627
400,up,2.0,1.02,10,0.046283229610643135,0.046283229610643135,0.09256645922128627
400,up,2.0,1.02,11,0.046283229610643135,0.046283229610643135,0.09256645922128627
400,down,0.0,1.02,0,0.20258209306108144,0.2036751216060452,0.4062572146671266
400,down,0.0,1.02,1,0.2036728424757564,0.20387223441081118,0.4075450768865676
400,down,0.0,1.02,2,0.19156062428820234,0.20377838210250673,0.39533900639070907
400,down,0.0,1.02,3,0.2038692656327953,0.20386602417852714,0.40773528981132245
400,down,0.0,1.02,4,0.20387148942887678,0.20379662744403673,0.4076681168729135
400,down,0.0,1.02,5,0.20386781916695895,0.20384642721914362,0.40771424638610254
400,down,0.0,1.02,6,0.20363286200045536,0.20323812610786035,0.4068709881083157
400,down,0.0,1.02,7,0.193368382231954,0.1987041151552694,0.3920724973872234
400,down,0.0,1.02,8,0.20382472836856094,0.2038670574699438,0.40769178583850474
400,down,0.0,1.02,9,0.20359044834576195,0.20379829997518584,0.4073887483209478
400,down,0.0,1.02,10,0.20327018210020129,0.20387029052796152,0.4071404726281628
400,down,0.0,1.02,11,0.20384373101883624,0.20350267077818102,0.40734640179701725
400,down,0.5,1.02,0,0.06291576477590098,0.047254266167873024,0.110170030943774
400,down,0.5,1.02,1,0.07778250317319703,0.07779265106024014,0.15557515423343715
400,down,0.5,1.02,2,0.06427511932455389,0.07420085176690008,0.138475971091454
400,down,0.5,1.02,3,0.04676957824872233,0.06215105174433489,0.10892062999305721
400,down,0.5,1.02,4,0.0627562239958695,0.04706191296284544,0.10981813695871494
400,down,0.5,1.02,5,0.09515772078406372,0.09514590505381762,0.19030362583788135
400,down,0.5,1.02,6,0.06209142296065323,0.062080448574992314,0.12417187153564554
400,down,0.5,1.02,7,0.04740512244698124,0.06299701693288257,0.1104021393798638
400,down,0.5,1.02,8,0.09071348456889496,0.09155634047532317,0.18226982504421813
400,down,0.5,1.02,9,0.060710529603078385,0.06053941064658943,0.12124994024966781
400,down,0.5,1.02,10,0.06167079411320401,0.04721757968606312,0.10888837379926714
400,down,0.5,1.02,11,0.06289765950189462,0.047217230993641696,0.11011489049553631
400,down,2.0,1.02,0,0.01903152071891796,0.017720186910067496,0.036751707628985456
400,down,2.0,1.02,1,0.03103072141992911,0.015322759173953244,0.046353480593882355
400,down,2.0,1.02,2,0.018116752160775036,0.018304747503369186,0.03642149966414422
400,down,2.0,1.02,3,0.017864547050277083,0.01805845852160033,0.035923005571877414
400,down,2.0,1.02,4,0.03077053506564411,0.01506263426729177,0.04583316933293588
400,down,2.0,1.02,5,0.015360337399452959,0.031068249342375082,0.04642858674182804
400,down,2.0,1.02,6,0.02965550075596994,0.0139635117143753,0.04361901247034524
400,down,2.0,1.02,7,0.01770017640315473,0.01998704036028485,0.037687216763439585
400,down,2.0,1.02,8,0.030607431089201925,0.014899572619208214,0.04550700370841014
400,down,2.0,1.02,9,0.030844031090145024,0.015136069757828495,0.04598010084797352
400,down,2.0,1.02,10,0.02872977421390445,0.013205673431119891,0.04193544764502434
400,down,2.0,1.02,11,0.03094539912553202,0.01523743795473436,0.04618283708026638
400,fresh,0.0,1.05,0,0.3169822296303105,0.3157229776559398,0.6327052072862502
400,fresh,0.0,1.05,1,0.31572549811535805,0.3154340891507034,0.6311595872660615
400,fresh,0.0,1.05,2,0.3212585229291774,0.31560269620317044,0.6368612191323478
400,fresh,0.0,1.05,3,0.3153938347672441,0.3154602285234623,0.6308540632907064
400,fresh,0.0,1.05,4,0.3154022276212851,0.3153266620370718,0.6307288896583569
400,fresh,0.0,1.05,5,0.3153897776023599,0.3153585221775423,0.6307482997799022
400,fresh,0.0,1.05,6,0.3157692383546481,0.31524925627318895,0.631018494627837
400,fresh,0.0,1.05,7,0.31526452645692093,0.31522512233185784,0.6304896487887788
400,fresh,0.0,1.05,8,0.3155396563270565,0.3153878896396629,0.6309275459667194
400,fresh,0.0,1.05,9,0.3158149521001731,0.31557690976050023,0.6313918618606733
400,fresh,0.0,1.05,10,0.31615855043250124,0.3154448675525987,0.6316034179851
400,fresh,0.0,1.05,11,0.3153560031893414,0.31590857190970667,0.6312645750990481
400,fresh,0.5,1.05,0,0.09455117555591995,0.09582122822266599,0.19037240377858594
400,fresh,0.5,1.05,1,0.16225866545090536,0.15921131051886095,0.32146997596976634
400,fresh,0.5,1.05,2,0.09385384670091959,0.09309847494044733,0.18695232164136694
400,fresh,0.5,1.05,3,0.1586713966638089,0.15874174265367672,0.3174131393174856
400,fresh,0.5,1.05,4,0.15857262806407832,0.158470983691944,0.31704361175602236
400,fresh,0.5,1.05,5,0.15849235492626282,0.15846392435519574,0.31695627928145853
400,fresh,0.5,1.05,6,0.15535411194556825,0.15498199431307283,0.31033610625864105
400,fresh,0.5,1.05,7,0.0932797344990964,0.09204141761279944,0.18532115211189584
400,fresh,0.5,1.05,8,0.15920942149624076,0.1589079452834407,0.3181173667796815
400,fresh,0.5,1.05,9,0.1632504924754564,0.15988339813055436,0.3231338906060107
400,fresh,0.5,1.05,10,0.15590071776675335,0.1558156134723484,0.31171633123910175
400,fresh,0.5,1.05,11,0.15366201949003663,0.15568471123819408,0.3093467307282307
400,fresh,2.0,1.05,0,0.032874404845715854,0.032874370471204395,0.06574877531692025
400,fresh,2.0,1.05,1,0.06587724710382085,0.06365126906116261,0.12952851616498345
400,fresh,2.0,1.05,2,0.03321821275760835,0.033218055812214396,0.06643626856982274
400,fresh,2.0,1.05,3,0.06504420579878951,0.06514116014349539,0.13018536594228491
400,fresh,2.0,1.05,4,0.0645492937088421,0.06423985338669738,0.12878914709553949
400,fresh,2.0,1.05,5,0.06463083095750097,0.0646042902143427,0.12923512117184366
400,fresh,2.0,1.05,6,0.06240784747517668,0.054563545117449264,0.11697139259262594
400,fresh,2.0,1.05,7,0.045805337492806346,0.030098060615010094,0.07590339810781643
400,fresh,2.0,1.05,8,0.0657372930218656,0.06520400400616606,0.13094129702803164
400,fresh,2.0,1.05,9,0.03892501968952675,0.05000178606041081,0.08892680574993755
400,fresh,2.0,1.05,10,0.04698739570847893,0.03128650175128354,0.07827389745976246
400,fresh,2.0,1.05,11,0.05921642693046413,0.06226018906527939,0.12147661599574353
400,up,0.0,1.05,0,0.3273362061660942,0.3273362061660942,0.6546724123321884
400,up,0.0,1.05,1,0.3273362061660942,0.3273362061660942,0.6546724123321884
400,up,0.0,1.05,2,0.3273362061660942,0.3273362061660942,0.6546724123321884
400,up,0.0,1.05,3,0.3273362061660942,0.3273362061660942,0.6546724123321884
400,up,0.0,1.05,4,0.3273362061660942,0.3273362061660942,0.6546724123321884
400,up,0.0,1.05,5,0.3273362061660942,0.3273362061660942,0.6546724123321884
400,up,0.0,1.05,6,0.3273362061660942,0.3273362061660942,0.6546724123321884
400,up,0.0,1.05,7,0.3273362061660942,0.3273362061660942,0.6546724123321884
400,up,0.0,1.05,8,0.3273362061660942,0.3273362061660942,0.6546724123321884
400,up,0.0,1.05,9,0.3273362061660942,0.3273362061660942,0.6546724123321884
400,up,0.0,1.05,10,0.3273362061660942,0.3273362061660942,0.6546724123321884
400,up,0.0,1.05,11,0.3273362061660942,0.3273362061660942,0.6546724123321884
400,up,0.5,1.05,0,0.15802166816463742,0.15802166816463742,0.31604333632927484
400,up,0.5,1.05,1,0.1580216681646416,0.15802166816464155,0.31604333632928316
400,up,0.5,1.05,2,0.15802166816463742,0.15802166816463742,0.31604333632927484
400,up,0.5,1.05,3,0.15802166816463742,0.15802166816463742,0.31604333632927484
400,up,0.5,1.05,4,0.15802166816463742,0.15802166816463742,0.31604333632927484
400,up,0.5,1.05,5,0.15802166816463742,0.15802166816463742,0.31604333632927484
400,up,0.5,1.05,6,0.15802166816463742,0.15802166816463742,0.31604333632927484
400,up,0.5,1.05,7,0.15802166816463742,0.15802166816463742,0.31604333632927484
400,up,0.5,1.05,8,0.15802166816463742,0.15802166816463742,0.31604333632927484
400,up,0.5,1.05,9,0.15802166816463742,0.15802166816463742,0.31604333632927484
400,up,0.5,1.05,10,0.15802166816463742,0.15802166816463742,0.31604333632927484
400,up,0.5,1.05,11,0.15802166816463742,0.15802166816463742,0.31604333632927484
400,up,2.0,1.05,0,0.0639218911704489,0.0639218911704489,0.1278437823408978
400,up,2.0,1.05,1,0.06392189117045007,0.06392189117045007,0.12784378234090013
400,up,2.0,1.05,2,0.0639218911704489,0.0639218911704489,0.1278437823408978
400,up,2.0,1.05,3,0.0639218911704489,0.0639218911704489,0.1278437823408978
400,up,2.0,1.05,4,0.0639218911704489,0.0639218911704489,0.1278437823408978
400,up,2.0,1.05,5,0.0639218911704489,0.0639218911704489,0.1278437823408978
400,up,2.0,1.05,6,0.0639218911704489,0.0639218911704489,0.1278437823408978
400,up,2.0,1.05,7,0.0639218911704489,0.0639218911704489,0.1278437823408978
400,up,2.0,1.05,8,0.0639218911704489,0.0639218911704489,0.1278437823408978
400,up,2.0,1.05,9,0.0639218911704489,0.0639218911704489,0.1278437823408978
400,up,2.0,1.05,10,0.0639218911704489,0.0639218911704489,0.1278437823408978
400,up,2.0,1.05,11,0.0639218911704489,0.0639218911704489,0.1278437823408978
400,down,0.0,1.05,0,0.3228028890752711,0.32761719845874665,0.6504200875340178
400,down,0.0,1.05,1,0.32761842961190835,0.31720321963330206,0.6448216492452103
400,down,0.0,1.05,2,0.31574559139404185,0.3270799637296284,0.6428255551236702
400,down,0.0,1.05,3,0.31608549316693657,0.3187159013634192,0.6348013945303558
400,down,0.0,1.05,4,0.31624638912780656,0.31541505891862187,0.6316614480464284
400,down,0.0,1.05,5,0.3160169139959021,0.31563442951956633,0.6316513435154685
400,down,0.0,1.05,6,0.3276097313217434,0.31522406218714366,0.642833793508887
400,down,0.0,1.05,7,0.3153440665460192,0.31527556871738793,0.6306196352634071
400,down,0.0,1.05,8,0.32553656937458925,0.3159868229024636,0.6415233922770529
400,down,0.0,1.05,9,0.3275549013355419,0.32668130644701704,0.654236207782559
400,down,0.0,1.05,10,0.32648257301127215,0.31771920959403416,0.6442017826053064
400,down,0.0,1.05,11,0.3156121684668926,0.32735096740560266,0.6429631358724952
400,down,0.5,1.05,0,0.09233954838044156,0.09328916142494052,0.1856287098053821
400,down,0.5,1.05,1,0.13963336686874273,0.12624508107336255,0.26587844794210524
400,down,0.5,1.05,2,0.11001656531379808,0.11001763069038134,0.22003419600417942
400,down,0.5,1.05,3,0.1548474954393197,0.15479075285739327,0.30963824829671294
400,down,0.5,1.05,4,0.08069302323883847,0.09598965311301015,0.17668267635184862
400,down,0.5,1.05,5,0.15742097428463211,0.15756016537880185,0.314981139663434
400,down,0.5,1.05,6,0.10806386821840448,0.10862381864994149,0.21668768686834597
400,down,0.5,1.05,7,0.09322382329104868,0.09301813916486196,0.18624196245591063
400,down,0.5,1.05,8,0.12723030395998053,0.12632959357720977,0.2535598975371903
400,down,0.5,1.05,9,0.09353441054452447,0.09379134068042219,0.18732575122494666
400,down,0.5,1.05,10,0.09526654803745288,0.09526124361332307,0.19052779165077594
400,down,0.5,1.05,11,0.105134806002701,0.09356058100756513,0.19869538701026612
400,down,2.0,1.05,0,0.03314133138643158,0.033142640365494885,0.06628397175192646
400,down,2.0,1.05,1,0.036088990068856505,0.033590367205931386,0.06967935727478788
400,down,2.0,1.05,2,0.028953534155646138,0.044215352369433705,0.07316888652507984
400,down,2.0,1.05,3,0.033521719246251254,0.0340901519633168,0.06761187120956805
400,down,2.0,1.05,4,0.04621705827752308,0.03050941286343672,0.0767264711409598
400,down,2.0,1.05,5,0.033258216189321385,0.033289629574166216,0.0665478457634876
400,down,2.0,1.05,6,0.04573529463870777,0.030027642809148533,0.07576293744785631
400,down,2.0,1.05,7,0.02931799472140355,0.04498441783841315,0.0743024125598167
400,down,2.0,1.05,8,0.046014688225979795,0.030307000679472368,0.07632168890545216
400,down,2.0,1.05,9,0.04587501792480651,0.030170346529452274,0.07604536445425879
400,down,2.0,1.05,10,0.03299396317254015,0.03299428507332983,0.06598824824586999
400,down,2.0,1.05,11,0.045055860739809786,0.029402087126346572,0.07445794786615637
400,fresh,0.0,1.1,0,0.45614193307997103,0.45623280548435025,0.9123747385643213
400,fresh,0.0,1.1,1,0.4562320907268416,0.45640166882612915,0.9126337595529708
400,fresh,0.0,1.1,2,0.45986525840626613,0.45627676917589843,0.9161420275821646
400,fresh,0.0,1.1,3,0.45645615158496555,0.4563736239109353,0.9128297754959008
400,fresh,0.0,1.1,4,0.4564434096227896,0.4566003976277896,0.9130438072505792
400,fresh,0.0,1.1,5,0.4564626197406288,0.45652060533943456,0.9129832250800634
400,fresh,0.0,1.1,6,0.4562206874125354,0.4570416975635716,0.913262384976107
400,fresh,0.0,1.1,7,0.4605089553374355,0.4583990138761417,0.9189079692135772
400,fresh,0.0,1.1,8,0.45631097454875547,0.4564657023092029,0.9127766768579584
400,fresh,0.0,1.1,9,0.4562105210706595,0.45628953278305745,0.9125000538537169
400,fresh,0.0,1.1,10,0.45616714569347727,0.45638952246405246,0.9125566681575297
400,fresh,0.0,1.1,11,0.4565260243898676,0.4561939721062228,0.9127199964960904
400,fresh,0.5,1.1,0,0.15599621872952352,0.15580267205946977,0.31179889078899325
400,fresh,0.5,1.1,1,0.22198992103228712,0.22187347672235483,0.44386339775464195
400,fresh,0.5,1.1,2,0.14244825112616932,0.14138060870779284,0.28382885983396217
400,fresh,0.5,1.1,3,0.22297364980728995,0.22290200687314612,0.44587565668043605
400,fresh,0.5,1.1,4,0.22240857143410836,0.2224635277250244,0.44487209915913273
400,fresh,0.5,1.1,5,0.22345721970649066,0.22357338492003007,0.4470306046265207
400,fresh,0.5,1.1,6,0.21781462229206383,0.21658628225230334,0.4344009045443672
400,fresh,0.5,1.1,7,0.1422349919345108,0.14139601819979553,0.28363101013430636
400,fresh,0.5,1.1,8,0.22213256540171508,0.2221395630380597,0.4442721284397748
400,fresh,0.5,1.1,9,0.22217635856326892,0.2220731933611485,0.4442495519244174
400,fresh,0.5,1.1,10,0.21846910376364256,0.21810617203000163,0.4365752757936442
400,fresh,0.5,1.1,11,0.2206597090643122,0.22498096173407084,0.44564067079838304
400,fresh,2.0,1.1,0,0.046058122143998986,0.061757311055769176,0.10781543319976816
400,fresh,2.0,1.1,1,0.0925330358107454,0.0925313737149501,0.1850644095256955
400,fresh,2.0,1.1,2,0.04682093907755984,0.06252749264138921,0.10934843171894905
400,fresh,2.0,1.1,3,0.0915852055889391,0.09163378494947436,0.18321899053841345
400,fresh,2.0,1.1,4,0.09127963281681367,0.09111955068377821,0.18239918350059187
400,fresh,2.0,1.1,5,0.09106880030003235,0.09088850117077492,0.18195730147080727
400,fresh,2.0,1.1,6,0.09205910354407662,0.09205869512543283,0.18411779866950945
400,fresh,2.0,1.1,7,0.04715062065812653,0.0628530148315918,0.11000363548971832
400,fresh,2.0,1.1,8,0.09193933058193009,0.09191022370075853,0.18384955428268862
400,fresh,2.0,1.1,9,0.07039946612795243,0.06785871056256447,0.1382581766905169
400,fresh,2.0,1.1,10,0.06126940266345077,0.061268173175230825,0.12253757583868159
400,fresh,2.0,1.1,11,0.09249353081168094,0.09249379355830319,0.1849873243699841
400,up,0.0,1.1,0,0.4561866359892825,0.4561866359892825,0.912373271978565
400,up,0.0,1.1,1,0.4561866359892825,0.4561866359892825,0.912373271978565
400,up,0.0,1.1,2,0.4561866359892825,0.4561866359892825,0.912373271978565
400,up,0.0,1.1,3,0.4561866359892825,0.4561866359892825,0.912373271978565
400,up,0.0,1.1,4,0.4561866359892825,0.4561866359892825,0.912373271978565
400,up,0.0,1.1,5,0.4561866359892825,0.4561866359892825,0.912373271978565
400,up,0.0,1.1,6,0.4561866359892825,0.4561866359892825,0.912373271978565
400,up,0.0,1.1,7,0.4561866359892825,0.4561866359892825,0.912373271978565
400,up,0.0,1.1,8,0.4561866359892825,0.4561866359892825,0.912373271978565
400,up,0.0,1.1,9,0.4561866359892825,0.4561866359892825,0.912373271978565
400,up,0.0,1.1,10,0.4561866359892825,0.4561866359892825,0.912373271978565
400,up,0.0,1.1,11,0.4561866359892825,0.4561866359892825,0.912373271978565
400,up,0.5,1.1,0,0.2294592560655475,0.2294592560655475,0.458918512131095
400,up,0.5,1.1,1,0.2294592560655481,0.2294592560655481,0.4589185121310962
400,up,0.5,1.1,2,0.2294592560655475,0.2294592560655475,0.458918512131095
400,up,0.5,1.1,3,0.2294592560655475,0.2294592560655475,0.458918512131095
400,up,0.5,1.1,4,0.2294592560655475,0.2294592560655475,0.458918512131095
400,up,0.5,1.1,5,0.2294592560655475,0.2294592560655475,0.458918512131095
400,up,0.5,1.1,6,0.2294592560655475,0.2294592560655475,0.458918512131095
400,up,0.5,1.1,7,0.2294592560655475,0.2294592560655475,0.458918512131095
400,up,0.5,1.1,8,0.2294592560655475,0.2294592560655475,0.458918512131095
400,up,0.5,1.1,9,0.2294592560655475,0.2294592560655475,0.458918512131095
400,up,0.5,1.1,10,0.2294592560655475,0.2294592560655475,0.458918512131095
400,up,0.5,1.1,11,0.2294592560655475,0.2294592560655475,0.458918512131095
400,up,2.0,1.1,0,0.08545836743875893,0.08545836743875893,0.17091673487751785
400,up,2.0,1.1,1,0.08545836743875984,0.08545836743875984,0.17091673487751968
400,up,2.0,1.1,2,0.08545836743875893,0.08545836743875893,0.17091673487751785
400,up,2.0,1.1,3,0.08545836743875893,0.08545836743875893,0.17091673487751785
400,up,2.0,1.1,4,0.08545836743875893,0.08545836743875893,0.17091673487751785
400,up,2.0,1.1,5,0.08545836743875893,0.08545836743875893,0.17091673487751785
400,up,2.0,1.1,6,0.08545836743875893,0.08545836743875893,0.17091673487751785
400,up,2.0,1.1,7,0.08545836743875893,0.08545836743875893,0.17091673487751785
400,up,2.0,1.1,8,0.08545836743875893,0.08545836743875893,0.17091673487751785
400,up,2.0,1.1,9,0.08545836743875893,0.08545836743875893,0.17091673487751785
400,up,2.0,1.1,10,0.08545836743875893,0.08545836743875893,0.17091673487751785
400,up,2.0,1.1,11,0.08545836743875893,0.08545836743875893,0.17091673487751785
400,down,0.0,1.1,0,0.4638330200038922,0.46128758443634754,0.9251206044402398
400,down,0.0,1.1,1,0.4613480701162285,0.4563471266766175,0.917695196792846
400,down,0.0,1.1,2,0.45791308554107846,0.4583134977639537,0.9162265833050321
400,down,0.0,1.1,3,0.45620871310242306,0.45648687223163564,0.9126955853340587
400,down,0.0,1.1,4,0.456230732676662,0.45614183692247706,0.912372569599139
400,down,0.0,1.1,5,0.4561992587142919,0.45615068741915876,0.9123499461334507
400,down,0.0,1.1,6,0.4622939832174325,0.4562972387691627,0.9185912219865953
400,down,0.0,1.1,7,0.45683439127075187,0.45661258869793075,0.9134469799686826
400,down,0.0,1.1,8,0.4572399007319007,0.456195117247662,0.9134350179795627
400,down,0.0,1.1,9,0.4630500579919135,0.4578161923944174,0.920866250386331
400,down,0.0,1.1,10,0.4646094090290285,0.4563994860381604,0.9210088950671889
400,down,0.0,1.1,11,0.456148545855678,0.4639802878318136,0.9201288336874915
400,down,0.5,1.1,0,0.1413923087008189,0.141284061081586,0.2826763697824049
400,down,0.5,1.1,1,0.20489206747916483,0.20482218032679583,0.40971424780596066
400,down,0.5,1.1,2,0.15730469330613175,0.15713243171063254,0.3144371250167643
400,down,0.5,1.1,3,0.2052335844464858,0.20520907918270268,0.41044266362918846
400,down,0.5,1.1,4,0.1414900572083866,0.14152196806847597,0.28301202527686253
400,down,0.5,1.1,5,0.2296889402924515,0.2301800274955636,0.4598689677880151
400,down,0.5,1.1,6,0.15647449509724823,0.15156434978594346,0.30803884488319166
400,down,0.5,1.1,7,0.12850622490257707,0.14320939295677648,0.27171561785935355
400,down,0.5,1.1,8,0.18581207911182815,0.1749723544392785,0.3607844335511067
400,down,0.5,1.1,9,0.14003755268753565,0.14004853138980905,0.2800860840773447
400,down,0.5,1.1,10,0.17381661090075964,0.18081868904505483,0.35463529994581444
400,down,0.5,1.1,11,0.14196344231614688,0.14208513288356442,0.2840485751997113
400,down,2.0,1.1,0,0.046512431583141736,0.06222007972634572,0.10873251130948745
400,down,2.0,1.1,1,0.04694086740313892,0.06262074084234967,0.10956160824548859
400,down,2.0,1.1,2,0.046706098934508375,0.062405068327495525,0.1091111672620039
400,down,2.0,1.1,3,0.04654584371924344,0.062252341270800426,0.10879818499004387
400,down,2.0,1.1,4,0.06272402225953584,0.047026863934406436,0.10975088619394227
400,down,2.0,1.1,5,0.06396730450171191,0.07829721492399529,0.1422645194257072
400,down,2.0,1.1,6,0.062158708758042636,0.04657647500948876,0.1087351837675314
400,down,2.0,1.1,7,0.046767835891931994,0.062453338117445654,0.10922117400937764
400,down,2.0,1.1,8,0.0625923663270524,0.04689373448778127,0.10948610081483368
400,down,2.0,1.1,9,0.05068518485905244,0.051802366987269435,0.10248755184632188
400,down,2.0,1.1,10,0.04649984299618452,0.06220755806635353,0.10870740106253805
400,down,2.0,1.1,11,0.05578889487752967,0.05869097877648912,0.1144798736540188
400,fresh,0.0,1.2,0,0.6685451695143372,0.6644126663123648,1.332957835826702
400,fresh,0.0,1.2,1,0.6644337424262621,0.6621114666155857,1.3265452090418477
400,fresh,0.0,1.2,2,0.6613731023907385,0.6633978143089121,1.3247709166996506
400,fresh,0.0,1.2,3,0.6618516804979351,0.6622911828833239,1.324142863381259
400,fresh,0.0,1.2,4,0.6619041159729266,0.6614646404936192,1.3233687564665457
400,fresh,0.0,1.2,5,0.6618266611986192,0.6616410702758506,1.3234677314744698
400,fresh,0.0,1.2,6,0.6647942269598965,0.6610787848648275,1.325873011824724
400,fresh,0.0,1.2,7,0.6608612927169338,0.6608894286550541,1.321750721371988
400,fresh,0.0,1.2,8,0.6628855040172761,0.6618150916844772,1.3247005957017532
400,fresh,0.0,1.2,9,0.6651565391043528,0.6631849561004785,1.3283414952048314
400,fresh,0.0,1.2,10,0.6671509135359472,0.6621845420721816,1.329335455608129
400,fresh,0.0,1.2,11,0.6616266596786247,0.6658344614094202,1.327461121088045
400,fresh,0.5,1.2,0,0.26536315128267085,0.25302630209737875,0.5183894533800496
400,fresh,0.5,1.2,1,0.32643551481220384,0.3275573056801187,0.6539928204923225
400,fresh,0.5,1.2,2,0.22169374902573005,0.22227513339291774,0.4439688824186478
400,fresh,0.5,1.2,3,0.33026542074272675,0.33026116405644534,0.6605265847991721
400,fresh,0.5,1.2,4,0.3298895497507769,0.32988976731252007,0.659779317063297
400,fresh,0.5,1.2,5,0.3304299822074114,0.33043698706344427,0.6608669692708556
400,fresh,0.5,1.2,6,0.3113674226153287,0.3107514301158885,0.6221188527312171
400,fresh,0.5,1.2,7,0.2656761897592089,0.2663820264289117,0.5320582161881207
400,fresh,0.5,1.2,8,0.32969980384455044,0.3297008716208839,0.6594006754654343
400,fresh,0.5,1.2,9,0.3288658550118996,0.32895836965902925,0.6578242246709288
400,fresh,0.5,1.2,10,0.3125844062372748,0.3118064850748938,0.6243908913121685
400,fresh,0.5,1.2,11,0.3154863020238566,0.3210876524480088,0.6365739544718654
400,fresh,2.0,1.2,0,0.08055209806356825,0.08051794309715297,0.1610700411607212
400,fresh,2.0,1.2,1,0.12908002030467333,0.12880775591725757,0.25788777622193093
400,fresh,2.0,1.2,2,0.07847228562901383,0.08646633625435346,0.16493862188336728
400,fresh,2.0,1.2,3,0.1281447601448431,0.12814508125157403,0.25628984139641714
400,fresh,2.0,1.2,4,0.12770357312377992,0.12770184305754895,0.25540541618132884
400,fresh,2.0,1.2,5,0.1280824419979125,0.12808232983695936,0.25616477183487185
400,fresh,2.0,1.2,6,0.12681250632446378,0.11927987349637903,0.2460923798208428
400,fresh,2.0,1.2,7,0.07746250406516651,0.09307709526713313,0.17053959933229965
400,fresh,2.0,1.2,8,0.12812271388645938,0.12812110707866256,0.25624382096512194
400,fresh,2.0,1.2,9,0.11139362583618215,0.12340631147346252,0.23479993730964466
400,fresh,2.0,1.2,10,0.09430271775685174,0.09595356283788854,0.19025628059474028
400,fresh,2.0,1.2,11,0.12505367404612233,0.13189922309721416,0.25695289714333647
400,up,0.0,1.2,0,0.6611901193615154,0.6611901193615154,1.3223802387230308
400,up,0.0,1.2,1,0.6611901193615154,0.6611901193615154,1.3223802387230308
400,up,0.0,1.2,2,0.6611901193615154,0.6611901193615154,1.3223802387230308
400,up,0.0,1.2,3,0.6611901193615154,0.6611901193615154,1.3223802387230308
400,up,0.0,1.2,4,0.6611901193615154,0.6611901193615154,1.3223802387230308
400,up,0.0,1.2,5,0.6611901193615154,0.6611901193615154,1.3223802387230308
400,up,0.0,1.2,6,0.6611901193615154,0.6611901193615154,1.3223802387230308
400,up,0.0,1.2,7,0.6611901193615154,0.6611901193615154,1.3223802387230308
400,up,0.0,1.2,8,0.6611901193615154,0.6611901193615154,1.3223802387230308
400,up,0.0,1.2,9,0.6611901193615154,0.6611901193615154,1.3223802387230308
400,up,0.0,1.2,10,0.6611901193615154,0.6611901193615154,1.3223802387230308
400,up,0.0,1.2,11,0.6611901193615154,0.6611901193615154,1.3223802387230308
400,up,0.5,1.2,0,0.33412847999901585,0.33412847999901585,0.6682569599980317
400,up,0.5,1.2,1,0.334128479999015,0.334128479999015,0.66825695999803
400,up,0.5,1.2,2,0.33412847999901585,0.33412847999901585,0.6682569599980317
400,up,0.5,1.2,3,0.33412847999901585,0.33412847999901585,0.6682569599980317
400,up,0.5,1.2,4,0.33412847999901585,0.33412847999901585,0.6682569599980317
400,up,0.5,1.2,5,0.33412847999901585,0.33412847999901585,0.6682569599980317
400,up,0.5,1.2,6,0.33412847999901585,0.33412847999901585,0.6682569599980317
400,up,0.5,1.2,7,0.33412847999901585,0.33412847999901585,0.6682569599980317
400,up,0.5,1.2,8,0.33412847999901585,0.33412847999901585,0.6682569599980317
400,up,0.5,1.2,9,0.33412847999901585,0.33412847999901585,0.6682569599980317
400,up,0.5,1.2,10,0.33412847999901585,0.33412847999901585,0.6682569599980317
400,up,0.5,1.2,11,0.33412847999901585,0.33412847999901585,0.6682569599980317
400,up,2.0,1.2,0,0.12820884591735404,0.12820884591735404,0.2564176918347081
400,up,2.0,1.2,1,0.12820884591735482,0.12820884591735474,0.2564176918347095
400,up,2.0,1.2,2,0.12820884591735404,0.12820884591735404,0.2564176918347081
400,up,2.0,1.2,3,0.12820884591735404,0.12820884591735404,0.2564176918347081
400,up,2.0,1.2,4,0.12820884591735404,0.12820884591735404,0.2564176918347081
400,up,2.0,1.2,5,0.12820884591735404,0.12820884591735404,0.2564176918347081
400,up,2.0,1.2,6,0.12820884591735404,0.12820884591735404,0.2564176918347081
400,up,2.0,1.2,7,0.12820884591735404,0.12820884591735404,0.2564176918347081
400,up,2.0,1.2,8,0.12820884591735404,0.12820884591735404,0.2564176918347081
400,up,2.0,1.2,9,0.12820884591735404,0.12820884591735404,0.2564176918347081
400,up,2.0,1.2,10,0.12820884591735404,0.12820884591735404,0.2564176918347081
400,up,2.0,1.2,11,0.12820884591735404,0.12820884591735404,0.2564176918347081
400,down,0.0,1.2,0,0.6612584958082539,0.6609015156937539,1.3221600115020078
400,down,0.0,1.2,1,0.6609025589080239,0.6610429731863349,1.3219455320943587
400,down,0.0,1.2,2,0.6628461265412937,0.6608631847618205,1.3237093113031142
400,down,0.0,1.2,3,0.6612949188228572,0.6609602121278476,1.3222551309507047
400,down,0.0,1.2,4,0.6612239324431534,0.6627906401566923,1.3240145725998458
400,down,0.0,1.2,5,0.661334063940331,0.6617907606802856,1.3231248246206166
400,down,0.0,1.2,6,0.6609211626227506,0.6684026883855023,1.3293238510082528
400,down,0.0,1.2,7,0.6659348555766167,0.6674818139104082,1.3334166694870249
400,down,0.0,1.2,8,0.6608675928966636,0.6613534835871963,1.32222107648386
400,down,0.0,1.2,9,0.6609410359640406,0.6608612964804359,1.3218023324444765
400,down,0.0,1.2,10,0.6610734171154246,0.6610036230954409,1.3220770402108655
400,down,0.0,1.2,11,0.661844191729727,0.660980951714742,1.322825143444469
400,down,0.5,1.2,0,0.2540767374933236,0.2522962434327994,0.506372980926123
400,down,0.5,1.2,1,0.32314325135746347,0.3267825597640444,0.6499258111215078
400,down,0.5,1.2,2,0.2338102119411255,0.2331135890661389,0.4669238010072644
400,down,0.5,1.2,3,0.3182750220711014,0.3161430913049324,0.6344181133760338
400,down,0.5,1.2,4,0.3148223313465749,0.3147945131852694,0.6296168445318443
400,down,0.5,1.2,5,0.3294613611088158,0.3295265594197349,0.6589879205285507
400,down,0.5,1.2,6,0.26735822378965535,0.2677232459351885,0.5350814697248438
400,down,0.5,1.2,7,0.3038512517880514,0.29887348579983153,0.6027247375878829
400,down,0.5,1.2,8,0.3183313992882742,0.3168795176965713,0.6352109169848454
400,down,0.5,1.2,9,0.2200240070762777,0.22277442563228703,0.4427984327085647
400,down,0.5,1.2,10,0.2500467007494544,0.2501686051940115,0.500215305943466
400,down,0.5,1.2,11,0.21842948861056186,0.2185904879202468,0.43701997653080865
400,down,2.0,1.2,0,0.08365179839329287,0.0797148954559259,0.16336669384921876
400,down,2.0,1.2,1,0.08184146693648621,0.0813547070871092,0.1631961740235954
400,down,2.0,1.2,2,0.0805771181189276,0.08054067142471169,0.16111778954363928
400,down,2.0,1.2,3,0.12678530773438396,0.12678580458271582,0.2535711123170998
400,down,2.0,1.2,4,0.12841802001674843,0.12839900011179245,0.2568170201285409
400,down,2.0,1.2,5,0.10857439202401543,0.10857365381418341,0.21714804583819886
400,down,2.0,1.2,6,0.08040417870838155,0.08041209964473069,0.16081627835311224
400,down,2.0,1.2,7,0.08056517926767995,0.08053830099084137,0.16110348025852134
400,down,2.0,1.2,8,0.12832120626023297,0.12831106545476856,0.2566322717150015
400,down,2.0,1.2,9,0.08285168211000524,0.08015881342482743,0.16301049553483266
400,down,2.0,1.2,10,0.08805600419208873,0.07692242301074273,0.16497842720283146
400,down,2.0,1.2,11,0.08126923011223276,0.08127448240007787,0.16254371251231065
400,fresh,0.0,1.5,0,1.1166177545229221,1.1165732440387601,2.2331909985616822
400,fresh,0.0,1.5,1,1.1165721764069418,1.1170103892700831,2.233582565677025
400,fresh,0.0,1.5,2,1.1188228970708136,1.1166557519239664,2.23547864899478
400,fresh,0.0,1.5,3,1.1171987076675334,1.1169196708394034,2.2341183785069365
400,fresh,0.0,1.5,4,1.1171534745551046,1.1177372871439135,2.234890761699018
400,fresh,0.0,1.5,5,1.1172219023717904,1.1174352867842785,2.234657189156069
400,fresh,0.0,1.5,6,1.1165565717349595,1.1191938772897294,2.235750449024689
400,fresh,0.0,1.5,7,1.1209190335104964,1.1207164528578104,2.241635486368307
400,fresh,0.0,1.5,8,1.1167383685799268,1.117233007958499,2.2339713765384257
400,fresh,0.0,1.5,9,1.1165451476363928,1.1166849596924926,2.233230107328885
400,fresh,0.0,1.5,10,1.1165353785801884,1.1169704932563456,2.2335058718365337
400,fresh,0.0,1.5,11,1.117455607139523,1.1165325883275283,2.2339881954670515
400,fresh,0.5,1.5,0,0.5027256083827651,0.5034813298009475,1.0062069381837127
400,fresh,0.5,1.5,1,0.5486242820710165,0.5488315435877418,1.0974558256587583
400,fresh,0.5,1.5,2,0.42930348798164375,0.43928450204630665,0.8685879900279504
400,fresh,0.5,1.5,3,0.5612709161230626,0.5613698924913259,1.1226408086143884
400,fresh,0.5,1.5,4,0.5591457030899062,0.5596895880037684,1.1188352910936747
400,fresh,0.5,1.5,5,0.5614246226364158,0.5611972459173871,1.1226218685538027
400,fresh,0.5,1.5,6,0.5069597712099,0.5144188064331524,1.0213785776430524
400,fresh,0.5,1.5,7,0.5452034276607328,0.5401952650280077,1.0853986926887407
400,fresh,0.5,1.5,8,0.5530173085354391,0.5548586546066061,1.1078759631420452
400,fresh,0.5,1.5,9,0.5510255497417532,0.5510967273391096,1.1021222770808627
400,fresh,0.5,1.5,10,0.5223558723208387,0.5295755666609826,1.0519314389818213
400,fresh,0.5,1.5,11,0.5300986816408316,0.5317228166513026,1.0618214982921343
400,fresh,2.0,1.5,0,0.15526554494736422,0.1551262477591927,0.3103917927065569
400,fresh,2.0,1.5,1,0.21845932681585908,0.21710982940861207,0.4355691562244711
400,fresh,2.0,1.5,2,0.1566936494273123,0.16068271661527786,0.3173763660425901
400,fresh,2.0,1.5,3,0.2226488396729278,0.22280870543477554,0.44545754510770336
400,fresh,2.0,1.5,4,0.22130337521514853,0.22054849200734325,0.4418518672224918
400,fresh,2.0,1.5,5,0.22233150253634176,0.22228660619082422,0.444618108727166
400,fresh,2.0,1.5,6,0.20638533883962423,0.20670035727979497,0.4130856961194192
400,fresh,2.0,1.5,7,0.16041782903616741,0.1476023476433229,0.30802017667949033
400,fresh,2.0,1.5,8,0.22343150146089685,0.2221284945529287,0.44555999601382557
400,fresh,2.0,1.5,9,0.20758003326400584,0.21072825534370657,0.4183082886077124
400,fresh,2.0,1.5,10,0.18756729516470994,0.1859475819520543,0.37351487711676423
400,fresh,2.0,1.5,11,0.2153159443497619,0.21520216365818234,0.4305181080079442
400,up,0.0,1.5,0,1.1203721749636508,1.1203721749636508,2.2407443499273016
400,up,0.0,1.5,1,1.1203721749636508,1.1203721749636508,2.2407443499273016
400,up,0.0,1.5,2,1.1203721749636508,1.1203721749636508,2.2407443499273016
400,up,0.0,1.5,3,1.1203721749636508,1.1203721749636508,2.2407443499273016
400,up,0.0,1.5,4,1.1203721749636508,1.1203721749636508,2.2407443499273016
400,up,0.0,1.5,5,1.1203721749636508,1.1203721749636508,2.2407443499273016
400,up,0.0,1.5,6,1.1203721749636508,1.1203721749636508,2.2407443499273016
400,up,0.0,1.5,7,1.1203721749636508,1.1203721749636508,2.2407443499273016
400,up,0.0,1.5,8,1.1203721749636508,1.1203721749636508,2.2407443499273016
400,up,0.0,1.5,9,1.1203721749636508,1.1203721749636508,2.2407443499273016
400,up,0.0,1.5,10,1.1203721749636508,1.1203721749636508,2.2407443499273016
400,up,0.0,1.5,11,1.1203721749636508,1.1203721749636508,2.2407443499273016
400,up,0.5,1.5,0,0.5552647229416334,0.5552647229416334,1.1105294458832669
400,up,0.5,1.5,1,0.5552647229416346,0.5552647229416346,1.1105294458832693
400,up,0.5,1.5,2,0.5552647229416334,0.5552647229416334,1.1105294458832669
400,up,0.5,1.5,3,0.5552647229416334,0.5552647229416334,1.1105294458832669
400,up,0.5,1.5,4,0.5552647229416334,0.5552647229416334,1.1105294458832669
400,up,0.5,1.5,5,0.5552647229416334,0.5552647229416334,1.1105294458832669
400,up,0.5,1.5,6,0.5552647229416334,0.5552647229416334,1.1105294458832669
400,up,0.5,1.5,7,0.5552647229416334,0.5552647229416334,1.1105294458832669
400,up,0.5,1.5,8,0.5552647229416334,0.5552647229416334,1.1105294458832669
400,up,0.5,1.5,9,0.5552647229416334,0.5552647229416334,1.1105294458832669
400,up,0.5,1.5,10,0.5552647229416334,0.5552647229416334,1.1105294458832669
400,up,0.5,1.5,11,0.5552647229416334,0.5552647229416334,1.1105294458832669
400,up,2.0,1.5,0,0.22242363434603532,0.22242363434603532,0.44484726869207064
400,up,2.0,1.5,1,0.22242363434603668,0.22242363434603668,0.44484726869207336
400,up,2.0,1.5,2,0.22242363434603532,0.22242363434603532,0.44484726869207064
400,up,2.0,1.5,3,0.22242363434603532,0.22242363434603532,0.44484726869207064
400,up,2.0,1.5,4,0.22242363434603532,0.22242363434603532,0.44484726869207064
400,up,2.0,1.5,5,0.22242363434603532,0.22242363434603532,0.44484726869207064
400,up,2.0,1.5,6,0.22242363434603532,0.22242363434603532,0.44484726869207064
400,up,2.0,1.5,7,0.22242363434603532,0.22242363434603532,0.44484726869207064
400,up,2.0,1.5,8,0.22242363434603532,0.22242363434603532,0.44484726869207064
400,up,2.0,1.5,9,0.22242363434603532,0.22242363434603532,0.44484726869207064
400,up,2.0,1.5,10,0.22242363434603532,0.22242363434603532,0.44484726869207064
400,up,2.0,1.5,11,0.22242363434603532,0.22242363434603532,0.44484726869207064
400,down,0.0,1.5,0,1.1167752498769525,1.1176801216755465,2.234455371552499
400,down,0.0,1.5,1,1.1176715467151583,1.1202341902815576,2.2379057369967157
400,down,0.0,1.5,2,1.116545412538663,1.1182746023398034,2.2348200148784665
400,down,0.0,1.5,3,1.120753992860886,1.119841432484999,2.240595425345885
400,down,0.0,1.5,4,1.1206643728254428,1.120652213356826,2.241316586182269
400,down,0.0,1.5,5,1.120791952134254,1.120923572148564,2.241715524282818
400,down,0.0,1.5,6,1.117539406882882,1.118352807555845,2.235892214438727
400,down,0.0,1.5,7,1.1168427395681755,1.117116714151523,2.2339594537196987
400,down,0.0,1.5,8,1.1188160895266686,1.120808281310492,2.2396243708371606
400,down,0.0,1.5,9,1.1174287812661552,1.1184702002648683,2.2358989815310233
400,down,0.0,1.5,10,1.1170193005354585,1.120072789968818,2.2370920905042766
400,down,0.0,1.5,11,1.120918892552047,1.117262036086184,2.238180928638231
400,down,0.5,1.5,0,0.463514080237744,0.4714431548040629,0.9349572350418069
400,down,0.5,1.5,1,0.5487820818042489,0.5488522563155469,1.097634338119796
400,down,0.5,1.5,2,0.4398022959078278,0.440191877129746,0.8799941730375738
400,down,0.5,1.5,3,0.561205779195479,0.5613363208624746,1.1225421000579536
400,down,0.5,1.5,4,0.5571783846751984,0.5591043762036643,1.1162827608788626
400,down,0.5,1.5,5,0.5605223575073401,0.5598848188421574,1.1204071763494974
400,down,0.5,1.5,6,0.5061390066085232,0.5030280872567866,1.00916709386531
400,down,0.5,1.5,7,0.5579614798671564,0.5553660787105558,1.113327558577712
400,down,0.5,1.5,8,0.5375826385249344,0.5421245828280847,1.079707221353019
400,down,0.5,1.5,9,0.5240081442923222,0.5189906059996626,1.0429987502919849
400,down,0.5,1.5,10,0.45383280177006524,0.45049611537780093,0.9043289171478661
400,down,0.5,1.5,11,0.44802173182044924,0.4402989334774648,0.8883206652979141
400,down,2.0,1.5,0,0.15554001865327266,0.15509644939200912,0.3106364680452818
400,down,2.0,1.5,1,0.15531146642156066,0.15570745532658856,0.3110189217481492
400,down,2.0,1.5,2,0.15999125412330087,0.14721685675399954,0.3072081108773004
400,down,2.0,1.5,3,0.2226102268749954,0.2227568520214462,0.4453670788964416
400,down,2.0,1.5,4,0.22036902291515326,0.22190659933882906,0.4422756222539823
400,down,2.0,1.5,5,0.22215868075368753,0.22212682664676214,0.4442855074004497
400,down,2.0,1.5,6,0.14585730903549482,0.16042882774082223,0.30628613677631705
400,down,2.0,1.5,7,0.15978058956986543,0.14802472328448416,0.3078053128543496
400,down,2.0,1.5,8,0.22100719669484775,0.22286804877788455,0.44387524547273227
400,down,2.0,1.5,9,0.2057277743025108,0.2098970827327369,0.4156248570352477
400,down,2.0,1.5,10,0.15631514547297948,0.15626471592624547,0.31257986139922495
400,down,2.0,1.5,11,0.20239997502709337,0.20059978024213543,0.4029997552692288
400,fresh,0.0,2.0,0,1.7343138413770907,1.7334387622028458,3.467752603579936
400,fresh,0.0,2.0,1,1.7334514915117176,1.7312732607210353,3.464724752232753
400,fresh,0.0,2.0,2,1.731628026389389,1.7326756682198083,3.4643036946091974
400,fresh,0.0,2.0,3,1.7309713756506653,1.7314870728304783,3.4624584484811436
400,fresh,0.0,2.0,4,1.7310309013463467,1.7305804618312566,3.461611363177603
400,fresh,0.0,2.0,5,1.7309433369458207,1.7307452190589163,3.461688556004737
400,fresh,0.0,2.0,6,1.7336524352156624,1.7303829719354535,3.464035407151116
400,fresh,0.0,2.0,7,1.7306976016470128,1.7305248309840175,3.4612224326310304
400,fresh,0.0,2.0,8,1.7321666337599195,1.7309304592572134,3.463097093017133
400,fresh,0.0,2.0,9,1.7338252467865547,1.7324744357728417,3.4662996825593964
400,fresh,0.0,2.0,10,1.7343789634180937,1.7313601088592458,3.46573907227734
400,fresh,0.0,2.0,11,1.7307307436865118,1.7340821765723675,3.464812920258879
400,fresh,0.5,2.0,0,0.8276190458678856,0.8219487329614792,1.6495677788293648
400,fresh,0.5,2.0,1,0.8520073138987385,0.8502903363633044,1.702297650262043
400,fresh,0.5,2.0,2,0.7538128915063916,0.7528998835907373,1.506712775097129
400,fresh,0.5,2.0,3,0.8640624687535339,0.864059592138709,1.7281220608922427
400,fresh,0.5,2.0,4,0.8625152386455974,0.8625820584187502,1.7250972970643477
400,fresh,0.5,2.0,5,0.8648933611907685,0.8649568478653822,1.7298502090561507
400,fresh,0.5,2.0,6,0.801791248700166,0.8022344724017892,1.6040257211019553
400,fresh,0.5,2.0,7,0.8612777979105058,0.8615603511065788,1.7228381490170848
400,fresh,0.5,2.0,8,0.8560339074237185,0.858657917100459,1.7146918245241776
400,fresh,0.5,2.0,9,0.8554956902797428,0.8555594930447227,1.7110551833244654
400,fresh,0.5,2.0,10,0.824935884246905,0.8215160409458035,1.6464519251927086
400,fresh,0.5,2.0,11,0.8218189583278221,0.8233968794031601,1.6452158377309822
400,fresh,2.0,2.0,0,0.26922724866531833,0.26635301746770323,0.5355802661330216
400,fresh,2.0,2.0,1,0.34070219109133165,0.3407775787321103,0.6814797698234419
400,fresh,2.0,2.0,2,0.2739719485920703,0.2662403469897185,0.5402122955817887
400,fresh,2.0,2.0,3,0.3456687287871938,0.3457122207478677,0.6913809495350616
400,fresh,2.0,2.0,4,0.3430126953774618,0.3396514467858293,0.6826641421632911
400,fresh,2.0,2.0,5,0.34615929976524096,0.3459728035887554,0.6921321033539963
400,fresh,2.0,2.0,6,0.31892928351496086,0.3184611648176085,0.6373904483325694
400,fresh,2.0,2.0,7,0.26680655310157275,0.2670080582958663,0.5338146113974391
400,fresh,2.0,2.0,8,0.34393632994863876,0.3418526348758138,0.6857889648244526
400,fresh,2.0,2.0,9,0.33290440823915163,0.3333500458510694,0.6662544540902211
400,fresh,2.0,2.0,10,0.31198214405762054,0.31110283848193715,0.6230849825395577
400,fresh,2.0,2.0,11,0.328908457927848,0.3288404639932889,0.657748921921137
400,up,0.0,2.0,0,1.732586058661392,1.732586058661392,3.465172117322784
400,up,0.0,2.0,1,1.732586058661392,1.732586058661392,3.465172117322784
400,up,0.0,2.0,2,1.732586058661392,1.732586058661392,3.465172117322784
400,up,0.0,2.0,3,1.732586058661392,1.732586058661392,3.465172117322784
400,up,0.0,2.0,4,1.732586058661392,1.732586058661392,3.465172117322784
400,up,0.0,2.0,5,1.732586058661392,1.732586058661392,3.465172117322784
400,up,0.0,2.0,6,1.732586058661392,1.732586058661392,3.465172117322784
400,up,0.0,2.0,7,1.732586058661392,1.732586058661392,3.465172117322784
400,up,0.0,2.0,8,1.732586058661392,1.732586058661392,3.465172117322784
400,up,0.0,2.0,9,1.732586058661392,1.732586058661392,3.465172117322784
400,up,0.0,2.0,10,1.732586058661392,1.732586058661392,3.465172117322784
400,up,0.0,2.0,11,1.732586058661392,1.732586058661392,3.465172117322784
400,up,0.5,2.0,0,0.8654856952853425,0.8654856952853425,1.730971390570685
400,up,0.5,2.0,1,0.8654856952853441,0.8654856952853447,1.730971390570689
400,up,0.5,2.0,2,0.8654856952853425,0.8654856952853425,1.730971390570685
400,up,0.5,2.0,3,0.8654856952853425,0.8654856952853425,1.730971390570685
400,up,0.5,2.0,4,0.8654856952853425,0.8654856952853425,1.730971390570685
400,up,0.5,2.0,5,0.8654856952853425,0.8654856952853425,1.730971390570685
400,up,0.5,2.0,6,0.8654856952853425,0.8654856952853425,1.730971390570685
400,up,0.5,2.0,7,0.8654856952853425,0.8654856952853425,1.730971390570685
400,up,0.5,2.0,8,0.8654856952853425,0.8654856952853425,1.730971390570685
400,up,0.5,2.0,9,0.8654856952853425,0.8654856952853425,1.730971390570685
400,up,0.5,2.0,10,0.8654856952853425,0.8654856952853425,1.730971390570685
400,up,0.5,2.0,11,0.8654856952853425,0.8654856952853425,1.730971390570685
400,up,2.0,2.0,0,0.34624426114682394,0.34624426114682394,0.6924885222936479
400,up,2.0,2.0,1,0.34624426114682366,0.34624426114682366,0.6924885222936473
400,up,2.0,2.0,2,0.34624426114682394,0.34624426114682394,0.6924885222936479
400,up,2.0,2.0,3,0.34624426114682394,0.34624426114682394,0.6924885222936479
400,up,2.0,2.0,4,0.34624426114682394,0.34624426114682394,0.6924885222936479
400,up,2.0,2.0,5,0.34624426114682394,0.34624426114682394,0.6924885222936479
400,up,2.0,2.0,6,0.34624426114682394,0.34624426114682394,0.6924885222936479
400,up,2.0,2.0,7,0.34624426114682394,0.34624426114682394,0.6924885222936479
400,up,2.0,2.0,8,0.34624426114682394,0.34624426114682394,0.6924885222936479
400,up,2.0,2.0,9,0.34624426114682394,0.34624426114682394,0.6924885222936479
400,up,2.0,2.0,10,0.34624426114682394,0.34624426114682394,0.6924885222936479
400,up,2.0,2.0,11,0.34624426114682394,0.34624426114682394,0.6924885222936479
400,down,0.0,2.0,0,1.7343138413771055,1.7334387622027974,3.467752603579903
400,down,0.0,2.0,1,1.7334514915116825,1.7312732607209824,3.464724752232665
400,down,0.0,2.0,2,1.7316280263892994,1.7326756682197695,3.464303694609069
400,down,0.0,2.0,3,1.730971375650662,1.7314870728304743,3.4624584484811365
400,down,0.0,2.0,4,1.7310309013463405,1.7305804618312532,3.4616113631775938
400,down,0.0,2.0,5,1.7309433369458092,1.7307452190589045,3.461688556004714
400,down,0.0,2.0,6,1.7336524352156082,1.730382971935443,3.4640354071510515
400,down,0.0,2.0,7,1.7306976016470201,1.7305248309840218,3.461222432631042
400,down,0.0,2.0,8,1.732166633759971,1.7309304592572403,3.463097093017211
400,down,0.0,2.0,9,1.7338252467865285,1.7324744357728625,3.466299682559391
400,down,0.0,2.0,10,1.734378963418079,1.731360108859234,3.465739072277313
400,down,0.0,2.0,11,1.730730743686499,1.7340821765723229,3.464812920258822
400,down,0.5,2.0,0,0.8276190458678911,0.8219487329614782,1.6495677788293692
400,down,0.5,2.0,1,0.852007313898839,0.8502903363633445,1.7022976502621834
400,down,0.5,2.0,2,0.7538128915063942,0.7528998835907523,1.5067127750971465
400,down,0.5,2.0,3,0.8640624687535337,0.8640595921387089,1.7281220608922425
400,down,0.5,2.0,4,0.8625152386455981,0.8625820584187504,1.7250972970643486
400,down,0.5,2.0,5,0.864893361190766,0.8649568478653794,1.7298502090561454
400,down,0.5,2.0,6,0.8017912487001161,0.8022344724016841,1.6040257211018
400,down,0.5,2.0,7,0.8612777979105126,0.861560351106587,1.7228381490170996
400,down,0.5,2.0,8,0.8560339074237242,0.8586579171004649,1.7146918245241891
400,down,0.5,2.0,9,0.8554956902797397,0.8555594930447209,1.7110551833244605
400,down,0.5,2.0,10,0.8249358842468887,0.8215160409457697,1.6464519251926584
400,down,0.5,2.0,11,0.8218189583277905,0.8233968794031434,1.6452158377309338
400,down,2.0,2.0,0,0.2692272486653249,0.2663530174677019,0.5355802661330268
400,down,2.0,2.0,1,0.3407021910913402,0.3407775787321171,0.6814797698234574
400,down,2.0,2.0,2,0.27397194859207974,0.2662403469897269,0.5402122955818066
400,down,2.0,2.0,3,0.3456687287871913,0.34571222074786534,0.6913809495350567
400,down,2.0,2.0,4,0.34301269537746093,0.3396514467858271,0.682664142163288
400,down,2.0,2.0,5,0.34615929976524484,0.3459728035887579,0.6921321033540028
400,down,2.0,2.0,6,0.3189292835149496,0.31846116481759745,0.637390448332547
400,down,2.0,2.0,7,0.26680655310157525,0.2670080582958672,0.5338146113974425
400,down,2.0,2.0,8,0.34393632994864065,0.34185263487581596,0.6857889648244566
400,down,2.0,2.0,9,0.3329044082391578,0.3333500458510789,0.6662544540902366
400,down,2.0,2.0,10,0.3119821440576504,0.3111028384819645,0.623084982539615
400,down,2.0,2.0,11,0.3289084579278315,0.3288404639932702,0.6577489219211017
800,fresh,0.0,0.0,0,-8.148180229438167e-90,3.5681589039296456e-89,2.753340880985829e-89
800,fresh,0.0,0.0,1,3.708938832399516e-89,2.6604588192304635e-90,3.974984714322562e-89
800,fresh,0.0,0.0,2,-3.2020294311838836e-90,1.0288128596926763e-89,7.08609916574288e-90
800,fresh,0.0,0.0,3,1.736586106929303e-90,3.364873999907825e-90,5.101460106837128e-90
800,fresh,0.0,0.0,4,1.9157240874445456e-90,4.8767143255108763e-91,2.403395519995633e-90
800,fresh,0.0,0.0,5,1.652214741826803e-90,1.0448059154261983e-90,2.6970206572530015e-90
800,fresh,0.0,0.0,6,9.83838367486181e-89,-7.641600814523395e-91,9.761967666716576e-89
800,fresh,0.0,0.0,7,-2.018646681126814e-90,-1.6279285546051602e-90,-3.6465752357319744e-90
800,fresh,0.0,0.0,8,6.3152774730939385e-90,1.6134266606027502e-90,7.92870413369669e-90
800,fresh,0.0,0.0,9,-2.1721875831634304e-88,8.396217549033235e-90,-2.088225407673098e-88
800,fresh,0.0,0.0,10,-1.4525367296095999e-89,2.9393755792693435e-90,-1.1585991716826656e-89
800,fresh,0.0,0.0,11,9.98755084593375e-91,-3.50685616025499e-89,-3.406980651795652e-89
800,fresh,0.5,0.0,0,6.506369848820146e-47,6.506369848820146e-47,1.3012739697640292e-46
800,fresh,0.5,0.0,1,0.0,0.0,0.0
800,fresh,0.5,0.0,2,4.74560048234289e-47,4.74560048234289e-47,9.49120096468578e-47
800,fresh,0.5,0.0,3,6.7556930449051e-47,6.7556930449051e-47,1.35113860898102e-46
800,fresh,0.5,0.0,4,3.1725776362380304e-47,3.1725776362380304e-47,6.345155272476061e-47
800,fresh,0.5,0.0,5,3.613480740165834e-47,3.613480740165834e-47,7.226961480331668e-47
800,fresh,0.5,0.0,6,3.013100273488045e-46,3.013100273488045e-46,6.02620054697609e-46
800,fresh,0.5,0.0,7,-4.895665622051192e-47,-4.895665622051192e-47,-9.791331244102384e-47
800,fresh,0.5,0.0,8,9.929662135937544e-47,9.929662135937544e-47,1.9859324271875088e-46
800,fresh,0.5,0.0,9,-1.1219520225777195e-46,-1.1219520225777195e-46,-2.243904045155439e-46
800,fresh,0.5,0.0,10,-6.813327691242662e-47,-6.813327691242662e-47,-1.3626655382485324e-46
800,fresh,0.5,0.0,11,-1.7601653029695777e-46,-1.7601653029695777e-46,-3.520330605939155e-46
800,fresh,2.0,0.0,0,2.9530433118015965e-21,2.9530433118015965e-21,5.906086623603193e-21
800,fresh,2.0,0.0,1,-1.1102230246251566e-18,-1.1102230246251566e-18,-2.220446049250313e-18
800,fresh,2.0,0.0,2,3.57653923529487e-21,3.57653923529487e-21,7.15307847058974e-21
800,fresh,2.0,0.0,3,7.632758632346378e-21,7.632758632346378e-21,1.5265517264692757e-20
800,fresh,2.0,0.0,4,3.582223715500928e-21,3.582223715500928e-21,7.164447431001856e-21
800,fresh,2.0,0.0,5,4.1182678677626055e-21,4.1182678677626055e-21,8.236535735525211e-21
800,fresh,2.0,0.0,6,1.5055749969187023e-20,1.5055749969187023e-20,3.0111499938374047e-20
800,fresh,2.0,0.0,7,-5.586642040467515e-21,-5.586642040467515e-21,-1.117328408093503e-20
800,fresh,2.0,0.0,8,1.0728215642803594e-20,1.0728215642803594e-20,2.1456431285607188e-20
800,fresh,2.0,0.0,9,-4.066538712851942e-21,-4.066538712851942e-21,-8.133077425703883e-21
800,fresh,2.0,0.0,10,-4.7935960524744744e-21,-4.7935960524744744e-21,-9.587192104948949e-21
800,fresh,2.0,0.0,11,-1.111913845621748e-20,-1.111913845621748e-20,-2.223827691243496e-20
800,up,0.0,0.0,0,-8.148180229438167e-90,3.5681589039296456e-89,2.753340880985829e-89
800,up,0.0,0.0,1,3.708938832399516e-89,2.6604588192304635e-90,3.974984714322562e-89
800,up,0.0,0.0,2,-3.2020294311838836e-90,1.0288128596926763e-89,7.08609916574288e-90
800,up,0.0,0.0,3,1.736586106929303e-90,3.364873999907825e-90,5.101460106837128e-90
800,up,0.0,0.0,4,1.9157240874445456e-90,4.8767143255108763e-91,2.403395519995633e-90
800,up,0.0,0.0,5,1.652214741826803e-90,1.0448059154261983e-90,2.6970206572530015e-90
800,up,0.0,0.0,6,9.83838367486181e-89,-7.641600814523395e-91,9.761967666716576e-89
800,up,0.0,0.0,7,-2.018646681126814e-90,-1.6279285546051602e-90,-3.6465752357319744e-90
800,up,0.0,0.0,8,6.3152774730939385e-90,1.6134266606027502e-90,7.92870413369669e-90
800,up,0.0,0.0,9,-2.1721875831634304e-88,8.396217549033235e-90,-2.088225407673098e-88
800,up,0.0,0.0,10,-1.4525367296095999e-89,2.9393755792693435e-90,-1.1585991716826656e-89
800,up,0.0,0.0,11,9.98755084593375e-91,-3.50685616025499e-89,-3.406980651795652e-89
800,up,0.5,0.0,0,6.506369848820146e-47,6.506369848820146e-47,1.3012739697640292e-46
800,up,0.5,0.0,1,0.0,0.0,0.0
800,up,0.5,0.0,2,4.74560048234289e-47,4.74560048234289e-47,9.49120096468578e-47
800,up,0.5,0.0,3,6.7556930449051e-47,6.7556930449051e-47,1.35113860898102e-46
800,up,0.5,0.0,4,3.1725776362380304e-47,3.1725776362380304e-47,6.345155272476061e-47
800,up,0.5,0.0,5,3.613480740165834e-47,3.613480740165834e-47,7.226961480331668e-47
800,up,0.5,0.0,6,3.013100273488045e-46,3.013100273488045e-46,6.02620054697609e-46
800,up,0.5,0.0,7,-4.895665622051192e-47,-4.895665622051192e-47,-9.791331244102384e-47
800,up,0.5,0.0,8,9.929662135937544e-47,9.929662135937544e-47,1.9859324271875088e-46
800,up,0.5,0.0,9,-1.1219520225777195e-46,-1.1219520225777195e-46,-2.243904045155439e-46
800,up,0.5,0.0,10,-6.813327691242662e-47,-6.813327691242662e-47,-1.3626655382485324e-46
800,up,0.5,0.0,11,-1.7601653029695777e-46,-1.7601653029695777e-46,-3.520330605939155e-46
800,up,2.0,0.0,0,2.9530433118015965e-21,2.9530433118015965e-21,5.906086623603193e-21
800,up,2.0,0.0,1,-1.1102230246251566e-18,-1.1102230246251566e-18,-2.220446049250313e-18
800,up,2.0,0.0,2,3.57653923529487e-21,3.57653923529487e-21,7.15307847058974e-21
800,up,2.0,0.0,3,7.632758632346378e-21,7.632758632346378e-21,1.5265517264692757e-20
800,up,2.0,0.0,4,3.582223715500928e-21,3.582223715500928e-21,7.164447431001856e-21
800,up,2.0,0.0,5,4.1182678677626055e-21,4.1182678677626055e-21,8.236535735525211e-21
800,up,2.0,0.0,6,1.5055749969187023e-20,1.5055749969187023e-20,3.0111499938374047e-20
800,up,2.0,0.0,7,-5.586642040467515e-21,-5.586642040467515e-21,-1.117328408093503e-20
800,up,2.0,0.0,8,1.0728215642803594e-20,1.0728215642803594e-20,2.1456431285607188e-20
800,up,2.0,0.0,9,-4.066538712851942e-21,-4.066538712851942e-21,-8.133077425703883e-21
800,up,2.0,0.0,10,-4.7935960524744744e-21,-4.7935960524744744e-21,-9.587192104948949e-21
800,up,2.0,0.0,11,-1.111913845621748e-20,-1.111913845621748e-20,-2.223827691243496e-20
800,down,0.0,0.0,0,-2.842170943040401e-16,-2.842170943040401e-16,-5.684341886080802e-16
800,down,0.0,0.0,1,0.0,0.0,0.0
800,down,0.0,0.0,2,-2.842170943040401e-16,-2.842170943040401e-16,-5.684341886080802e-16
800,down,0.0,0.0,3,0.0,0.0,0.0
800,down,0.0,0.0,4,0.0,0.0,0.0
800,down,0.0,0.0,5,0.0,0.0,0.0
800,down,0.0,0.0,6,-2.842170943040401e-16,-2.842170943040401e-16,-5.684341886080802e-16
800,down,0.0,0.0,7,0.0,0.0,0.0
800,down,0.0,0.0,8,0.0,0.0,0.0
800,down,0.0,0.0,9,-2.842170943040401e-16,-2.842170943040401e-16,-5.684341886080802e-16
800,down,0.0,0.0,10,-2.842170943040401e-16,-2.842170943040401e-16,-5.684341886080802e-16
800,down,0.0,0.0,11,-2.842170943040401e-16,-2.842170943040401e-16,-5.684341886080802e-16
800,down,0.5,0.0,0,0.0,0.0,0.0
800,down,0.5,0.0,1,-1.4210854715202004e-16,-1.4210854715202004e-16,-2.842170943040401e-16
800,down,0.5,0.0,2,0.0,0.0,0.0
800,down,0.5,0.0,3,-1.4210854715202004e-16,-1.4210854715202004e-16,-2.842170943040401e-16
800,down,0.5,0.0,4,0.0,0.0,0.0
800,down,0.5,0.0,5,0.0,0.0,0.0
800,down,0.5,0.0,6,-1.4210854715202004e-16,-1.4210854715202004e-16,-2.842170943040401e-16
800,down,0.5,0.0,7,0.0,0.0,0.0
800,down,0.5,0.0,8,0.0,0.0,0.0
800,down,0.5,0.0,9,-1.4210854715202004e-16,-1.4210854715202004e-16,-2.842170943040401e-16
800,down,0.5,0.0,10,0.0,0.0,0.0
800,down,0.5,0.0,11,-1.4210854715202004e-16,-1.4210854715202004e-16,-2.842170943040401e-16
800,down,2.0,0.0,0,-7.105427357601002e-17,-7.105427357601002e-17,-1.4210854715202004e-16
800,down,2.0,0.0,1,-7.105427357601002e-17,-7.105427357601002e-17,-1.4210854715202004e-16
800,down,2.0,0.0,2,-1.4210854715202004e-16,-1.4210854715202004e-16,-2.842170943040401e-16
800,down,2.0,0.0,3,-7.105427357601002e-17,-7.105427357601002e-17,-1.4210854715202004e-16
800,down,2.0,0.0,4,-7.105427357601002e-17,-7.105427357601002e-17,-1.4210854715202004e-16
800,down,2.0,0.0,5,-7.105427357601002e-17,-7.105427357601002e-17,-1.4210854715202004e-16
800,down,2.0,0.0,6,-1.4210854715202004e-16,-1.4210854715202004e-16,-2.842170943040401e-16
800,down,2.0,0.0,7,-1.4210854715202004e-16,-1.4210854715202004e-16,-2.842170943040401e-16
800,down,2.0,0.0,8,-7.105427357601002e-17,-7.105427357601002e-17,-1.4210854715202004e-16
800,down,2.0,0.0,9,-7.105427357601002e-17,-7.105427357601002e-17,-1.4210854715202004e-16
800,down,2.0,0.0,10,-7.105427357601002e-17,-7.105427357601002e-17,-1.4210854715202004e-16
800,down,2.0,0.0,11,-7.105427357601002e-17,-7.105427357601002e-17,-1.4210854715202004e-16
800,fresh,0.0,0.5,0,0.0,0.0,0.0
800,fresh,0.0,0.5,1,0.0,0.0,0.0
800,fresh,0.0,0.5,2,0.0,0.0,0.0
800,fresh,0.0,0.5,3,0.0,0.0,0.0
800,fresh,0.0,0.5,4,0.0,0.0,0.0
800,fresh,0.0,0.5,5,0.0,0.0,0.0
800,fresh,0.0,0.5,6,0.0,0.0,0.0
800,fresh,0.0,0.5,7,0.0,0.0,0.0
800,fresh,0.0,0.5,8,0.0,0.0,0.0
800,fresh,0.0,0.5,9,0.0,0.0,0.0
800,fresh,0.0,0.5,10,0.0,0.0,0.0
800,fresh,0.0,0.5,11,0.0,0.0,0.0
800,fresh,0.5,0.5,0,0.0,0.0,0.0
800,fresh,0.5,0.5,1,0.0,0.0,0.0
800,fresh,0.5,0.5,2,0.0,0.0,0.0
800,fresh,0.5,0.5,3,0.0,0.0,0.0
800,fresh,0.5,0.5,4,0.0,0.0,0.0
800,fresh,0.5,0.5,5,0.0,0.0,0.0
800,fresh,0.5,0.5,6,0.0,0.0,0.0
800,fresh,0.5,0.5,7,0.0,0.0,0.0
800,fresh,0.5,0.5,8,0.0,0.0,0.0
800,fresh,0.5,0.5,9,0.0,0.0,0.0
800,fresh,0.5,0.5,10,0.0,0.0,0.0
800,fresh,0.5,0.5,11,0.0,0.0,0.0
800,fresh,2.0,0.5,0,0.0,0.0,0.0
800,fresh,2.0,0.5,1,5.412337245047638e-18,5.412337245047638e-18,1.0824674490095277e-17
800,fresh,2.0,0.5,2,0.0,0.0,0.0
800,fresh,2.0,0.5,3,0.0,0.0,0.0
800,fresh,2.0,0.5,4,0.0,0.0,0.0
800,fresh,2.0,0.5,5,0.0,0.0,0.0
800,fresh,2.0,0.5,6,2.7755575615628914e-19,2.7755575615628914e-19,5.551115123125783e-19
800,fresh,2.0,0.5,7,0.0,0.0,0.0
800,fresh,2.0,0.5,8,2.7755575615628914e-19,2.7755575615628914e-19,5.551115123125783e-19
800,fresh,2.0,0.5,9,0.0,0.0,0.0
800,fresh,2.0,0.5,10,0.0,0.0,0.0
800,fresh,2.0,0.5,11,-1.5265566588595903e-18,-1.5265566588595903e-18,-3.0531133177191805e-18
800,up,0.0,0.5,0,0.0,0.0,0.0
800,up,0.0,0.5,1,0.0,0.0,0.0
800,up,0.0,0.5,2,0.0,0.0,0.0
800,up,0.0,0.5,3,0.0,0.0,0.0
800,up,0.0,0.5,4,0.0,0.0,0.0
800,up,0.0,0.5,5,0.0,0.0,0.0
800,up,0.0,0.5,6,0.0,0.0,0.0
800,up,0.0,0.5,7,0.0,0.0,0.0
800,up,0.0,0.5,8,0.0,0.0,0.0
800,up,0.0,0.5,9,0.0,0.0,0.0
800,up,0.0,0.5,10,0.0,0.0,0.0
800,up,0.0,0.5,11,0.0,0.0,0.0
800,up,0.5,0.5,0,0.0,0.0,0.0
800,up,0.5,0.5,1,0.0,0.0,0.0
800,up,0.5,0.5,2,0.0,0.0,0.0
800,up,0.5,0.5,3,0.0,0.0,0.0
800,up,0.5,0.5,4,0.0,0.0,0.0
800,up,0.5,0.5,5,0.0,0.0,0.0
800,up,0.5,0.5,6,0.0,0.0,0.0
800,up,0.5,0.5,7,0.0,0.0,0.0
800,up,0.5,0.5,8,0.0,0.0,0.0
800,up,0.5,0.5,9,0.0,0.0,0.0
800,up,0.5,0.5,10,0.0,0.0,0.0
800,up,0.5,0.5,11,0.0,0.0,0.0
800,up,2.0,0.5,0,0.0,0.0,0.0
800,up,2.0,0.5,1,0.0,0.0,0.0
800,up,2.0,0.5,2,0.0,0.0,0.0
800,up,2.0,0.5,3,0.0,0.0,0.0
800,up,2.0,0.5,4,0.0,0.0,0.0
800,up,2.0,0.5,5,0.0,0.0,0.0
800,up,2.0,0.5,6,0.0,0.0,0.0
800,up,2.0,0.5,7,0.0,0.0,0.0
800,up,2.0,0.5,8,0.0,0.0,0.0
800,up,2.0,0.5,9,0.0,0.0,0.0
800,up,2.0,0.5,10,0.0,0.0,0.0
800,up,2.0,0.5,11,0.0,0.0,0.0
800,down,0.0,0.5,0,0.0,0.0,0.0
800,down,0.0,0.5,1,0.0,0.0,0.0
800,down,0.0,0.5,2,0.0,0.0,0.0
800,down,0.0,0.5,3,0.0,0.0,0.0
800,down,0.0,0.5,4,0.0,0.0,0.0
800,down,0.0,0.5,5,0.0,0.0,0.0
800,down,0.0,0.5,6,0.0,0.0,0.0
800,down,0.0,0.5,7,0.0,0.0,0.0
800,down,0.0,0.5,8,0.0,0.0,0.0
800,down,0.0,0.5,9,0.0,0.0,0.0
800,down,0.0,0.5,10,0.0,0.0,0.0
800,down,0.0,0.5,11,0.0,0.0,0.0
800,down,0.5,0.5,0,0.0,0.0,0.0
800,down,0.5,0.5,1,0.0,0.0,0.0
800,down,0.5,0.5,2,0.0,0.0,0.0
800,down,0.5,0.5,3,0.0,0.0,0.0
800,down,0.5,0.5,4,0.0,0.0,0.0
800,down,0.5,0.5,5,0.0,0.0,0.0
800,down,0.5,0.5,6,0.0,0.0,0.0
800,down,0.5,0.5,7,0.0,0.0,0.0
800,down,0.5,0.5,8,0.0,0.0,0.0
800,down,0.5,0.5,9,0.0,0.0,0.0
800,down,0.5,0.5,10,0.0,0.0,0.0
800,down,0.5,0.5,11,0.0,0.0,0.0
800,down,2.0,0.5,0,0.0,0.0,0.0
800,down,2.0,0.5,1,0.0,0.0,0.0
800,down,2.0,0.5,2,0.0,0.0,0.0
800,down,2.0,0.5,3,0.0,0.0,0.0
800,down,2.0,0.5,4,0.0,0.0,0.0
800,down,2.0,0.5,5,0.0,0.0,0.0
800,down,2.0,0.5,6,0.0,0.0,0.0
800,down,2.0,0.5,7,0.0,0.0,0.0
800,down,2.0,0.5,8,0.0,0.0,0.0
800,down,2.0,0.5,9,0.0,0.0,0.0
800,down,2.0,0.5,10,0.0,0.0,0.0
800,down,2.0,0.5,11,0.0,0.0,0.0
800,fresh,0.0,0.8,0,0.0,0.0,0.0
800,fresh,0.0,0.8,1,0.0,0.0,0.0
800,fresh,0.0,0.8,2,0.0,0.0,0.0
800,fresh,0.0,0.8,3,0.0,0.0,0.0
800,fresh,0.0,0.8,4,0.0,0.0,0.0
800,fresh,0.0,0.8,5,0.0,0.0,0.0
800,fresh,0.0,0.8,6,0.0,0.0,0.0
800,fresh,0.0,0.8,7,0.0,0.0,0.0
800,fresh,0.0,0.8,8,0.0,0.0,0.0
800,fresh,0.0,0.8,9,0.0,0.0,0.0
800,fresh,0.0,0.8,10,0.0,0.0,0.0
800,fresh,0.0,0.8,11,0.0,0.0,0.0
800,fresh,0.5,0.8,0,0.0,0.0,0.0
800,fresh,0.5,0.8,1,0.0,0.0,0.0
800,fresh,0.5,0.8,2,0.0,0.0,0.0
800,fresh,0.5,0.8,3,0.0,0.0,0.0
800,fresh,0.5,0.8,4,0.0,0.0,0.0
800,fresh,0.5,0.8,5,0.0,0.0,0.0
800,fresh,0.5,0.8,6,0.0,0.0,0.0
800,fresh,0.5,0.8,7,0.0,0.0,0.0
800,fresh,0.5,0.8,8,0.0,0.0,0.0
800,fresh,0.5,0.8,9,0.0,0.0,0.0
800,fresh,0.5,0.8,10,0.0,0.0,0.0
800,fresh,0.5,0.8,11,0.0,0.0,0.0
800,fresh,2.0,0.8,0,3.6410596759850476e-14,3.6410596759850476e-14,7.282119351970095e-14
800,fresh,2.0,0.8,1,8.522349492778858e-14,8.522349492778858e-14,1.7044698985557716e-13
800,fresh,2.0,0.8,2,3.985561880526234e-14,3.985561880526234e-14,7.971123761052468e-14
800,fresh,2.0,0.8,3,5.073177988812461e-14,5.073177988812461e-14,1.0146355977624922e-13
800,fresh,2.0,0.8,4,4.055311642048309e-14,4.055311642048309e-14,8.110623284096618e-14
800,fresh,2.0,0.8,5,4.210132242832287e-14,4.210132242832287e-14,8.420264485664574e-14
800,fresh,2.0,0.8,6,5.915753997776108e-14,5.915753997776108e-14,1.1831507995552215e-13
800,fresh,2.0,0.8,7,-2.0010382240087665e-15,-2.0010382240087665e-15,-4.002076448017533e-15
800,fresh,2.0,0.8,8,5.6419729999035437e-14,5.6419729999035437e-14,1.1283945999807087e-13
800,fresh,2.0,0.8,9,-3.412686799819653e-15,-3.412686799819653e-15,-6.825373599639306e-15
800,fresh,2.0,0.8,10,-7.174816296640074e-17,-7.174816296640074e-17,-1.4349632593280148e-16
800,fresh,2.0,0.8,11,1.0510703418731282e-13,1.0510703418731282e-13,2.1021406837462565e-13
800,up,0.0,0.8,0,0.0,0.0,0.0
800,up,0.0,0.8,1,0.0,0.0,0.0
800,up,0.0,0.8,2,0.0,0.0,0.0
800,up,0.0,0.8,3,0.0,0.0,0.0
800,up,0.0,0.8,4,0.0,0.0,0.0
800,up,0.0,0.8,5,0.0,0.0,0.0
800,up,0.0,0.8,6,0.0,0.0,0.0
800,up,0.0,0.8,7,0.0,0.0,0.0
800,up,0.0,0.8,8,0.0,0.0,0.0
800,up,0.0,0.8,9,0.0,0.0,0.0
800,up,0.0,0.8,10,0.0,0.0,0.0
800,up,0.0,0.8,11,0.0,0.0,0.0
800,up,0.5,0.8,0,0.0,0.0,0.0
800,up,0.5,0.8,1,0.0,0.0,0.0
800,up,0.5,0.8,2,0.0,0.0,0.0
800,up,0.5,0.8,3,0.0,0.0,0.0
800,up,0.5,0.8,4,0.0,0.0,0.0
800,up,0.5,0.8,5,0.0,0.0,0.0
800,up,0.5,0.8,6,0.0,0.0,0.0
800,up,0.5,0.8,7,0.0,0.0,0.0
800,up,0.5,0.8,8,0.0,0.0,0.0
800,up,0.5,0.8,9,0.0,0.0,0.0
800,up,0.5,0.8,10,0.0,0.0,0.0
800,up,0.5,0.8,11,0.0,0.0,0.0
800,up,2.0,0.8,0,1.516994863060006e-14,1.516994863060006e-14,3.033989726120012e-14
800,up,2.0,0.8,1,1.5161205624281138e-14,1.5161205624281138e-14,3.0322411248562276e-14
800,up,2.0,0.8,2,1.516994863060006e-14,1.516994863060006e-14,3.033989726120012e-14
800,up,2.0,0.8,3,1.516994863060006e-14,1.516994863060006e-14,3.033989726120012e-14
800,up,2.0,0.8,4,1.516994863060006e-14,1.516994863060006e-14,3.033989726120012e-14
800,up,2.0,0.8,5,1.516994863060006e-14,1.516994863060006e-14,3.033989726120012e-14
800,up,2.0,0.8,6,1.516994863060006e-14,1.516994863060006e-14,3.033989726120012e-14
800,up,2.0,0.8,7,1.516994863060006e-14,1.516994863060006e-14,3.033989726120012e-14
800,up,2.0,0.8,8,1.516994863060006e-14,1.516994863060006e-14,3.033989726120012e-14
800,up,2.0,0.8,9,1.516994863060006e-14,1.516994863060006e-14,3.033989726120012e-14
800,up,2.0,0.8,10,1.516994863060006e-14,1.516994863060006e-14,3.033989726120012e-14
800,up,2.0,0.8,11,1.516994863060006e-14,1.516994863060006e-14,3.033989726120012e-14
800,down,0.0,0.8,0,0.0,0.0,0.0
800,down,0.0,0.8,1,0.0,0.0,0.0
800,down,0.0,0.8,2,0.0,0.0,0.0
800,down,0.0,0.8,3,0.0,0.0,0.0
800,down,0.0,0.8,4,0.0,0.0,0.0
800,down,0.0,0.8,5,0.0,0.0,0.0
800,down,0.0,0.8,6,0.0,0.0,0.0
800,down,0.0,0.8,7,0.0,0.0,0.0
800,down,0.0,0.8,8,0.0,0.0,0.0
800,down,0.0,0.8,9,0.0,0.0,0.0
800,down,0.0,0.8,10,0.0,0.0,0.0
800,down,0.0,0.8,11,0.0,0.0,0.0
800,down,0.5,0.8,0,0.0,0.0,0.0
800,down,0.5,0.8,1,0.0,0.0,0.0
800,down,0.5,0.8,2,0.0,0.0,0.0
800,down,0.5,0.8,3,0.0,0.0,0.0
800,down,0.5,0.8,4,0.0,0.0,0.0
800,down,0.5,0.8,5,0.0,0.0,0.0
800,down,0.5,0.8,6,0.0,0.0,0.0
800,down,0.5,0.8,7,0.0,0.0,0.0
800,down,0.5,0.8,8,0.0,0.0,0.0
800,down,0.5,0.8,9,0.0,0.0,0.0
800,down,0.5,0.8,10,0.0,0.0,0.0
800,down,0.5,0.8,11,0.0,0.0,0.0
800,down,2.0,0.8,0,-9.734435479913373e-15,-9.734435479913373e-15,-1.9468870959826747e-14
800,down,2.0,0.8,1,-9.023892744153272e-15,-9.023892744153272e-15,-1.8047785488306545e-14
800,down,2.0,0.8,2,-8.952838470577262e-15,-8.952838470577262e-15,-1.7905676941154525e-14
800,down,2.0,0.8,3,-9.023892744153272e-15,-9.023892744153272e-15,-1.8047785488306545e-14
800,down,2.0,0.8,4,-9.023892744153272e-15,-9.023892744153272e-15,-1.8047785488306545e-14
800,down,2.0,0.8,5,-8.952838470577262e-15,-8.952838470577262e-15,-1.7905676941154525e-14
800,down,2.0,0.8,6,-8.952838470577262e-15,-8.952838470577262e-15,-1.7905676941154525e-14
800,down,2.0,0.8,7,-8.952838470577262e-15,-8.952838470577262e-15,-1.7905676941154525e-14
800,down,2.0,0.8,8,-9.023892744153272e-15,-9.023892744153272e-15,-1.8047785488306545e-14
800,down,2.0,0.8,9,-9.023892744153272e-15,-9.023892744153272e-15,-1.8047785488306545e-14
800,down,2.0,0.8,10,-8.952838470577262e-15,-8.952838470577262e-15,-1.7905676941154525e-14
800,down,2.0,0.8,11,-9.023892744153272e-15,-9.023892744153272e-15,-1.8047785488306545e-14
800,fresh,0.0,0.9,0,0.0,0.0,0.0
800,fresh,0.0,0.9,1,0.0,0.0,0.0
800,fresh,0.0,0.9,2,0.0,0.0,0.0
800,fresh,0.0,0.9,3,0.0,0.0,0.0
800,fresh,0.0,0.9,4,0.0,0.0,0.0
800,fresh,0.0,0.9,5,0.0,0.0,0.0
800,fresh,0.0,0.9,6,0.0,0.0,0.0
800,fresh,0.0,0.9,7,0.0,0.0,0.0
800,fresh,0.0,0.9,8,0.0,0.0,0.0
800,fresh,0.0,0.9,9,0.0,0.0,0.0
800,fresh,0.0,0.9,10,0.0,0.0,0.0
800,fresh,0.0,0.9,11,0.0,0.0,0.0
800,fresh,0.5,0.9,0,0.0,0.0,0.0
800,fresh,0.5,0.9,1,0.0,0.0,0.0
800,fresh,0.5,0.9,2,0.0,0.0,0.0
800,fresh,0.5,0.9,3,0.0,0.0,0.0
800,fresh,0.5,0.9,4,0.0,0.0,0.0
800,fresh,0.5,0.9,5,0.0,0.0,0.0
800,fresh,0.5,0.9,6,0.0,0.0,0.0
800,fresh,0.5,0.9,7,0.0,0.0,0.0
800,fresh,0.5,0.9,8,0.0,0.0,0.0
800,fresh,0.5,0.9,9,0.0,0.0,0.0
800,fresh,0.5,0.9,10,0.0,0.0,0.0
800,fresh,0.5,0.9,11,0.0,0.0,0.0
800,fresh,2.0,0.9,0,2.148140443303248e-11,2.148140443303248e-11,4.296280886606496e-11
800,fresh,2.0,0.9,1,3.7822909526585844e-11,3.7822909526585844e-11,7.564581905317169e-11
800,fresh,2.0,0.9,2,2.2916741837519794e-11,2.2916741837519794e-11,4.583348367503959e-11
800,fresh,2.0,0.9,3,2.7057706630806422e-11,2.7057706630806422e-11,5.4115413261612843e-11
800,fresh,2.0,0.9,4,2.3218495182053543e-11,2.3218495182053543e-11,4.6436990364107087e-11
800,fresh,2.0,0.9,5,2.381752739477605e-11,2.381752739477605e-11,4.76350547895521e-11
800,fresh,2.0,0.9,6,2.99771790723824e-11,2.99771790723824e-11,5.99543581447648e-11
800,fresh,2.0,0.9,7,4.383956531128774e-12,4.383956531128774e-12,8.767913062257548e-12
800,fresh,2.0,0.9,8,2.9099622711470375e-11,2.9099622711470375e-11,5.819924542294075e-11
800,fresh,2.0,0.9,9,2.0505686038063687e-12,2.0505686038063687e-12,4.1011372076127375e-12
800,fresh,2.0,0.9,10,4.975170275756113e-12,4.975170275756113e-12,9.950340551512226e-12
800,fresh,2.0,0.9,11,4.178044021863059e-11,4.178044021863059e-11,8.356088043726118e-11
800,up,0.0,0.9,0,0.0,0.0,0.0
800,up,0.0,0.9,1,0.0,0.0,0.0
800,up,0.0,0.9,2,0.0,0.0,0.0
800,up,0.0,0.9,3,0.0,0.0,0.0
800,up,0.0,0.9,4,0.0,0.0,0.0
800,up,0.0,0.9,5,0.0,0.0,0.0
800,up,0.0,0.9,6,0.0,0.0,0.0
800,up,0.0,0.9,7,0.0,0.0,0.0
800,up,0.0,0.9,8,0.0,0.0,0.0
800,up,0.0,0.9,9,0.0,0.0,0.0
800,up,0.0,0.9,10,0.0,0.0,0.0
800,up,0.0,0.9,11,0.0,0.0,0.0
800,up,0.5,0.9,0,0.0,0.0,0.0
800,up,0.5,0.9,1,0.0,0.0,0.0
800,up,0.5,0.9,2,0.0,0.0,0.0
800,up,0.5,0.9,3,0.0,0.0,0.0
800,up,0.5,0.9,4,0.0,0.0,0.0
800,up,0.5,0.9,5,0.0,0.0,0.0
800,up,0.5,0.9,6,0.0,0.0,0.0
800,up,0.5,0.9,7,0.0,0.0,0.0
800,up,0.5,0.9,8,0.0,0.0,0.0
800,up,0.5,0.9,9,0.0,0.0,0.0
800,up,0.5,0.9,10,0.0,0.0,0.0
800,up,0.5,0.9,11,0.0,0.0,0.0
800,up,2.0,0.9,0,5.388991197730064e-12,5.388991197730064e-12,1.0777982395460128e-11
800,up,2.0,0.9,1,5.388982593501623e-12,5.388982593501623e-12,1.0777965187003247e-11
800,up,2.0,0.9,2,5.388991197730064e-12,5.388991197730064e-12,1.0777982395460128e-11
800,up,2.0,0.9,3,5.388991197730064e-12,5.388991197730064e-12,1.0777982395460128e-11
800,up,2.0,0.9,4,5.388991197730064e-12,5.388991197730064e-12,1.0777982395460128e-11
800,up,2.0,0.9,5,5.388991197730064e-12,5.388991197730064e-12,1.0777982395460128e-11
800,up,2.0,0.9,6,5.388991197730064e-12,5.388991197730064e-12,1.0777982395460128e-11
800,up,2.0,0.9,7,5.388991197730064e-12,5.388991197730064e-12,1.0777982395460128e-11
800,up,2.0,0.9,8,5.388991197730064e-12,5.388991197730064e-12,1.0777982395460128e-11
800,up,2.0,0.9,9,5.388991197730064e-12,5.388991197730064e-12,1.0777982395460128e-11
800,up,2.0,0.9,10,5.388991197730064e-12,5.388991197730064e-12,1.0777982395460128e-11
800,up,2.0,0.9,11,5.388991197730064e-12,5.388991197730064e-12,1.0777982395460128e-11
800,down,0.0,0.9,0,0.0,0.0,0.0
800,down,0.0,0.9,1,0.0,0.0,0.0
800,down,0.0,0.9,2,0.0,0.0,0.0
800,down,0.0,0.9,3,0.0,0.0,0.0
800,down,0.0,0.9,4,0.0,0.0,0.0
800,down,0.0,0.9,5,0.0,0.0,0.0
800,down,0.0,0.9,6,0.0,0.0,0.0
800,down,0.0,0.9,7,0.0,0.0,0.0
800,down,0.0,0.9,8,0.0,0.0,0.0
800,down,0.0,0.9,9,0.0,0.0,0.0
800,down,0.0,0.9,10,0.0,0.0,0.0
800,down,0.0,0.9,11,0.0,0.0,0.0
800,down,0.5,0.9,0,0.0,0.0,0.0
800,down,0.5,0.9,1,0.0,0.0,0.0
800,down,0.5,0.9,2,0.0,0.0,0.0
800,down,0.5,0.9,3,0.0,0.0,0.0
800,down,0.5,0.9,4,0.0,0.0,0.0
800,down,0.5,0.9,5,0.0,0.0,0.0
800,down,0.5,0.9,6,0.0,0.0,0.0
800,down,0.5,0.9,7,0.0,0.0,0.0
800,down,0.5,0.9,8,0.0,0.0,0.0
800,down,0.5,0.9,9,0.0,0.0,0.0
800,down,0.5,0.9,10,0.0,0.0,0.0
800,down,0.5,0.9,11,0.0,0.0,0.0
800,down,2.0,0.9,0,-5.189733087718196e-12,-5.189733087718196e-12,-1.0379466175436391e-11
800,down,2.0,0.9,1,-5.188738327888132e-12,-5.188738327888132e-12,-1.0377476655776263e-11
800,down,2.0,0.9,2,-5.188667273614556e-12,-5.188667273614556e-12,-1.0377334547229111e-11
800,down,2.0,0.9,3,-5.188738327888132e-12,-5.188738327888132e-12,-1.0377476655776263e-11
800,down,2.0,0.9,4,-5.188738327888132e-12,-5.188738327888132e-12,-1.0377476655776263e-11
800,down,2.0,0.9,5,-5.188738327888132e-12,-5.188738327888132e-12,-1.0377476655776263e-11
800,down,2.0,0.9,6,-5.188738327888132e-12,-5.188738327888132e-12,-1.0377476655776263e-11
800,down,2.0,0.9,7,-5.188667273614556e-12,-5.188667273614556e-12,-1.0377334547229111e-11
800,down,2.0,0.9,8,-5.188738327888132e-12,-5.188738327888132e-12,-1.0377476655776263e-11
800,down,2.0,0.9,9,-5.188738327888132e-12,-5.188738327888132e-12,-1.0377476655776263e-11
800,down,2.0,0.9,10,-5.188667273614556e-12,-5.188667273614556e-12,-1.0377334547229111e-11
800,down,2.0,0.9,11,-5.188738327888132e-12,-5.188738327888132e-12,-1.0377476655776263e-11
800,fresh,0.0,0.95,0,0.0,0.0,0.0
800,fresh,0.0,0.95,1,0.0,0.0,0.0
800,fresh,0.0,0.95,2,0.0,0.0,0.0
800,fresh,0.0,0.95,3,0.0,0.0,0.0
800,fresh,0.0,0.95,4,0.0,0.0,0.0
800,fresh,0.0,0.95,5,0.0,0.0,0.0
800,fresh,0.0,0.95,6,0.0,0.0,0.0
800,fresh,0.0,0.95,7,0.0,0.0,0.0
800,fresh,0.0,0.95,8,0.0,0.0,0.0
800,fresh,0.0,0.95,9,0.0,0.0,0.0
800,fresh,0.0,0.95,10,0.0,0.0,0.0
800,fresh,0.0,0.95,11,0.0,0.0,0.0
800,fresh,0.5,0.95,0,8.881784197001253e-18,8.881784197001253e-18,1.7763568394002505e-17
800,fresh,0.5,0.95,1,2.0816681711721685e-17,2.0816681711721685e-17,4.163336342344337e-17
800,fresh,0.5,0.95,2,1.4432899320127036e-17,1.4432899320127036e-17,2.886579864025407e-17
800,fresh,0.5,0.95,3,1.609823385706477e-17,1.609823385706477e-17,3.219646771412954e-17
800,fresh,0.5,0.95,4,1.4432899320127036e-17,1.4432899320127036e-17,2.886579864025407e-17
800,fresh,0.5,0.95,5,1.4710455076283325e-17,1.4710455076283325e-17,2.942091015256665e-17
800,fresh,0.5,0.95,6,1.8318679906315084e-17,1.8318679906315084e-17,3.663735981263017e-17
800,fresh,0.5,0.95,7,2.498001805406602e-18,2.498001805406602e-18,4.996003610813204e-18
800,fresh,0.5,0.95,8,1.6930901125533637e-17,1.6930901125533637e-17,3.3861802251067274e-17
800,fresh,0.5,0.95,9,1.2212453270876722e-17,1.2212453270876722e-17,2.4424906541753444e-17
800,fresh,0.5,0.95,10,2.3314683517128286e-17,2.3314683517128286e-17,4.662936703425657e-17
800,fresh,0.5,0.95,11,6.661338147750939e-18,6.661338147750939e-18,1.3322676295501878e-17
800,fresh,2.0,0.95,0,2.3704323862117073e-09,2.3704323862117073e-09,4.740864772423415e-09
800,fresh,2.0,0.95,1,3.500445711068778e-09,3.500445711068778e-09,7.000891422137556e-09
800,fresh,2.0,0.95,2,2.4820634980660115e-09,2.4820634980660115e-09,4.964126996132023e-09
800,fresh,2.0,0.95,3,2.78729771041597e-09,2.78729771041597e-09,5.57459542083194e-09
800,fresh,2.0,0.95,4,2.5058115102338795e-09,2.5058115102338795e-09,5.011623020467759e-09
800,fresh,2.0,0.95,5,2.5505112061230408e-09,2.5505112061230408e-09,5.1010224122460816e-09
800,fresh,2.0,0.95,6,2.9907379725524484e-09,2.9907379725524484e-09,5.981475945104897e-09
800,fresh,2.0,0.95,7,9.389294339245958e-10,9.389294339245958e-10,1.8778588678491915e-09
800,fresh,2.0,0.95,8,2.932125535148877e-09,2.932125535148877e-09,5.864251070297754e-09
800,fresh,2.0,0.95,9,6.152112932977793e-10,6.152112932977793e-10,1.2304225865955586e-09
800,fresh,2.0,0.95,10,9.732594191680378e-10,9.732594191680378e-10,1.9465188383360756e-09
800,fresh,2.0,0.95,11,3.716500002193257e-09,3.716500002193257e-09,7.433000004386514e-09
800,up,0.0,0.95,0,0.0,0.0,0.0
800,up,0.0,0.95,1,0.0,0.0,0.0
800,up,0.0,0.95,2,0.0,0.0,0.0
800,up,0.0,0.95,3,0.0,0.0,0.0
800,up,0.0,0.95,4,0.0,0.0,0.0
800,up,0.0,0.95,5,0.0,0.0,0.0
800,up,0.0,0.95,6,0.0,0.0,0.0
800,up,0.0,0.95,7,0.0,0.0,0.0
800,up,0.0,0.95,8,0.0,0.0,0.0
800,up,0.0,0.95,9,0.0,0.0,0.0
800,up,0.0,0.95,10,0.0,0.0,0.0
800,up,0.0,0.95,11,0.0,0.0,0.0
800,up,0.5,0.95,0,0.0,0.0,0.0
800,up,0.5,0.95,1,0.0,0.0,0.0
800,up,0.5,0.95,2,0.0,0.0,0.0
800,up,0.5,0.95,3,0.0,0.0,0.0
800,up,0.5,0.95,4,0.0,0.0,0.0
800,up,0.5,0.95,5,0.0,0.0,0.0
800,up,0.5,0.95,6,0.0,0.0,0.0
800,up,0.5,0.95,7,0.0,0.0,0.0
800,up,0.5,0.95,8,0.0,0.0,0.0
800,up,0.5,0.95,9,0.0,0.0,0.0
800,up,0.5,0.95,10,0.0,0.0,0.0
800,up,0.5,0.95,11,0.0,0.0,0.0
800,up,2.0,0.95,0,5.226431240568097e-10,5.226431240568097e-10,1.0452862481136194e-09
800,up,2.0,0.95,1,5.226431243343654e-10,5.226431246119212e-10,1.0452862489462867e-09
800,up,2.0,0.95,2,5.226431240568097e-10,5.226431240568097e-10,1.0452862481136194e-09
800,up,2.0,0.95,3,5.226431240568097e-10,5.226431240568097e-10,1.0452862481136194e-09
800,up,2.0,0.95,4,5.226431240568097e-10,5.226431240568097e-10,1.0452862481136194e-09
800,up,2.0,0.95,5,5.226431240568097e-10,5.226431240568097e-10,1.0452862481136194e-09
800,up,2.0,0.95,6,5.226431240568097e-10,5.226431240568097e-10,1.0452862481136194e-09
800,up,2.0,0.95,7,5.226431240568097e-10,5.226431240568097e-10,1.0452862481136194e-09
800,up,2.0,0.95,8,5.226431240568097e-10,5.226431240568097e-10,1.0452862481136194e-09
800,up,2.0,0.95,9,5.226431240568097e-10,5.226431240568097e-10,1.0452862481136194e-09
800,up,2.0,0.95,10,5.226431240568097e-10,5.226431240568097e-10,1.0452862481136194e-09
800,up,2.0,0.95,11,5.226431240568097e-10,5.226431240568097e-10,1.0452862481136194e-09
800,down,0.0,0.95,0,0.0,0.0,0.0
800,down,0.0,0.95,1,0.0,0.0,0.0
800,down,0.0,0.95,2,0.0,0.0,0.0
800,down,0.0,0.95,3,0.0,0.0,0.0
800,down,0.0,0.95,4,0.0,0.0,0.0
800,down,0.0,0.95,5,0.0,0.0,0.0
800,down,0.0,0.95,6,0.0,0.0,0.0
800,down,0.0,0.95,7,0.0,0.0,0.0
800,down,0.0,0.95,8,0.0,0.0,0.0
800,down,0.0,0.95,9,0.0,0.0,0.0
800,down,0.0,0.95,10,0.0,0.0,0.0
800,down,0.0,0.95,11,0.0,0.0,0.0
800,down,0.5,0.95,0,0.0,0.0,0.0
800,down,0.5,0.95,1,0.0,0.0,0.0
800,down,0.5,0.95,2,0.0,0.0,0.0
800,down,0.5,0.95,3,0.0,0.0,0.0
800,down,0.5,0.95,4,0.0,0.0,0.0
800,down,0.5,0.95,5,0.0,0.0,0.0
800,down,0.5,0.95,6,0.0,0.0,0.0
800,down,0.5,0.95,7,0.0,0.0,0.0
800,down,0.5,0.95,8,0.0,0.0,0.0
800,down,0.5,0.95,9,0.0,0.0,0.0
800,down,0.5,0.95,10,0.0,0.0,0.0
800,down,0.5,0.95,11,0.0,0.0,0.0
800,down,2.0,0.95,0,-6.722037682038718e-10,-6.722037326767349e-10,-1.3444075008806067e-09
800,down,2.0,0.95,1,-6.722022050098531e-10,-6.722022050098531e-10,-1.3444044100197062e-09
800,down,2.0,0.95,2,-6.722022760641266e-10,-6.722022760641266e-10,-1.3444045521282532e-09
800,down,2.0,0.95,3,-6.722022050098531e-10,-6.722022050098531e-10,-1.3444044100197062e-09
800,down,2.0,0.95,4,-6.722022050098531e-10,-6.722022050098531e-10,-1.3444044100197062e-09
800,down,2.0,0.95,5,-6.722022760641266e-10,-6.722022760641266e-10,-1.3444045521282532e-09
800,down,2.0,0.95,6,-6.722022760641266e-10,-6.722022760641266e-10,-1.3444045521282532e-09
800,down,2.0,0.95,7,-6.722022760641266e-10,-6.722022760641266e-10,-1.3444045521282532e-09
800,down,2.0,0.95,8,-6.722022050098531e-10,-6.722022050098531e-10,-1.3444044100197062e-09
800,down,2.0,0.95,9,-6.722022760641266e-10,-6.722022760641266e-10,-1.3444045521282532e-09
800,down,2.0,0.95,10,-6.722022760641266e-10,-6.722022760641266e-10,-1.3444045521282532e-09
800,down,2.0,0.95,11,-6.722022050098531e-10,-6.722022050098531e-10,-1.3444044100197062e-09
800,fresh,0.0,0.98,0,0.0,0.0,0.0
800,fresh,0.0,0.98,1,0.0,0.0,0.0
800,fresh,0.0,0.98,2,0.0,0.0,0.0
800,fresh,0.0,0.98,3,0.0,0.0,0.0
800,fresh,0.0,0.98,4,0.0,0.0,0.0
800,fresh,0.0,0.98,5,0.0,0.0,0.0
800,fresh,0.0,0.98,6,0.0,0.0,0.0
800,fresh,0.0,0.98,7,0.0,0.0,0.0
800,fresh,0.0,0.98,8,0.0,0.0,0.0
800,fresh,0.0,0.98,9,0.0,0.0,0.0
800,fresh,0.0,0.98,10,0.0,0.0,0.0
800,fresh,0.0,0.98,11,0.0,0.0,0.0
800,fresh,0.5,0.98,0,8.206421653333962e-13,8.206421653333962e-13,1.6412843306667924e-12
800,fresh,0.5,0.98,1,1.2444537067501926e-12,1.2444537067501926e-12,2.488907413500385e-12
800,fresh,0.5,0.98,2,1.0157091834273046e-12,1.0157091834273046e-12,2.0314183668546092e-12
800,fresh,0.5,0.98,3,1.0971173969309689e-12,1.0971173969309689e-12,2.1942347938619377e-12
800,fresh,0.5,0.98,4,1.0260156613206562e-12,1.0260156613206562e-12,2.0520313226413123e-12
800,fresh,0.5,0.98,5,1.0373008008102146e-12,1.0373008008102146e-12,2.0746016016204292e-12
800,fresh,0.5,0.98,6,1.1740527994241745e-12,1.1740527994241745e-12,2.348105598848349e-12
800,fresh,0.5,0.98,7,5.779796086180511e-13,5.779796086180511e-13,1.1559592172361022e-12
800,fresh,0.5,0.98,8,1.1348333384120224e-12,1.1348333384120224e-12,2.2696666768240448e-12
800,fresh,0.5,0.98,9,1.3457768233138268e-12,1.3457768233138268e-12,2.6915536466276536e-12
800,fresh,0.5,0.98,10,1.554084638755171e-12,1.554084638755171e-12,3.108169277510342e-12
800,fresh,0.5,0.98,11,1.2913514702006522e-12,1.2913514702006522e-12,2.5827029404013045e-12
800,fresh,2.0,0.98,0,1.5180178570078917e-07,1.5180178570078917e-07,3.0360357140157835e-07
800,fresh,2.0,0.98,1,1.9357845951278873e-07,1.9357845951278873e-07,3.8715691902557746e-07
800,fresh,2.0,0.98,2,1.5630340139322074e-07,1.5630340139322074e-07,3.126068027864415e-07
800,fresh,2.0,0.98,3,1.6811347903600283e-07,1.6811347903600283e-07,3.3622695807200565e-07
800,fresh,2.0,0.98,4,1.5726365550472466e-07,1.5726365550472466e-07,3.145273110094493e-07
800,fresh,2.0,0.98,5,1.590135767443046e-07,1.590135767443046e-07,3.180271534886092e-07
800,fresh,2.0,0.98,6,1.7564768809291697e-07,1.7564768809291697e-07,3.5129537618583393e-07
800,fresh,2.0,0.98,7,8.877756340452957e-08,8.877756340452957e-08,1.7755512680905915e-07
800,fresh,2.0,0.98,8,1.735381254761026e-07,1.735381254761026e-07,3.470762509522052e-07
800,fresh,2.0,0.98,9,6.857077137017998e-08,6.857077137017998e-08,1.3714154274035995e-07
800,fresh,2.0,0.98,10,8.979527564983991e-08,8.979527564983991e-08,1.7959055129967983e-07
800,fresh,2.0,0.98,11,2.0040871312354547e-07,2.0040871312354547e-07,4.0081742624709094e-07
800,up,0.0,0.98,0,0.0,0.0,0.0
800,up,0.0,0.98,1,0.0,0.0,0.0
800,up,0.0,0.98,2,0.0,0.0,0.0
800,up,0.0,0.98,3,0.0,0.0,0.0
800,up,0.0,0.98,4,0.0,0.0,0.0
800,up,0.0,0.98,5,0.0,0.0,0.0
800,up,0.0,0.98,6,0.0,0.0,0.0
800,up,0.0,0.98,7,0.0,0.0,0.0
800,up,0.0,0.98,8,0.0,0.0,0.0
800,up,0.0,0.98,9,0.0,0.0,0.0
800,up,0.0,0.98,10,0.0,0.0,0.0
800,up,0.0,0.98,11,0.0,0.0,0.0
800,up,0.5,0.98,0,2.593103509695993e-13,2.593103509695993e-13,5.186207019391986e-13
800,up,0.5,0.98,1,2.5931146119262395e-13,2.5931146119262395e-13,5.186229223852479e-13
800,up,0.5,0.98,2,2.593103509695993e-13,2.593103509695993e-13,5.186207019391986e-13
800,up,0.5,0.98,3,2.593103509695993e-13,2.593103509695993e-13,5.186207019391986e-13
800,up,0.5,0.98,4,2.593103509695993e-13,2.593103509695993e-13,5.186207019391986e-13
800,up,0.5,0.98,5,2.593103509695993e-13,2.593103509695993e-13,5.186207019391986e-13
800,up,0.5,0.98,6,2.593103509695993e-13,2.593103509695993e-13,5.186207019391986e-13
800,up,0.5,0.98,7,2.593103509695993e-13,2.593103509695993e-13,5.186207019391986e-13
800,up,0.5,0.98,8,2.593103509695993e-13,2.593103509695993e-13,5.186207019391986e-13
800,up,0.5,0.98,9,2.593103509695993e-13,2.593103509695993e-13,5.186207019391986e-13
800,up,0.5,0.98,10,2.593103509695993e-13,2.593103509695993e-13,5.186207019391986e-13
800,up,0.5,0.98,11,2.593103509695993e-13,2.593103509695993e-13,5.186207019391986e-13
800,up,2.0,0.98,0,3.9744529917451476e-08,3.9744529917451476e-08,7.948905983490295e-08
800,up,2.0,0.98,1,3.974452991717392e-08,3.974452991800659e-08,7.94890598351805e-08
800,up,2.0,0.98,2,3.9744529917451476e-08,3.9744529917451476e-08,7.948905983490295e-08
800,up,2.0,0.98,3,3.9744529917451476e-08,3.9744529917451476e-08,7.948905983490295e-08
800,up,2.0,0.98,4,3.9744529917451476e-08,3.9744529917451476e-08,7.948905983490295e-08
800,up,2.0,0.98,5,3.9744529917451476e-08,3.9744529917451476e-08,7.948905983490295e-08
800,up,2.0,0.98,6,3.9744529917451476e-08,3.9744529917451476e-08,7.948905983490295e-08
800,up,2.0,0.98,7,3.9744529917451476e-08,3.9744529917451476e-08,7.948905983490295e-08
800,up,2.0,0.98,8,3.9744529917451476e-08,3.9744529917451476e-08,7.948905983490295e-08
800,up,2.0,0.98,9,3.9744529917451476e-08,3.9744529917451476e-08,7.948905983490295e-08
800,up,2.0,0.98,10,3.9744529917451476e-08,3.9744529917451476e-08,7.948905983490295e-08
800,up,2.0,0.98,11,3.9744529917451476e-08,3.9744529917451476e-08,7.948905983490295e-08
800,down,0.0,0.98,0,0.0,0.0,0.0
800,down,0.0,0.98,1,0.0,0.0,0.0
800,down,0.0,0.98,2,0.0,0.0,0.0
800,down,0.0,0.98,3,0.0,0.0,0.0
800,down,0.0,0.98,4,0.0,0.0,0.0
800,down,0.0,0.98,5,0.0,0.0,0.0
800,down,0.0,0.98,6,0.0,0.0,0.0
800,down,0.0,0.98,7,0.0,0.0,0.0
800,down,0.0,0.98,8,0.0,0.0,0.0
800,down,0.0,0.98,9,0.0,0.0,0.0
800,down,0.0,0.98,10,0.0,0.0,0.0
800,down,0.0,0.98,11,0.0,0.0,0.0
800,down,0.5,0.98,0,-1.9213075574953108e-13,-1.9213075574953108e-13,-3.8426151149906217e-13
800,down,0.5,0.98,1,-1.9213075574953108e-13,-1.9213075574953108e-13,-3.8426151149906217e-13
800,down,0.5,0.98,2,-1.9213075574953108e-13,-1.9213075574953108e-13,-3.8426151149906217e-13
800,down,0.5,0.98,3,-1.9213075574953108e-13,-1.9213075574953108e-13,-3.8426151149906217e-13
800,down,0.5,0.98,4,-1.922728642966831e-13,-1.922728642966831e-13,-3.845457285933662e-13
800,down,0.5,0.98,5,-1.9213075574953108e-13,-1.9213075574953108e-13,-3.8426151149906217e-13
800,down,0.5,0.98,6,-1.9213075574953108e-13,-1.9213075574953108e-13,-3.8426151149906217e-13
800,down,0.5,0.98,7,-1.9213075574953108e-13,-1.9213075574953108e-13,-3.8426151149906217e-13
800,down,0.5,0.98,8,-1.922728642966831e-13,-1.922728642966831e-13,-3.845457285933662e-13
800,down,0.5,0.98,9,-1.922728642966831e-13,-1.922728642966831e-13,-3.845457285933662e-13
800,down,0.5,0.98,10,-1.922728642966831e-13,-1.922728642966831e-13,-3.845457285933662e-13
800,down,0.5,0.98,11,-1.922728642966831e-13,-1.922728642966831e-13,-3.845457285933662e-13
800,down,2.0,0.98,0,-3.0016350578421225e-08,-3.001635061394836e-08,-6.003270119236959e-08
800,down,2.0,0.98,1,-3.001634674149045e-08,-3.001634674149045e-08,-6.00326934829809e-08
800,down,2.0,0.98,2,-3.001634667043618e-08,-3.001634667043618e-08,-6.003269334087236e-08
800,down,2.0,0.98,3,-3.001634659938191e-08,-3.001634659938191e-08,-6.003269319876382e-08
800,down,2.0,0.98,4,-3.001634667043618e-08,-3.001634667043618e-08,-6.003269334087236e-08
800,down,2.0,0.98,5,-3.0016346812544724e-08,-3.0016346812544724e-08,-6.003269362508945e-08
800,down,2.0,0.98,6,-3.001634667043618e-08,-3.001634667043618e-08,-6.003269334087236e-08
800,down,2.0,0.98,7,-3.001634667043618e-08,-3.001634667043618e-08,-6.003269334087236e-08
800,down,2.0,0.98,8,-3.001634667043618e-08,-3.001634667043618e-08,-6.003269334087236e-08
800,down,2.0,0.98,9,-3.001634674149045e-08,-3.001634674149045e-08,-6.00326934829809e-08
800,down,2.0,0.98,10,-3.0016347025707546e-08,-3.0016347025707546e-08,-6.003269405141509e-08
800,down,2.0,0.98,11,-3.001634674149045e-08,-3.001634674149045e-08,-6.00326934829809e-08
800,fresh,0.0,0.99,0,2.631228568361621e-16,2.0372592501871622e-16,4.668487818548783e-16
800,fresh,0.0,0.99,1,2.1621593404574924e-16,1.8790524691780773e-16,4.0412118096355695e-16
800,fresh,0.0,0.99,2,-6.328271240363392e-17,2.0594637106796654e-16,1.4266365866433263e-16
800,fresh,0.0,0.99,3,1.8207657603852566e-16,1.9095836023552692e-16,3.730349362740526e-16
800,fresh,0.0,0.99,4,1.840194663316197e-16,1.7180701306074299e-16,3.558264793923627e-16
800,fresh,0.0,0.99,5,1.8179902028236938e-16,1.7680301667155618e-16,3.5860203695392556e-16
800,fresh,0.0,0.99,6,2.19824158875781e-16,1.5265566588595902e-16,3.7247982476174e-16
800,fresh,0.0,0.99,7,1.0852430065710906e-16,1.273980920757367e-16,2.3592239273284576e-16
800,fresh,0.0,0.99,8,2.0067281170099706e-16,1.8235413179468197e-16,3.8302694349567903e-16
800,fresh,0.0,0.99,9,2.0761170560490428e-16,1.892930256985892e-16,3.969047313034935e-16
800,fresh,0.0,0.99,10,2.2759572004815707e-16,1.7430501486614958e-16,4.019007349143067e-16
800,fresh,0.0,0.99,11,1.637578961322106e-16,2.1649348980190552e-16,3.802513859341161e-16
800,fresh,0.5,0.99,0,2.0856703142335676e-10,2.0856705418292875e-10,4.1713408560628553e-10
800,fresh,0.5,0.99,1,2.8144696295751004e-10,2.8144696240239854e-10,5.628939253599086e-10
800,fresh,0.5,0.99,2,2.4384621127859775e-10,2.438462134990438e-10,4.876924247776416e-10
800,fresh,0.5,0.99,3,2.575642904512065e-10,2.575642904512065e-10,5.15128580902413e-10
800,fresh,0.5,0.99,4,2.456817679852286e-10,2.4568176743011703e-10,4.913635354153456e-10
800,fresh,0.5,0.99,5,2.4758382871636896e-10,2.4758382871636896e-10,4.951676574327379e-10
800,fresh,0.5,0.99,6,2.700985260450928e-10,2.7009852493486974e-10,5.401970509799625e-10
800,fresh,0.5,0.99,7,1.653581208072019e-10,1.6535812358275946e-10,3.307162443899614e-10
800,fresh,0.5,0.99,8,2.6377194206617104e-10,2.6377194151105954e-10,5.275438835772306e-10
800,fresh,0.5,0.99,9,2.9734482653864803e-10,2.9734482653864803e-10,5.946896530772961e-10
800,fresh,0.5,0.99,10,3.279420712765102e-10,3.279420707213987e-10,6.558841419979089e-10
800,fresh,0.5,0.99,11,2.887712485799554e-10,2.8877124913506693e-10,5.775424977150224e-10
800,fresh,2.0,0.99,0,1.1395231274063943e-06,1.1395231274063943e-06,2.2790462548127887e-06
800,fresh,2.0,0.99,1,1.3529126420516736e-06,1.3529126420516736e-06,2.705825284103347e-06
800,fresh,2.0,0.99,2,1.1634164562868144e-06,1.1634164562868144e-06,2.3268329125736288e-06
800,fresh,2.0,0.99,3,1.2249480530474032e-06,1.2249480530474032e-06,2.4498961060948064e-06
800,fresh,2.0,0.99,4,1.1685082984150274e-06,1.1685082984150274e-06,2.337016596830055e-06
800,fresh,2.0,0.99,5,1.1776821629286283e-06,1.1776821629286283e-06,2.3553643258572566e-06
800,fresh,2.0,0.99,6,1.2634268372965772e-06,1.2634268372965772e-06,2.5268536745931545e-06
800,fresh,2.0,0.99,7,7.868344005315664e-07,7.868344005315664e-07,1.5736688010631328e-06
800,fresh,2.0,0.99,8,1.252771095337224e-06,1.252771095337224e-06,2.505542190674448e-06
800,fresh,2.0,0.99,9,6.553774652656719e-07,6.553774652690025e-07,1.3107549305346743e-06
800,fresh,2.0,0.99,10,7.914955159396553e-07,7.914955159396553e-07,1.5829910318793105e-06
800,fresh,2.0,0.99,11,1.3856555503688473e-06,1.3856555503688473e-06,2.7713111007376946e-06
800,up,0.0,0.99,0,2.858824288409778e-17,2.858824288409778e-17,5.717648576819556e-17
800,up,0.0,0.99,1,2.858824288409778e-17,2.858824288409778e-17,5.717648576819556e-17
800,up,0.0,0.99,2,2.858824288409778e-17,2.858824288409778e-17,5.717648576819556e-17
800,up,0.0,0.99,3,2.858824288409778e-17,2.858824288409778e-17,5.717648576819556e-17
800,up,0.0,0.99,4,2.858824288409778e-17,2.858824288409778e-17,5.717648576819556e-17
800,up,0.0,0.99,5,2.858824288409778e-17,2.858824288409778e-17,5.717648576819556e-17
800,up,0.0,0.99,6,2.858824288409778e-17,2.858824288409778e-17,5.717648576819556e-17
800,up,0.0,0.99,7,2.858824288409778e-17,2.858824288409778e-17,5.717648576819556e-17
800,up,0.0,0.99,8,2.858824288409778e-17,2.858824288409778e-17,5.717648576819556e-17
800,up,0.0,0.99,9,2.858824288409778e-17,2.858824288409778e-17,5.717648576819556e-17
800,up,0.0,0.99,10,2.858824288409778e-17,2.858824288409778e-17,5.717648576819556e-17
800,up,0.0,0.99,11,2.858824288409778e-17,2.858824288409778e-17,5.717648576819556e-17
800,up,0.5,0.99,0,4.55428331158636e-11,4.55428331158636e-11,9.10856662317272e-11
800,up,0.5,0.99,1,4.5542832838307845e-11,4.55428331158636e-11,9.108566595417144e-11
800,up,0.5,0.99,2,4.55428331158636e-11,4.55428331158636e-11,9.10856662317272e-11
800,up,0.5,0.99,3,4.55428331158636e-11,4.55428331158636e-11,9.10856662317272e-11
800,up,0.5,0.99,4,4.55428331158636e-11,4.55428331158636e-11,9.10856662317272e-11
800,up,0.5,0.99,5,4.55428331158636e-11,4.55428331158636e-11,9.10856662317272e-11
800,up,0.5,0.99,6,4.55428331158636e-11,4.55428331158636e-11,9.10856662317272e-11
800,up,0.5,0.99,7,4.55428331158636e-11,4.55428331158636e-11,9.10856662317272e-11
800,up,0.5,0.99,8,4.55428331158636e-11,4.55428331158636e-11,9.10856662317272e-11
800,up,0.5,0.99,9,4.55428331158636e-11,4.55428331158636e-11,9.10856662317272e-11
800,up,0.5,0.99,10,4.55428331158636e-11,4.55428331158636e-11,9.10856662317272e-11
800,up,0.5,0.99,11,4.55428331158636e-11,4.55428331158636e-11,9.10856662317272e-11
800,up,2.0,0.99,0,2.1605784150308116e-07,2.1605784150308116e-07,4.321156830061623e-07
800,up,2.0,0.99,1,2.1605784150335872e-07,2.1605784150335872e-07,4.3211568300671744e-07
800,up,2.0,0.99,2,2.1605784150308116e-07,2.1605784150308116e-07,4.321156830061623e-07
800,up,2.0,0.99,3,2.1605784150308116e-07,2.1605784150308116e-07,4.321156830061623e-07
800,up,2.0,0.99,4,2.1605784150308116e-07,2.1605784150308116e-07,4.321156830061623e-07
800,up,2.0,0.99,5,2.1605784150308116e-07,2.1605784150308116e-07,4.321156830061623e-07
800,up,2.0,0.99,6,2.1605784150308116e-07,2.1605784150308116e-07,4.321156830061623e-07
800,up,2.0,0.99,7,2.1605784150308116e-07,2.1605784150308116e-07,4.321156830061623e-07
800,up,2.0,0.99,8,2.1605784150308116e-07,2.1605784150308116e-07,4.321156830061623e-07
800,up,2.0,0.99,9,2.1605784150308116e-07,2.1605784150308116e-07,4.321156830061623e-07
800,up,2.0,0.99,10,2.1605784150308116e-07,2.1605784150308116e-07,4.321156830061623e-07
800,up,2.0,0.99,11,2.1605784150308116e-07,2.1605784150308116e-07,4.321156830061623e-07
800,down,0.0,0.99,0,0.0,0.0,0.0
800,down,0.0,0.99,1,0.0,0.0,0.0
800,down,0.0,0.99,2,0.0,0.0,0.0
800,down,0.0,0.99,3,0.0,0.0,0.0
800,down,0.0,0.99,4,0.0,0.0,0.0
800,down,0.0,0.99,5,0.0,0.0,0.0
800,down,0.0,0.99,6,0.0,0.0,0.0
800,down,0.0,0.99,7,0.0,0.0,0.0
800,down,0.0,0.99,8,0.0,0.0,0.0
800,down,0.0,0.99,9,0.0,0.0,0.0
800,down,0.0,0.99,10,0.0,0.0,0.0
800,down,0.0,0.99,11,0.0,0.0,0.0
800,down,0.5,0.99,0,-4.537596964837576e-11,-4.537596964837576e-11,-9.075193929675152e-11
800,down,0.5,0.99,1,-4.537596964837576e-11,-4.537596964837576e-11,-9.075193929675152e-11
800,down,0.5,0.99,2,-4.537611175692291e-11,-4.537611175692291e-11,-9.075222351384582e-11
800,down,0.5,0.99,3,-4.537596964837576e-11,-4.537596964837576e-11,-9.075193929675152e-11
800,down,0.5,0.99,4,-4.537611175692291e-11,-4.537611175692291e-11,-9.075222351384582e-11
800,down,0.5,0.99,5,-4.537596964837576e-11,-4.537596964837576e-11,-9.075193929675152e-11
800,down,0.5,0.99,6,-4.537596964837576e-11,-4.537596964837576e-11,-9.075193929675152e-11
800,down,0.5,0.99,7,-4.537596964837576e-11,-4.537596964837576e-11,-9.075193929675152e-11
800,down,0.5,0.99,8,-4.537611175692291e-11,-4.537611175692291e-11,-9.075222351384582e-11
800,down,0.5,0.99,9,-4.537596964837576e-11,-4.537596964837576e-11,-9.075193929675152e-11
800,down,0.5,0.99,10,-4.537611175692291e-11,-4.537611175692291e-11,-9.075222351384582e-11
800,down,0.5,0.99,11,-4.537596964837576e-11,-4.537596964837576e-11,-9.075193929675152e-11
800,down,2.0,0.99,0,-2.1618510693599546e-07,-2.161851069715226e-07,-4.3237021390751807e-07
800,down,2.0,0.99,1,-2.1530297921401599e-07,-2.1530297921401599e-07,-4.3060595842803197e-07
800,down,2.0,0.99,2,-2.1525854023707325e-07,-2.1525854023707325e-07,-4.305170804741465e-07
800,down,2.0,0.99,3,-2.1522822727604306e-07,-2.1522822727604306e-07,-4.3045645455208613e-07
800,down,2.0,0.99,4,-2.152801425125972e-07,-2.152801425125972e-07,-4.305602850251944e-07
800,down,2.0,0.99,5,-2.1532941950397345e-07,-2.1532941950397345e-07,-4.306588390079469e-07
800,down,2.0,0.99,6,-2.1527660599929276e-07,-2.1527660599929276e-07,-4.305532119985855e-07
800,down,2.0,0.99,7,-2.1526523077852744e-07,-2.1526523077852744e-07,-4.305304615570549e-07
800,down,2.0,0.99,8,-2.1527713364832834e-07,-2.1527713364832834e-07,-4.305542672966567e-07
800,down,2.0,0.99,9,-2.1529095491246154e-07,-2.1529095491246154e-07,-4.305819098249231e-07
800,down,2.0,0.99,10,-2.1543936725265668e-07,-2.1543936725265668e-07,-4.3087873450531335e-07
800,down,2.0,0.99,11,-2.1529614677717745e-07,-2.1529614677717745e-07,-4.305922935543549e-07
800,fresh,0.0,0.995,0,6.7697070171846e-13,5.730177443652451e-13,1.2499884460837052e-12
800,fresh,0.0,0.995,1,5.733902241900069e-13,5.208183884164441e-13,1.094208612606451e-12
800,fresh,0.0,0.995,2,-6.765588089763241e-14,5.545841563758813e-13,4.869282754782489e-13
800,fresh,0.0,0.995,3,5.104389133592235e-13,5.269390479512026e-13,1.037377961310426e-12
800,fresh,0.0,0.995,4,5.127118174463874e-13,4.893377369974417e-13,1.002049554443829e-12
800,fresh,0.0,0.995,5,5.093153676583029e-13,5.000871938776186e-13,1.0094025615359214e-12
800,fresh,0.0,0.995,6,5.793282520372145e-13,4.509059792212611e-13,1.0302342312584755e-12
800,fresh,0.0,0.995,7,3.589345487498008e-13,3.988437358160013e-13,7.577782845658021e-13
800,fresh,0.0,0.995,8,5.4333676446916e-13,5.087893995003867e-13,1.0521261639695466e-12
800,fresh,0.0,0.995,9,5.851696904812797e-13,5.501199495938636e-13,1.1352896400751432e-12
800,fresh,0.0,0.995,10,6.21128704025864e-13,5.23371901373082e-13,1.1445006053989458e-12
800,fresh,0.0,0.995,11,4.992722901775437e-13,5.962352833677187e-13,1.0955075735452624e-12
800,fresh,0.5,0.995,0,9.707301038552885e-09,9.707325820396128e-09,1.9414626858949012e-08
800,fresh,0.5,0.995,1,1.2022794702859496e-08,1.2022794137755976e-08,2.4045588840615472e-08
800,fresh,0.5,0.995,2,1.0864153912881758e-08,1.0864156358703081e-08,2.172831027158484e-08
800,fresh,0.5,0.995,3,1.1293744060225652e-08,1.1293744226203994e-08,2.2587488286429646e-08
800,fresh,0.5,0.995,4,1.0923325298450859e-08,1.092332502367066e-08,2.184665032212152e-08
800,fresh,0.5,0.995,5,1.0982971253292728e-08,1.098297114782154e-08,2.1965942401114266e-08
800,fresh,0.5,0.995,6,1.1678009137205959e-08,1.1678008144666573e-08,2.335601728187253e-08
800,fresh,0.5,0.995,7,8.2832177722425e-09,8.283221117899586e-09,1.6566438890142085e-08
800,fresh,0.5,0.995,8,1.148521119015422e-08,1.1485210854311755e-08,2.2970422044465976e-08
800,fresh,0.5,0.995,9,1.2497377910314356e-08,1.2497377356868178e-08,2.4994755267182532e-08
800,fresh,0.5,0.995,10,1.3376457088654092e-08,1.3376455767488693e-08,2.6752912856142786e-08
800,fresh,0.5,0.995,11,1.2241175270100157e-08,1.2241176176042146e-08,2.4482351446142302e-08
800,fresh,2.0,0.995,0,4.371321511373039e-06,4.371321511373039e-06,8.742643022746078e-06
800,fresh,2.0,0.995,1,4.943034252171685e-06,4.943034252171685e-06,9.88606850434337e-06
800,fresh,2.0,0.995,2,4.436906943080521e-06,4.436906943080521e-06,8.873813886161042e-06
800,fresh,2.0,0.995,3,4.603828020610934e-06,4.603828020610934e-06,9.207656041221868e-06
800,fresh,2.0,0.995,4,4.450864148191902e-06,4.450864148191902e-06,8.901728296383804e-06
800,fresh,2.0,0.995,5,4.4758577343362306e-06,4.4758577343362306e-06,8.951715468672461e-06
800,fresh,2.0,0.995,6,4.70688597568103e-06,4.70688597568103e-06,9.41377195136206e-06
800,fresh,2.0,0.995,7,3.3643638609939797e-06,3.3643638609962002e-06,6.72872772199018e-06
800,fresh,2.0,0.995,8,4.678525718066484e-06,4.678525718066484e-06,9.357051436132968e-06
800,fresh,2.0,0.995,9,2.9518510417483877e-06,2.951851042764797e-06,5.9037020845131845e-06
800,fresh,2.0,0.995,10,3.3761485843492035e-06,3.3761485844058247e-06,6.752297168755028e-06
800,fresh,2.0,0.995,11,5.02748076070092e-06,5.02748076070092e-06,1.005496152140184e-05
800,up,0.0,0.995,0,9.084982766083272e-14,9.084982766083272e-14,1.8169965532166543e-13
800,up,0.0,0.995,1,9.084982766083272e-14,9.084982766083272e-14,1.8169965532166543e-13
800,up,0.0,0.995,2,9.084982766083272e-14,9.084982766083272e-14,1.8169965532166543e-13
800,up,0.0,0.995,3,9.084982766083272e-14,9.084982766083272e-14,1.8169965532166543e-13
800,up,0.0,0.995,4,9.084982766083272e-14,9.084982766083272e-14,1.8169965532166543e-13
800,up,0.0,0.995,5,9.084982766083272e-14,9.084982766083272e-14,1.8169965532166543e-13
800,up,0.0,0.995,6,9.084982766083272e-14,9.084982766083272e-14,1.8169965532166543e-13
800,up,0.0,0.995,7,9.084982766083272e-14,9.084982766083272e-14,1.8169965532166543e-13
800,up,0.0,0.995,8,9.084982766083272e-14,9.084982766083272e-14,1.8169965532166543e-13
800,up,0.0,0.995,9,9.084982766083272e-14,9.084982766083272e-14,1.8169965532166543e-13
800,up,0.0,0.995,10,9.084982766083272e-14,9.084982766083272e-14,1.8169965532166543e-13
800,up,0.0,0.995,11,9.084982766083272e-14,9.084982766083272e-14,1.8169965532166543e-13
800,up,0.5,0.995,0,1.9763966821462198e-09,1.9763966821462198e-09,3.9527933642924396e-09
800,up,0.5,0.995,1,1.97639668408911e-09,1.9763966835339985e-09,3.952793367623108e-09
800,up,0.5,0.995,2,1.9763966821462198e-09,1.9763966821462198e-09,3.9527933642924396e-09
800,up,0.5,0.995,3,1.9763966821462198e-09,1.9763966821462198e-09,3.9527933642924396e-09
800,up,0.5,0.995,4,1.9763966821462198e-09,1.9763966821462198e-09,3.9527933642924396e-09
800,up,0.5,0.995,5,1.9763966821462198e-09,1.9763966821462198e-09,3.9527933642924396e-09
800,up,0.5,0.995,6,1.9763966821462198e-09,1.9763966821462198e-09,3.9527933642924396e-09
800,up,0.5,0.995,7,1.9763966821462198e-09,1.9763966821462198e-09,3.9527933642924396e-09
800,up,0.5,0.995,8,1.9763966821462198e-09,1.9763966821462198e-09,3.9527933642924396e-09
800,up,0.5,0.995,9,1.9763966821462198e-09,1.9763966821462198e-09,3.9527933642924396e-09
800,up,0.5,0.995,10,1.9763966821462198e-09,1.9763966821462198e-09,3.9527933642924396e-09
800,up,0.5,0.995,11,1.9763966821462198e-09,1.9763966821462198e-09,3.9527933642924396e-09
800,up,2.0,0.995,0,7.93880904012001e-07,7.93880904012001e-07,1.587761808024002e-06
800,up,2.0,0.995,1,7.938809040131111e-07,7.93880904012001e-07,1.5877618080251122e-06
800,up,2.0,0.995,2,7.93880904012001e-07,7.93880904012001e-07,1.587761808024002e-06
800,up,2.0,0.995,3,7.93880904012001e-07,7.93880904012001e-07,1.587761808024002e-06
800,up,2.0,0.995,4,7.93880904012001e-07,7.93880904012001e-07,1.587761808024002e-06
800,up,2.0,0.995,5,7.93880904012001e-07,7.93880904012001e-07,1.587761808024002e-06
800,up,2.0,0.995,6,7.93880904012001e-07,7.93880904012001e-07,1.587761808024002e-06
800,up,2.0,0.995,7,7.93880904012001e-07,7.93880904012001e-07,1.587761808024002e-06
800,up,2.0,0.995,8,7.93880904012001e-07,7.93880904012001e-07,1.587761808024002e-06
800,up,2.0,0.995,9,7.93880904012001e-07,7.93880904012001e-07,1.587761808024002e-06
800,up,2.0,0.995,10,7.93880904012001e-07,7.93880904012001e-07,1.587761808024002e-06
800,up,2.0,0.995,11,7.93880904012001e-07,7.93880904012001e-07,1.587761808024002e-06
800,down,0.0,0.995,0,-4.715161594504025e-13,-4.732214620162267e-13,-9.44737621466629e-13
800,down,0.0,0.995,1,-4.735056791105308e-13,-4.763478500535712e-13,-9.49853529164102e-13
800,down,0.0,0.995,2,-4.695266397902742e-13,-4.735056791105308e-13,-9.43032318900805e-13
800,down,0.0,0.995,3,-4.766320671478752e-13,-4.743583303934429e-13,-9.509903975413181e-13
800,down,0.0,0.995,4,-4.760636329592671e-13,-4.845901457883883e-13,-9.606537787476554e-13
800,down,0.0,0.995,5,-4.777689355250913e-13,-4.800426722795237e-13,-9.578116078046151e-13
800,down,0.0,0.995,6,-4.726530278276186e-13,-4.573053047352005e-13,-9.29958332562819e-13
800,down,0.0,0.995,7,-4.6782133722445e-13,-4.666844688472339e-13,-9.345058060716838e-13
800,down,0.0,0.995,8,-4.737898962048349e-13,-4.772005013364833e-13,-9.509903975413181e-13
800,down,0.0,0.995,9,-4.729372449219227e-13,-4.740741132991388e-13,-9.470113582210615e-13
800,down,0.0,0.995,10,-4.718003765447066e-13,-4.75210981676355e-13,-9.470113582210615e-13
800,down,0.0,0.995,11,-4.797584551852196e-13,-4.718003765447066e-13,-9.515588317299263e-13
800,down,0.5,0.995,0,-9.448161080172212e-09,-9.448161080172212e-09,-1.8896322160344425e-08
800,down,0.5,0.995,1,-1.1209675250256624e-08,-1.1209650807586514e-08,-2.2419326057843137e-08
800,down,0.5,0.995,2,-9.752630489856528e-09,-9.752630489856528e-09,-1.9505260979713057e-08
800,down,0.5,0.995,3,-9.96607667502758e-09,-9.96607667502758e-09,-1.993215335005516e-08
800,down,0.5,0.995,4,-9.483541276722463e-09,-9.483541276722463e-09,-1.8967082553444925e-08
800,down,0.5,0.995,5,-9.037820944968189e-09,-9.037820944968189e-09,-1.8075641889936378e-08
800,down,0.5,0.995,6,-9.221458299180085e-09,-9.221458299180085e-09,-1.844291659836017e-08
800,down,0.5,0.995,7,-9.400926046509994e-09,-9.400926046509994e-09,-1.8801852093019988e-08
800,down,0.5,0.995,8,-9.936914153740873e-09,-9.936914153740873e-09,-1.9873828307481746e-08
800,down,0.5,0.995,9,-1.0373273795494242e-08,-1.0373273511277148e-08,-2.074654730677139e-08
800,down,0.5,0.995,10,-1.0443329898635057e-08,-1.0443329614417962e-08,-2.088665951305302e-08
800,down,0.5,0.995,11,-9.614087304044006e-09,-9.614087304044006e-09,-1.922817460808801e-08
800,down,2.0,0.995,0,-1.2298861868202949e-05,-1.229886197005925e-05,-2.45977238382622e-05
800,down,2.0,0.995,1,-3.0142698916790776e-06,-3.0142698916790776e-06,-6.028539783358155e-06
800,down,2.0,0.995,2,-2.5274508561068388e-06,-2.5274508561068388e-06,-5.0549017122136776e-06
800,down,2.0,0.995,3,-2.1942804776386994e-06,-2.1942804776386994e-06,-4.388560955277399e-06
800,down,2.0,0.995,4,-2.7643346169270443e-06,-2.7643346169270443e-06,-5.5286692338540885e-06
800,down,2.0,0.995,5,-3.303019981757416e-06,-3.303019981757416e-06,-6.606039963514832e-06
800,down,2.0,0.995,6,-2.7255863302855233e-06,-2.7255863302855233e-06,-5.451172660571047e-06
800,down,2.0,0.995,7,-2.6008628176299452e-06,-2.6008628176299452e-06,-5.2017256352598905e-06
800,down,2.0,0.995,8,-2.731367991231082e-06,-2.731367991231082e-06,-5.462735982462164e-06
800,down,2.0,0.995,9,-2.8827350877946857e-06,-2.8827350877946857e-06,-5.7654701755893715e-06
800,down,2.0,0.995,10,-4.496576219423787e-06,-4.496576219423787e-06,-8.993152438847574e-06
800,down,2.0,0.995,11,-2.9395453599079248e-06,-2.9395453599079248e-06,-5.8790907198158495e-06
800,fresh,0.0,1.0,0,1.015036858648899e-05,1.004949941058375e-05,2.019986799707274e-05
800,fresh,0.0,1.0,1,1.004987081969777e-05,9.992066308815994e-06,2.0041937128513766e-05
800,fresh,0.0,1.0,2,8.632233502044451e-06,1.0029773773253536e-05,1.8662007275297987e-05
800,fresh,0.0,1.0,3,9.98003460389002e-06,9.999062704411366e-06,1.9979097308301383e-05
800,fresh,0.0,1.0,4,9.98268860525786e-06,9.954897949229768e-06,1.9937586554487627e-05
800,fresh,0.0,1.0,5,9.978720623612935e-06,9.967819724419624e-06,1.994654034803256e-05
800,fresh,0.0,1.0,6,1.005608924099538e-05,9.906635950101272e-06,1.996272519109665e-05
800,fresh,0.0,1.0,7,9.776205540698024e-06,9.835615463117953e-06,1.9611821003815977e-05
800,fresh,0.0,1.0,8,1.001745025874884e-05,9.978101985165521e-06,1.9995552243914363e-05
800,fresh,0.0,1.0,9,1.0062169389879472e-05,1.002493212575617e-05,2.0087101515635642e-05
800,fresh,0.0,1.0,10,1.009823854865699e-05,9.99501974204231e-06,2.00932582906993e-05
800,fresh,0.0,1.0,11,9.966873109837348e-06,1.0073492757610714e-05,2.0040365867448064e-05
800,fresh,0.5,1.0,0,1.9597738959700738e-05,1.9599288191494703e-05,3.919702715119544e-05
800,fresh,0.5,1.0,1,2.0110474765673568e-05,2.0110449989953207e-05,4.0220924755626775e-05
800,fresh,0.5,1.0,2,1.9867617803265846e-05,1.9867744017358358e-05,3.97353618206242e-05
800,fresh,0.5,1.0,3,1.9960240025252985e-05,1.9960248060949537e-05,3.992048808620252e-05
800,fresh,0.5,1.0,4,1.9880888981404775e-05,1.988087495578078e-05,3.976176393718555e-05
800,fresh,0.5,1.0,5,1.989380770611865e-05,1.9893802369801704e-05,3.9787610075920355e-05
800,fresh,0.5,1.0,6,2.0040220646033723e-05,2.004017498347055e-05,4.008039562950427e-05
800,fresh,0.5,1.0,7,1.9248937027670777e-05,1.924919043054446e-05,3.8498127458215236e-05
800,fresh,0.5,1.0,8,2.0000456858358105e-05,2.0000441019295822e-05,4.0000897877653924e-05
800,fresh,0.5,1.0,9,2.0204303248148037e-05,2.020428044576583e-05,4.0408583693913864e-05
800,fresh,0.5,1.0,10,2.0368436188252793e-05,2.036838739171487e-05,4.073682357996766e-05
800,fresh,0.5,1.0,11,2.0153735773217328e-05,2.015377442054156e-05,4.030751019375889e-05
800,fresh,2.0,1.0,0,4.899459497000491e-05,4.8994594970014905e-05,9.798918994001981e-05
800,fresh,2.0,1.0,1,5.079326947382862e-05,5.0793269473828065e-05,0.00010158653894765668
800,fresh,2.0,1.0,2,4.920746946054544e-05,4.920746946054766e-05,9.841493892109309e-05
800,fresh,2.0,1.0,3,4.974105906565884e-05,4.974105906565884e-05,9.948211813131768e-05
800,fresh,2.0,1.0,4,4.925265155453107e-05,4.925265155453107e-05,9.850530310906213e-05
800,fresh,2.0,1.0,5,4.933302334378747e-05,4.933302334378747e-05,9.866604668757494e-05
800,fresh,2.0,1.0,6,5.00650542485645e-05,5.006505424856394e-05,0.00010013010849712844
800,fresh,2.0,1.0,7,4.553079406506566e-05,4.553079406690807e-05,9.106158813197373e-05
800,fresh,2.0,1.0,8,4.9976548154367916e-05,4.9976548154367916e-05,9.995309630873583e-05
800,fresh,2.0,1.0,9,4.3926617252968145e-05,4.3926618403039855e-05,8.7853235656008e-05
800,fresh,2.0,1.0,10,4.556608913884291e-05,4.5566089184888306e-05,9.113217832373122e-05
800,fresh,2.0,1.0,11,5.10467581395968e-05,5.10467581395968e-05,0.0001020935162791936
800,up,0.0,1.0,0,8.913810634338382e-06,8.913810634338382e-06,1.7827621268676763e-05
800,up,0.0,1.0,1,8.913810634338382e-06,8.913810634338382e-06,1.7827621268676763e-05
800,up,0.0,1.0,2,8.913810634338382e-06,8.913810634338382e-06,1.7827621268676763e-05
800,up,0.0,1.0,3,8.913810634338382e-06,8.913810634338382e-06,1.7827621268676763e-05
800,up,0.0,1.0,4,8.913810634338382e-06,8.913810634338382e-06,1.7827621268676763e-05
800,up,0.0,1.0,5,8.913810634338382e-06,8.913810634338382e-06,1.7827621268676763e-05
800,up,0.0,1.0,6,8.913810634338382e-06,8.913810634338382e-06,1.7827621268676763e-05
800,up,0.0,1.0,7,8.913810634338382e-06,8.913810634338382e-06,1.7827621268676763e-05
800,up,0.0,1.0,8,8.913810634338382e-06,8.913810634338382e-06,1.7827621268676763e-05
800,up,0.0,1.0,9,8.913810634338382e-06,8.913810634338382e-06,1.7827621268676763e-05
800,up,0.0,1.0,10,8.913810634338382e-06,8.913810634338382e-06,1.7827621268676763e-05
800,up,0.0,1.0,11,8.913810634338382e-06,8.913810634338382e-06,1.7827621268676763e-05
800,up,0.5,1.0,0,1.6029277025391696e-05,1.6029277025391696e-05,3.205855405078339e-05
800,up,0.5,1.0,1,1.6029277025391144e-05,1.6029277025391418e-05,3.205855405078256e-05
800,up,0.5,1.0,2,1.6029277025391696e-05,1.6029277025391696e-05,3.205855405078339e-05
800,up,0.5,1.0,3,1.6029277025391696e-05,1.6029277025391696e-05,3.205855405078339e-05
800,up,0.5,1.0,4,1.6029277025391696e-05,1.6029277025391696e-05,3.205855405078339e-05
800,up,0.5,1.0,5,1.6029277025391696e-05,1.6029277025391696e-05,3.205855405078339e-05
800,up,0.5,1.0,6,1.6029277025391696e-05,1.6029277025391696e-05,3.205855405078339e-05
800,up,0.5,1.0,7,1.6029277025391696e-05,1.6029277025391696e-05,3.205855405078339e-05
800,up,0.5,1.0,8,1.6029277025391696e-05,1.6029277025391696e-05,3.205855405078339e-05
800,up,0.5,1.0,9,1.6029277025391696e-05,1.6029277025391696e-05,3.205855405078339e-05
800,up,0.5,1.0,10,1.6029277025391696e-05,1.6029277025391696e-05,3.205855405078339e-05
800,up,0.5,1.0,11,1.6029277025391696e-05,1.6029277025391696e-05,3.205855405078339e-05
800,up,2.0,1.0,0,3.0316832370394787e-05,3.0316832370394787e-05,6.0633664740789574e-05
800,up,2.0,1.0,1,3.0316832370393954e-05,3.031683237039423e-05,6.0633664740788185e-05
800,up,2.0,1.0,2,3.0316832370394787e-05,3.0316832370394787e-05,6.0633664740789574e-05
800,up,2.0,1.0,3,3.0316832370394787e-05,3.0316832370394787e-05,6.0633664740789574e-05
800,up,2.0,1.0,4,3.0316832370394787e-05,3.0316832370394787e-05,6.0633664740789574e-05
800,up,2.0,1.0,5,3.0316832370394787e-05,3.0316832370394787e-05,6.0633664740789574e-05
800,up,2.0,1.0,6,3.0316832370394787e-05,3.0316832370394787e-05,6.0633664740789574e-05
800,up,2.0,1.0,7,3.0316832370394787e-05,3.0316832370394787e-05,6.0633664740789574e-05
800,up,2.0,1.0,8,3.0316832370394787e-05,3.0316832370394787e-05,6.0633664740789574e-05
800,up,2.0,1.0,9,3.0316832370394787e-05,3.0316832370394787e-05,6.0633664740789574e-05
800,up,2.0,1.0,10,3.0316832370394787e-05,3.0316832370394787e-05,6.0633664740789574e-05
800,up,2.0,1.0,11,3.0316832370394787e-05,3.0316832370394787e-05,6.0633664740789574e-05
800,down,0.0,1.0,0,9.287398856656637e-06,8.683164149658752e-06,1.797056300631539e-05
800,down,0.0,1.0,1,8.687180240087856e-06,7.527214823710438e-06,1.6214395063798293e-05
800,down,0.0,1.0,2,1.0162311603494345e-05,8.428953468069266e-06,1.8591265071563612e-05
800,down,0.0,1.0,3,6.980228884287954e-06,7.763800383884244e-06,1.4744029268172199e-05
800,down,0.0,1.0,4,7.120410060110771e-06,4.443067039687776e-06,1.1563477099798546e-05
800,down,0.0,1.0,5,6.905729551078821e-06,6.113052005787267e-06,1.3018781556866088e-05
800,down,0.0,1.0,6,8.751039997321186e-06,1.8998287258966685e-05,2.7749327256287873e-05
800,down,0.0,1.0,7,1.1158838318294784e-05,1.1905251897417201e-05,2.3064090215711984e-05
800,down,0.0,1.0,8,8.215091275474151e-06,6.869385830441388e-06,1.5084477105915539e-05
800,down,0.0,1.0,9,8.80788032759483e-06,8.351219948963262e-06,1.715910027655809e-05
800,down,0.0,1.0,10,9.063012341243847e-06,7.632839340203645e-06,1.6695851681447493e-05
800,down,0.0,1.0,11,6.024978975176509e-06,8.901327309729367e-06,1.4926306284905877e-05
800,down,0.5,1.0,0,1.8658634606794065e-05,1.866005536712123e-05,3.7318689973915293e-05
800,down,0.5,1.0,1,4.3572354115894994e-08,6.213976328695026e-07,6.649699869853976e-07
800,down,0.5,1.0,2,1.2566272371685727e-05,1.2567918650034927e-05,2.513419102172065e-05
800,down,0.5,1.0,3,9.358857621748484e-06,9.345072360531503e-06,1.8703929982279987e-05
800,down,0.5,1.0,4,1.783773913331288e-05,1.78380551187729e-05,3.567579425208578e-05
800,down,0.5,1.0,5,3.1453500303939565e-05,3.145317333093089e-05,6.290667363487046e-05
800,down,0.5,1.0,6,2.486208075566765e-05,2.486247525894214e-05,4.972455601460979e-05
800,down,0.5,1.0,7,1.9812222901549604e-05,1.9810884864028822e-05,3.9623107765578426e-05
800,down,0.5,1.0,8,9.752627076693444e-06,9.747704498579423e-06,1.9500331575272867e-05
800,down,0.5,1.0,9,4.861094140977684e-06,4.8886667327963096e-06,9.749760873773994e-06
800,down,0.5,1.0,10,4.256786906609023e-06,4.29920786515936e-06,8.555994771768382e-06
800,down,0.5,1.0,11,1.5080374209617276e-05,1.508498094949573e-05,3.0165355159113006e-05
800,down,2.0,1.0,0,-5.9578175510779376e-05,0.007794403458309773,0.007734825282798993
800,down,2.0,1.0,1,3.1050780109538324e-05,3.105078010939621e-05,6.210156021893454e-05
800,down,2.0,1.0,2,7.04101962218573e-05,7.041019622285205e-05,0.00014082039244470935
800,down,2.0,1.0,3,0.00013196927650000134,0.00013196927651549118,0.0002639385530154925
800,down,2.0,1.0,4,4.716760919613705e-05,4.7167609195994944e-05,9.433521839213199e-05
800,down,2.0,1.0,5,1.8604412131821847e-05,1.8604412132248173e-05,3.720882426407002e-05
800,down,2.0,1.0,6,5.031424393983741e-05,5.031424393898476e-05,0.00010062848787882218
800,down,2.0,1.0,7,6.206602572135011e-05,6.206602572234488e-05,0.000124132051443695
800,down,2.0,1.0,8,4.98311694407505e-05,4.983116944060839e-05,9.966233888135888e-05
800,down,2.0,1.0,9,3.8732093067750387e-05,3.8732093067750387e-05,7.746418613550077e-05
800,down,2.0,1.0,10,3.617762374119593e-09,3.6177618056854045e-09,7.235524179804997e-09
800,down,2.0,1.0,11,3.5222448610952025e-05,3.522244861080992e-05,7.044489722176194e-05
800,fresh,0.0,1.005,0,0.09486259302716786,0.09494716829314762,0.18980976132031546
800,fresh,0.0,1.005,1,0.09494668086615078,0.09504666576380032,0.1899933466299511
800,fresh,0.0,1.005,2,0.10196521511840363,0.09497559141433819,0.19694080653274182
800,fresh,0.0,1.005,3,0.0950752091447685,0.0950315179896609,0.1901067271344294
800,fresh,0.0,1.005,4,0.0950686245800714,0.09514698375897482,0.19021560833904622
800,fresh,0.0,1.005,5,0.09507853272023375,0.09510782966147796,0.19018636238171172
800,fresh,0.0,1.005,6,0.09493876234253505,0.09535269580651873,0.1902914581490538
800,fresh,0.0,1.005,7,0.09755353111596808,0.09602062861608034,0.19357415973204842
800,fresh,0.0,1.005,8,0.09499614311364837,0.09508011235053537,0.19007625546418375
800,fresh,0.0,1.005,9,0.09493144659279039,0.09498338914713246,0.18991483573992285
800,fresh,0.0,1.005,10,0.09489568674005183,0.09504014849070477,0.1899358352307566
800,fresh,0.0,1.005,11,0.0951105269472893,0.09491887589966824,0.19002940284695755
800,fresh,0.5,1.005,0,0.023444560181766348,0.03129709720413882,0.05474165738590517
800,fresh,0.5,1.005,1,0.04770055356315964,0.04770977036337584,0.09541032392653548
800,fresh,0.5,1.005,2,0.023426694618292963,0.031279599303253594,0.05470629392154656
800,fresh,0.5,1.005,3,0.04824904696288363,0.04821715172922017,0.0964661986921038
800,fresh,0.5,1.005,4,0.04820916534673886,0.04826674414853941,0.09647590949527826
800,fresh,0.5,1.005,5,0.048418724278996086,0.04845774587039282,0.09687647014938891
800,fresh,0.5,1.005,6,0.0473465293052775,0.04734722854937348,0.09469375785465098
800,fresh,0.5,1.005,7,0.023404728650903917,0.03125803660621668,0.05466276525712059
800,fresh,0.5,1.005,8,0.047982441650922275,0.04800867529456578,0.09599111694548806
800,fresh,0.5,1.005,9,0.04768870007739763,0.04769629622889966,0.09538499630629729
800,fresh,0.5,1.005,10,0.04731300960661994,0.047313398104429395,0.09462640771104933
800,fresh,0.5,1.005,11,0.047448466729555,0.04744661871095643,0.09489508544051142
800,fresh,2.0,1.005,0,0.01555172431969875,0.007697742685980642,0.02324946700567939
800,fresh,2.0,1.005,1,0.023292012092955318,0.023292012093250117,0.046584024186205435
800,fresh,2.0,1.005,2,0.015559175469137383,0.007705193837982039,0.02326436930711942
800,fresh,2.0,1.005,3,0.023318420871283024,0.023318420871255643,0.04663684174253867
800,fresh,2.0,1.005,4,0.023311094057559646,0.0233110940576626,0.04662218811522224
800,fresh,2.0,1.005,5,0.023321565015343534,0.023321565015367186,0.04664313003071072
800,fresh,2.0,1.005,6,0.02325351985168427,0.02325351985303926,0.04650703970472353
800,fresh,2.0,1.005,7,0.015569359539322312,0.007715377928128339,0.02328473746745065
800,fresh,2.0,1.005,8,0.023313964952383134,0.023313964952443623,0.046627929904826754
800,fresh,2.0,1.005,9,0.015613933292410686,0.00775998119711642,0.023373914489527105
800,fresh,2.0,1.005,10,0.015588907706966804,0.0077349266437757936,0.023323834350742596
800,fresh,2.0,1.005,11,0.023262212294465522,0.023262212293378947,0.04652442458784447
800,up,0.0,1.005,0,0.10199497181477528,0.10199497181477528,0.20398994362955056
800,up,0.0,1.005,1,0.10199497181477528,0.10199497181477528,0.20398994362955056
800,up,0.0,1.005,2,0.10199497181477528,0.10199497181477528,0.20398994362955056
800,up,0.0,1.005,3,0.10199497181477528,0.10199497181477528,0.20398994362955056
800,up,0.0,1.005,4,0.10199497181477528,0.10199497181477528,0.20398994362955056
800,up,0.0,1.005,5,0.10199497181477528,0.10199497181477528,0.20398994362955056
800,up,0.0,1.005,6,0.10199497181477528,0.10199497181477528,0.20398994362955056
800,up,0.0,1.005,7,0.10199497181477528,0.10199497181477528,0.20398994362955056
800,up,0.0,1.005,8,0.10199497181477528,0.10199497181477528,0.20398994362955056
800,up,0.0,1.005,9,0.10199497181477528,0.10199497181477528,0.20398994362955056
800,up,0.0,1.005,10,0.10199497181477528,0.10199497181477528,0.20398994362955056
800,up,0.0,1.005,11,0.10199497181477528,0.10199497181477528,0.20398994362955056
800,up,0.5,1.005,0,0.04769439564824882,0.04769439564824882,0.09538879129649765
800,up,0.5,1.005,1,0.04769439564824877,0.04769439564824879,0.09538879129649755
800,up,0.5,1.005,2,0.04769439564824882,0.04769439564824882,0.09538879129649765
800,up,0.5,1.005,3,0.04769439564824882,0.04769439564824882,0.09538879129649765
800,up,0.5,1.005,4,0.04769439564824882,0.04769439564824882,0.09538879129649765
800,up,0.5,1.005,5,0.04769439564824882,0.04769439564824882,0.09538879129649765
800,up,0.5,1.005,6,0.04769439564824882,0.04769439564824882,0.09538879129649765
800,up,0.5,1.005,7,0.04769439564824882,0.04769439564824882,0.09538879129649765
800,up,0.5,1.005,8,0.04769439564824882,0.04769439564824882,0.09538879129649765
800,up,0.5,1.005,9,0.04769439564824882,0.04769439564824882,0.09538879129649765
800,up,0.5,1.005,10,0.04769439564824882,0.04769439564824882,0.09538879129649765
800,up,0.5,1.005,11,0.04769439564824882,0.04769439564824882,0.09538879129649765
800,up,2.0,1.005,0,0.016275528409759453,0.016275528409759453,0.032551056819518906
800,up,2.0,1.005,1,0.016275528409759446,0.016275528409759446,0.03255105681951889
800,up,2.0,1.005,2,0.016275528409759453,0.016275528409759453,0.032551056819518906
800,up,2.0,1.005,3,0.016275528409759453,0.016275528409759453,0.032551056819518906
800,up,2.0,1.005,4,0.016275528409759453,0.016275528409759453,0.032551056819518906
800,up,2.0,1.005,5,0.016275528409759453,0.016275528409759453,0.032551056819518906
800,up,2.0,1.005,6,0.016275528409759453,0.016275528409759453,0.032551056819518906
800,up,2.0,1.005,7,0.016275528409759453,0.016275528409759453,0.032551056819518906
800,up,2.0,1.005,8,0.016275528409759453,0.016275528409759453,0.032551056819518906
800,up,2.0,1.005,9,0.016275528409759453,0.016275528409759453,0.032551056819518906
800,up,2.0,1.005,10,0.016275528409759453,0.016275528409759453,0.032551056819518906
800,up,2.0,1.005,11,0.016275528409759453,0.016275528409759453,0.032551056819518906
800,down,0.0,1.005,0,0.0994207213344734,0.0948783578431042,0.1942990791775776
800,down,0.0,1.005,1,0.09487972698032308,0.0951214989827423,0.1900012259630654
800,down,0.0,1.005,2,0.1019671195670756,0.0948432811198657,0.1968104006869413
800,down,0.0,1.005,3,0.09562372352636515,0.09499857506902487,0.19062229859539004
800,down,0.0,1.005,4,0.09545555810043198,0.10084445351718102,0.196300011617613
800,down,0.0,1.005,5,0.0957284533248361,0.09784170774622339,0.19357016107105948
800,down,0.0,1.005,6,0.09490673544103771,0.10187262326277363,0.19677935870381136
800,down,0.0,1.005,7,0.10199540123998531,0.10198093247232463,0.20397633371230994
800,down,0.0,1.005,8,0.09486311212079186,0.0957839863413821,0.19064709846217398
800,down,0.0,1.005,9,0.09494113345853578,0.09484658428216904,0.1897877177407048
800,down,0.0,1.005,10,0.09541706222251861,0.0950615151493085,0.1904785773718271
800,down,0.0,1.005,11,0.09816649317025451,0.09503047028899686,0.19319696345925136
800,down,0.5,1.005,0,0.03112372928824186,0.02327525783986772,0.05439898712810958
800,down,0.5,1.005,1,0.03125520039524019,0.02341151309002555,0.05466671348526574
800,down,0.5,1.005,2,0.03126066932925227,0.0234073994113848,0.054668068740637066
800,down,0.5,1.005,3,0.02339664263190869,0.03124929000324542,0.05464593263515411
800,down,0.5,1.005,4,0.031102149522173335,0.023257291985911054,0.05435944150808439
800,down,0.5,1.005,5,0.03129898123342542,0.03128314486738219,0.06258212610080761
800,down,0.5,1.005,6,0.024003241477307428,0.0240414262500218,0.048044667727329224
800,down,0.5,1.005,7,0.022740304040544147,0.030256250439349656,0.052996554479893807
800,down,0.5,1.005,8,0.02339697953589791,0.031250162824630646,0.05464714236052856
800,down,0.5,1.005,9,0.031223012705279274,0.023370407907762143,0.05459342061304141
800,down,0.5,1.005,10,0.031219395304001835,0.023367206958171353,0.054586602262173184
800,down,0.5,1.005,11,0.03129445309495637,0.023441830246659804,0.054736283341616176
800,down,2.0,1.005,0,0.015415279999619997,0.007561304532984394,0.022976584532604392
800,down,2.0,1.005,1,0.015535402228321117,0.007681420616556949,0.02321682284487807
800,down,2.0,1.005,2,0.008240802692844084,0.00824080269322618,0.016481605386070262
800,down,2.0,1.005,3,0.00844854211904071,0.00844853962330923,0.01689708174234994
800,down,2.0,1.005,4,0.009576149671696114,0.009377411783670695,0.018953561455366807
800,down,2.0,1.005,5,0.007700492822611906,0.015554474456245727,0.023254967278857633
800,down,2.0,1.005,6,0.008687879895835521,0.00868776653473958,0.0173756464305751
800,down,2.0,1.005,7,0.008269066095605666,0.008269066104668604,0.01653813220027427
800,down,2.0,1.005,8,0.00868755250881513,0.008687343851019378,0.01737489635983451
800,down,2.0,1.005,9,0.015402476288733383,0.0075484965340577755,0.022950972822791158
800,down,2.0,1.005,10,0.015493728467645412,0.007639746934365377,0.02313347540201079
800,down,2.0,1.005,11,0.015491497574078465,0.007637516137315998,0.023129013711394465
800,fresh,0.0,1.01,0,0.1414002193949685,0.14140025489772473,0.2828004742926932
800,fresh,0.0,1.01,1,0.14140025334878994,0.14140062977252918,0.2828008831213191
800,fresh,0.0,1.01,2,0.1415793078245347,0.14140035305166465,0.28297966087619936
800,fresh,0.0,1.01,3,0.1414007434651672,0.14140056938807702,0.2828013128532442
800,fresh,0.0,1.01,4,0.14140071730775872,0.14140102199304924,0.282801739300808
800,fresh,0.0,1.01,5,0.1414007566428625,0.14140087181043945,0.2828016284533019
800,fresh,0.0,1.01,6,0.14140022903855426,0.14140171832542056,0.2828019473639748
800,fresh,0.0,1.01,7,0.14140476672631677,0.14140315548729532,0.28280792221361206
800,fresh,0.0,1.01,8,0.1414004304354607,0.1414007628993215,0.28280119333478215
800,fresh,0.0,1.01,9,0.14140020821421206,0.14140038196464694,0.282800590178859
800,fresh,0.0,1.01,10,0.14140014328221934,0.14140060377179342,0.28280074705401276
800,fresh,0.0,1.01,11,0.14140088230654177,0.14140017711251332,0.2828010594190551
800,fresh,0.5,1.01,0,0.03903558452803834,0.038978640674006346,0.07801422520204468
800,fresh,0.5,1.01,1,0.07066577251480304,0.07066584356174294,0.14133161607654599
800,fresh,0.5,1.01,2,0.038422940061087686,0.03779545572551877,0.07621839578660645
800,fresh,0.5,1.01,3,0.07070691139164816,0.07070692633846873,0.1414138377301169
800,fresh,0.5,1.01,4,0.0706978584873723,0.07069784366045785,0.14139570214783015
800,fresh,0.5,1.01,5,0.07070823365349944,0.07070822394264331,0.14141645759614274
800,fresh,0.5,1.01,6,0.06925724046770075,0.06967274090632643,0.13892998137402718
800,fresh,0.5,1.01,7,0.039969435372625865,0.032836840064899946,0.07280627543752581
800,fresh,0.5,1.01,8,0.07069541780552262,0.07069540239293838,0.141390820198461
800,fresh,0.5,1.01,9,0.0706762206108989,0.07067625231456577,0.14135247292546466
800,fresh,0.5,1.01,10,0.06537491258137615,0.06960397021531546,0.13497888279669162
800,fresh,0.5,1.01,11,0.0704807756994993,0.07047713949715079,0.14095791519665007
800,fresh,2.0,1.01,0,0.015194027075074217,0.015194254500539312,0.03038828157561353
800,fresh,2.0,1.01,1,0.030916506960634277,0.030916506551875875,0.06183301351251015
800,fresh,2.0,1.01,2,0.015238801677408874,0.015238834128242536,0.03047763580565141
800,fresh,2.0,1.01,3,0.030852982621835424,0.030852983106884366,0.061705965728719794
800,fresh,2.0,1.01,4,0.030797746216832886,0.030797742971971485,0.06159548918880437
800,fresh,2.0,1.01,5,0.030815130543850194,0.030815129589612224,0.061630260133462414
800,fresh,2.0,1.01,6,0.030838195033938188,0.030838193512585294,0.06167638854652348
800,fresh,2.0,1.01,7,0.009598458388090456,0.017418884791724973,0.02701734317981543
800,fresh,2.0,1.01,8,0.03087035891579335,0.030870358297196997,0.06174071721299035
800,fresh,2.0,1.01,9,0.015898472401896287,0.015898471983247828,0.03179694438514412
800,fresh,2.0,1.01,10,0.009764469930785367,0.016933189920919446,0.026697659851704813
800,fresh,2.0,1.01,11,0.030914766979432705,0.030914767378101154,0.061829534357533855
800,up,0.0,1.01,0,0.1414074867824994,0.1414074867824994,0.2828149735649988
800,up,0.0,1.01,1,0.1414074867824994,0.1414074867824994,0.2828149735649988
800,up,0.0,1.01,2,0.1414074867824994,0.1414074867824994,0.2828149735649988
800,up,0.0,1.01,3,0.1414074867824994,0.1414074867824994,0.2828149735649988
800,up,0.0,1.01,4,0.1414074867824994,0.1414074867824994,0.2828149735649988
800,up,0.0,1.01,5,0.1414074867824994,0.1414074867824994,0.2828149735649988
800,up,0.0,1.01,6,0.1414074867824994,0.1414074867824994,0.2828149735649988
800,up,0.0,1.01,7,0.1414074867824994,0.1414074867824994,0.2828149735649988
800,up,0.0,1.01,8,0.1414074867824994,0.1414074867824994,0.2828149735649988
800,up,0.0,1.01,9,0.1414074867824994,0.1414074867824994,0.2828149735649988
800,up,0.0,1.01,10,0.1414074867824994,0.1414074867824994,0.2828149735649988
800,up,0.0,1.01,11,0.1414074867824994,0.1414074867824994,0.2828149735649988
800,up,0.5,1.01,0,0.07079859287560898,0.07079859287560898,0.14159718575121796
800,up,0.5,1.01,1,0.07079859287560869,0.07079859287560869,0.14159718575121738
800,up,0.5,1.01,2,0.07079859287560898,0.07079859287560898,0.14159718575121796
800,up,0.5,1.01,3,0.07079859287560898,0.07079859287560898,0.14159718575121796
800,up,0.5,1.01,4,0.07079859287560898,0.07079859287560898,0.14159718575121796
800,up,0.5,1.01,5,0.07079859287560898,0.07079859287560898,0.14159718575121796
800,up,0.5,1.01,6,0.07079859287560898,0.07079859287560898,0.14159718575121796
800,up,0.5,1.01,7,0.07079859287560898,0.07079859287560898,0.14159718575121796
800,up,0.5,1.01,8,0.07079859287560898,0.07079859287560898,0.14159718575121796
800,up,0.5,1.01,9,0.07079859287560898,0.07079859287560898,0.14159718575121796
800,up,0.5,1.01,10,0.07079859287560898,0.07079859287560898,0.14159718575121796
800,up,0.5,1.01,11,0.07079859287560898,0.07079859287560898,0.14159718575121796
800,up,2.0,1.01,0,0.031092121790781767,0.031092121790781767,0.062184243581563534
800,up,2.0,1.01,1,0.0310921217907819,0.03109212179078191,0.06218424358156381
800,up,2.0,1.01,2,0.031092121790781767,0.031092121790781767,0.062184243581563534
800,up,2.0,1.01,3,0.031092121790781767,0.031092121790781767,0.062184243581563534
800,up,2.0,1.01,4,0.031092121790781767,0.031092121790781767,0.062184243581563534
800,up,2.0,1.01,5,0.031092121790781767,0.031092121790781767,0.062184243581563534
800,up,2.0,1.01,6,0.031092121790781767,0.031092121790781767,0.062184243581563534
800,up,2.0,1.01,7,0.031092121790781767,0.031092121790781767,0.062184243581563534
800,up,2.0,1.01,8,0.031092121790781767,0.031092121790781767,0.062184243581563534
800,up,2.0,1.01,9,0.031092121790781767,0.031092121790781767,0.062184243581563534
800,up,2.0,1.01,10,0.031092121790781767,0.031092121790781767,0.062184243581563534
800,up,2.0,1.01,11,0.031092121790781767,0.031092121790781767,0.062184243581563534
800,down,0.0,1.01,0,0.1414240104463576,0.1414039799436145,0.2828279903899721
800,down,0.0,1.01,1,0.14140403258150883,0.1414003423817448,0.2828043749632536
800,down,0.0,1.01,2,0.14193319677407515,0.14140161021864656,0.28333480699272173
800,down,0.0,1.01,3,0.14140125255421224,0.1414001549229934,0.2828014074772056
800,down,0.0,1.01,4,0.1414009819427443,0.14140623562137108,0.2828072175641154
800,down,0.0,1.01,5,0.14140140226880135,0.14140308112477556,0.2828044833935769
800,down,0.0,1.01,6,0.141404951706412,0.1414352742656939,0.2828402259721059
800,down,0.0,1.01,7,0.1421463883475525,0.14159920187098352,0.283745590218536
800,down,0.0,1.01,8,0.14140063978508322,0.14140147645728773,0.28280211624237095
800,down,0.0,1.01,9,0.14140591460112717,0.14140117561582485,0.28280709021695205
800,down,0.0,1.01,10,0.1414126193188585,0.1414002350669827,0.28281285438584125
800,down,0.0,1.01,11,0.14140326649513127,0.14140785546393062,0.2828111219590619
800,down,0.5,1.01,0,0.03970133623574967,0.031856920698938467,0.07155825693468813
800,down,0.5,1.01,1,0.0547747917870808,0.05477499993507564,0.10954979172215644
800,down,0.5,1.01,2,0.03898404717263432,0.03898279310096356,0.07796684027359788
800,down,0.5,1.01,3,0.039029073998659666,0.0390264716674605,0.07805554566612016
800,down,0.5,1.01,4,0.03986239549873076,0.03228031757341498,0.07214271307214573
800,down,0.5,1.01,5,0.04006125054266988,0.04653834170432532,0.0865995922469952
800,down,0.5,1.01,6,0.03988126638237986,0.032154109527595266,0.07203537590997514
800,down,0.5,1.01,7,0.03180038020354914,0.039646797894661176,0.07144717809821031
800,down,0.5,1.01,8,0.038984901979040386,0.03898424102815113,0.07796914300719152
800,down,0.5,1.01,9,0.038953366538475365,0.0389590719524098,0.07791243849088517
800,down,0.5,1.01,10,0.03897413618602769,0.03898285009799338,0.07795698628402106
800,down,0.5,1.01,11,0.039023226047772114,0.03898713768249323,0.07801036373026535
800,down,2.0,1.01,0,0.01543719000633626,0.015437190783745969,0.03087438079008223
800,down,2.0,1.01,1,0.015298523969820224,0.015298536795410768,0.030597060765230992
800,down,2.0,1.01,2,0.015592187080524908,0.01559218708076351,0.031184374161288417
800,down,2.0,1.01,3,0.015568884903099515,0.015568884906676815,0.031137769809776332
800,down,2.0,1.01,4,0.015579107819201354,0.015579107825032778,0.031158215644234134
800,down,2.0,1.01,5,0.016590029035774733,0.008736079062176287,0.025326108097951022
800,down,2.0,1.01,6,0.015588262712357519,0.015588262712812977,0.031176525425170496
800,down,2.0,1.01,7,0.015593904397774168,0.015593904397845719,0.031187808795619887
800,down,2.0,1.01,8,0.015584021230681913,0.015584021232891132,0.031168042463573045
800,down,2.0,1.01,9,0.015524927606522212,0.015524927678365757,0.03104985528488797
800,down,2.0,1.01,10,0.015243541569049484,0.01524361412333846,0.030487155692387944
800,down,2.0,1.01,11,0.015473011194330226,0.015473011403117383,0.03094602259744761
800,fresh,0.0,1.02,0,0.19735740375803693,0.1982446315818082,0.3956020353398451
800,fresh,0.0,1.02,1,0.19823818151664369,0.19987858791218124,0.3981167694288249
800,fresh,0.0,1.02,2,0.2037984187793766,0.1986532295421117,0.4024516483214883
800,fresh,0.0,1.02,3,0.20036958891283285,0.1996074570724219,0.39997704598525474
800,fresh,0.0,1.02,4,0.20025998853809263,0.20135011702483793,0.40161010556293053
800,fresh,0.0,1.02,5,0.20042385836553334,0.20086676601269604,0.4012906243782294
800,fresh,0.0,1.02,6,0.19813600633627287,0.20254551480167174,0.40068152113794464
800,fresh,0.0,1.02,7,0.20348525135418907,0.2032409129279803,0.40672616428216934
800,fresh,0.0,1.02,8,0.19898602559982465,0.20044938942877832,0.39943541502860297
800,fresh,0.0,1.02,9,0.19804590234648753,0.1987761336031595,0.39682203594964705
800,fresh,0.0,1.02,10,0.19765901847006398,0.19976228841001312,0.3974213068800771
800,fresh,0.0,1.02,11,0.20090408894845194,0.1979002813880378,0.39880437033648974
800,fresh,0.5,1.02,0,0.05522378404256483,0.055228665094815256,0.11045244913738009
800,fresh,0.5,1.02,1,0.09531091268880493,0.0953200496348251,0.19063096232363003
800,fresh,0.5,1.02,2,0.054997804022127846,0.05499773975405073,0.10999554377617857
800,fresh,0.5,1.02,3,0.0980908585183807,0.09741831103834464,0.19550916955672534
800,fresh,0.5,1.02,4,0.09670487862141242,0.09741266804947239,0.19411754667088482
800,fresh,0.5,1.02,5,0.09856415446524848,0.09908663372601252,0.197650788191261
800,fresh,0.5,1.02,6,0.09502455979323204,0.09498496534816692,0.19000952514139896
800,fresh,0.5,1.02,7,0.05487003172560944,0.05487076743246547,0.10974079915807491
800,fresh,0.5,1.02,8,0.09606691814991045,0.09625383964919405,0.1923207577991045
800,fresh,0.5,1.02,9,0.09538516242948157,0.09539605755541711,0.19078121998489866
800,fresh,0.5,1.02,10,0.09557696581545955,0.09533751632571877,0.19091448214117832
800,fresh,0.5,1.02,11,0.09501536527691913,0.09503033413317777,0.1900456994100969
800,fresh,2.0,1.02,0,0.016174963796375955,0.02402894246308109,0.040203906259457044
800,fresh,2.0,1.02,1,0.03936623312149084,0.03936623311512992,0.07873246623662075
800,fresh,2.0,1.02,2,0.01630503797918741,0.024159012802784933,0.04046405078197234
800,fresh,2.0,1.02,3,0.03938884627604926,0.03938884627689504,0.0787776925529443
800,fresh,2.0,1.02,4,0.039361355759686044,0.03936135575751377,0.07872271151719981
800,fresh,2.0,1.02,5,0.039385168776372,0.03938516877567044,0.07877033755204244
800,fresh,2.0,1.02,6,0.039251174597018115,0.03925117460242677,0.07850234919944488
800,fresh,2.0,1.02,7,0.022749996124724933,0.022750321815255426,0.045500317939980356
800,fresh,2.0,1.02,8,0.03938592842135029,0.0393859284195652,0.07877185684091549
800,fresh,2.0,1.02,9,0.023648630257274473,0.02364863025950803,0.0472972605167825
800,fresh,2.0,1.02,10,0.02338085789102241,0.02338085789777676,0.046761715788799174
800,fresh,2.0,1.02,11,0.03931219591059923,0.0393121959196254,0.07862439183022463
800,up,0.0,1.02,0,0.19701840603940518,0.19701840603940518,0.39403681207881036
800,up,0.0,1.02,1,0.19701840603940518,0.19701840603940518,0.39403681207881036
800,up,0.0,1.02,2,0.19701840603940518,0.19701840603940518,0.39403681207881036
800,up,0.0,1.02,3,0.19701840603940518,0.19701840603940518,0.39403681207881036
800,up,0.0,1.02,4,0.19701840603940518,0.19701840603940518,0.39403681207881036
800,up,0.0,1.02,5,0.19701840603940518,0.19701840603940518,0.39403681207881036
800,up,0.0,1.02,6,0.19701840603940518,0.19701840603940518,0.39403681207881036
800,up,0.0,1.02,7,0.19701840603940518,0.19701840603940518,0.39403681207881036
800,up,0.0,1.02,8,0.19701840603940518,0.19701840603940518,0.39403681207881036
800,up,0.0,1.02,9,0.19701840603940518,0.19701840603940518,0.39403681207881036
800,up,0.0,1.02,10,0.19701840603940518,0.19701840603940518,0.39403681207881036
800,up,0.0,1.02,11,0.19701840603940518,0.19701840603940518,0.39403681207881036
800,up,0.5,1.02,0,0.10178627796151267,0.10178627796151267,0.20357255592302534
800,up,0.5,1.02,1,0.10178627796151259,0.10178627796151256,0.20357255592302514
800,up,0.5,1.02,2,0.10178627796151267,0.10178627796151267,0.20357255592302534
800,up,0.5,1.02,3,0.10178627796151267,0.10178627796151267,0.20357255592302534
800,up,0.5,1.02,4,0.10178627796151267,0.10178627796151267,0.20357255592302534
800,up,0.5,1.02,5,0.10178627796151267,0.10178627796151267,0.20357255592302534
800,up,0.5,1.02,6,0.10178627796151267,0.10178627796151267,0.20357255592302534
800,up,0.5,1.02,7,0.10178627796151267,0.10178627796151267,0.20357255592302534
800,up,0.5,1.02,8,0.10178627796151267,0.10178627796151267,0.20357255592302534
800,up,0.5,1.02,9,0.10178627796151267,0.10178627796151267,0.20357255592302534
800,up,0.5,1.02,10,0.10178627796151267,0.10178627796151267,0.20357255592302534
800,up,0.5,1.02,11,0.10178627796151267,0.10178627796151267,0.20357255592302534
800,up,2.0,1.02,0,0.03959835358004086,0.03959835358004086,0.07919670716008172
800,up,2.0,1.02,1,0.03959835358004259,0.03959835358004258,0.07919670716008517
800,up,2.0,1.02,2,0.03959835358004086,0.03959835358004086,0.07919670716008172
800,up,2.0,1.02,3,0.03959835358004086,0.03959835358004086,0.07919670716008172
800,up,2.0,1.02,4,0.03959835358004086,0.03959835358004086,0.07919670716008172
800,up,2.0,1.02,5,0.03959835358004086,0.03959835358004086,0.07919670716008172
800,up,2.0,1.02,6,0.03959835358004086,0.03959835358004086,0.07919670716008172
800,up,2.0,1.02,7,0.03959835358004086,0.03959835358004086,0.07919670716008172
800,up,2.0,1.02,8,0.03959835358004086,0.03959835358004086,0.07919670716008172
800,up,2.0,1.02,9,0.03959835358004086,0.03959835358004086,0.07919670716008172
800,up,2.0,1.02,10,0.03959835358004086,0.03959835358004086,0.07919670716008172
800,up,2.0,1.02,11,0.03959835358004086,0.03959835358004086,0.07919670716008172
800,down,0.0,1.02,0,0.19711504023697557,0.19996479192461267,0.39707983216158826
800,down,0.0,1.02,1,0.19990242663422664,0.2037386964150434,0.40364112304927
800,down,0.0,1.02,2,0.1971349474091869,0.20271268162446007,0.399847629033647
800,down,0.0,1.02,3,0.203804783052735,0.2036733444660436,0.4074781275187786
800,down,0.0,1.02,4,0.20379419937728926,0.20382633024641222,0.4076205296237015
800,down,0.0,1.02,5,0.20380931074388456,0.20383106936143178,0.40764038010531634
800,down,0.0,1.02,6,0.1990157192519939,0.20354417333571576,0.40255989258770963
800,down,0.0,1.02,7,0.19848126282529108,0.2012101585788571,0.39969142140414815
800,down,0.0,1.02,8,0.2033167304547311,0.20381128684072564,0.4071280172954567
800,down,0.0,1.02,9,0.19844227894994135,0.2030124823586496,0.4014547613085909
800,down,0.0,1.02,10,0.19737505128929628,0.20371408514340203,0.4010891364326983
800,down,0.0,1.02,11,0.2038317650587655,0.19785690961398272,0.4016886746727482
800,down,0.5,1.02,0,0.0550740904251434,0.05508280085771886,0.11015689128286227
800,down,0.5,1.02,1,0.07094038871298693,0.07830662910155355,0.14924701781454047
800,down,0.5,1.02,2,0.07107605099584006,0.06913422224112409,0.14021027323696417
800,down,0.5,1.02,3,0.05464468093701853,0.054526220351478825,0.10917090128849735
800,down,0.5,1.02,4,0.0549079212995133,0.05490765749622284,0.10981557879573614
800,down,0.5,1.02,5,0.09507129437414079,0.09506787878370403,0.19013917315784482
800,down,0.5,1.02,6,0.061774295951921514,0.06182741868006403,0.12360171463198555
800,down,0.5,1.02,7,0.055191012839497657,0.055151290226297646,0.1103423030657953
800,down,0.5,1.02,8,0.08616256523530225,0.08616038168601663,0.1723229469213189
800,down,0.5,1.02,9,0.06224273718215798,0.05446637780647521,0.11670911498863319
800,down,0.5,1.02,10,0.05441175810917457,0.054677240565839044,0.10908899867501362
800,down,0.5,1.02,11,0.05506476976858863,0.05505871830560011,0.11012348807418873
800,down,2.0,1.02,0,0.01712082047318759,0.024319099007279375,0.041439919480466963
800,down,2.0,1.02,1,0.022861699057626694,0.022861628794507923,0.04572332785213462
800,down,2.0,1.02,2,0.01615910161766049,0.024013075939128718,0.04017217755678921
800,down,2.0,1.02,3,0.016365636950547043,0.024213846022153974,0.04057948297270102
800,down,2.0,1.02,4,0.024396884580929024,0.016542973934816275,0.0409398585157453
800,down,2.0,1.02,5,0.02326894576660024,0.023268945721907103,0.046537891488507344
800,down,2.0,1.02,6,0.02399980574241688,0.016145824824269184,0.04014563056668606
800,down,2.0,1.02,7,0.01614414876752427,0.023998127557740716,0.040142276325264986
800,down,2.0,1.02,8,0.02427941856716956,0.016425482562652576,0.040704901129822134
800,down,2.0,1.02,9,0.024327492553041168,0.016473960332320986,0.040801452885362154
800,down,2.0,1.02,10,0.022005508421658958,0.022097425347339623,0.044102933768998584
800,down,2.0,1.02,11,0.024393827468671317,0.0177563997934201,0.042150227262091416
800,fresh,0.0,1.05,0,0.31630355002313215,0.316182085928607,0.6324856359517392
800,fresh,0.0,1.05,1,0.3161798238202414,0.3169533463700946,0.633133170190336
800,fresh,0.0,1.05,2,0.3217094146947756,0.3163428106317997,0.6380522253265752
800,fresh,0.0,1.05,3,0.3172648180671393,0.31680139571683147,0.6340662137839708
800,fresh,0.0,1.05,4,0.3171904617842568,0.3181160215350839,0.6353064833193407
800,fresh,0.0,1.05,5,0.3173028269090654,0.3176479055774867,0.6349507324865521
800,fresh,0.0,1.05,6,0.31614565677430767,0.319825822735912,0.6359714795102196
800,fresh,0.0,1.05,7,0.3212930251082068,0.3209576446996808,0.6422506698078876
800,fresh,0.0,1.05,8,0.31649100430525484,0.3173209954395245,0.6338119997447793
800,fresh,0.0,1.05,9,0.3161186708328295,0.31639606629094585,0.6325147371237754
800,fresh,0.0,1.05,10,0.31607055547154295,0.31688669905762573,0.6329572545291686
800,fresh,0.0,1.05,11,0.3176802515874376,0.3160839218535585,0.6337641734409961
800,fresh,0.5,1.05,0,0.09473871836707272,0.0953026840346614,0.19004140240173412
800,fresh,0.5,1.05,1,0.16016851797429904,0.1585881526428343,0.3187566706171333
800,fresh,0.5,1.05,2,0.09385334887598486,0.0934474482879149,0.18730079716389975
800,fresh,0.5,1.05,3,0.15814855947427037,0.15818456679116352,0.31633312626543386
800,fresh,0.5,1.05,4,0.15808665393315394,0.15803403255018833,0.31612068648334224
800,fresh,0.5,1.05,5,0.15805105513626486,0.1580364416990778,0.31608749683534265
800,fresh,0.5,1.05,6,0.15584463310040828,0.1556597204342306,0.3115043535346389
800,fresh,0.5,1.05,7,0.09313069272277127,0.09266315160612455,0.18579384432889584
800,fresh,0.5,1.05,8,0.158436666702359,0.15828231033818171,0.31671897704054075
800,fresh,0.5,1.05,9,0.16064529012340073,0.15892712160603292,0.3195724117294336
800,fresh,0.5,1.05,10,0.15612724983425152,0.15608741533304676,0.3122146651672983
800,fresh,0.5,1.05,11,0.1549716817774787,0.15603298475774163,0.3110046665352203
800,fresh,2.0,1.05,0,0.039379799404348055,0.03152584045231734,0.0709056398566654
800,fresh,2.0,1.05,1,0.06619215584935025,0.06339002464936448,0.12958218049871473
800,fresh,2.0,1.05,2,0.03952242714720485,0.031668474314349486,0.07119090146155434
800,fresh,2.0,1.05,3,0.06433346632790123,0.0643820355500991,0.12871550187800032
800,fresh,2.0,1.05,4,0.0640920027965613,0.0639333694609509,0.1280253722575122
800,fresh,2.0,1.05,5,0.06407348590172213,0.06406017589751531,0.12813366179923744
800,fresh,2.0,1.05,6,0.061988889833509454,0.05806118694026728,0.12005007677377674
800,fresh,2.0,1.05,7,0.03969959798629544,0.03184575826708429,0.07154535625337972
800,fresh,2.0,1.05,8,0.06474930711178663,0.06448196416213302,0.12923127127391965
800,fresh,2.0,1.05,9,0.04343912614445479,0.04129135930161688,0.08473048544607167
800,fresh,2.0,1.05,10,0.03913603931078363,0.03913529725553011,0.07827133656631374
800,fresh,2.0,1.05,11,0.060421104696926714,0.06201639409832461,0.12243749879525131
800,up,0.0,1.05,0,0.3216485739461443,0.3216485739461443,0.6432971478922886
800,up,0.0,1.05,1,0.3216485739461443,0.3216485739461443,0.6432971478922886
800,up,0.0,1.05,2,0.3216485739461443,0.3216485739461443,0.6432971478922886
800,up,0.0,1.05,3,0.3216485739461443,0.3216485739461443,0.6432971478922886
800,up,0.0,1.05,4,0.3216485739461443,0.3216485739461443,0.6432971478922886
800,up,0.0,1.05,5,0.3216485739461443,0.3216485739461443,0.6432971478922886
800,up,0.0,1.05,6,0.3216485739461443,0.3216485739461443,0.6432971478922886
800,up,0.0,1.05,7,0.3216485739461443,0.3216485739461443,0.6432971478922886
800,up,0.0,1.05,8,0.3216485739461443,0.3216485739461443,0.6432971478922886
800,up,0.0,1.05,9,0.3216485739461443,0.3216485739461443,0.6432971478922886
800,up,0.0,1.05,10,0.3216485739461443,0.3216485739461443,0.6432971478922886
800,up,0.0,1.05,11,0.3216485739461443,0.3216485739461443,0.6432971478922886
800,up,0.5,1.05,0,0.16192414745078687,0.16192414745078687,0.32384829490157374
800,up,0.5,1.05,1,0.16192414745079703,0.16192414745079695,0.32384829490159395
800,up,0.5,1.05,2,0.16192414745078687,0.16192414745078687,0.32384829490157374
800,up,0.5,1.05,3,0.16192414745078687,0.16192414745078687,0.32384829490157374
800,up,0.5,1.05,4,0.16192414745078687,0.16192414745078687,0.32384829490157374
800,up,0.5,1.05,5,0.16192414745078687,0.16192414745078687,0.32384829490157374
800,up,0.5,1.05,6,0.16192414745078687,0.16192414745078687,0.32384829490157374
800,up,0.5,1.05,7,0.16192414745078687,0.16192414745078687,0.32384829490157374
800,up,0.5,1.05,8,0.16192414745078687,0.16192414745078687,0.32384829490157374
800,up,0.5,1.05,9,0.16192414745078687,0.16192414745078687,0.32384829490157374
800,up,0.5,1.05,10,0.16192414745078687,0.16192414745078687,0.32384829490157374
800,up,0.5,1.05,11,0.16192414745078687,0.16192414745078687,0.32384829490157374
800,up,2.0,1.05,0,0.06362637523495643,0.06362637523495643,0.12725275046991286
800,up,2.0,1.05,1,0.06362637523495718,0.06362637523495718,0.12725275046991436
800,up,2.0,1.05,2,0.06362637523495643,0.06362637523495643,0.12725275046991286
800,up,2.0,1.05,3,0.06362637523495643,0.06362637523495643,0.12725275046991286
800,up,2.0,1.05,4,0.06362637523495643,0.06362637523495643,0.12725275046991286
800,up,2.0,1.05,5,0.06362637523495643,0.06362637523495643,0.12725275046991286
800,up,2.0,1.05,6,0.06362637523495643,0.06362637523495643,0.12725275046991286
800,up,2.0,1.05,7,0.06362637523495643,0.06362637523495643,0.12725275046991286
800,up,2.0,1.05,8,0.06362637523495643,0.06362637523495643,0.12725275046991286
800,up,2.0,1.05,9,0.06362637523495643,0.06362637523495643,0.12725275046991286
800,up,2.0,1.05,10,0.06362637523495643,0.06362637523495643,0.12725275046991286
800,up,2.0,1.05,11,0.06362637523495643,0.06362637523495643,0.12725275046991286
800,down,0.0,1.05,0,0.3217090521559484,0.3215218295028629,0.6432308816588113
800,down,0.0,1.05,1,0.3215251901283105,0.31639116488267377,0.6379163550109843
800,down,0.0,1.05,2,0.3216223527701345,0.32115952888923005,0.6427818816593646
800,down,0.0,1.05,3,0.31606622711699883,0.31706682011226606,0.6331330472292649
800,down,0.0,1.05,4,0.31608180872844516,0.3170869955223992,0.6331688042508443
800,down,0.0,1.05,5,0.3160675148467951,0.31628824309833903,0.6323557579451341
800,down,0.0,1.05,6,0.32157233851450795,0.32066197217353787,0.6422343106880458
800,down,0.0,1.05,7,0.32145170536276596,0.3213282795730234,0.6427799849357894
800,down,0.0,1.05,8,0.32038347000950634,0.31607008019081206,0.6364535502003184
800,down,0.0,1.05,9,0.3216057230360636,0.3209531469385607,0.6425588699746243
800,down,0.0,1.05,10,0.3216890222672828,0.3166111858400433,0.6383002081073261
800,down,0.0,1.05,11,0.31632536310929393,0.3216468743603647,0.6379722374696586
800,down,0.5,1.05,0,0.09282818694629072,0.09315339228254117,0.1859815792288319
800,down,0.5,1.05,1,0.13321927295755345,0.1265174831355604,0.25973675609311386
800,down,0.5,1.05,2,0.11001542540298061,0.11001633552652237,0.220031760929503
800,down,0.5,1.05,3,0.148927765965139,0.14894117627883843,0.2978689422439774
800,down,0.5,1.05,4,0.08683577965800168,0.09457971089794512,0.1814154905559468
800,down,0.5,1.05,5,0.15746735644917023,0.15751178871862734,0.31497914516779757
800,down,0.5,1.05,6,0.10290095199232781,0.11015080763983974,0.21305175963216755
800,down,0.5,1.05,7,0.09087874539996847,0.09354364421759982,0.1844223896175683
800,down,0.5,1.05,8,0.13203058538330836,0.12549988678736143,0.2575304721706698
800,down,0.5,1.05,9,0.08956873353370341,0.0949866990872512,0.1845554326209546
800,down,0.5,1.05,10,0.09443042664225743,0.10135157758943109,0.1957820042316885
800,down,0.5,1.05,11,0.10008489895404551,0.09427408346785938,0.1943589824219049
800,down,2.0,1.05,0,0.031505640495258974,0.03935961651561719,0.07086525701087616
800,down,2.0,1.05,1,0.0327840294131974,0.03937436065046157,0.07215839006365897
800,down,2.0,1.05,2,0.03148946939627805,0.03934344806087424,0.07083291745715228
800,down,2.0,1.05,3,0.03157136198252566,0.03942532230227322,0.07099668428479888
800,down,2.0,1.05,4,0.039871497453235843,0.03201771315863446,0.07188921061187031
800,down,2.0,1.05,5,0.03968468910961917,0.03184652714673177,0.07153121625635095
800,down,2.0,1.05,6,0.03937885379317887,0.031524880798071454,0.07090373459125032
800,down,2.0,1.05,7,0.03149339889180368,0.039347377093685625,0.0708407759854893
800,down,2.0,1.05,8,0.039714133074010435,0.031860258211109806,0.07157439128512025
800,down,2.0,1.05,9,0.0401138612362967,0.03234401290743385,0.07245787414373055
800,down,2.0,1.05,10,0.03151350575916684,0.039367479134931965,0.0708809848940988
800,down,2.0,1.05,11,0.03899960881217233,0.033414560648199296,0.07241416946037163
800,fresh,0.0,1.1,0,0.4562846548859807,0.45671328828911273,0.9129979431750934
800,fresh,0.0,1.1,1,0.45671012495041324,0.45755815230400004,0.9142682772544133
800,fresh,0.0,1.1,2,0.45818810534068916,0.45691379464968834,0.9151018999903775
800,fresh,0.0,1.1,3,0.45786842290587515,0.4574041653613611,0.9152725882672362
800,fresh,0.0,1.1,4,0.45779484139083465,0.4587002306627431,0.9164950720535778
800,fresh,0.0,1.1,5,0.4579059435104517,0.45824446193698143,0.9161504054474332
800,fresh,0.0,1.1,6,0.45665998831848753,0.46036551050894026,0.9170254988274278
800,fresh,0.0,1.1,7,0.46164025522865915,0.4614221327783501,0.9230623880070092
800,fresh,0.0,1.1,8,0.45707912076149754,0.4579238584868077,0.9150029792483052
800,fresh,0.0,1.1,9,0.45661572967601954,0.456974475718281,0.9135902053943006
800,fresh,0.0,1.1,10,0.4564260329992855,0.4574908891864922,0.9139169221857777
800,fresh,0.0,1.1,11,0.45827604527377375,0.45654414669794696,0.9148201919717207
800,fresh,0.5,1.1,0,0.1560622237503298,0.1559897045059795,0.3120519282563093
800,fresh,0.5,1.1,1,0.22288293993474437,0.2245596032942871,0.44744254322903143
800,fresh,0.5,1.1,2,0.1428333222668741,0.14123565750085393,0.28406897976772805
800,fresh,0.5,1.1,3,0.2280464635600395,0.2280486942831601,0.4560951578431996
800,fresh,0.5,1.1,4,0.22788869575454063,0.2278864375269056,0.45577513328144625
800,fresh,0.5,1.1,5,0.22806957454197999,0.22806850056183245,0.45613807510381243
800,fresh,0.5,1.1,6,0.21830699564407566,0.21770037181141424,0.4360073674554899
800,fresh,0.5,1.1,7,0.14203747205251227,0.14145278822098817,0.28349026027350044
800,fresh,0.5,1.1,8,0.22781548737486357,0.22781354083943953,0.45562902821430307
800,fresh,0.5,1.1,9,0.22605021138057765,0.22681072632026378,0.45286093770084146
800,fresh,0.5,1.1,10,0.21879571531146313,0.2186113884836325,0.4374071037950956
800,fresh,0.5,1.1,11,0.2206567495634509,0.22406879489282738,0.4447255444562783
800,fresh,2.0,1.1,0,0.04855308311886021,0.05630795764159005,0.10486104076045026
800,fresh,2.0,1.1,1,0.09290142877633302,0.09290060013132756,0.18580202890766057
800,fresh,2.0,1.1,2,0.05462753959471663,0.05463507557695638,0.10926261517167302
800,fresh,2.0,1.1,3,0.09250886631059407,0.09253316184659609,0.18504202815719017
800,fresh,2.0,1.1,4,0.09231419296203307,0.09223414867024017,0.18454834163227324
800,fresh,2.0,1.1,5,0.09221830732093413,0.09212814694329755,0.18434645426423169
800,fresh,2.0,1.1,6,0.08713031450215666,0.08715706325504254,0.1742873777571992
800,fresh,2.0,1.1,7,0.055001990345869695,0.05500199156115212,0.11000398190702182
800,fresh,2.0,1.1,8,0.09269939299812964,0.09268483533676487,0.1853842283348945
800,fresh,2.0,1.1,9,0.07324090799998421,0.0719705167487011,0.1452114247486853
800,fresh,2.0,1.1,10,0.06142397506095859,0.06142343000627693,0.12284740506723552
800,fresh,2.0,1.1,11,0.0914370362108482,0.09007137288375754,0.18150840909460575
800,up,0.0,1.1,0,0.4565123641799654,0.4565123641799654,0.9130247283599308
800,up,0.0,1.1,1,0.4565123641799654,0.4565123641799654,0.9130247283599308
800,up,0.0,1.1,2,0.4565123641799654,0.4565123641799654,0.9130247283599308
800,up,0.0,1.1,3,0.4565123641799654,0.4565123641799654,0.9130247283599308
800,up,0.0,1.1,4,0.4565123641799654,0.4565123641799654,0.9130247283599308
800,up,0.0,1.1,5,0.4565123641799654,0.4565123641799654,0.9130247283599308
800,up,0.0,1.1,6,0.4565123641799654,0.4565123641799654,0.9130247283599308
800,up,0.0,1.1,7,0.4565123641799654,0.4565123641799654,0.9130247283599308
800,up,0.0,1.1,8,0.4565123641799654,0.4565123641799654,0.9130247283599308
800,up,0.0,1.1,9,0.4565123641799654,0.4565123641799654,0.9130247283599308
800,up,0.0,1.1,10,0.4565123641799654,0.4565123641799654,0.9130247283599308
800,up,0.0,1.1,11,0.4565123641799654,0.4565123641799654,0.9130247283599308
800,up,0.5,1.1,0,0.2314317411417712,0.2314317411417712,0.4628634822835424
800,up,0.5,1.1,1,0.2314317411417722,0.2314317411417722,0.4628634822835444
800,up,0.5,1.1,2,0.2314317411417712,0.2314317411417712,0.4628634822835424
800,up,0.5,1.1,3,0.2314317411417712,0.2314317411417712,0.4628634822835424
800,up,0.5,1.1,4,0.2314317411417712,0.2314317411417712,0.4628634822835424
800,up,0.5,1.1,5,0.2314317411417712,0.2314317411417712,0.4628634822835424
800,up,0.5,1.1,6,0.2314317411417712,0.2314317411417712,0.4628634822835424
800,up,0.5,1.1,7,0.2314317411417712,0.2314317411417712,0.4628634822835424
800,up,0.5,1.1,8,0.2314317411417712,0.2314317411417712,0.4628634822835424
800,up,0.5,1.1,9,0.2314317411417712,0.2314317411417712,0.4628634822835424
800,up,0.5,1.1,10,0.2314317411417712,0.2314317411417712,0.4628634822835424
800,up,0.5,1.1,11,0.2314317411417712,0.2314317411417712,0.4628634822835424
800,up,2.0,1.1,0,0.08854659468141128,0.08854659468141128,0.17709318936282256
800,up,2.0,1.1,1,0.08854659468141224,0.0885465946814122,0.17709318936282442
800,up,2.0,1.1,2,0.08854659468141128,0.08854659468141128,0.17709318936282256
800,up,2.0,1.1,3,0.08854659468141128,0.08854659468141128,0.17709318936282256
800,up,2.0,1.1,4,0.08854659468141128,0.08854659468141128,0.17709318936282256
800,up,2.0,1.1,5,0.08854659468141128,0.08854659468141128,0.17709318936282256
800,up,2.0,1.1,6,0.08854659468141128,0.08854659468141128,0.17709318936282256
800,up,2.0,1.1,7,0.08854659468141128,0.08854659468141128,0.17709318936282256
800,up,2.0,1.1,8,0.08854659468141128,0.08854659468141128,0.17709318936282256
800,up,2.0,1.1,9,0.08854659468141128,0.08854659468141128,0.17709318936282256
800,up,2.0,1.1,10,0.08854659468141128,0.08854659468141128,0.17709318936282256
800,up,2.0,1.1,11,0.08854659468141128,0.08854659468141128,0.17709318936282256
800,down,0.0,1.1,0,0.4615654215488357,0.4589690331480935,0.9205344546969292
800,down,0.0,1.1,1,0.45900251996288377,0.45624392069865566,0.9152464406615395
800,down,0.0,1.1,2,0.46126060395102514,0.45733733148119543,0.9185979354322206
800,down,0.0,1.1,3,0.45619092196697353,0.4563164005687224,0.9125073225356959
800,down,0.0,1.1,4,0.4561960363783038,0.45628363662374793,0.9124796730020517
800,down,0.0,1.1,5,0.45618961256176616,0.45620682415831226,0.9123964367200784
800,down,0.0,1.1,6,0.45953249508695565,0.45701169045146317,0.9165441855384189
800,down,0.0,1.1,7,0.45977731370915137,0.45876721769258777,0.9185445314017391
800,down,0.0,1.1,8,0.4567392777586264,0.4561892664693903,0.9129285442280166
800,down,0.0,1.1,9,0.459971068365428,0.4570618366624865,0.9170329050279145
800,down,0.0,1.1,10,0.46119216994884,0.45627015141331156,0.9174623213621516
800,down,0.0,1.1,11,0.45621049491459187,0.4605606954929709,0.9167711904075628
800,down,0.5,1.1,0,0.14139288421074936,0.14128245754595115,0.2826753417567005
800,down,0.5,1.1,1,0.20477946417730947,0.20473906598300629,0.40951853016031575
800,down,0.5,1.1,2,0.15728225792835646,0.15714127609476464,0.31442353402312107
800,down,0.5,1.1,3,0.20846949082610564,0.2054994972304374,0.41396898805654303
800,down,0.5,1.1,4,0.14149239040515568,0.1415148426011285,0.28300723300628416
800,down,0.5,1.1,5,0.22630150717334005,0.2260868039575297,0.45238831113086975
800,down,0.5,1.1,6,0.15644503520177439,0.14928132897431567,0.30572636417609006
800,down,0.5,1.1,7,0.1341333031186167,0.14168164684612833,0.27581494996474504
800,down,0.5,1.1,8,0.18607449297696207,0.18065326112541186,0.3667277541023739
800,down,0.5,1.1,9,0.14156057761963084,0.1342344886511448,0.27579506627077566
800,down,0.5,1.1,10,0.1737270689642949,0.1799742977108724,0.3537013666751673
800,down,0.5,1.1,11,0.14203171670965348,0.14289849724546613,0.28493021395511964
800,down,2.0,1.1,0,0.05436566311763407,0.05436566406734222,0.1087313271849763
800,down,2.0,1.1,1,0.054721728186635656,0.05479874639262484,0.1095204745792605
800,down,2.0,1.1,2,0.05461051513229186,0.05461026252394234,0.1092207776562342
800,down,2.0,1.1,3,0.05442318712246262,0.05442277150258676,0.10884595862504938
800,down,2.0,1.1,4,0.054877665081633324,0.05488046250898464,0.10975812759061795
800,down,2.0,1.1,5,0.07114259330068365,0.07114259209626851,0.14228518539695217
800,down,2.0,1.1,6,0.054468684520292784,0.05447381164772004,0.10894249616801283
800,down,2.0,1.1,7,0.05465508912303708,0.05465471069634276,0.10930979981937984
800,down,2.0,1.1,8,0.05475746666167154,0.05476106488759541,0.10951853154926695
800,down,2.0,1.1,9,0.04840168062201556,0.05622243265934344,0.104624113281359
800,down,2.0,1.1,10,0.05429960642413139,0.05429975435028755,0.10859936077441894
800,down,2.0,1.1,11,0.059613975420040044,0.05321849725629257,0.11283247267633262
800,fresh,0.0,1.2,0,0.6652442941261983,0.6627270649244555,1.3279713590506539
800,fresh,0.0,1.2,1,0.6627385203109668,0.6614915999969554,1.3242301203079223
800,fresh,0.0,1.2,2,0.6642633792464219,0.6621780092048195,1.3264413884512414
800,fresh,0.0,1.2,3,0.6613571854021345,0.6615860770904116,1.3229432624925461
800,fresh,0.0,1.2,4,0.6613840355982454,0.661167484124832,1.3225515197230773
800,fresh,0.0,1.2,5,0.6613444378874577,0.661251558083373,1.3225959959708307
800,fresh,0.0,1.2,6,0.6629348748218723,0.6610274258861811,1.3239623007080534
800,fresh,0.0,1.2,7,0.6612942775308781,0.6611019943064451,1.3223962718373232
800,fresh,0.0,1.2,8,0.6619026635352011,0.6613385583065201,1.3232412218417213
800,fresh,0.0,1.2,9,0.6631331780474667,0.6620634323050012,1.325196610352468
800,fresh,0.0,1.2,10,0.6642617436869648,0.6615299059653352,1.3257916496523001
800,fresh,0.0,1.2,11,0.6612445021336293,0.6635078318163725,1.3247523339500018
800,fresh,0.5,1.2,0,0.26174499332416085,0.258868083656902,0.5206130769810629
800,fresh,0.5,1.2,1,0.32382476157836315,0.3242184666962615,0.6480432282746247
800,fresh,0.5,1.2,2,0.22601515066174124,0.22091921542293388,0.4469343660846751
800,fresh,0.5,1.2,3,0.33030953635791915,0.3303013670100428,0.6606109033679619
800,fresh,0.5,1.2,4,0.3298895977892351,0.3298898258245013,0.6597794236137364
800,fresh,0.5,1.2,5,0.33055520721857207,0.33057298862542306,0.6611281958439952
800,fresh,0.5,1.2,6,0.3066023577294688,0.30923676638074293,0.6158391241102117
800,fresh,0.5,1.2,7,0.26600302035172685,0.2664342721908578,0.5324372925425847
800,fresh,0.5,1.2,8,0.32969684650834447,0.3296985879785232,0.6593954344868677
800,fresh,0.5,1.2,9,0.3280475253121328,0.3285742986473112,0.656621823959444
800,fresh,0.5,1.2,10,0.3128392503771892,0.31244336859406746,0.6252826189712566
800,fresh,0.5,1.2,11,0.315408287945446,0.3183889190843842,0.6337972070298302
800,fresh,2.0,1.2,0,0.07821735549843532,0.08536177768348942,0.16357913318192474
800,fresh,2.0,1.2,1,0.12808126331784112,0.12794515031008616,0.2560264136279273
800,fresh,2.0,1.2,2,0.079271478121351,0.08709079191358554,0.16636227003493653
800,fresh,2.0,1.2,3,0.13245082354780158,0.13241783109001973,0.2648686546378213
800,fresh,2.0,1.2,4,0.12821778567590783,0.12825818658915952,0.25647597226506735
800,fresh,2.0,1.2,5,0.13264218098613587,0.13265110751048734,0.2652932884966232
800,fresh,2.0,1.2,6,0.12560666488373542,0.12090643105233863,0.24651309593607407
800,fresh,2.0,1.2,7,0.08406604716812968,0.084814318119353,0.16888036528748268
800,fresh,2.0,1.2,8,0.1299832480065228,0.13152763186325775,0.26151087986978055
800,fresh,2.0,1.2,9,0.1173486025612052,0.11734859437499189,0.2346971969361971
800,fresh,2.0,1.2,10,0.0949188764134697,0.0952709516115034,0.19018982802497308
800,fresh,2.0,1.2,11,0.12605312363927296,0.13019395321773808,0.25624707685701104
800,up,0.0,1.2,0,0.6610558316181835,0.6610558316181835,1.322111663236367
800,up,0.0,1.2,1,0.6610558316181835,0.6610558316181835,1.322111663236367
800,up,0.0,1.2,2,0.6610558316181835,0.6610558316181835,1.322111663236367
800,up,0.0,1.2,3,0.6610558316181835,0.6610558316181835,1.322111663236367
800,up,0.0,1.2,4,0.6610558316181835,0.6610558316181835,1.322111663236367
800,up,0.0,1.2,5,0.6610558316181835,0.6610558316181835,1.322111663236367
800,up,0.0,1.2,6,0.6610558316181835,0.6610558316181835,1.322111663236367
800,up,0.0,1.2,7,0.6610558316181835,0.6610558316181835,1.322111663236367
800,up,0.0,1.2,8,0.6610558316181835,0.6610558316181835,1.322111663236367
800,up,0.0,1.2,9,0.6610558316181835,0.6610558316181835,1.322111663236367
800,up,0.0,1.2,10,0.6610558316181835,0.6610558316181835,1.322111663236367
800,up,0.0,1.2,11,0.6610558316181835,0.6610558316181835,1.322111663236367
800,up,0.5,1.2,0,0.334331890773095,0.334331890773095,0.66866378154619
800,up,0.5,1.2,1,0.33433189077308845,0.33433189077308845,0.6686637815461769
800,up,0.5,1.2,2,0.334331890773095,0.334331890773095,0.66866378154619
800,up,0.5,1.2,3,0.334331890773095,0.334331890773095,0.66866378154619
800,up,0.5,1.2,4,0.334331890773095,0.334331890773095,0.66866378154619
800,up,0.5,1.2,5,0.334331890773095,0.334331890773095,0.66866378154619
800,up,0.5,1.2,6,0.334331890773095,0.334331890773095,0.66866378154619
800,up,0.5,1.2,7,0.334331890773095,0.334331890773095,0.66866378154619
800,up,0.5,1.2,8,0.334331890773095,0.334331890773095,0.66866378154619
800,up,0.5,1.2,9,0.334331890773095,0.334331890773095,0.66866378154619
800,up,0.5,1.2,10,0.334331890773095,0.334331890773095,0.66866378154619
800,up,0.5,1.2,11,0.334331890773095,0.334331890773095,0.66866378154619
800,up,2.0,1.2,0,0.13276849693117368,0.13276849693117368,0.26553699386234736
800,up,2.0,1.2,1,0.13276849693117404,0.132768496931174,0.2655369938623481
800,up,2.0,1.2,2,0.13276849693117368,0.13276849693117368,0.26553699386234736
800,up,2.0,1.2,3,0.13276849693117368,0.13276849693117368,0.26553699386234736
800,up,2.0,1.2,4,0.13276849693117368,0.13276849693117368,0.26553699386234736
800,up,2.0,1.2,5,0.13276849693117368,0.13276849693117368,0.26553699386234736
800,up,2.0,1.2,6,0.13276849693117368,0.13276849693117368,0.26553699386234736
800,up,2.0,1.2,7,0.13276849693117368,0.13276849693117368,0.26553699386234736
800,up,2.0,1.2,8,0.13276849693117368,0.13276849693117368,0.26553699386234736
800,up,2.0,1.2,9,0.13276849693117368,0.13276849693117368,0.26553699386234736
800,up,2.0,1.2,10,0.13276849693117368,0.13276849693117368,0.26553699386234736
800,up,2.0,1.2,11,0.13276849693117368,0.13276849693117368,0.26553699386234736
800,down,0.0,1.2,0,0.6610799407442898,0.6610797412300679,1.3221596819743575
800,down,0.0,1.2,1,0.6610781660572022,0.6627364931003572,1.3238146591575592
800,down,0.0,1.2,2,0.6618815674409695,0.6612293565649549,1.3231109240059244
800,down,0.0,1.2,3,0.6639967417854737,0.6621919389891352,1.3261886807746088
800,down,0.0,1.2,4,0.6637067433922894,0.665670902013408,1.3293776454056974
800,down,0.0,1.2,5,0.6641366492539208,0.6650848936297922,1.329221542883713
800,down,0.0,1.2,6,0.6610561852012978,0.665736192253226,1.3267923774545238
800,down,0.0,1.2,7,0.6635638438256737,0.6644625125424969,1.3280263563681705
800,down,0.0,1.2,8,0.6614406969904766,0.6642012169705876,1.3256419139610642
800,down,0.0,1.2,9,0.6610413572413424,0.6612963883652188,1.322337745606561
800,down,0.0,1.2,10,0.6610265787768017,0.6624845379093673,1.323511116686169
800,down,0.0,1.2,11,0.6651459871625625,0.6610263197327932,1.3261723068953557
800,down,0.5,1.2,0,0.25319004443581294,0.2522332289513949,0.5054232733872078
800,down,0.5,1.2,1,0.3233741200888046,0.3234353948609676,0.6468095149497722
800,down,0.5,1.2,2,0.2352701266916003,0.22818746080310093,0.46345758749470123
800,down,0.5,1.2,3,0.3200910918185285,0.3190391695228418,0.6391302613413703
800,down,0.5,1.2,4,0.31480215414107904,0.3147974357811006,0.6295995899221796
800,down,0.5,1.2,5,0.3293982999135231,0.3294912469583734,0.6588895468718965
800,down,0.5,1.2,6,0.26733754388972697,0.26795442235649347,0.5352919662462204
800,down,0.5,1.2,7,0.3014326585912231,0.3012012525583354,0.6026339111495584
800,down,0.5,1.2,8,0.3175099834734414,0.3171991294370312,0.6347091129104726
800,down,0.5,1.2,9,0.2192354241611777,0.22471039140570595,0.4439458155668836
800,down,0.5,1.2,10,0.25114034614697006,0.2473118393425284,0.49845218548949843
800,down,0.5,1.2,11,0.21921159813394964,0.21599055270055928,0.4352021508345089
800,down,2.0,1.2,0,0.07993809653819067,0.08579693683066349,0.16573503336885415
800,down,2.0,1.2,1,0.08640734040318485,0.07855613506032605,0.1649634754635109
800,down,2.0,1.2,2,0.07831398656819484,0.08522246840201352,0.16353645497020836
800,down,2.0,1.2,3,0.12671155241161408,0.12671175645331664,0.2534233088649307
800,down,2.0,1.2,4,0.12846105827377852,0.12846502323007716,0.25692608150385565
800,down,2.0,1.2,5,0.10843868269335427,0.10844057503966223,0.2168792577330165
800,down,2.0,1.2,6,0.0858467511624938,0.07809998019872416,0.16394673136121796
800,down,2.0,1.2,7,0.07827641341501927,0.08540975548354207,0.16368616889856136
800,down,2.0,1.2,8,0.12878008498392718,0.12885669067234842,0.25763677565627563
800,down,2.0,1.2,9,0.08642234115667023,0.07857145400154493,0.16499379515821516
800,down,2.0,1.2,10,0.08218312829288678,0.08444588883640065,0.16662901712928743
800,down,2.0,1.2,11,0.08689440487063908,0.07905232964486249,0.16594673451550157
800,fresh,0.0,1.5,0,1.116614155627682,1.116954851724045,2.2335690073517274
800,fresh,0.0,1.5,1,1.116951007786694,1.1181046480529233,2.2350556558396173
800,fresh,0.0,1.5,2,1.1178630927071536,1.1172162434883983,2.235079336195552
800,fresh,0.0,1.5,3,1.1184752261482946,1.117901489191474,2.2363767153397687
800,fresh,0.0,1.5,4,1.1183924363402336,1.1192019162644822,2.2375943526047157
800,fresh,0.0,1.5,5,1.1185161938445651,1.1188486001678017,2.237364794012367
800,fresh,0.0,1.5,6,1.1168916398942752,1.1199128546083794,2.2368044945026546
800,fresh,0.0,1.5,7,1.1195796128867301,1.1198823883226643,2.2394620012093944
800,fresh,0.0,1.5,8,1.1174472700027964,1.118535457612947,2.2359827276157436
800,fresh,0.0,1.5,9,1.1168419457037921,1.1173001324777263,2.2341420781815184
800,fresh,0.0,1.5,10,1.1166691878869903,1.1180172826181782,2.2346864705051686
800,fresh,0.0,1.5,11,1.1188763477641144,1.1167680432615712,2.2356443910256854
800,fresh,0.5,1.5,0,0.5027071459102994,0.5035464915552982,1.0062536374655977
800,fresh,0.5,1.5,1,0.5481510204996652,0.5487005033471959,1.096851523846861
800,fresh,0.5,1.5,2,0.43216457430887933,0.4382557571229547,0.8704203314318341
800,fresh,0.5,1.5,3,0.5577739636666977,0.5577510613676595,1.1155250250343571
800,fresh,0.5,1.5,4,0.5566326995585095,0.5565217706333812,1.1131544701918905
800,fresh,0.5,1.5,5,0.558927767599119,0.5592234159766439,1.118151183575763
800,fresh,0.5,1.5,6,0.5114545210095844,0.511319840777947,1.0227743617875316
800,fresh,0.5,1.5,7,0.5418214906312471,0.541826427245471,1.0836479178767182
800,fresh,0.5,1.5,8,0.5554927442153944,0.5557305266879988,1.1112232709033933
800,fresh,0.5,1.5,9,0.5512569607360264,0.5516210441376806,1.102878004873707
800,fresh,0.5,1.5,10,0.5255832514773896,0.5255499802967121,1.0511332317741018
800,fresh,0.5,1.5,11,0.5309287875860502,0.5312608254774677,1.0621896130635178
800,fresh,2.0,1.5,0,0.15484106288914357,0.15519396829746554,0.31003503118660913
800,fresh,2.0,1.5,1,0.21857476824313507,0.21786304369435588,0.436437811937491
800,fresh,2.0,1.5,2,0.1573168068988122,0.1594909049410034,0.3168077118398156
800,fresh,2.0,1.5,3,0.2220534548208182,0.2221339231468615,0.4441873779676797
800,fresh,2.0,1.5,4,0.22106757462453344,0.22057149665442918,0.4416390712789626
800,fresh,2.0,1.5,5,0.22189257102945234,0.22187003958691542,0.4437626106163678
800,fresh,2.0,1.5,6,0.2052558295430654,0.209936640259869,0.4151924698029344
800,fresh,2.0,1.5,7,0.15802002659547068,0.151430948959816,0.30945097555528667
800,fresh,2.0,1.5,8,0.22242314213719272,0.22175493381737674,0.4441780759545695
800,fresh,2.0,1.5,9,0.21063911847195038,0.2106688117693726,0.42130793024132296
800,fresh,2.0,1.5,10,0.18751316407376528,0.1866467130239358,0.37415987709770104
800,fresh,2.0,1.5,11,0.21205140259750546,0.21205159357176356,0.42410299616926905
800,up,0.0,1.5,0,1.1189369097000497,1.1189369097000497,2.2378738194000993
800,up,0.0,1.5,1,1.1189369097000497,1.1189369097000497,2.2378738194000993
800,up,0.0,1.5,2,1.1189369097000497,1.1189369097000497,2.2378738194000993
800,up,0.0,1.5,3,1.1189369097000497,1.1189369097000497,2.2378738194000993
800,up,0.0,1.5,4,1.1189369097000497,1.1189369097000497,2.2378738194000993
800,up,0.0,1.5,5,1.1189369097000497,1.1189369097000497,2.2378738194000993
800,up,0.0,1.5,6,1.1189369097000497,1.1189369097000497,2.2378738194000993
800,up,0.0,1.5,7,1.1189369097000497,1.1189369097000497,2.2378738194000993
800,up,0.0,1.5,8,1.1189369097000497,1.1189369097000497,2.2378738194000993
800,up,0.0,1.5,9,1.1189369097000497,1.1189369097000497,2.2378738194000993
800,up,0.0,1.5,10,1.1189369097000497,1.1189369097000497,2.2378738194000993
800,up,0.0,1.5,11,1.1189369097000497,1.1189369097000497,2.2378738194000993
800,up,0.5,1.5,0,0.5584202994908317,0.5584202994908317,1.1168405989816634
800,up,0.5,1.5,1,0.5584202994908325,0.5584202994908325,1.116840598981665
800,up,0.5,1.5,2,0.5584202994908317,0.5584202994908317,1.1168405989816634
800,up,0.5,1.5,3,0.5584202994908317,0.5584202994908317,1.1168405989816634
800,up,0.5,1.5,4,0.5584202994908317,0.5584202994908317,1.1168405989816634
800,up,0.5,1.5,5,0.5584202994908317,0.5584202994908317,1.1168405989816634
800,up,0.5,1.5,6,0.5584202994908317,0.5584202994908317,1.1168405989816634
800,up,0.5,1.5,7,0.5584202994908317,0.5584202994908317,1.1168405989816634
800,up,0.5,1.5,8,0.5584202994908317,0.5584202994908317,1.1168405989816634
800,up,0.5,1.5,9,0.5584202994908317,0.5584202994908317,1.1168405989816634
800,up,0.5,1.5,10,0.5584202994908317,0.5584202994908317,1.1168405989816634
800,up,0.5,1.5,11,0.5584202994908317,0.5584202994908317,1.1168405989816634
800,up,2.0,1.5,0,0.2245333414180456,0.2245333414180456,0.4490666828360912
800,up,2.0,1.5,1,0.2245333414180458,0.2245333414180458,0.4490666828360916
800,up,2.0,1.5,2,0.2245333414180456,0.2245333414180456,0.4490666828360912
800,up,2.0,1.5,3,0.2245333414180456,0.2245333414180456,0.4490666828360912
800,up,2.0,1.5,4,0.2245333414180456,0.2245333414180456,0.4490666828360912
800,up,2.0,1.5,5,0.2245333414180456,0.2245333414180456,0.4490666828360912
800,up,2.0,1.5,6,0.2245333414180456,0.2245333414180456,0.4490666828360912
800,up,2.0,1.5,7,0.2245333414180456,0.2245333414180456,0.4490666828360912
800,up,2.0,1.5,8,0.2245333414180456,0.2245333414180456,0.4490666828360912
800,up,2.0,1.5,9,0.2245333414180456,0.2245333414180456,0.4490666828360912
800,up,2.0,1.5,10,0.2245333414180456,0.2245333414180456,0.4490666828360912
800,up,2.0,1.5,11,0.2245333414180456,0.2245333414180456,0.4490666828360912
800,down,0.0,1.5,0,1.1175450094241763,1.1191439787588915,2.236688988183068
800,down,0.0,1.5,1,1.1191349598424942,1.1199795863005715,2.2391145461430657
800,down,0.0,1.5,2,1.1166460871948463,1.1195986236210513,2.236244710815898
800,down,0.0,1.5,3,1.1198651022630228,1.1199854479106688,2.2398505501736916
800,down,0.0,1.5,4,1.1199022823458342,1.1191874267787885,2.239089709124623
800,down,0.0,1.5,5,1.1198441332352211,1.1196050611212045,2.2394491943564256
800,down,0.0,1.5,6,1.118984285174729,1.1175685530871646,2.2365528382618933
800,down,0.0,1.5,7,1.1166871518446577,1.1168296724199038,2.2335168242645613
800,down,0.0,1.5,8,1.1198210385473653,1.119833671220929,2.239654709768294
800,down,0.0,1.5,9,1.1188395820765924,1.1196942761768158,2.2385338582534082
800,down,0.0,1.5,10,1.1181237365776464,1.1199872122479713,2.238110948825618
800,down,0.0,1.5,11,1.1195789843134458,1.1185847483733917,2.2381637326868375
800,down,0.5,1.5,0,0.46630409471882284,0.4700119831776221,0.936316077896445
800,down,0.5,1.5,1,0.5485375002507734,0.5487567046292917,1.0972942048800651
800,down,0.5,1.5,2,0.43979708884545504,0.4402079308497457,0.8800050196952007
800,down,0.5,1.5,3,0.5577607347560858,0.5577384706136885,1.1154992053697743
800,down,0.5,1.5,4,0.5568733464038779,0.5568519078690755,1.1137252542729534
800,down,0.5,1.5,5,0.5589245279102972,0.5591759989944152,1.1181005269047124
800,down,0.5,1.5,6,0.5052201610336888,0.5031959464994774,1.0084161075331664
800,down,0.5,1.5,7,0.5560212271649696,0.5560647594208362,1.112085986585806
800,down,0.5,1.5,8,0.5395795334945014,0.5392152857788777,1.0787948192733792
800,down,0.5,1.5,9,0.5224110185318518,0.5192030253381217,1.0416140438699735
800,down,0.5,1.5,10,0.4516613312012906,0.4523068089076972,0.9039681401089878
800,down,0.5,1.5,11,0.44674755349207657,0.44082491127889456,0.8875724647709711
800,down,2.0,1.5,0,0.15562909570126573,0.15541086349274852,0.3110399591940143
800,down,2.0,1.5,1,0.15169492982310562,0.1579994213740994,0.309694351197205
800,down,2.0,1.5,2,0.15770541191745602,0.15125127572289648,0.3089566876403525
800,down,2.0,1.5,3,0.22203063746528476,0.22210445379156293,0.4441350912568477
800,down,2.0,1.5,4,0.2207766799047687,0.22148371435864075,0.44226039426340946
800,down,2.0,1.5,5,0.2217909620506806,0.2217750164441666,0.44356597849484725
800,down,2.0,1.5,6,0.15016871590519962,0.15788187143972457,0.3080505873449242
800,down,2.0,1.5,7,0.15766995809733303,0.15170739363308633,0.30937735173041936
800,down,2.0,1.5,8,0.22200108888764675,0.22186955731993996,0.4438706462075867
800,down,2.0,1.5,9,0.2065508864838708,0.20941413373025072,0.4159650202141215
800,down,2.0,1.5,10,0.15635704470073378,0.15632811850368042,0.3126851632044142
800,down,2.0,1.5,11,0.20377973539073854,0.19856214243522122,0.40234187782595976
800,fresh,0.0,2.0,0,1.7331518528016474,1.7320217453086213,3.465173598110269
800,fresh,0.0,2.0,1,1.7320300448748756,1.730855750023824,3.4628857948986997
800,fresh,0.0,2.0,2,1.7330236662938103,1.7315588167445914,3.4645824830384018
800,fresh,0.0,2.0,3,1.7307539623619526,1.7309453936756853,3.461699356037638
800,fresh,0.0,2.0,4,1.730770794779032,1.7307341779829446,3.4615049727619764
800,fresh,0.0,2.0,5,1.7307467728088992,1.7307148896232531,3.4614616624321526
800,fresh,0.0,2.0,6,1.7321647430598934,1.7311321769770345,3.463296920036928
800,fresh,0.0,2.0,7,1.7322012753776965,1.7318288316547281,3.464030107032425
800,fresh,0.0,2.0,8,1.731278962196435,1.7307436466961108,3.462022608892546
800,fresh,0.0,2.0,9,1.7322876160046734,1.7314456358657058,3.463733251870379
800,fresh,0.0,2.0,10,1.7328170857726086,1.730890865676554,3.4637079514491624
800,fresh,0.0,2.0,11,1.7307143328156576,1.7324902710194419,3.4632046038350994
800,fresh,0.5,2.0,0,0.8268715422395051,0.82523391477033,1.652105457009835
800,fresh,0.5,2.0,1,0.851627926727396,0.8499442182837289,1.701572145011125
800,fresh,0.5,2.0,2,0.7537710276236619,0.7530139136739975,1.5067849412976595
800,fresh,0.5,2.0,3,0.8640632622827777,0.8640599218173555,1.7281231841001332
800,fresh,0.5,2.0,4,0.8622287438818832,0.8624603229292505,1.7246890668111337
800,fresh,0.5,2.0,5,0.8650096614385745,0.865116745748145,1.7301264071867195
800,fresh,0.5,2.0,6,0.8017455970646458,0.8024927750240026,1.6042383720886484
800,fresh,0.5,2.0,7,0.8613499027133913,0.8612143292730393,1.7225642319864307
800,fresh,0.5,2.0,8,0.8575788615331791,0.8575494691705261,1.7151283307037053
800,fresh,0.5,2.0,9,0.8578417625062642,0.8573978750000407,1.715239637506305
800,fresh,0.5,2.0,10,0.8249283491689968,0.8247189583873916,1.6496473075563884
800,fresh,0.5,2.0,11,0.8246245857486157,0.8244813140777809,1.6491058998263965
800,fresh,2.0,2.0,0,0.2688272183002406,0.26664982824598454,0.5354770465462251
800,fresh,2.0,2.0,1,0.3382509786548507,0.33840420539083277,0.6766551840456835
800,fresh,2.0,2.0,2,0.2709002415189471,0.26891249801164635,0.5398127395305934
800,fresh,2.0,2.0,3,0.3456675506421133,0.34571280529406273,0.691380355936176
800,fresh,2.0,2.0,4,0.343158887983466,0.3413168076569118,0.6844756956403778
800,fresh,2.0,2.0,5,0.34613213895327205,0.3459669218900458,0.6920990608433178
800,fresh,2.0,2.0,6,0.31794933182669555,0.32201800460126784,0.6399673364279634
800,fresh,2.0,2.0,7,0.2667941073237446,0.26701613457633044,0.533810241900075
800,fresh,2.0,2.0,8,0.3439441579059828,0.3427480251092391,0.686692183015222
800,fresh,2.0,2.0,9,0.3333097728808687,0.3357120550062305,0.6690218278870992
800,fresh,2.0,2.0,10,0.31205470452492085,0.3116261287965028,0.6236808333214237
800,fresh,2.0,2.0,11,0.32884943632229324,0.32863352273886265,0.657482959061156
800,up,0.0,2.0,0,1.7332727369081555,1.7332727369081555,3.466545473816311
800,up,0.0,2.0,1,1.7332727369081555,1.7332727369081555,3.466545473816311
800,up,0.0,2.0,2,1.7332727369081555,1.7332727369081555,3.466545473816311
800,up,0.0,2.0,3,1.7332727369081555,1.7332727369081555,3.466545473816311
800,up,0.0,2.0,4,1.7332727369081555,1.7332727369081555,3.466545473816311
800,up,0.0,2.0,5,1.7332727369081555,1.7332727369081555,3.466545473816311
800,up,0.0,2.0,6,1.7332727369081555,1.7332727369081555,3.466545473816311
800,up,0.0,2.0,7,1.7332727369081555,1.7332727369081555,3.466545473816311
800,up,0.0,2.0,8,1.7332727369081555,1.7332727369081555,3.466545473816311
800,up,0.0,2.0,9,1.7332727369081555,1.7332727369081555,3.466545473816311
800,up,0.0,2.0,10,1.7332727369081555,1.7332727369081555,3.466545473816311
800,up,0.0,2.0,11,1.7332727369081555,1.7332727369081555,3.466545473816311
800,up,0.5,2.0,0,0.8658846071924157,0.8658846071924157,1.7317692143848313
800,up,0.5,2.0,1,0.8658846071924166,0.8658846071924168,1.7317692143848333
800,up,0.5,2.0,2,0.8658846071924157,0.8658846071924157,1.7317692143848313
800,up,0.5,2.0,3,0.8658846071924157,0.8658846071924157,1.7317692143848313
800,up,0.5,2.0,4,0.8658846071924157,0.8658846071924157,1.7317692143848313
800,up,0.5,2.0,5,0.8658846071924157,0.8658846071924157,1.7317692143848313
800,up,0.5,2.0,6,0.8658846071924157,0.8658846071924157,1.7317692143848313
800,up,0.5,2.0,7,0.8658846071924157,0.8658846071924157,1.7317692143848313
800,up,0.5,2.0,8,0.8658846071924157,0.8658846071924157,1.7317692143848313
800,up,0.5,2.0,9,0.8658846071924157,0.8658846071924157,1.7317692143848313
800,up,0.5,2.0,10,0.8658846071924157,0.8658846071924157,1.7317692143848313
800,up,0.5,2.0,11,0.8658846071924157,0.8658846071924157,1.7317692143848313
800,up,2.0,2.0,0,0.3463048905958494,0.3463048905958494,0.6926097811916988
800,up,2.0,2.0,1,0.34630489059584835,0.34630489059584835,0.6926097811916967
800,up,2.0,2.0,2,0.3463048905958494,0.3463048905958494,0.6926097811916988
800,up,2.0,2.0,3,0.3463048905958494,0.3463048905958494,0.6926097811916988
800,up,2.0,2.0,4,0.3463048905958494,0.3463048905958494,0.6926097811916988
800,up,2.0,2.0,5,0.3463048905958494,0.3463048905958494,0.6926097811916988
800,up,2.0,2.0,6,0.3463048905958494,0.3463048905958494,0.6926097811916988
800,up,2.0,2.0,7,0.3463048905958494,0.3463048905958494,0.6926097811916988
800,up,2.0,2.0,8,0.3463048905958494,0.3463048905958494,0.6926097811916988
800,up,2.0,2.0,9,0.3463048905958494,0.3463048905958494,0.6926097811916988
800,up,2.0,2.0,10,0.3463048905958494,0.3463048905958494,0.6926097811916988
800,up,2.0,2.0,11,0.3463048905958494,0.3463048905958494,0.6926097811916988
800,down,0.0,2.0,0,1.7331518528016547,1.7320217453085904,3.465173598110245
800,down,0.0,2.0,1,1.7320300448748538,1.7308557500238047,3.4628857948986584
800,down,0.0,2.0,2,1.7330236662937681,1.731558816744565,3.464582483038333
800,down,0.0,2.0,3,1.730753962361958,1.7309453936756896,3.4616993560376477
800,down,0.0,2.0,4,1.7307707947790263,1.730734177982938,3.461504972761964
800,down,0.0,2.0,5,1.730746772808887,1.7307148896232416,3.4614616624321286
800,down,0.0,2.0,6,1.7321647430598608,1.7311321769770678,3.4632969200369286
800,down,0.0,2.0,7,1.732201275377713,1.7318288316547439,3.464030107032457
800,down,0.0,2.0,8,1.7312789621964595,1.730743646696113,3.4620226088925725
800,down,0.0,2.0,9,1.7322876160046592,1.7314456358657202,3.463733251870379
800,down,0.0,2.0,10,1.7328170857726146,1.7308908656765436,3.463707951449158
800,down,0.0,2.0,11,1.730714332815654,1.7324902710194108,3.463204603835065
800,down,0.5,2.0,0,0.8268715422394495,0.82523391477032,1.6521054570097695
800,down,0.5,2.0,1,0.8516279267274691,0.8499442182837714,1.7015721450112404
800,down,0.5,2.0,2,0.7537710276236677,0.753013913674026,1.5067849412976937
800,down,0.5,2.0,3,0.8640632622827777,0.8640599218173556,1.7281231841001334
800,down,0.5,2.0,4,0.8622287438818808,0.8624603229292489,1.7246890668111297
800,down,0.5,2.0,5,0.8650096614385735,0.8651167457481442,1.7301264071867177
800,down,0.5,2.0,6,0.8017455970646452,0.8024927750239864,1.6042383720886315
800,down,0.5,2.0,7,0.8613499027134037,0.8612143292730572,1.722564231986461
800,down,0.5,2.0,8,0.8575788615331885,0.8575494691705368,1.7151283307037253
800,down,0.5,2.0,9,0.857841762506243,0.857397875000022,1.715239637506265
800,down,0.5,2.0,10,0.8249283491688886,0.8247189583873711,1.6496473075562597
800,down,0.5,2.0,11,0.8246245857486173,0.8244813140777926,1.6491058998264099
800,down,2.0,2.0,0,0.26882721830023976,0.26664982824598393,0.5354770465462237
800,down,2.0,2.0,1,0.33825097865486503,0.33840420539085486,0.6766551840457199
800,down,2.0,2.0,2,0.27090024151892506,0.2689124980117107,0.5398127395306358
800,down,2.0,2.0,3,0.3456675506421149,0.3457128052940647,0.6913803559361795
800,down,2.0,2.0,4,0.34315888798347005,0.3413168076569156,0.6844756956403857
800,down,2.0,2.0,5,0.34613213895327183,0.3459669218900457,0.6920990608433175
800,down,2.0,2.0,6,0.31794933182661705,0.322018004601261,0.6399673364278781
800,down,2.0,2.0,7,0.2667941073237489,0.2670161345763318,0.5338102419000808
800,down,2.0,2.0,8,0.3439441579059823,0.3427480251092386,0.6866921830152208
800,down,2.0,2.0,9,0.3333097728809522,0.3357120550062293,0.6690218278871816
800,down,2.0,2.0,10,0.31205470452496903,0.3116261287965456,0.6236808333215147
800,down,2.0,2.0,11,0.32884943632227165,0.3286335227388254,0.6574829590610971
