window,mode,alpha,bias,initialization_id,v1,v2,total_voltage
200.0,fresh,0.0,0.0,0,-3.259268494755126e-89,1.4272639208183886e-88,1.101337071342876e-88
200.0,fresh,0.0,0.0,1,1.4835760683066536e-88,1.0641887402986633e-89,1.5899949423365198e-88
200.0,fresh,0.0,0.0,2,-1.2808108407180885e-89,4.115252372371463e-89,2.834441531653374e-89
200.0,fresh,0.0,0.0,3,6.946351188369944e-90,1.3459502770254874e-89,2.040585395862482e-89
200.0,fresh,0.0,0.0,4,7.662899542731827e-90,1.9506889196515414e-90,9.613588462383369e-90
200.0,fresh,0.0,0.0,5,6.6088625510722645e-90,4.179227243412647e-90,1.0788089794484912e-89
200.0,fresh,0.0,0.0,6,3.935354772887231e-88,-3.0565131232166004e-90,3.904789641655065e-88
200.0,fresh,0.0,0.0,7,-8.074591567413938e-90,-6.511719059344079e-90,-1.4586310626758017e-89
200.0,fresh,0.0,0.0,8,2.5261120411397594e-89,6.4537171255722535e-90,3.171483753696985e-89
200.0,fresh,0.0,0.0,9,-8.688752902787408e-88,3.358459941870345e-89,-8.352906908600373e-88
200.0,fresh,0.0,0.0,10,-5.810148444485603e-89,1.1757487102452784e-89,-4.6343997342403244e-89
200.0,fresh,0.0,0.0,11,3.994975725600242e-90,-1.4027429171849966e-88,-1.362793159928994e-88
200.0,fresh,0.5,0.0,0,2.6025479922901817e-46,2.6025479922901817e-46,5.205095984580363e-46
200.0,fresh,0.5,0.0,1,0.0,0.0,0.0
200.0,fresh,0.5,0.0,2,1.8982402316081837e-46,1.8982402316081837e-46,3.7964804632163675e-46
200.0,fresh,0.5,0.0,3,2.702277273305426e-46,2.702277273305426e-46,5.404554546610852e-46
200.0,fresh,0.5,0.0,4,1.269031080549054e-46,1.269031080549054e-46,2.538062161098108e-46
200.0,fresh,0.5,0.0,5,1.4453923257382366e-46,1.4453923257382366e-46,2.890784651476473e-46
200.0,fresh,0.5,0.0,6,1.2052401350567315e-45,1.2052401350567315e-45,2.410480270113463e-45
200.0,fresh,0.5,0.0,7,-1.9582662889792906e-46,-1.9582662889792906e-46,-3.916532577958581e-46
200.0,fresh,0.5,0.0,8,3.971864936102768e-46,3.971864936102768e-46,7.943729872205536e-46
200.0,fresh,0.5,0.0,9,-4.487808181024464e-46,-4.487808181024464e-46,-8.975616362048928e-46
200.0,fresh,0.5,0.0,10,-2.725331132110097e-46,-2.725331132110097e-46,-5.450662264220194e-46
200.0,fresh,0.5,0.0,11,-7.040661359790956e-46,-7.040661359790956e-46,-1.4081322719581913e-45
200.0,fresh,2.0,0.0,0,1.1812173249812897e-20,1.1812173249812897e-20,2.3624346499625795e-20
200.0,fresh,2.0,0.0,1,0.0,0.0,0.0
200.0,fresh,2.0,0.0,2,1.430615694402761e-20,1.430615694402761e-20,2.861231388805522e-20
200.0,fresh,2.0,0.0,3,3.053103453575326e-20,3.053103453575326e-20,6.106206907150652e-20
200.0,fresh,2.0,0.0,4,1.4328894865062973e-20,1.4328894865062973e-20,2.8657789730125946e-20
200.0,fresh,2.0,0.0,5,1.6473071474496867e-20,1.6473071474496867e-20,3.2946142948993735e-20
200.0,fresh,2.0,0.0,6,6.02229998947753e-20,6.02229998947753e-20,1.204459997895506e-19
200.0,fresh,2.0,0.0,7,-2.234656816651874e-20,-2.234656816651874e-20,-4.469313633303748e-20
200.0,fresh,2.0,0.0,8,4.2912862580877205e-20,4.2912862580877205e-20,8.582572516175441e-20
200.0,fresh,2.0,0.0,9,-1.6266154854948616e-20,-1.6266154854948616e-20,-3.253230970989723e-20
200.0,fresh,2.0,0.0,10,-1.9174384213897762e-20,-1.9174384213897762e-20,-3.8348768427795524e-20
200.0,fresh,2.0,0.0,11,-4.447655383697216e-20,-4.447655383697216e-20,-8.895310767394432e-20
200.0,up,0.0,0.0,0,-3.259268494755126e-89,1.4272639208183886e-88,1.101337071342876e-88
200.0,up,0.0,0.0,1,1.4835760683066536e-88,1.0641887402986633e-89,1.5899949423365198e-88
200.0,up,0.0,0.0,2,-1.2808108407180885e-89,4.115252372371463e-89,2.834441531653374e-89
200.0,up,0.0,0.0,3,6.946351188369944e-90,1.3459502770254874e-89,2.040585395862482e-89
200.0,up,0.0,0.0,4,7.662899542731827e-90,1.9506889196515414e-90,9.613588462383369e-90
200.0,up,0.0,0.0,5,6.6088625510722645e-90,4.179227243412647e-90,1.0788089794484912e-89
200.0,up,0.0,0.0,6,3.935354772887231e-88,-3.0565131232166004e-90,3.904789641655065e-88
200.0,up,0.0,0.0,7,-8.074591567413938e-90,-6.511719059344079e-90,-1.4586310626758017e-89
200.0,up,0.0,0.0,8,2.5261120411397594e-89,6.4537171255722535e-90,3.171483753696985e-89
200.0,up,0.0,0.0,9,-8.688752902787408e-88,3.358459941870345e-89,-8.352906908600373e-88
200.0,up,0.0,0.0,10,-5.810148444485603e-89,1.1757487102452784e-89,-4.6343997342403244e-89
200.0,up,0.0,0.0,11,3.994975725600242e-90,-1.4027429171849966e-88,-1.362793159928994e-88
200.0,up,0.5,0.0,0,2.6025479922901817e-46,2.6025479922901817e-46,5.205095984580363e-46
200.0,up,0.5,0.0,1,0.0,0.0,0.0
200.0,up,0.5,0.0,2,1.8982402316081837e-46,1.8982402316081837e-46,3.7964804632163675e-46
200.0,up,0.5,0.0,3,2.702277273305426e-46,2.702277273305426e-46,5.404554546610852e-46
200.0,up,0.5,0.0,4,1.269031080549054e-46,1.269031080549054e-46,2.538062161098108e-46
200.0,up,0.5,0.0,5,1.4453923257382366e-46,1.4453923257382366e-46,2.890784651476473e-46
200.0,up,0.5,0.0,6,1.2052401350567315e-45,1.2052401350567315e-45,2.410480270113463e-45
200.0,up,0.5,0.0,7,-1.9582662889792906e-46,-1.9582662889792906e-46,-3.916532577958581e-46
200.0,up,0.5,0.0,8,3.971864936102768e-46,3.971864936102768e-46,7.943729872205536e-46
200.0,up,0.5,0.0,9,-4.487808181024464e-46,-4.487808181024464e-46,-8.975616362048928e-46
200.0,up,0.5,0.0,10,-2.725331132110097e-46,-2.725331132110097e-46,-5.450662264220194e-46
200.0,up,0.5,0.0,11,-7.040661359790956e-46,-7.040661359790956e-46,-1.4081322719581913e-45
200.0,up,2.0,0.0,0,1.1812173249812897e-20,1.1812173249812897e-20,2.3624346499625795e-20
200.0,up,2.0,0.0,1,0.0,0.0,0.0
200.0,up,2.0,0.0,2,1.430615694402761e-20,1.430615694402761e-20,2.861231388805522e-20
200.0,up,2.0,0.0,3,3.053103453575326e-20,3.053103453575326e-20,6.106206907150652e-20
200.0,up,2.0,0.0,4,1.4328894865062973e-20,1.4328894865062973e-20,2.8657789730125946e-20
200.0,up,2.0,0.0,5,1.6473071474496867e-20,1.6473071474496867e-20,3.2946142948993735e-20
200.0,up,2.0,0.0,6,6.02229998947753e-20,6.02229998947753e-20,1.204459997895506e-19
200.0,up,2.0,0.0,7,-2.234656816651874e-20,-2.234656816651874e-20,-4.469313633303748e-20
200.0,up,2.0,0.0,8,4.2912862580877205e-20,4.2912862580877205e-20,8.582572516175441e-20
200.0,up,2.0,0.0,9,-1.6266154854948616e-20,-1.6266154854948616e-20,-3.253230970989723e-20
200.0,up,2.0,0.0,10,-1.9174384213897762e-20,-1.9174384213897762e-20,-3.8348768427795524e-20
200.0,up,2.0,0.0,11,-4.447655383697216e-20,-4.447655383697216e-20,-8.895310767394432e-20
200.0,down,0.0,0.0,0,0.0,0.0,0.0
200.0,down,0.0,0.0,1,0.0,0.0,0.0
200.0,down,0.0,0.0,2,0.0,0.0,0.0
200.0,down,0.0,0.0,3,0.0,0.0,0.0
200.0,down,0.0,0.0,4,0.0,0.0,0.0
200.0,down,0.0,0.0,5,0.0,0.0,0.0
200.0,down,0.0,0.0,6,0.0,0.0,0.0
200.0,down,0.0,0.0,7,0.0,0.0,0.0
200.0,down,0.0,0.0,8,0.0,0.0,0.0
200.0,down,0.0,0.0,9,0.0,0.0,0.0
200.0,down,0.0,0.0,10,0.0,0.0,0.0
200.0,down,0.0,0.0,11,0.0,0.0,0.0
200.0,down,0.5,0.0,0,0.0,0.0,0.0
200.0,down,0.5,0.0,1,0.0,0.0,0.0
200.0,down,0.5,0.0,2,0.0,0.0,0.0
200.0,down,0.5,0.0,3,0.0,0.0,0.0
200.0,down,0.5,0.0,4,0.0,0.0,0.0
200.0,down,0.5,0.0,5,0.0,0.0,0.0
200.0,down,0.5,0.0,6,0.0,0.0,0.0
200.0,down,0.5,0.0,7,0.0,0.0,0.0
200.0,down,0.5,0.0,8,0.0,0.0,0.0
200.0,down,0.5,0.0,9,0.0,0.0,0.0
200.0,down,0.5,0.0,10,0.0,0.0,0.0
200.0,down,0.5,0.0,11,0.0,0.0,0.0
200.0,down,2.0,0.0,0,0.0,0.0,0.0
200.0,down,2.0,0.0,1,0.0,0.0,0.0
200.0,down,2.0,0.0,2,0.0,0.0,0.0
200.0,down,2.0,0.0,3,0.0,0.0,0.0
200.0,down,2.0,0.0,4,0.0,0.0,0.0
200.0,down,2.0,0.0,5,0.0,0.0,0.0
200.0,down,2.0,0.0,6,0.0,0.0,0.0
200.0,down,2.0,0.0,7,0.0,0.0,0.0
200.0,down,2.0,0.0,8,0.0,0.0,0.0
200.0,down,2.0,0.0,9,0.0,0.0,0.0
200.0,down,2.0,0.0,10,0.0,0.0,0.0
200.0,down,2.0,0.0,11,0.0,0.0,0.0
200.0,fresh,0.0,0.5,0,0.0,0.0,0.0
200.0,fresh,0.0,0.5,1,0.0,0.0,0.0
200.0,fresh,0.0,0.5,2,0.0,0.0,0.0
200.0,fresh,0.0,0.5,3,0.0,0.0,0.0
200.0,fresh,0.0,0.5,4,0.0,0.0,0.0
200.0,fresh,0.0,0.5,5,0.0,0.0,0.0
200.0,fresh,0.0,0.5,6,0.0,0.0,0.0
200.0,fresh,0.0,0.5,7,0.0,0.0,0.0
200.0,fresh,0.0,0.5,8,0.0,0.0,0.0
200.0,fresh,0.0,0.5,9,0.0,0.0,0.0
200.0,fresh,0.0,0.5,10,0.0,0.0,0.0
200.0,fresh,0.0,0.5,11,0.0,0.0,0.0
200.0,fresh,0.5,0.5,0,0.0,0.0,0.0
200.0,fresh,0.5,0.5,1,0.0,0.0,0.0
200.0,fresh,0.5,0.5,2,0.0,0.0,0.0
200.0,fresh,0.5,0.5,3,0.0,0.0,0.0
200.0,fresh,0.5,0.5,4,0.0,0.0,0.0
200.0,fresh,0.5,0.5,5,0.0,0.0,0.0
200.0,fresh,0.5,0.5,6,0.0,0.0,0.0
200.0,fresh,0.5,0.5,7,0.0,0.0,0.0
200.0,fresh,0.5,0.5,8,0.0,0.0,0.0
200.0,fresh,0.5,0.5,9,0.0,0.0,0.0
200.0,fresh,0.5,0.5,10,0.0,0.0,0.0
200.0,fresh,0.5,0.5,11,0.0,0.0,0.0
200.0,fresh,2.0,0.5,0,0.0,0.0,0.0
200.0,fresh,2.0,0.5,1,0.0,0.0,0.0
200.0,fresh,2.0,0.5,2,0.0,0.0,0.0
200.0,fresh,2.0,0.5,3,0.0,0.0,0.0
200.0,fresh,2.0,0.5,4,0.0,0.0,0.0
200.0,fresh,2.0,0.5,5,0.0,0.0,0.0
200.0,fresh,2.0,0.5,6,0.0,0.0,0.0
200.0,fresh,2.0,0.5,7,0.0,0.0,0.0
200.0,fresh,2.0,0.5,8,0.0,0.0,0.0
200.0,fresh,2.0,0.5,9,0.0,0.0,0.0
200.0,fresh,2.0,0.5,10,0.0,0.0,0.0
200.0,fresh,2.0,0.5,11,0.0,0.0,0.0
200.0,up,0.0,0.5,0,0.0,0.0,0.0
200.0,up,0.0,0.5,1,0.0,0.0,0.0
200.0,up,0.0,0.5,2,0.0,0.0,0.0
200.0,up,0.0,0.5,3,0.0,0.0,0.0
200.0,up,0.0,0.5,4,0.0,0.0,0.0
200.0,up,0.0,0.5,5,0.0,0.0,0.0
200.0,up,0.0,0.5,6,0.0,0.0,0.0
200.0,up,0.0,0.5,7,0.0,0.0,0.0
200.0,up,0.0,0.5,8,0.0,0.0,0.0
200.0,up,0.0,0.5,9,0.0,0.0,0.0
200.0,up,0.0,0.5,10,0.0,0.0,0.0
200.0,up,0.0,0.5,11,0.0,0.0,0.0
200.0,up,0.5,0.5,0,0.0,0.0,0.0
200.0,up,0.5,0.5,1,0.0,0.0,0.0
200.0,up,0.5,0.5,2,0.0,0.0,0.0
200.0,up,0.5,0.5,3,0.0,0.0,0.0
200.0,up,0.5,0.5,4,0.0,0.0,0.0
200.0,up,0.5,0.5,5,0.0,0.0,0.0
200.0,up,0.5,0.5,6,0.0,0.0,0.0
200.0,up,0.5,0.5,7,0.0,0.0,0.0
200.0,up,0.5,0.5,8,0.0,0.0,0.0
200.0,up,0.5,0.5,9,0.0,0.0,0.0
200.0,up,0.5,0.5,10,0.0,0.0,0.0
200.0,up,0.5,0.5,11,0.0,0.0,0.0
200.0,up,2.0,0.5,0,0.0,0.0,0.0
200.0,up,2.0,0.5,1,0.0,0.0,0.0
200.0,up,2.0,0.5,2,0.0,0.0,0.0
200.0,up,2.0,0.5,3,0.0,0.0,0.0
200.0,up,2.0,0.5,4,0.0,0.0,0.0
200.0,up,2.0,0.5,5,0.0,0.0,0.0
200.0,up,2.0,0.5,6,0.0,0.0,0.0
200.0,up,2.0,0.5,7,0.0,0.0,0.0
200.0,up,2.0,0.5,8,0.0,0.0,0.0
200.0,up,2.0,0.5,9,0.0,0.0,0.0
200.0,up,2.0,0.5,10,0.0,0.0,0.0
200.0,up,2.0,0.5,11,0.0,0.0,0.0
200.0,down,0.0,0.5,0,0.0,0.0,0.0
200.0,down,0.0,0.5,1,0.0,0.0,0.0
200.0,down,0.0,0.5,2,0.0,0.0,0.0
200.0,down,0.0,0.5,3,0.0,0.0,0.0
200.0,down,0.0,0.5,4,0.0,0.0,0.0
200.0,down,0.0,0.5,5,0.0,0.0,0.0
200.0,down,0.0,0.5,6,0.0,0.0,0.0
200.0,down,0.0,0.5,7,0.0,0.0,0.0
200.0,down,0.0,0.5,8,0.0,0.0,0.0
200.0,down,0.0,0.5,9,0.0,0.0,0.0
200.0,down,0.0,0.5,10,0.0,0.0,0.0
200.0,down,0.0,0.5,11,0.0,0.0,0.0
200.0,down,0.5,0.5,0,0.0,0.0,0.0
200.0,down,0.5,0.5,1,0.0,0.0,0.0
200.0,down,0.5,0.5,2,0.0,0.0,0.0
200.0,down,0.5,0.5,3,0.0,0.0,0.0
200.0,down,0.5,0.5,4,0.0,0.0,0.0
200.0,down,0.5,0.5,5,0.0,0.0,0.0
200.0,down,0.5,0.5,6,0.0,0.0,0.0
200.0,down,0.5,0.5,7,0.0,0.0,0.0
200.0,down,0.5,0.5,8,0.0,0.0,0.0
200.0,down,0.5,0.5,9,0.0,0.0,0.0
200.0,down,0.5,0.5,10,0.0,0.0,0.0
200.0,down,0.5,0.5,11,0.0,0.0,0.0
200.0,down,2.0,0.5,0,0.0,0.0,0.0
200.0,down,2.0,0.5,1,0.0,0.0,0.0
200.0,down,2.0,0.5,2,0.0,0.0,0.0
200.0,down,2.0,0.5,3,0.0,0.0,0.0
200.0,down,2.0,0.5,4,0.0,0.0,0.0
200.0,down,2.0,0.5,5,0.0,0.0,0.0
200.0,down,2.0,0.5,6,0.0,0.0,0.0
200.0,down,2.0,0.5,7,0.0,0.0,0.0
200.0,down,2.0,0.5,8,0.0,0.0,0.0
200.0,down,2.0,0.5,9,0.0,0.0,0.0
200.0,down,2.0,0.5,10,0.0,0.0,0.0
200.0,down,2.0,0.5,11,0.0,0.0,0.0
200.0,fresh,0.0,0.8,0,0.0,0.0,0.0
200.0,fresh,0.0,0.8,1,0.0,0.0,0.0
200.0,fresh,0.0,0.8,2,0.0,0.0,0.0
200.0,fresh,0.0,0.8,3,0.0,0.0,0.0
200.0,fresh,0.0,0.8,4,0.0,0.0,0.0
200.0,fresh,0.0,0.8,5,0.0,0.0,0.0
200.0,fresh,0.0,0.8,6,0.0,0.0,0.0
200.0,fresh,0.0,0.8,7,0.0,0.0,0.0
200.0,fresh,0.0,0.8,8,0.0,0.0,0.0
200.0,fresh,0.0,0.8,9,0.0,0.0,0.0
200.0,fresh,0.0,0.8,10,0.0,0.0,0.0
200.0,fresh,0.0,0.8,11,0.0,0.0,0.0
200.0,fresh,0.5,0.8,0,0.0,0.0,0.0
200.0,fresh,0.5,0.8,1,0.0,0.0,0.0
200.0,fresh,0.5,0.8,2,0.0,0.0,0.0
200.0,fresh,0.5,0.8,3,0.0,0.0,0.0
200.0,fresh,0.5,0.8,4,0.0,0.0,0.0
200.0,fresh,0.5,0.8,5,0.0,0.0,0.0
200.0,fresh,0.5,0.8,6,0.0,0.0,0.0
200.0,fresh,0.5,0.8,7,0.0,0.0,0.0
200.0,fresh,0.5,0.8,8,0.0,0.0,0.0
200.0,fresh,0.5,0.8,9,0.0,0.0,0.0
200.0,fresh,0.5,0.8,10,0.0,0.0,0.0
200.0,fresh,0.5,0.8,11,0.0,0.0,0.0
200.0,fresh,2.0,0.8,0,1.4556134075860426e-13,1.4556134075860426e-13,2.9112268151720853e-13
200.0,fresh,2.0,0.8,1,3.408118232073321e-13,3.408118232073321e-13,6.816236464146642e-13
200.0,fresh,2.0,0.8,2,1.5934253916327634e-13,1.5934253916327634e-13,3.186850783265527e-13
200.0,fresh,2.0,0.8,3,2.0284718349472542e-13,2.0284718349472542e-13,4.0569436698945084e-13
200.0,fresh,2.0,0.8,4,1.621303091781101e-13,1.621303091781101e-13,3.242606183562202e-13
200.0,fresh,2.0,0.8,5,1.683253536555185e-13,1.683253536555185e-13,3.36650707311037e-13
200.0,fresh,2.0,0.8,6,2.36549668741759e-13,2.36549668741759e-13,4.73099337483518e-13
200.0,fresh,2.0,0.8,7,-7.926437284311305e-15,-7.926437284311305e-15,-1.585287456862261e-14
200.0,fresh,2.0,0.8,8,2.2559787371534413e-13,2.2559787371534413e-13,4.5119574743068827e-13
200.0,fresh,2.0,0.8,9,-1.3571366253017913e-14,-1.3571366253017913e-14,-2.7142732506035826e-14
200.0,fresh,2.0,0.8,10,-2.0761170560490428e-16,-2.0761170560490428e-16,-4.1522341120980857e-16
200.0,fresh,2.0,0.8,11,4.197708847186732e-13,4.197708847186732e-13,8.395417694373464e-13
200.0,up,0.0,0.8,0,0.0,0.0,0.0
200.0,up,0.0,0.8,1,0.0,0.0,0.0
200.0,up,0.0,0.8,2,0.0,0.0,0.0
200.0,up,0.0,0.8,3,0.0,0.0,0.0
200.0,up,0.0,0.8,4,0.0,0.0,0.0
200.0,up,0.0,0.8,5,0.0,0.0,0.0
200.0,up,0.0,0.8,6,0.0,0.0,0.0
200.0,up,0.0,0.8,7,0.0,0.0,0.0
200.0,up,0.0,0.8,8,0.0,0.0,0.0
200.0,up,0.0,0.8,9,0.0,0.0,0.0
200.0,up,0.0,0.8,10,0.0,0.0,0.0
200.0,up,0.0,0.8,11,0.0,0.0,0.0
200.0,up,0.5,0.8,0,0.0,0.0,0.0
200.0,up,0.5,0.8,1,0.0,0.0,0.0
200.0,up,0.5,0.8,2,0.0,0.0,0.0
200.0,up,0.5,0.8,3,0.0,0.0,0.0
200.0,up,0.5,0.8,4,0.0,0.0,0.0
200.0,up,0.5,0.8,5,0.0,0.0,0.0
200.0,up,0.5,0.8,6,0.0,0.0,0.0
200.0,up,0.5,0.8,7,0.0,0.0,0.0
200.0,up,0.5,0.8,8,0.0,0.0,0.0
200.0,up,0.5,0.8,9,0.0,0.0,0.0
200.0,up,0.5,0.8,10,0.0,0.0,0.0
200.0,up,0.5,0.8,11,0.0,0.0,0.0
200.0,up,2.0,0.8,0,6.060096868765186e-14,6.060096868765186e-14,1.2120193737530372e-13
200.0,up,2.0,0.8,1,6.03161964818355e-14,6.031841692788475e-14,1.2063461340972025e-13
200.0,up,2.0,0.8,2,6.060096868765186e-14,6.060096868765186e-14,1.2120193737530372e-13
200.0,up,2.0,0.8,3,6.060096868765186e-14,6.060096868765186e-14,1.2120193737530372e-13
200.0,up,2.0,0.8,4,6.060096868765186e-14,6.060096868765186e-14,1.2120193737530372e-13
200.0,up,2.0,0.8,5,6.060096868765186e-14,6.060096868765186e-14,1.2120193737530372e-13
200.0,up,2.0,0.8,6,6.060096868765186e-14,6.060096868765186e-14,1.2120193737530372e-13
200.0,up,2.0,0.8,7,6.060096868765186e-14,6.060096868765186e-14,1.2120193737530372e-13
200.0,up,2.0,0.8,8,6.060096868765186e-14,6.060096868765186e-14,1.2120193737530372e-13
200.0,up,2.0,0.8,9,6.060096868765186e-14,6.060096868765186e-14,1.2120193737530372e-13
200.0,up,2.0,0.8,10,6.060096868765186e-14,6.060096868765186e-14,1.2120193737530372e-13
200.0,up,2.0,0.8,11,6.060096868765186e-14,6.060096868765186e-14,1.2120193737530372e-13
200.0,down,0.0,0.8,0,0.0,0.0,0.0
200.0,down,0.0,0.8,1,0.0,0.0,0.0
200.0,down,0.0,0.8,2,0.0,0.0,0.0
200.0,down,0.0,0.8,3,0.0,0.0,0.0
200.0,down,0.0,0.8,4,0.0,0.0,0.0
200.0,down,0.0,0.8,5,0.0,0.0,0.0
200.0,down,0.0,0.8,6,0.0,0.0,0.0
200.0,down,0.0,0.8,7,0.0,0.0,0.0
200.0,down,0.0,0.8,8,0.0,0.0,0.0
200.0,down,0.0,0.8,9,0.0,0.0,0.0
200.0,down,0.0,0.8,10,0.0,0.0,0.0
200.0,down,0.0,0.8,11,0.0,0.0,0.0
200.0,down,0.5,0.8,0,0.0,0.0,0.0
200.0,down,0.5,0.8,1,0.0,0.0,0.0
200.0,down,0.5,0.8,2,0.0,0.0,0.0
200.0,down,0.5,0.8,3,0.0,0.0,0.0
200.0,down,0.5,0.8,4,0.0,0.0,0.0
200.0,down,0.5,0.8,5,0.0,0.0,0.0
200.0,down,0.5,0.8,6,0.0,0.0,0.0
200.0,down,0.5,0.8,7,0.0,0.0,0.0
200.0,down,0.5,0.8,8,0.0,0.0,0.0
200.0,down,0.5,0.8,9,0.0,0.0,0.0
200.0,down,0.5,0.8,10,0.0,0.0,0.0
200.0,down,0.5,0.8,11,0.0,0.0,0.0
200.0,down,2.0,0.8,0,-2.1600499167107046e-14,-2.1458390619955026e-14,-4.3058889787062075e-14
200.0,down,2.0,0.8,1,0.0,0.0,0.0
200.0,down,2.0,0.8,2,0.0,0.0,0.0
200.0,down,2.0,0.8,3,0.0,0.0,0.0
200.0,down,2.0,0.8,4,0.0,0.0,0.0
200.0,down,2.0,0.8,5,0.0,0.0,0.0
200.0,down,2.0,0.8,6,0.0,0.0,0.0
200.0,down,2.0,0.8,7,0.0,0.0,0.0
200.0,down,2.0,0.8,8,0.0,0.0,0.0
200.0,down,2.0,0.8,9,0.0,0.0,0.0
200.0,down,2.0,0.8,10,0.0,0.0,0.0
200.0,down,2.0,0.8,11,0.0,0.0,0.0
200.0,fresh,0.0,0.9,0,0.0,0.0,0.0
200.0,fresh,0.0,0.9,1,0.0,0.0,0.0
200.0,fresh,0.0,0.9,2,0.0,0.0,0.0
200.0,fresh,0.0,0.9,3,0.0,0.0,0.0
200.0,fresh,0.0,0.9,4,0.0,0.0,0.0
200.0,fresh,0.0,0.9,5,0.0,0.0,0.0
200.0,fresh,0.0,0.9,6,0.0,0.0,0.0
200.0,fresh,0.0,0.9,7,0.0,0.0,0.0
200.0,fresh,0.0,0.9,8,0.0,0.0,0.0
200.0,fresh,0.0,0.9,9,0.0,0.0,0.0
200.0,fresh,0.0,0.9,10,0.0,0.0,0.0
200.0,fresh,0.0,0.9,11,0.0,0.0,0.0
200.0,fresh,0.5,0.9,0,0.0,0.0,0.0
200.0,fresh,0.5,0.9,1,0.0,0.0,0.0
200.0,fresh,0.5,0.9,2,0.0,0.0,0.0
200.0,fresh,0.5,0.9,3,0.0,0.0,0.0
200.0,fresh,0.5,0.9,4,0.0,0.0,0.0
200.0,fresh,0.5,0.9,5,0.0,0.0,0.0
200.0,fresh,0.5,0.9,6,0.0,0.0,0.0
200.0,fresh,0.5,0.9,7,0.0,0.0,0.0
200.0,fresh,0.5,0.9,8,0.0,0.0,0.0
200.0,fresh,0.5,0.9,9,0.0,0.0,0.0
200.0,fresh,0.5,0.9,10,0.0,0.0,0.0
200.0,fresh,0.5,0.9,11,0.0,0.0,0.0
200.0,fresh,2.0,0.9,0,8.592540012841709e-11,8.592540012841709e-11,1.7185080025683418e-10
200.0,fresh,2.0,0.9,1,1.5129141273106938e-10,1.5129141273106938e-10,3.0258282546213875e-10
200.0,fresh,2.0,0.9,2,9.166675085658937e-11,9.166675085658937e-11,1.8333350171317874e-10
200.0,fresh,2.0,0.9,3,1.0823060780928984e-10,1.0823060780928984e-10,2.1646121561857968e-10
200.0,fresh,2.0,0.9,4,9.287375535294018e-11,9.287375535294018e-11,1.8574751070588037e-10
200.0,fresh,2.0,0.9,5,9.52698886447223e-11,9.52698886447223e-11,1.905397772894446e-10
200.0,fresh,2.0,0.9,6,1.1990849091425559e-10,1.1990849091425559e-10,2.3981698182851117e-10
200.0,fresh,2.0,0.9,7,1.7535601859464123e-11,1.7535601859464123e-11,3.5071203718928246e-11
200.0,fresh,2.0,0.9,8,1.1639827324216866e-10,1.1639827324216866e-10,2.3279654648433733e-10
200.0,fresh,2.0,0.9,9,8.202071244411968e-12,8.202071244411968e-12,1.6404142488823937e-11
200.0,fresh,2.0,0.9,10,1.9900450176635332e-11,1.9900450176635332e-11,3.9800900353270664e-11
200.0,fresh,2.0,0.9,11,1.6712085937342634e-10,1.6712085937342634e-10,3.342417187468527e-10
200.0,up,0.0,0.9,0,0.0,0.0,0.0
200.0,up,0.0,0.9,1,0.0,0.0,0.0
200.0,up,0.0,0.9,2,0.0,0.0,0.0
200.0,up,0.0,0.9,3,0.0,0.0,0.0
200.0,up,0.0,0.9,4,0.0,0.0,0.0
200.0,up,0.0,0.9,5,0.0,0.0,0.0
200.0,up,0.0,0.9,6,0.0,0.0,0.0
200.0,up,0.0,0.9,7,0.0,0.0,0.0
200.0,up,0.0,0.9,8,0.0,0.0,0.0
200.0,up,0.0,0.9,9,0.0,0.0,0.0
200.0,up,0.0,0.9,10,0.0,0.0,0.0
200.0,up,0.0,0.9,11,0.0,0.0,0.0
200.0,up,0.5,0.9,0,0.0,0.0,0.0
200.0,up,0.5,0.9,1,0.0,0.0,0.0
200.0,up,0.5,0.9,2,0.0,0.0,0.0
200.0,up,0.5,0.9,3,0.0,0.0,0.0
200.0,up,0.5,0.9,4,0.0,0.0,0.0
200.0,up,0.5,0.9,5,0.0,0.0,0.0
200.0,up,0.5,0.9,6,0.0,0.0,0.0
200.0,up,0.5,0.9,7,0.0,0.0,0.0
200.0,up,0.5,0.9,8,0.0,0.0,0.0
200.0,up,0.5,0.9,9,0.0,0.0,0.0
200.0,up,0.5,0.9,10,0.0,0.0,0.0
200.0,up,0.5,0.9,11,0.0,0.0,0.0
200.0,up,2.0,0.9,0,2.1555743856538357e-11,2.1555743856538357e-11,4.3111487713076714e-11
200.0,up,2.0,0.9,1,2.1555477403012447e-11,2.1555477403012447e-11,4.3110954806024895e-11
200.0,up,2.0,0.9,2,2.1555743856538357e-11,2.1555743856538357e-11,4.3111487713076714e-11
200.0,up,2.0,0.9,3,2.1555743856538357e-11,2.1555743856538357e-11,4.3111487713076714e-11
200.0,up,2.0,0.9,4,2.1555743856538357e-11,2.1555743856538357e-11,4.3111487713076714e-11
200.0,up,2.0,0.9,5,2.1555743856538357e-11,2.1555743856538357e-11,4.3111487713076714e-11
200.0,up,2.0,0.9,6,2.1555743856538357e-11,2.1555743856538357e-11,4.3111487713076714e-11
200.0,up,2.0,0.9,7,2.1555743856538357e-11,2.1555743856538357e-11,4.3111487713076714e-11
200.0,up,2.0,0.9,8,2.1555743856538357e-11,2.1555743856538357e-11,4.3111487713076714e-11
200.0,up,2.0,0.9,9,2.1555743856538357e-11,2.1555743856538357e-11,4.3111487713076714e-11
200.0,up,2.0,0.9,10,2.1555743856538357e-11,2.1555743856538357e-11,4.3111487713076714e-11
200.0,up,2.0,0.9,11,2.1555743856538357e-11,2.1555743856538357e-11,4.3111487713076714e-11
200.0,down,0.0,0.9,0,0.0,0.0,0.0
200.0,down,0.0,0.9,1,0.0,0.0,0.0
200.0,down,0.0,0.9,2,0.0,0.0,0.0
200.0,down,0.0,0.9,3,0.0,0.0,0.0
200.0,down,0.0,0.9,4,0.0,0.0,0.0
200.0,down,0.0,0.9,5,0.0,0.0,0.0
200.0,down,0.0,0.9,6,0.0,0.0,0.0
200.0,down,0.0,0.9,7,0.0,0.0,0.0
200.0,down,0.0,0.9,8,0.0,0.0,0.0
200.0,down,0.0,0.9,9,0.0,0.0,0.0
200.0,down,0.0,0.9,10,0.0,0.0,0.0
200.0,down,0.0,0.9,11,0.0,0.0,0.0
200.0,down,0.5,0.9,0,0.0,0.0,0.0
200.0,down,0.5,0.9,1,0.0,0.0,0.0
200.0,down,0.5,0.9,2,0.0,0.0,0.0
200.0,down,0.5,0.9,3,0.0,0.0,0.0
200.0,down,0.5,0.9,4,0.0,0.0,0.0
200.0,down,0.5,0.9,5,0.0,0.0,0.0
200.0,down,0.5,0.9,6,0.0,0.0,0.0
200.0,down,0.5,0.9,7,0.0,0.0,0.0
200.0,down,0.5,0.9,8,0.0,0.0,0.0
200.0,down,0.5,0.9,9,0.0,0.0,0.0
200.0,down,0.5,0.9,10,0.0,0.0,0.0
200.0,down,0.5,0.9,11,0.0,0.0,0.0
200.0,down,2.0,0.9,0,-2.072994220725377e-11,-2.0730084315800923e-11,-4.146002652305469e-11
200.0,down,2.0,0.9,1,-2.0697825675597415e-11,-2.0697825675597415e-11,-4.139565135119483e-11
200.0,down,2.0,0.9,2,-2.069810989269172e-11,-2.069810989269172e-11,-4.139621978538344e-11
200.0,down,2.0,0.9,3,-2.0697825675597415e-11,-2.0697825675597415e-11,-4.139565135119483e-11
200.0,down,2.0,0.9,4,-2.0697825675597415e-11,-2.0697825675597415e-11,-4.139565135119483e-11
200.0,down,2.0,0.9,5,-2.069810989269172e-11,-2.069810989269172e-11,-4.139621978538344e-11
200.0,down,2.0,0.9,6,-2.069810989269172e-11,-2.069810989269172e-11,-4.139621978538344e-11
200.0,down,2.0,0.9,7,-2.069810989269172e-11,-2.069810989269172e-11,-4.139621978538344e-11
200.0,down,2.0,0.9,8,-2.0697825675597415e-11,-2.0697825675597415e-11,-4.139565135119483e-11
200.0,down,2.0,0.9,9,-2.069810989269172e-11,-2.069810989269172e-11,-4.139621978538344e-11
200.0,down,2.0,0.9,10,-2.069810989269172e-11,-2.069810989269172e-11,-4.139621978538344e-11
200.0,down,2.0,0.9,11,-2.0697825675597415e-11,-2.0697825675597415e-11,-4.139565135119483e-11
200.0,fresh,0.0,0.95,0,0.0,0.0,0.0
200.0,fresh,0.0,0.95,1,0.0,0.0,0.0
200.0,fresh,0.0,0.95,2,0.0,0.0,0.0
200.0,fresh,0.0,0.95,3,0.0,0.0,0.0
200.0,fresh,0.0,0.95,4,0.0,0.0,0.0
200.0,fresh,0.0,0.95,5,0.0,0.0,0.0
200.0,fresh,0.0,0.95,6,0.0,0.0,0.0
200.0,fresh,0.0,0.95,7,0.0,0.0,0.0
200.0,fresh,0.0,0.95,8,0.0,0.0,0.0
200.0,fresh,0.0,0.95,9,0.0,0.0,0.0
200.0,fresh,0.0,0.95,10,0.0,0.0,0.0
200.0,fresh,0.0,0.95,11,0.0,0.0,0.0
200.0,fresh,0.5,0.95,0,0.0,0.0,0.0
200.0,fresh,0.5,0.95,1,0.0,0.0,0.0
200.0,fresh,0.5,0.95,2,0.0,0.0,0.0
200.0,fresh,0.5,0.95,3,0.0,0.0,0.0
200.0,fresh,0.5,0.95,4,0.0,0.0,0.0
200.0,fresh,0.5,0.95,5,0.0,0.0,0.0
200.0,fresh,0.5,0.95,6,0.0,0.0,0.0
200.0,fresh,0.5,0.95,7,0.0,0.0,0.0
200.0,fresh,0.5,0.95,8,0.0,0.0,0.0
200.0,fresh,0.5,0.95,9,0.0,0.0,0.0
200.0,fresh,0.5,0.95,10,0.0,0.0,0.0
200.0,fresh,0.5,0.95,11,0.0,0.0,0.0
200.0,fresh,2.0,0.95,0,9.481693907797961e-09,9.481693907797961e-09,1.8963387815595922e-08
200.0,fresh,2.0,0.95,1,1.4001730187507277e-08,1.4001730187507277e-08,2.8003460375014554e-08
200.0,fresh,2.0,0.95,2,9.928216667676181e-09,9.928216667676181e-09,1.9856433335352363e-08
200.0,fresh,2.0,0.95,3,1.1149148905209571e-08,1.1149148905209571e-08,2.2298297810419142e-08
200.0,fresh,2.0,0.95,4,1.0023208359966063e-08,1.0023208359966063e-08,2.0046416719932126e-08
200.0,fresh,2.0,0.95,5,1.0202006465176439e-08,1.0202006465176439e-08,2.0404012930352877e-08
200.0,fresh,2.0,0.95,6,1.1962906902862613e-08,1.1962906902862613e-08,2.3925813805725227e-08
200.0,fresh,2.0,0.95,7,3.755703645857977e-09,3.755703645857977e-09,7.511407291715954e-09
200.0,fresh,2.0,0.95,8,1.1728458044757417e-08,1.1728458044757417e-08,2.3456916089514835e-08
200.0,fresh,2.0,0.95,9,2.460835953899121e-09,2.460835953899121e-09,4.921671907798242e-09
200.0,fresh,2.0,0.95,10,3.893023072798485e-09,3.893023072798485e-09,7.78604614559697e-09
200.0,fresh,2.0,0.95,11,1.4865944222286487e-08,1.4865944222286487e-08,2.9731888444572973e-08
200.0,up,0.0,0.95,0,0.0,0.0,0.0
200.0,up,0.0,0.95,1,0.0,0.0,0.0
200.0,up,0.0,0.95,2,0.0,0.0,0.0
200.0,up,0.0,0.95,3,0.0,0.0,0.0
200.0,up,0.0,0.95,4,0.0,0.0,0.0
200.0,up,0.0,0.95,5,0.0,0.0,0.0
200.0,up,0.0,0.95,6,0.0,0.0,0.0
200.0,up,0.0,0.95,7,0.0,0.0,0.0
200.0,up,0.0,0.95,8,0.0,0.0,0.0
200.0,up,0.0,0.95,9,0.0,0.0,0.0
200.0,up,0.0,0.95,10,0.0,0.0,0.0
200.0,up,0.0,0.95,11,0.0,0.0,0.0
200.0,up,0.5,0.95,0,0.0,0.0,0.0
200.0,up,0.5,0.95,1,0.0,0.0,0.0
200.0,up,0.5,0.95,2,0.0,0.0,0.0
200.0,up,0.5,0.95,3,0.0,0.0,0.0
200.0,up,0.5,0.95,4,0.0,0.0,0.0
200.0,up,0.5,0.95,5,0.0,0.0,0.0
200.0,up,0.5,0.95,6,0.0,0.0,0.0
200.0,up,0.5,0.95,7,0.0,0.0,0.0
200.0,up,0.5,0.95,8,0.0,0.0,0.0
200.0,up,0.5,0.95,9,0.0,0.0,0.0
200.0,up,0.5,0.95,10,0.0,0.0,0.0
200.0,up,0.5,0.95,11,0.0,0.0,0.0
200.0,up,2.0,0.95,0,2.0905646636038e-09,2.0905646636038e-09,4.1811293272076e-09
200.0,up,2.0,0.95,1,2.0905646636038e-09,2.090564664714023e-09,4.181129328317823e-09
200.0,up,2.0,0.95,2,2.0905646636038e-09,2.0905646636038e-09,4.1811293272076e-09
200.0,up,2.0,0.95,3,2.0905646636038e-09,2.0905646636038e-09,4.1811293272076e-09
200.0,up,2.0,0.95,4,2.0905646636038e-09,2.0905646636038e-09,4.1811293272076e-09
200.0,up,2.0,0.95,5,2.0905646636038e-09,2.0905646636038e-09,4.1811293272076e-09
200.0,up,2.0,0.95,6,2.0905646636038e-09,2.0905646636038e-09,4.1811293272076e-09
200.0,up,2.0,0.95,7,2.0905646636038e-09,2.0905646636038e-09,4.1811293272076e-09
200.0,up,2.0,0.95,8,2.0905646636038e-09,2.0905646636038e-09,4.1811293272076e-09
200.0,up,2.0,0.95,9,2.0905646636038e-09,2.0905646636038e-09,4.1811293272076e-09
200.0,up,2.0,0.95,10,2.0905646636038e-09,2.0905646636038e-09,4.1811293272076e-09
200.0,up,2.0,0.95,11,2.0905646636038e-09,2.0905646636038e-09,4.1811293272076e-09
200.0,down,0.0,0.95,0,0.0,0.0,0.0
200.0,down,0.0,0.95,1,0.0,0.0,0.0
200.0,down,0.0,0.95,2,0.0,0.0,0.0
200.0,down,0.0,0.95,3,0.0,0.0,0.0
200.0,down,0.0,0.95,4,0.0,0.0,0.0
200.0,down,0.0,0.95,5,0.0,0.0,0.0
200.0,down,0.0,0.95,6,0.0,0.0,0.0
200.0,down,0.0,0.95,7,0.0,0.0,0.0
200.0,down,0.0,0.95,8,0.0,0.0,0.0
200.0,down,0.0,0.95,9,0.0,0.0,0.0
200.0,down,0.0,0.95,10,0.0,0.0,0.0
200.0,down,0.0,0.95,11,0.0,0.0,0.0
200.0,down,0.5,0.95,0,0.0,0.0,0.0
200.0,down,0.5,0.95,1,0.0,0.0,0.0
200.0,down,0.5,0.95,2,0.0,0.0,0.0
200.0,down,0.5,0.95,3,0.0,0.0,0.0
200.0,down,0.5,0.95,4,0.0,0.0,0.0
200.0,down,0.5,0.95,5,0.0,0.0,0.0
200.0,down,0.5,0.95,6,0.0,0.0,0.0
200.0,down,0.5,0.95,7,0.0,0.0,0.0
200.0,down,0.5,0.95,8,0.0,0.0,0.0
200.0,down,0.5,0.95,9,0.0,0.0,0.0
200.0,down,0.5,0.95,10,0.0,0.0,0.0
200.0,down,0.5,0.95,11,0.0,0.0,0.0
200.0,down,2.0,0.95,0,-2.68877499820519e-09,-2.68877499820519e-09,-5.37754999641038e-09
200.0,down,2.0,0.95,1,-2.688730944555573e-09,-2.688730944555573e-09,-5.377461889111146e-09
200.0,down,2.0,0.95,2,-2.6887306603384787e-09,-2.6887306603384787e-09,-5.3774613206769574e-09
200.0,down,2.0,0.95,3,-2.688730944555573e-09,-2.688730944555573e-09,-5.377461889111146e-09
200.0,down,2.0,0.95,4,-2.688730944555573e-09,-2.688730944555573e-09,-5.377461889111146e-09
200.0,down,2.0,0.95,5,-2.688730944555573e-09,-2.688730944555573e-09,-5.377461889111146e-09
200.0,down,2.0,0.95,6,-2.688730944555573e-09,-2.688730944555573e-09,-5.377461889111146e-09
200.0,down,2.0,0.95,7,-2.6887306603384787e-09,-2.6887306603384787e-09,-5.3774613206769574e-09
200.0,down,2.0,0.95,8,-2.688730944555573e-09,-2.688730944555573e-09,-5.377461889111146e-09
200.0,down,2.0,0.95,9,-2.688730944555573e-09,-2.688730944555573e-09,-5.377461889111146e-09
200.0,down,2.0,0.95,10,-2.688730944555573e-09,-2.688730944555573e-09,-5.377461889111146e-09
200.0,down,2.0,0.95,11,-2.688730944555573e-09,-2.688730944555573e-09,-5.377461889111146e-09
200.0,fresh,0.0,0.98,0,0.0,0.0,0.0
200.0,fresh,0.0,0.98,1,0.0,0.0,0.0
200.0,fresh,0.0,0.98,2,0.0,0.0,0.0
200.0,fresh,0.0,0.98,3,0.0,0.0,0.0
200.0,fresh,0.0,0.98,4,0.0,0.0,0.0
200.0,fresh,0.0,0.98,5,0.0,0.0,0.0
200.0,fresh,0.0,0.98,6,0.0,0.0,0.0
200.0,fresh,0.0,0.98,7,0.0,0.0,0.0
200.0,fresh,0.0,0.98,8,0.0,0.0,0.0
200.0,fresh,0.0,0.98,9,0.0,0.0,0.0
200.0,fresh,0.0,0.98,10,0.0,0.0,0.0
200.0,fresh,0.0,0.98,11,0.0,0.0,0.0
200.0,fresh,0.5,0.98,0,3.2823699314121767e-12,3.2823699314121767e-12,6.5647398628243534e-12
200.0,fresh,0.5,0.98,1,4.977621648194486e-12,4.977621648194486e-12,9.955243296388971e-12
200.0,fresh,0.5,0.98,2,4.062643554902934e-12,4.062643554902934e-12,8.125287109805868e-12
200.0,fresh,0.5,0.98,3,4.388285290701788e-12,4.388285290701788e-12,8.776570581403576e-12
200.0,fresh,0.5,0.98,4,4.103871686922389e-12,4.103871686922389e-12,8.207743373844778e-12
200.0,fresh,0.5,0.98,5,4.149008914211549e-12,4.149008914211549e-12,8.298017828423098e-12
200.0,fresh,0.5,0.98,6,4.6960169086673885e-12,4.6960169086673885e-12,9.392033817334777e-12
200.0,fresh,0.5,0.98,7,2.3117219249968456e-12,2.3117219249968456e-12,4.623443849993691e-12
200.0,fresh,0.5,0.98,8,4.539133513503657e-12,4.539133513503657e-12,9.078267027007313e-12
200.0,fresh,0.5,0.98,9,5.38235678249066e-12,5.38235678249066e-12,1.076471356498132e-11
200.0,fresh,0.5,0.98,10,6.215574721579742e-12,6.215574721579742e-12,1.2431149443159483e-11
200.0,fresh,0.5,0.98,11,5.164642047361667e-12,5.164642047361667e-12,1.0329284094723334e-11
200.0,fresh,2.0,0.98,0,6.069951766729531e-07,6.069951766729531e-07,1.2139903533459062e-06
200.0,fresh,2.0,0.98,1,7.740435599279394e-07,7.740435599279394e-07,1.5480871198558787e-06
200.0,fresh,2.0,0.98,2,6.249953555981236e-07,6.249953555981236e-07,1.2499907111962471e-06
200.0,fresh,2.0,0.98,3,6.722191809549472e-07,6.722191809549472e-07,1.3444383619098944e-06
200.0,fresh,2.0,0.98,4,6.288350316496772e-07,6.288350316496772e-07,1.2576700632993543e-06
200.0,fresh,2.0,0.98,5,6.358322739108413e-07,6.358322739108413e-07,1.2716645478216826e-06
200.0,fresh,2.0,0.98,6,7.023455008769996e-07,7.023455008769996e-07,1.4046910017539992e-06
200.0,fresh,2.0,0.98,7,3.549862750551469e-07,3.549862750551469e-07,7.099725501102938e-07
200.0,fresh,2.0,0.98,8,6.939101949088311e-07,6.939101949088311e-07,1.3878203898176621e-06
200.0,fresh,2.0,0.98,9,2.741873220779567e-07,2.741873220779567e-07,5.483746441559134e-07
200.0,fresh,2.0,0.98,10,3.590557030797026e-07,3.590557030797026e-07,7.181114061594052e-07
200.0,fresh,2.0,0.98,11,8.013550417551585e-07,8.013550417551585e-07,1.602710083510317e-06
200.0,up,0.0,0.98,0,0.0,0.0,0.0
200.0,up,0.0,0.98,1,0.0,0.0,0.0
200.0,up,0.0,0.98,2,0.0,0.0,0.0
200.0,up,0.0,0.98,3,0.0,0.0,0.0
200.0,up,0.0,0.98,4,0.0,0.0,0.0
200.0,up,0.0,0.98,5,0.0,0.0,0.0
200.0,up,0.0,0.98,6,0.0,0.0,0.0
200.0,up,0.0,0.98,7,0.0,0.0,0.0
200.0,up,0.0,0.98,8,0.0,0.0,0.0
200.0,up,0.0,0.98,9,0.0,0.0,0.0
200.0,up,0.0,0.98,10,0.0,0.0,0.0
200.0,up,0.0,0.98,11,0.0,0.0,0.0
200.0,up,0.5,0.98,0,1.0370559966332848e-12,1.0370559966332848e-12,2.0741119932665696e-12
200.0,up,0.5,0.98,1,1.0370593273023587e-12,1.0370559966332848e-12,2.0741153239356437e-12
200.0,up,0.5,0.98,2,1.0370559966332848e-12,1.0370559966332848e-12,2.0741119932665696e-12
200.0,up,0.5,0.98,3,1.0370559966332848e-12,1.0370559966332848e-12,2.0741119932665696e-12
200.0,up,0.5,0.98,4,1.0370559966332848e-12,1.0370559966332848e-12,2.0741119932665696e-12
200.0,up,0.5,0.98,5,1.0370559966332848e-12,1.0370559966332848e-12,2.0741119932665696e-12
200.0,up,0.5,0.98,6,1.0370559966332848e-12,1.0370559966332848e-12,2.0741119932665696e-12
200.0,up,0.5,0.98,7,1.0370559966332848e-12,1.0370559966332848e-12,2.0741119932665696e-12
200.0,up,0.5,0.98,8,1.0370559966332848e-12,1.0370559966332848e-12,2.0741119932665696e-12
200.0,up,0.5,0.98,9,1.0370559966332848e-12,1.0370559966332848e-12,2.0741119932665696e-12
200.0,up,0.5,0.98,10,1.0370559966332848e-12,1.0370559966332848e-12,2.0741119932665696e-12
200.0,up,0.5,0.98,11,1.0370559966332848e-12,1.0370559966332848e-12,2.0741119932665696e-12
200.0,up,2.0,0.98,0,1.5892261080785454e-07,1.5892261080785454e-07,3.178452216157091e-07
200.0,up,2.0,0.98,1,1.5892261080896476e-07,1.5892261080785454e-07,3.178452216168193e-07
200.0,up,2.0,0.98,2,1.5892261080785454e-07,1.5892261080785454e-07,3.178452216157091e-07
200.0,up,2.0,0.98,3,1.5892261080785454e-07,1.5892261080785454e-07,3.178452216157091e-07
200.0,up,2.0,0.98,4,1.5892261080785454e-07,1.5892261080785454e-07,3.178452216157091e-07
200.0,up,2.0,0.98,5,1.5892261080785454e-07,1.5892261080785454e-07,3.178452216157091e-07
200.0,up,2.0,0.98,6,1.5892261080785454e-07,1.5892261080785454e-07,3.178452216157091e-07
200.0,up,2.0,0.98,7,1.5892261080785454e-07,1.5892261080785454e-07,3.178452216157091e-07
200.0,up,2.0,0.98,8,1.5892261080785454e-07,1.5892261080785454e-07,3.178452216157091e-07
200.0,up,2.0,0.98,9,1.5892261080785454e-07,1.5892261080785454e-07,3.178452216157091e-07
200.0,up,2.0,0.98,10,1.5892261080785454e-07,1.5892261080785454e-07,3.178452216157091e-07
200.0,up,2.0,0.98,11,1.5892261080785454e-07,1.5892261080785454e-07,3.178452216157091e-07
200.0,down,0.0,0.98,0,0.0,0.0,0.0
200.0,down,0.0,0.98,1,0.0,0.0,0.0
200.0,down,0.0,0.98,2,0.0,0.0,0.0
200.0,down,0.0,0.98,3,0.0,0.0,0.0
200.0,down,0.0,0.98,4,0.0,0.0,0.0
200.0,down,0.0,0.98,5,0.0,0.0,0.0
200.0,down,0.0,0.98,6,0.0,0.0,0.0
200.0,down,0.0,0.98,7,0.0,0.0,0.0
200.0,down,0.0,0.98,8,0.0,0.0,0.0
200.0,down,0.0,0.98,9,0.0,0.0,0.0
200.0,down,0.0,0.98,10,0.0,0.0,0.0
200.0,down,0.0,0.98,11,0.0,0.0,0.0
200.0,down,0.5,0.98,0,-6.690470399917103e-13,-6.690470399917103e-13,-1.3380940799834206e-12
200.0,down,0.5,0.98,1,-6.696154741803184e-13,-6.696154741803184e-13,-1.3392309483606368e-12
200.0,down,0.5,0.98,2,-6.690470399917103e-13,-6.690470399917103e-13,-1.3380940799834206e-12
200.0,down,0.5,0.98,3,-6.696154741803184e-13,-6.696154741803184e-13,-1.3392309483606368e-12
200.0,down,0.5,0.98,4,-6.696154741803184e-13,-6.696154741803184e-13,-1.3392309483606368e-12
200.0,down,0.5,0.98,5,-6.690470399917103e-13,-6.690470399917103e-13,-1.3380940799834206e-12
200.0,down,0.5,0.98,6,-6.696154741803184e-13,-6.696154741803184e-13,-1.3392309483606368e-12
200.0,down,0.5,0.98,7,-6.690470399917103e-13,-6.690470399917103e-13,-1.3380940799834206e-12
200.0,down,0.5,0.98,8,-6.696154741803184e-13,-6.696154741803184e-13,-1.3392309483606368e-12
200.0,down,0.5,0.98,9,-6.696154741803184e-13,-6.696154741803184e-13,-1.3392309483606368e-12
200.0,down,0.5,0.98,10,-6.696154741803184e-13,-6.696154741803184e-13,-1.3392309483606368e-12
200.0,down,0.5,0.98,11,-6.696154741803184e-13,-6.696154741803184e-13,-1.3392309483606368e-12
200.0,down,2.0,0.98,0,-1.2002348427131437e-07,-1.2002348427131437e-07,-2.4004696854262873e-07
200.0,down,2.0,0.98,1,-1.2002347745010412e-07,-1.2002347745010412e-07,-2.4004695490020824e-07
200.0,down,2.0,0.98,2,-1.200234777343212e-07,-1.200234777343212e-07,-2.400469554686424e-07
200.0,down,2.0,0.98,3,-1.200234777343212e-07,-1.200234777343212e-07,-2.400469554686424e-07
200.0,down,2.0,0.98,4,-1.200234777343212e-07,-1.200234777343212e-07,-2.400469554686424e-07
200.0,down,2.0,0.98,5,-1.200234777343212e-07,-1.200234777343212e-07,-2.400469554686424e-07
200.0,down,2.0,0.98,6,-1.200234777343212e-07,-1.200234777343212e-07,-2.400469554686424e-07
200.0,down,2.0,0.98,7,-1.200234777343212e-07,-1.200234777343212e-07,-2.400469554686424e-07
200.0,down,2.0,0.98,8,-1.200234777343212e-07,-1.200234777343212e-07,-2.400469554686424e-07
200.0,down,2.0,0.98,9,-1.200234777343212e-07,-1.200234777343212e-07,-2.400469554686424e-07
200.0,down,2.0,0.98,10,-1.200234788711896e-07,-1.200234788711896e-07,-2.400469577423792e-07
200.0,down,2.0,0.98,11,-1.200234777343212e-07,-1.200234777343212e-07,-2.400469554686424e-07
200.0,fresh,0.0,0.99,0,5.595524044110789e-16,3.219646771412954e-16,8.815170815523742e-16
200.0,fresh,0.0,0.99,1,7.271960811294775e-16,6.139533326177116e-16,1.3411494137471891e-15
200.0,fresh,0.0,0.99,2,-3.6637359812630164e-16,7.105427357601002e-16,3.441691376337986e-16
200.0,fresh,0.0,0.99,3,5.917488721252084e-16,6.272760089132135e-16,1.219024881038422e-15
200.0,fresh,0.0,0.99,4,6.0285110237146e-16,5.540012892879531e-16,1.1568523916594131e-15
200.0,fresh,0.0,0.99,5,5.950795411990839e-16,5.750955267558311e-16,1.1701750679549149e-15
200.0,fresh,0.0,0.99,6,7.394085344003543e-16,4.707345624410664e-16,1.2101430968414207e-15
200.0,fresh,0.0,0.99,7,2.886579864025407e-16,3.641531520770513e-16,6.52811138479592e-16
200.0,fresh,0.0,0.99,8,6.583622536027178e-16,5.8508753397745745e-16,1.2434497875801752e-15
200.0,fresh,0.0,0.99,9,3.019806626980426e-16,2.2870594307278225e-16,5.306866057708249e-16
200.0,fresh,0.0,0.99,10,3.907985046680551e-16,1.7763568394002506e-16,5.684341886080802e-16
200.0,fresh,0.0,0.99,11,9.992007221626409e-17,3.108624468950438e-16,4.107825191113079e-16
200.0,fresh,0.5,0.99,0,8.342674973071951e-10,8.342675883454831e-10,1.6685350856526782e-09
200.0,fresh,0.5,0.99,1,1.1257870302650019e-09,1.1257870280445559e-09,2.2515740583095578e-09
200.0,fresh,0.5,0.99,2,9.753841168080868e-10,9.75384125689871e-10,1.9507682424979575e-09
200.0,fresh,0.5,0.99,3,1.030256387979378e-09,1.030256387979378e-09,2.060512775958756e-09
200.0,fresh,0.5,0.99,4,9.82726338083495e-10,9.82726335863049e-10,1.965452673946544e-09
200.0,fresh,0.5,0.99,5,9.903345621342652e-10,9.903345621342652e-10,1.9806691242685305e-09
200.0,fresh,0.5,0.99,6,1.0803933137015775e-09,1.0803933092606855e-09,2.160786622962263e-09
200.0,fresh,0.5,0.99,7,6.61432003612461e-10,6.614320147146913e-10,1.3228640183271524e-09
200.0,fresh,0.5,0.99,8,1.055086993329013e-09,1.055086991108567e-09,2.11017398443758e-09
200.0,fresh,0.5,0.99,9,1.1893781959315675e-09,1.1893781959315675e-09,2.378756391863135e-09
200.0,fresh,0.5,0.99,10,1.3117672192919373e-09,1.311767212630599e-09,2.6235344319225365e-09
200.0,fresh,0.5,0.99,11,1.155083924064826e-09,1.155083930726164e-09,2.31016785479099e-09
200.0,fresh,2.0,0.99,0,4.541993098334807e-06,4.541993098334807e-06,9.083986196669614e-06
200.0,fresh,2.0,0.99,1,5.392547712896878e-06,5.392547712896878e-06,1.0785095425793756e-05
200.0,fresh,2.0,0.99,2,4.637229939044029e-06,4.637229939044029e-06,9.274459878088059e-06
200.0,fresh,2.0,0.99,3,4.8824900214794464e-06,4.8824900214794464e-06,9.764980042958893e-06
200.0,fresh,2.0,0.99,4,4.657525608134927e-06,4.657525608134927e-06,9.315051216269854e-06
200.0,fresh,2.0,0.99,5,4.694091891944696e-06,4.694091891944696e-06,9.388183783889392e-06
200.0,fresh,2.0,0.99,6,5.0358635659586425e-06,5.0358635659586425e-06,1.0071727131917285e-05
200.0,fresh,2.0,0.99,7,3.136210105342263e-06,3.136210105342263e-06,6.272420210684526e-06
200.0,fresh,2.0,0.99,8,4.99339056701742e-06,4.99339056701742e-06,9.98678113403484e-06
200.0,fresh,2.0,0.99,9,2.6122380408821756e-06,2.612238040895498e-06,5.224476081777673e-06
200.0,fresh,2.0,0.99,10,3.1547887947158683e-06,3.1547887947158683e-06,6.3095775894317365e-06
200.0,fresh,2.0,0.99,11,5.523058807810344e-06,5.523058807810344e-06,1.1046117615620687e-05
200.0,up,0.0,0.99,0,0.0,0.0,0.0
200.0,up,0.0,0.99,1,0.0,0.0,0.0
200.0,up,0.0,0.99,2,0.0,0.0,0.0
200.0,up,0.0,0.99,3,0.0,0.0,0.0
200.0,up,0.0,0.99,4,0.0,0.0,0.0
200.0,up,0.0,0.99,5,0.0,0.0,0.0
200.0,up,0.0,0.99,6,0.0,0.0,0.0
200.0,up,0.0,0.99,7,0.0,0.0,0.0
200.0,up,0.0,0.99,8,0.0,0.0,0.0
200.0,up,0.0,0.99,9,0.0,0.0,0.0
200.0,up,0.0,0.99,10,0.0,0.0,0.0
200.0,up,0.0,0.99,11,0.0,0.0,0.0
200.0,up,0.5,0.99,0,1.8217106045881338e-10,1.8217106045881338e-10,3.6434212091762675e-10
200.0,up,0.5,0.99,1,1.8217106045881338e-10,1.8217106045881338e-10,3.6434212091762675e-10
200.0,up,0.5,0.99,2,1.8217106045881338e-10,1.8217106045881338e-10,3.6434212091762675e-10
200.0,up,0.5,0.99,3,1.8217106045881338e-10,1.8217106045881338e-10,3.6434212091762675e-10
200.0,up,0.5,0.99,4,1.8217106045881338e-10,1.8217106045881338e-10,3.6434212091762675e-10
200.0,up,0.5,0.99,5,1.8217106045881338e-10,1.8217106045881338e-10,3.6434212091762675e-10
200.0,up,0.5,0.99,6,1.8217106045881338e-10,1.8217106045881338e-10,3.6434212091762675e-10
200.0,up,0.5,0.99,7,1.8217106045881338e-10,1.8217106045881338e-10,3.6434212091762675e-10
200.0,up,0.5,0.99,8,1.8217106045881338e-10,1.8217106045881338e-10,3.6434212091762675e-10
200.0,up,0.5,0.99,9,1.8217106045881338e-10,1.8217106045881338e-10,3.6434212091762675e-10
200.0,up,0.5,0.99,10,1.8217106045881338e-10,1.8217106045881338e-10,3.6434212091762675e-10
200.0,up,0.5,0.99,11,1.8217106045881338e-10,1.8217106045881338e-10,3.6434212091762675e-10
200.0,up,2.0,0.99,0,8.611709773964638e-07,8.611709773964638e-07,1.7223419547929276e-06
200.0,up,2.0,0.99,1,8.611709773953536e-07,8.611709773964638e-07,1.7223419547918174e-06
200.0,up,2.0,0.99,2,8.611709773964638e-07,8.611709773964638e-07,1.7223419547929276e-06
200.0,up,2.0,0.99,3,8.611709773964638e-07,8.611709773964638e-07,1.7223419547929276e-06
200.0,up,2.0,0.99,4,8.611709773964638e-07,8.611709773964638e-07,1.7223419547929276e-06
200.0,up,2.0,0.99,5,8.611709773964638e-07,8.611709773964638e-07,1.7223419547929276e-06
200.0,up,2.0,0.99,6,8.611709773964638e-07,8.611709773964638e-07,1.7223419547929276e-06
200.0,up,2.0,0.99,7,8.611709773964638e-07,8.611709773964638e-07,1.7223419547929276e-06
200.0,up,2.0,0.99,8,8.611709773964638e-07,8.611709773964638e-07,1.7223419547929276e-06
200.0,up,2.0,0.99,9,8.611709773964638e-07,8.611709773964638e-07,1.7223419547929276e-06
200.0,up,2.0,0.99,10,8.611709773964638e-07,8.611709773964638e-07,1.7223419547929276e-06
200.0,up,2.0,0.99,11,8.611709773964638e-07,8.611709773964638e-07,1.7223419547929276e-06
200.0,down,0.0,0.99,0,0.0,0.0,0.0
200.0,down,0.0,0.99,1,0.0,0.0,0.0
200.0,down,0.0,0.99,2,0.0,0.0,0.0
200.0,down,0.0,0.99,3,0.0,0.0,0.0
200.0,down,0.0,0.99,4,0.0,0.0,0.0
200.0,down,0.0,0.99,5,0.0,0.0,0.0
200.0,down,0.0,0.99,6,0.0,0.0,0.0
200.0,down,0.0,0.99,7,0.0,0.0,0.0
200.0,down,0.0,0.99,8,0.0,0.0,0.0
200.0,down,0.0,0.99,9,0.0,0.0,0.0
200.0,down,0.0,0.99,10,0.0,0.0,0.0
200.0,down,0.0,0.99,11,0.0,0.0,0.0
200.0,down,0.5,0.99,0,-1.8135779100703076e-10,-1.8135779100703076e-10,-3.627155820140615e-10
200.0,down,0.5,0.99,1,-1.8135779100703076e-10,-1.8135779100703076e-10,-3.627155820140615e-10
200.0,down,0.5,0.99,2,-1.8135779100703076e-10,-1.8135779100703076e-10,-3.627155820140615e-10
200.0,down,0.5,0.99,3,-1.8135779100703076e-10,-1.8135779100703076e-10,-3.627155820140615e-10
200.0,down,0.5,0.99,4,-1.8135779100703076e-10,-1.8135779100703076e-10,-3.627155820140615e-10
200.0,down,0.5,0.99,5,-1.8135779100703076e-10,-1.8135779100703076e-10,-3.627155820140615e-10
200.0,down,0.5,0.99,6,-1.8135779100703076e-10,-1.8135779100703076e-10,-3.627155820140615e-10
200.0,down,0.5,0.99,7,-1.8135779100703076e-10,-1.8135779100703076e-10,-3.627155820140615e-10
200.0,down,0.5,0.99,8,-1.8135779100703076e-10,-1.8135779100703076e-10,-3.627155820140615e-10
200.0,down,0.5,0.99,9,-1.8135779100703076e-10,-1.8135779100703076e-10,-3.627155820140615e-10
200.0,down,0.5,0.99,10,-1.8135779100703076e-10,-1.8135779100703076e-10,-3.627155820140615e-10
200.0,down,0.5,0.99,11,-1.8135779100703076e-10,-1.8135779100703076e-10,-3.627155820140615e-10
200.0,down,2.0,0.99,0,-8.61674544410107e-07,-8.616745445522156e-07,-1.7233490889623227e-06
200.0,down,2.0,0.99,1,-8.58158564653877e-07,-8.58158564653877e-07,-1.716317129307754e-06
200.0,down,2.0,0.99,2,-8.57981441413358e-07,-8.57981441413358e-07,-1.715962882826716e-06
200.0,down,2.0,0.99,3,-8.578606221476547e-07,-8.578606221476547e-07,-1.7157212442953095e-06
200.0,down,2.0,0.99,4,-8.580675375924329e-07,-8.580675375924329e-07,-1.7161350751848658e-06
200.0,down,2.0,0.99,5,-8.582639549103987e-07,-8.582639549103987e-07,-1.7165279098207975e-06
200.0,down,2.0,0.99,6,-8.580534520774563e-07,-8.580534520774563e-07,-1.7161069041549126e-06
200.0,down,2.0,0.99,7,-8.580081029663234e-07,-8.580081029663234e-07,-1.7160162059326468e-06
200.0,down,2.0,0.99,8,-8.58055551589132e-07,-8.58055551589132e-07,-1.716111103178264e-06
200.0,down,2.0,0.99,9,-8.581106371252645e-07,-8.581106371252645e-07,-1.716221274250529e-06
200.0,down,2.0,0.99,10,-8.587021829953301e-07,-8.587021829953301e-07,-1.7174043659906602e-06
200.0,down,2.0,0.99,11,-8.581313340982888e-07,-8.581313340982888e-07,-1.7162626681965776e-06
200.0,fresh,0.0,0.995,0,2.7070612418356178e-12,2.2912449715306594e-12,4.9983062133662776e-12
200.0,fresh,0.0,0.995,1,2.2933599463925702e-12,2.0830726032983195e-12,4.37643254969089e-12
200.0,fresh,0.0,0.995,2,-2.7080893083564206e-13,2.218151218258413e-12,1.947342287422771e-12
200.0,fresh,0.0,0.995,3,2.0415558132924617e-12,2.107556351660378e-12,4.14911216495284e-12
200.0,fresh,0.0,0.995,4,2.05065298075624e-12,1.9571566589604572e-12,4.007809639716697e-12
200.0,fresh,0.0,0.995,5,2.0370716224960007e-12,2.0001589273732636e-12,4.037230549869264e-12
200.0,fresh,0.0,0.995,6,2.317115388450475e-12,1.803426297186661e-12,4.120541685637136e-12
200.0,fresh,0.0,0.995,7,1.4355450161929184e-12,1.5951817644577205e-12,3.030726780650639e-12
200.0,fresh,0.0,0.995,8,2.173149438178257e-12,2.0349599783031636e-12,4.20810941648142e-12
200.0,fresh,0.0,0.995,9,2.3399016058078813e-12,2.1997026422582166e-12,4.5396042480660976e-12
200.0,fresh,0.0,0.995,10,2.4837376599862183e-12,2.0927104493750902e-12,4.576448109361308e-12
200.0,fresh,0.0,0.995,11,1.996316445485036e-12,2.3841728591378343e-12,4.38048930462287e-12
200.0,fresh,0.5,0.995,0,3.88274192608673e-08,3.882751838824028e-08,7.765493764910758e-08
200.0,fresh,0.5,0.995,1,4.8088968173098936e-08,4.8088965912684856e-08,9.617793408578379e-08
200.0,fresh,0.5,0.995,2,4.345461804500239e-08,4.345462782828768e-08,8.690924587329007e-08
200.0,fresh,0.5,0.995,3,4.5172899646450656e-08,4.517290031036403e-08,9.034579995681468e-08
200.0,fresh,0.5,0.995,4,4.3691292699321596e-08,4.36912916002008e-08,8.73825842995224e-08
200.0,fresh,0.5,0.995,5,4.3929865540803806e-08,4.3929865118919055e-08,8.785973065972285e-08
200.0,fresh,0.5,0.995,6,4.670988929089681e-08,4.6709885320739275e-08,9.341977461163609e-08
200.0,fresh,0.5,0.995,7,3.313134803839546e-08,3.3131361421023795e-08,6.626270945941925e-08
200.0,fresh,0.5,0.995,8,4.593873294878037e-08,4.593873160541051e-08,9.187746455419088e-08
200.0,fresh,0.5,0.995,9,4.9987213852631386e-08,4.9987211638846675e-08,9.997442549147806e-08
200.0,fresh,0.5,0.995,10,5.3503368979690434e-08,5.350336369502884e-08,1.0700673267471927e-07
200.0,fresh,0.5,0.995,11,4.896245047625314e-08,4.896245410002109e-08,9.792490457627423e-08
200.0,fresh,2.0,0.995,0,1.7168838162302525e-05,1.7168838162302525e-05,3.433767632460505e-05
200.0,fresh,2.0,0.995,1,1.941508676423731e-05,1.941508676423731e-05,3.883017352847462e-05
200.0,fresh,2.0,0.995,2,1.7426513027010148e-05,1.7426513027010148e-05,3.4853026054020296e-05
200.0,fresh,2.0,0.995,3,1.8082330344623144e-05,1.8082330344623144e-05,3.616466068924629e-05
200.0,fresh,2.0,0.995,4,1.748134899841158e-05,1.748134899841158e-05,3.496269799682316e-05
200.0,fresh,2.0,0.995,5,1.757954568450959e-05,1.757954568450959e-05,3.515909136901918e-05
200.0,fresh,2.0,0.995,6,1.8487243017328846e-05,1.8487243017328846e-05,3.697448603465769e-05
200.0,fresh,2.0,0.995,7,1.3212956293628952e-05,1.3212956293637834e-05,2.6425912587266787e-05
200.0,fresh,2.0,0.995,8,1.8375815546699535e-05,1.8375815546699535e-05,3.675163109339907e-05
200.0,fresh,2.0,0.995,9,1.15925414824114e-05,1.1592541486477037e-05,2.3185082968888435e-05
200.0,fresh,2.0,0.995,10,1.3259249915512638e-05,1.3259249915739124e-05,2.6518499831251762e-05
200.0,fresh,2.0,0.995,11,1.974689060046497e-05,1.974689060046497e-05,3.949378120092994e-05
200.0,up,0.0,0.995,0,3.6320169094494757e-13,3.6320169094494757e-13,7.264033818898951e-13
200.0,up,0.0,0.995,1,3.6320169094494757e-13,3.6320169094494757e-13,7.264033818898951e-13
200.0,up,0.0,0.995,2,3.6320169094494757e-13,3.6320169094494757e-13,7.264033818898951e-13
200.0,up,0.0,0.995,3,3.6320169094494757e-13,3.6320169094494757e-13,7.264033818898951e-13
200.0,up,0.0,0.995,4,3.6320169094494757e-13,3.6320169094494757e-13,7.264033818898951e-13
200.0,up,0.0,0.995,5,3.6320169094494757e-13,3.6320169094494757e-13,7.264033818898951e-13
200.0,up,0.0,0.995,6,3.6320169094494757e-13,3.6320169094494757e-13,7.264033818898951e-13
200.0,up,0.0,0.995,7,3.6320169094494757e-13,3.6320169094494757e-13,7.264033818898951e-13
200.0,up,0.0,0.995,8,3.6320169094494757e-13,3.6320169094494757e-13,7.264033818898951e-13
200.0,up,0.0,0.995,9,3.6320169094494757e-13,3.6320169094494757e-13,7.264033818898951e-13
200.0,up,0.0,0.995,10,3.6320169094494757e-13,3.6320169094494757e-13,7.264033818898951e-13
200.0,up,0.0,0.995,11,3.6320169094494757e-13,3.6320169094494757e-13,7.264033818898951e-13
200.0,up,0.5,0.995,0,7.905223370352487e-09,7.905223370352487e-09,1.5810446740704975e-08
200.0,up,0.5,0.995,1,7.905223373683157e-09,7.905223369242265e-09,1.5810446742925422e-08
200.0,up,0.5,0.995,2,7.905223370352487e-09,7.905223370352487e-09,1.5810446740704975e-08
200.0,up,0.5,0.995,3,7.905223370352487e-09,7.905223370352487e-09,1.5810446740704975e-08
200.0,up,0.5,0.995,4,7.905223370352487e-09,7.905223370352487e-09,1.5810446740704975e-08
200.0,up,0.5,0.995,5,7.905223370352487e-09,7.905223370352487e-09,1.5810446740704975e-08
200.0,up,0.5,0.995,6,7.905223370352487e-09,7.905223370352487e-09,1.5810446740704975e-08
200.0,up,0.5,0.995,7,7.905223370352487e-09,7.905223370352487e-09,1.5810446740704975e-08
200.0,up,0.5,0.995,8,7.905223370352487e-09,7.905223370352487e-09,1.5810446740704975e-08
200.0,up,0.5,0.995,9,7.905223370352487e-09,7.905223370352487e-09,1.5810446740704975e-08
200.0,up,0.5,0.995,10,7.905223370352487e-09,7.905223370352487e-09,1.5810446740704975e-08
200.0,up,0.5,0.995,11,7.905223370352487e-09,7.905223370352487e-09,1.5810446740704975e-08
200.0,up,2.0,0.995,0,3.117251464819226e-06,3.117251464819226e-06,6.234502929638452e-06
200.0,up,2.0,0.995,1,3.117251464819226e-06,3.117251464818116e-06,6.234502929637342e-06
200.0,up,2.0,0.995,2,3.117251464819226e-06,3.117251464819226e-06,6.234502929638452e-06
200.0,up,2.0,0.995,3,3.117251464819226e-06,3.117251464819226e-06,6.234502929638452e-06
200.0,up,2.0,0.995,4,3.117251464819226e-06,3.117251464819226e-06,6.234502929638452e-06
200.0,up,2.0,0.995,5,3.117251464819226e-06,3.117251464819226e-06,6.234502929638452e-06
200.0,up,2.0,0.995,6,3.117251464819226e-06,3.117251464819226e-06,6.234502929638452e-06
200.0,up,2.0,0.995,7,3.117251464819226e-06,3.117251464819226e-06,6.234502929638452e-06
200.0,up,2.0,0.995,8,3.117251464819226e-06,3.117251464819226e-06,6.234502929638452e-06
200.0,up,2.0,0.995,9,3.117251464819226e-06,3.117251464819226e-06,6.234502929638452e-06
200.0,up,2.0,0.995,10,3.117251464819226e-06,3.117251464819226e-06,6.234502929638452e-06
200.0,up,2.0,0.995,11,3.117251464819226e-06,3.117251464819226e-06,6.234502929638452e-06
200.0,down,0.0,0.995,0,-1.695070750429295e-12,-1.701891960692592e-12,-3.3969627111218873e-12
200.0,down,0.0,0.995,1,-1.6996182239381596e-12,-1.7109869077103213e-12,-3.410605131648481e-12
200.0,down,0.0,0.995,2,-1.688249540165998e-12,-1.7041656974470243e-12,-3.3924152376130223e-12
200.0,down,0.0,0.995,3,-1.716671249596402e-12,-1.7075763025786727e-12,-3.4242475521750745e-12
200.0,down,0.0,0.995,4,-1.7132606444647536e-12,-1.7473666957812383e-12,-3.4606273402459917e-12
200.0,down,0.0,0.995,5,-1.716671249596402e-12,-1.7257661966141313e-12,-3.4424374462105335e-12
200.0,down,0.0,0.995,6,-1.700755092315376e-12,-1.6393641999457031e-12,-3.3401192922610792e-12
200.0,down,0.0,0.995,7,-1.6802914615254848e-12,-1.6757439880166203e-12,-3.356035449542105e-12
200.0,down,0.0,0.995,8,-1.7030288290698082e-12,-1.716671249596402e-12,-3.41970007866621e-12
200.0,down,0.0,0.995,9,-1.6984813555609434e-12,-1.7030288290698082e-12,-3.401510184630752e-12
200.0,down,0.0,0.995,10,-1.6973444871837273e-12,-1.7109869077103213e-12,-3.4083313948940486e-12
200.0,down,0.0,0.995,11,-1.72917680174578e-12,-1.6973444871837273e-12,-3.426521288929507e-12
200.0,down,0.5,0.995,0,-3.779082305754855e-08,-3.779082305754855e-08,-7.55816461150971e-08
200.0,down,0.5,0.995,1,-4.47455261110008e-08,-4.474543061405711e-08,-8.949095672505792e-08
200.0,down,0.5,0.995,2,-3.900868250639178e-08,-3.900868250639178e-08,-7.801736501278356e-08
200.0,down,0.5,0.995,3,-3.98624962372196e-08,-3.98624962372196e-08,-7.97249924744392e-08
200.0,down,0.5,0.995,4,-3.7932439909127427e-08,-3.7932439909127427e-08,-7.586487981825485e-08
200.0,down,0.5,0.995,5,-3.6149689890407896e-08,-3.6149689890407896e-08,-7.229937978081579e-08
200.0,down,0.5,0.995,6,-3.6905580600432584e-08,-3.6905580600432584e-08,-7.381116120086517e-08
200.0,down,0.5,0.995,7,-3.7601994904434834e-08,-3.7601994904434834e-08,-7.520398980886967e-08
200.0,down,0.5,0.995,8,-3.974870935508079e-08,-3.974870935508079e-08,-7.949741871016158e-08
200.0,down,0.5,0.995,9,-4.149110566231684e-08,-4.149110452544846e-08,-8.29822101877653e-08
200.0,down,0.5,0.995,10,-4.1780821220527286e-08,-4.178082008365891e-08,-8.356164130418619e-08
200.0,down,0.5,0.995,11,-3.845460241791443e-08,-3.845460241791443e-08,-7.690920483582886e-08
200.0,down,2.0,0.995,0,-4.8244112838347065e-05,-4.824411324577227e-05,-9.648822608411934e-05
200.0,down,2.0,0.995,1,-1.1832492018584162e-05,-1.1832492018584162e-05,-2.3664984037168325e-05
200.0,down,2.0,0.995,2,-9.921850048044688e-06,-9.921850048044688e-06,-1.9843700096089377e-05
200.0,down,2.0,0.995,3,-8.614159214346272e-06,-8.614159214346272e-06,-1.7228318428692545e-05
200.0,down,2.0,0.995,4,-1.0851576741117697e-05,-1.0851576741117697e-05,-2.1703153482235393e-05
200.0,down,2.0,0.995,5,-1.296569491955779e-05,-1.296569491955779e-05,-2.593138983911558e-05
200.0,down,2.0,0.995,6,-1.0699498853625755e-05,-1.0699498853625755e-05,-2.139899770725151e-05
200.0,down,2.0,0.995,7,-1.0209982512492388e-05,-1.0209982512492388e-05,-2.0419965024984777e-05
200.0,down,2.0,0.995,8,-1.0722190580736424e-05,-1.0722190580736424e-05,-2.1444381161472847e-05
200.0,down,2.0,0.995,9,-1.1316264990739454e-05,-1.1316264990739454e-05,-2.263252998147891e-05
200.0,down,2.0,0.995,10,-1.7649296034676353e-05,-1.7649296034676353e-05,-3.5298592069352706e-05
200.0,down,2.0,0.995,11,-1.153922563986498e-05,-1.153922563986498e-05,-2.307845127972996e-05
200.0,fresh,0.0,1.0,0,2.5470639057787457e-05,2.5154728439151785e-05,5.062536749693924e-05
200.0,fresh,0.0,1.0,1,2.51558903666238e-05,2.497516780913145e-05,5.0131058175755254e-05
200.0,fresh,0.0,1.0,2,2.0794526611679354e-05,2.5093031843043124e-05,4.588755845472248e-05
200.0,fresh,0.0,1.0,3,2.493758050765571e-05,2.4997029324826948e-05,4.993460983248266e-05
200.0,fresh,0.0,1.0,4,2.4945870798215307e-05,2.485908560303396e-05,4.9804956401249266e-05
200.0,fresh,0.0,1.0,5,2.4933476215460715e-05,2.4899431274141294e-05,4.983290748960201e-05
200.0,fresh,0.0,1.0,6,2.5175345679059323e-05,2.4708500366282805e-05,4.9883846045342125e-05
200.0,fresh,0.0,1.0,7,2.4302357816664565e-05,2.4487202797692787e-05,4.8789560614357356e-05
200.0,fresh,0.0,1.0,8,2.5054500797595526e-05,2.493154390476149e-05,4.9986044702357015e-05
200.0,fresh,0.0,1.0,9,2.519437096418109e-05,2.507789255889792e-05,5.0272263523079005e-05
200.0,fresh,0.0,1.0,10,2.5307286643183602e-05,2.498439593600743e-05,5.029168257919103e-05
200.0,fresh,0.0,1.0,11,2.4896475263664896e-05,2.5229809499744958e-05,5.0126284763409854e-05
200.0,fresh,0.5,1.0,0,4.874495486117958e-05,4.8750761012974486e-05,9.749571587415406e-05
200.0,fresh,0.5,1.0,1,5.0345115420171725e-05,5.0345022308224685e-05,0.00010069013772839641
200.0,fresh,0.5,1.0,2,4.958624230533837e-05,4.95867160267649e-05,9.917295833210327e-05
200.0,fresh,0.5,1.0,3,4.987544313765468e-05,4.9875473313225615e-05,9.97509164508803e-05
200.0,fresh,0.5,1.0,4,4.962770046281983e-05,4.962764781645035e-05,9.925534827927018e-05
200.0,fresh,0.5,1.0,5,4.9668017546227186e-05,4.9667997514508674e-05,9.933601506073586e-05
200.0,fresh,0.5,1.0,6,5.01253971504334e-05,5.0125225605561765e-05,0.00010025062275599517
200.0,fresh,0.5,1.0,7,4.7662487198284474e-05,4.766343500360315e-05,9.532592220188762e-05
200.0,fresh,0.5,1.0,8,5.0001099328806916e-05,5.0001039837308526e-05,0.00010000213916611545
200.0,fresh,0.5,1.0,9,5.063883552014925e-05,5.063874978216365e-05,0.0001012775853023129
200.0,fresh,0.5,1.0,10,5.115337032245648e-05,5.1153186689321117e-05,0.0001023065570117776
200.0,fresh,0.5,1.0,11,5.0480482141519456e-05,5.048062741874304e-05,0.0001009611095602625
200.0,fresh,2.0,1.0,0,0.00012186020812929744,0.0001218602081293374,0.00024372041625863482
200.0,fresh,2.0,1.0,1,0.0001274779154647454,0.00012747791546474318,0.0002549558309294886
200.0,fresh,2.0,1.0,2,0.00012252270501243669,0.00012252270501244555,0.00024504541002488226
200.0,fresh,2.0,1.0,3,0.00012418612699323982,0.00012418612699323982,0.00024837225398647965
200.0,fresh,2.0,1.0,4,0.00012266340102266903,0.00012266340102266903,0.00024532680204533805
200.0,fresh,2.0,1.0,5,0.00012291374827664181,0.00012291374827664181,0.00024582749655328363
200.0,fresh,2.0,1.0,6,0.0001251981000706881,0.00012519810007068587,0.00025039620014137397
200.0,fresh,2.0,1.0,7,0.00011117349595085146,0.00011117349595821002,0.00022234699190906148
200.0,fresh,2.0,1.0,8,0.00012492151340829594,0.00012492151340829594,0.0002498430268165919
200.0,fresh,2.0,1.0,9,0.00010628638781952082,0.0001062863924122337,0.00021257278023175451
200.0,fresh,2.0,1.0,10,0.00011128147763228235,0.0001112814778162019,0.00022256295544848426
200.0,fresh,2.0,1.0,11,0.00012827321051985584,0.00012827321051985584,0.0002565464210397117
200.0,up,0.0,1.0,0,2.1648504398148473e-05,2.1648504398148473e-05,4.3297008796296945e-05
200.0,up,0.0,1.0,1,2.1648504398148473e-05,2.1648504398148473e-05,4.3297008796296945e-05
200.0,up,0.0,1.0,2,2.1648504398148473e-05,2.1648504398148473e-05,4.3297008796296945e-05
200.0,up,0.0,1.0,3,2.1648504398148473e-05,2.1648504398148473e-05,4.3297008796296945e-05
200.0,up,0.0,1.0,4,2.1648504398148473e-05,2.1648504398148473e-05,4.3297008796296945e-05
200.0,up,0.0,1.0,5,2.1648504398148473e-05,2.1648504398148473e-05,4.3297008796296945e-05
200.0,up,0.0,1.0,6,2.1648504398148473e-05,2.1648504398148473e-05,4.3297008796296945e-05
200.0,up,0.0,1.0,7,2.1648504398148473e-05,2.1648504398148473e-05,4.3297008796296945e-05
200.0,up,0.0,1.0,8,2.1648504398148473e-05,2.1648504398148473e-05,4.3297008796296945e-05
200.0,up,0.0,1.0,9,2.1648504398148473e-05,2.1648504398148473e-05,4.3297008796296945e-05
200.0,up,0.0,1.0,10,2.1648504398148473e-05,2.1648504398148473e-05,4.3297008796296945e-05
200.0,up,0.0,1.0,11,2.1648504398148473e-05,2.1648504398148473e-05,4.3297008796296945e-05
200.0,up,0.5,1.0,0,3.788937738604781e-05,3.788937738604781e-05,7.577875477209562e-05
200.0,up,0.5,1.0,1,3.78893773860467e-05,3.788937738604781e-05,7.577875477209451e-05
200.0,up,0.5,1.0,2,3.788937738604781e-05,3.788937738604781e-05,7.577875477209562e-05
200.0,up,0.5,1.0,3,3.788937738604781e-05,3.788937738604781e-05,7.577875477209562e-05
200.0,up,0.5,1.0,4,3.788937738604781e-05,3.788937738604781e-05,7.577875477209562e-05
200.0,up,0.5,1.0,5,3.788937738604781e-05,3.788937738604781e-05,7.577875477209562e-05
200.0,up,0.5,1.0,6,3.788937738604781e-05,3.788937738604781e-05,7.577875477209562e-05
200.0,up,0.5,1.0,7,3.788937738604781e-05,3.788937738604781e-05,7.577875477209562e-05
200.0,up,0.5,1.0,8,3.788937738604781e-05,3.788937738604781e-05,7.577875477209562e-05
200.0,up,0.5,1.0,9,3.788937738604781e-05,3.788937738604781e-05,7.577875477209562e-05
200.0,up,0.5,1.0,10,3.788937738604781e-05,3.788937738604781e-05,7.577875477209562e-05
200.0,up,0.5,1.0,11,3.788937738604781e-05,3.788937738604781e-05,7.577875477209562e-05
200.0,up,2.0,1.0,0,6.670319464943564e-05,6.670319464943564e-05,0.00013340638929887127
200.0,up,2.0,1.0,1,6.670319464943564e-05,6.670319464943675e-05,0.00013340638929887238
200.0,up,2.0,1.0,2,6.670319464943564e-05,6.670319464943564e-05,0.00013340638929887127
200.0,up,2.0,1.0,3,6.670319464943564e-05,6.670319464943564e-05,0.00013340638929887127
200.0,up,2.0,1.0,4,6.670319464943564e-05,6.670319464943564e-05,0.00013340638929887127
200.0,up,2.0,1.0,5,6.670319464943564e-05,6.670319464943564e-05,0.00013340638929887127
200.0,up,2.0,1.0,6,6.670319464943564e-05,6.670319464943564e-05,0.00013340638929887127
200.0,up,2.0,1.0,7,6.670319464943564e-05,6.670319464943564e-05,0.00013340638929887127
200.0,up,2.0,1.0,8,6.670319464943564e-05,6.670319464943564e-05,0.00013340638929887127
200.0,up,2.0,1.0,9,6.670319464943564e-05,6.670319464943564e-05,0.00013340638929887127
200.0,up,2.0,1.0,10,6.670319464943564e-05,6.670319464943564e-05,0.00013340638929887127
200.0,up,2.0,1.0,11,6.670319464943564e-05,6.670319464943564e-05,0.00013340638929887127
200.0,down,0.0,1.0,0,2.2791254551748352e-05,2.094851871447645e-05,4.37397732662248e-05
200.0,down,0.0,1.0,1,2.0960669961596067e-05,1.750895220880011e-05,3.846962217039618e-05
200.0,down,0.0,1.0,2,2.5508093478947558e-05,2.0182074656531768e-05,4.5690168135479326e-05
200.0,down,0.0,1.0,3,1.592496062016835e-05,1.8203115683945725e-05,3.412807630411408e-05
200.0,down,0.0,1.0,4,1.6328037494304225e-05,9.030598524759626e-06,2.535863601906385e-05
200.0,down,0.0,1.0,5,1.5711574370698145e-05,1.3478573406473515e-05,2.919014777717166e-05
200.0,down,0.0,1.0,6,2.1154064171469145e-05,5.518020555996372e-05,7.633426973143286e-05
200.0,down,0.0,1.0,7,2.866585781930553e-05,3.107083154418433e-05,5.973668936348986e-05
200.0,down,0.0,1.0,8,1.9541531479490004e-05,1.560768468493734e-05,3.514921616442734e-05
200.0,down,0.0,1.0,9,2.1326487558326335e-05,1.994880091615414e-05,4.1275288474480476e-05
200.0,down,0.0,1.0,10,2.2103588169102295e-05,1.781820708174564e-05,3.9921795250847934e-05
200.0,down,0.0,1.0,11,1.3234886775990162e-05,2.1610512503684732e-05,3.48453992796749e-05
200.0,down,0.5,1.0,0,4.584155470979567e-05,4.584684895348801e-05,9.168840366328369e-05
200.0,down,0.5,1.0,1,1.6431734479738225e-08,9.304916460450841e-07,9.469233805248223e-07
200.0,down,0.5,1.0,2,2.790351667954383e-05,2.7909315323313423e-05,5.581283200285725e-05
200.0,down,0.5,1.0,3,1.9277606868968176e-05,1.9231682524036843e-05,3.850928939300502e-05
200.0,down,0.5,1.0,4,4.33275317072912e-05,4.3328703128509005e-05,8.66562348358002e-05
200.0,down,0.5,1.0,5,8.763766739718903e-05,8.763639403639445e-05,0.00017527406143358348
200.0,down,0.5,1.0,6,6.50167358037379e-05,6.501826663452448e-05,0.0001300350024382624
200.0,down,0.5,1.0,7,4.9413921087761994e-05,4.940890054854208e-05,9.882282163630408e-05
200.0,down,0.5,1.0,8,2.0270443980621165e-05,2.025384824548837e-05,4.0524292226109535e-05
200.0,down,0.5,1.0,9,8.537520680533816e-06,8.616033970270109e-06,1.7153554650803927e-05
200.0,down,0.5,1.0,10,7.211934187125734e-06,7.328941723017124e-06,1.4540875910142858e-05
200.0,down,0.5,1.0,11,3.509197939990827e-05,3.510868000319078e-05,7.020065940309904e-05
200.0,down,2.0,1.0,0,0.00011610533544370583,0.00011610582917256806,0.0002322111646162739
200.0,down,2.0,1.0,1,6.873961287823249e-05,6.873961287766406e-05,0.00013747922575589654
200.0,down,2.0,1.0,2,0.00019125172503379418,0.0001912517250377732,0.0003825034500715674
200.0,down,2.0,1.0,3,0.0004092111062800541,0.0004092111063420134,0.0008184222126220675
200.0,down,2.0,1.0,4,0.00011620123935102811,0.00011620123935045967,0.00023240247870148778
200.0,down,2.0,1.0,5,3.617824673881387e-05,3.617824674051917e-05,7.235649347933304e-05
200.0,down,2.0,1.0,6,0.00012597741543061148,0.00012597741542720088,0.0002519548308578123
200.0,down,2.0,1.0,7,0.00016361841671624688,0.00016361841672022593,0.0003272368334364728
200.0,down,2.0,1.0,8,0.0001244674318354555,0.00012446743183488706,0.00024893486367034257
200.0,down,2.0,1.0,9,9.07568096937439e-05,9.07568096937439e-05,0.0001815136193874878
200.0,down,2.0,1.0,10,3.659172591596871e-09,3.6591720231626823e-09,7.318344614759553e-09
200.0,down,2.0,1.0,11,8.05450892298154e-05,8.054508922924697e-05,0.00016109017845906238
200.0,fresh,0.0,1.005,0,0.09495585966943264,0.0948337506560032,0.18978961032543584
200.0,fresh,0.0,1.005,1,0.09483412667569675,0.09478091063079878,0.18961503730649554
200.0,fresh,0.0,1.005,2,0.09456690622709109,0.0948144439175258,0.18938135014461688
200.0,fresh,0.0,1.005,3,0.09477106569445443,0.09478681843946181,0.18955788413391622
200.0,fresh,0.0,1.005,4,0.09477320379088956,0.09475171571475703,0.1895249195056466
200.0,fresh,0.0,1.005,5,0.09477001404894328,0.09476146293869611,0.1895314769876394
200.0,fresh,0.0,1.005,6,0.09484049325548603,0.09471874332341237,0.1895592365788984
200.0,fresh,0.0,1.005,7,0.09465161634750009,0.0946787139017143,0.1893303302492144
200.0,fresh,0.0,1.005,8,0.09480301680655975,0.09476952049757882,0.1895725373041386
200.0,fresh,0.0,1.005,9,0.09484684991173158,0.0948098980362737,0.18965674794800527
200.0,fresh,0.0,1.005,10,0.0948874130622859,0.09478338781633486,0.18967080087862076
200.0,fresh,0.0,1.005,11,0.09476073475519138,0.09485904603271444,0.1896197807879058
200.0,fresh,0.5,1.005,0,0.030891003100263267,0.03089090384855093,0.0617819069488142
200.0,fresh,0.5,1.005,1,0.061855511811979576,0.06185633333921131,0.12371184515119088
200.0,fresh,0.5,1.005,2,0.030869350741093066,0.030870050000635755,0.06173940074172882
200.0,fresh,0.5,1.005,3,0.061936853755260445,0.06193667325458337,0.12387352700984382
200.0,fresh,0.5,1.005,4,0.06194408502205456,0.06194438308792847,0.12388846810998302
200.0,fresh,0.5,1.005,5,0.06195306245180201,0.06195317136012674,0.12390623381192875
200.0,fresh,0.5,1.005,6,0.061626918613303945,0.06163043742011382,0.12325735603341777
200.0,fresh,0.5,1.005,7,0.030844142130741794,0.030843829857448036,0.06168797198818983
200.0,fresh,0.5,1.005,8,0.06191407766250542,0.061914476450582755,0.12382855411308819
200.0,fresh,0.5,1.005,9,0.06183899425039613,0.061839813333232456,0.12367880758362859
200.0,fresh,0.5,1.005,10,0.06142215103945091,0.06142924711240303,0.12285139815185395
200.0,fresh,0.5,1.005,11,0.06173051116849331,0.061728396785792033,0.12345890795428535
200.0,fresh,2.0,1.005,0,0.030844038040863286,-0.0005718884943521818,0.030272149546511105
200.0,fresh,2.0,1.005,1,0.030739768002784412,0.03073976800280726,0.06147953600559167
200.0,fresh,2.0,1.005,2,0.03085294209351693,-0.0005629844339900814,0.03028995765952685
200.0,fresh,2.0,1.005,3,0.030760524728544403,0.03076052472854042,0.06152104945708482
200.0,fresh,2.0,1.005,4,0.030756358765257886,0.030756358765269318,0.0615127175305272
200.0,fresh,2.0,1.005,5,0.03076360195391725,0.030763601953920833,0.061527203907838085
200.0,fresh,2.0,1.005,6,0.030720932915674667,0.030720932915708897,0.061441865831383564
200.0,fresh,2.0,1.005,7,0.030863030509829383,-0.0005528959349466555,0.030310134574882727
200.0,fresh,2.0,1.005,8,0.03075680380656817,0.030756803806576142,0.06151360761314431
200.0,fresh,2.0,1.005,9,0.030917496929825164,-0.0004983114513513287,0.030419185478473835
200.0,fresh,2.0,1.005,10,0.030890016150300684,-0.0005259081024616308,0.030364108047839053
200.0,fresh,2.0,1.005,11,0.030721711762029,0.03072171176199036,0.06144342352401936
200.0,up,0.0,1.005,0,0.09499712045371066,0.09499712045371066,0.1899942409074213
200.0,up,0.0,1.005,1,0.09499712045371066,0.09499712045371066,0.1899942409074213
200.0,up,0.0,1.005,2,0.09499712045371066,0.09499712045371066,0.1899942409074213
200.0,up,0.0,1.005,3,0.09499712045371066,0.09499712045371066,0.1899942409074213
200.0,up,0.0,1.005,4,0.09499712045371066,0.09499712045371066,0.1899942409074213
200.0,up,0.0,1.005,5,0.09499712045371066,0.09499712045371066,0.1899942409074213
200.0,up,0.0,1.005,6,0.09499712045371066,0.09499712045371066,0.1899942409074213
200.0,up,0.0,1.005,7,0.09499712045371066,0.09499712045371066,0.1899942409074213
200.0,up,0.0,1.005,8,0.09499712045371066,0.09499712045371066,0.1899942409074213
200.0,up,0.0,1.005,9,0.09499712045371066,0.09499712045371066,0.1899942409074213
200.0,up,0.0,1.005,10,0.09499712045371066,0.09499712045371066,0.1899942409074213
200.0,up,0.0,1.005,11,0.09499712045371066,0.09499712045371066,0.1899942409074213
200.0,up,0.5,1.005,0,0.03406593290980106,0.03406593290980106,0.06813186581960212
200.0,up,0.5,1.005,1,0.034065932909800305,0.034065932909800305,0.06813186581960061
200.0,up,0.5,1.005,2,0.03406593290980106,0.03406593290980106,0.06813186581960212
200.0,up,0.5,1.005,3,0.03406593290980106,0.03406593290980106,0.06813186581960212
200.0,up,0.5,1.005,4,0.03406593290980106,0.03406593290980106,0.06813186581960212
200.0,up,0.5,1.005,5,0.03406593290980106,0.03406593290980106,0.06813186581960212
200.0,up,0.5,1.005,6,0.03406593290980106,0.03406593290980106,0.06813186581960212
200.0,up,0.5,1.005,7,0.03406593290980106,0.03406593290980106,0.06813186581960212
200.0,up,0.5,1.005,8,0.03406593290980106,0.03406593290980106,0.06813186581960212
200.0,up,0.5,1.005,9,0.03406593290980106,0.03406593290980106,0.06813186581960212
200.0,up,0.5,1.005,10,0.03406593290980106,0.03406593290980106,0.06813186581960212
200.0,up,0.5,1.005,11,0.03406593290980106,0.03406593290980106,0.06813186581960212
200.0,up,2.0,1.005,0,0.002456964783036786,0.002456964783036786,0.004913929566073572
200.0,up,2.0,1.005,1,0.0024569647830367993,0.0024569647830367993,0.004913929566073599
200.0,up,2.0,1.005,2,0.002456964783036786,0.002456964783036786,0.004913929566073572
200.0,up,2.0,1.005,3,0.002456964783036786,0.002456964783036786,0.004913929566073572
200.0,up,2.0,1.005,4,0.002456964783036786,0.002456964783036786,0.004913929566073572
200.0,up,2.0,1.005,5,0.002456964783036786,0.002456964783036786,0.004913929566073572
200.0,up,2.0,1.005,6,0.002456964783036786,0.002456964783036786,0.004913929566073572
200.0,up,2.0,1.005,7,0.002456964783036786,0.002456964783036786,0.004913929566073572
200.0,up,2.0,1.005,8,0.002456964783036786,0.002456964783036786,0.004913929566073572
200.0,up,2.0,1.005,9,0.002456964783036786,0.002456964783036786,0.004913929566073572
200.0,up,2.0,1.005,10,0.002456964783036786,0.002456964783036786,0.004913929566073572
200.0,up,2.0,1.005,11,0.002456964783036786,0.002456964783036786,0.004913929566073572
200.0,down,0.0,1.005,0,0.11368067661108966,0.09542771192412487,0.20910838853521452
200.0,down,0.0,1.005,1,0.09543558588518863,0.09475786523532634,0.19019345112051497
200.0,down,0.0,1.005,2,0.09726330110067352,0.09509660102129032,0.19235990212196385
200.0,down,0.0,1.005,3,0.0946963118388021,0.09480177649352982,0.18949808833233192
200.0,down,0.0,1.005,4,0.0947085293751718,0.09461109421101468,0.18931962358618648
200.0,down,0.0,1.005,5,0.09469052439814846,0.09464860852776269,0.18933913292591115
200.0,down,0.0,1.005,6,0.09557909753104354,0.0945512808605656,0.19013037839160915
200.0,down,0.0,1.005,7,0.09468197985270194,0.09459137432168632,0.18927335417438826
200.0,down,0.0,1.005,8,0.09495425226859425,0.09468785776721006,0.1896421100358043
200.0,down,0.0,1.005,9,0.09574398850924468,0.0950359864434597,0.19077997495270438
200.0,down,0.0,1.005,10,0.09771377651713464,0.09477559857241885,0.1924893750895535
200.0,down,0.0,1.005,11,0.09464544278985727,0.09613691685699564,0.19078235964685292
200.0,down,0.5,1.005,0,0.03016877259017292,0.029620917118121495,0.059789689708294416
200.0,down,0.5,1.005,1,0.030716356458232782,0.030752374999868267,0.06146873145810105
200.0,down,0.5,1.005,2,0.030841948152554435,0.030842354338978452,0.06168430249153289
200.0,down,0.5,1.005,3,0.030791008852417007,0.030787526188947822,0.06157853504136483
200.0,down,0.5,1.005,4,0.030458314293526884,0.030440434947637415,0.0608987492411643
200.0,down,0.5,1.005,5,0.031253484233956214,0.03132421469038604,0.06257769892434226
200.0,down,0.5,1.005,6,0.033117179715519,0.001851827104466679,0.03496900681998568
200.0,down,0.5,1.005,7,0.005305842574778126,0.03533354432741362,0.040639386902191744
200.0,down,0.5,1.005,8,0.030795440906325668,0.03079412630858201,0.06158956721490767
200.0,down,0.5,1.005,9,0.030689121399009877,0.03069314437813034,0.06138226577714022
200.0,down,0.5,1.005,10,0.03067499217884688,0.030680733977342244,0.06135572615618912
200.0,down,0.5,1.005,11,0.030873335855000617,0.030868097908217464,0.061741433763218084
200.0,down,2.0,1.005,0,0.03026841938551044,-0.001147482481031119,0.02912093690447932
200.0,down,2.0,1.005,1,0.030779656825369556,-0.0006362696585244976,0.03014338716684506
200.0,down,2.0,1.005,2,0.0015593975780569735,0.0015593975799683335,0.003118795158025307
200.0,down,2.0,1.005,3,0.0024014524076775958,0.0024014424247693,0.004802894832446896
200.0,down,2.0,1.005,4,0.025976327818455616,-0.003471931614882351,0.022504396203573265
200.0,down,2.0,1.005,5,-0.0005763327513653849,0.030839593783471172,0.030263261032105786
200.0,down,2.0,1.005,6,0.003913017541486568,0.003910671461334516,0.007823689002821084
200.0,down,2.0,1.005,7,0.0016885279799325303,0.0016885280247562662,0.0033770560046887965
200.0,down,2.0,1.005,8,0.004726673261837675,0.0046990045068722,0.009425677768709874
200.0,down,2.0,1.005,9,0.03039884067742918,-0.0010170841361562565,0.02938175654127292
200.0,down,2.0,1.005,10,0.03058813843659493,-0.0008277876965252062,0.029760350740069726
200.0,down,2.0,1.005,11,0.030642035289116337,-0.00077389090093817,0.029868144388178166
200.0,fresh,0.0,1.01,0,0.1322676704790005,0.14448022678038064,0.27674789725938115
200.0,fresh,0.0,1.01,1,0.14442491554679004,0.15039807287172904,0.29482298841851906
200.0,fresh,0.0,1.01,2,0.15535449381824185,0.14710422134284476,0.3024587151610866
200.0,fresh,0.0,1.01,3,0.15108943564941296,0.14992996178107337,0.30101939743048634
200.0,fresh,0.0,1.01,4,0.15094805150325416,0.15218115707182053,0.3031292085750747
200.0,fresh,0.0,1.01,5,0.15115729814937884,0.15167065458674503,0.30282795273612384
200.0,fresh,0.0,1.01,6,0.14347318517733412,0.15346863729664167,0.2969418224739758
200.0,fresh,0.0,1.01,7,0.154906936393382,0.1544530960050349,0.3093600323984169
200.0,fresh,0.0,1.01,8,0.14840892996827354,0.1511887731594396,0.29959770312771317
200.0,fresh,0.0,1.01,9,0.14250578012478482,0.14764698458611683,0.2901527647109017
200.0,fresh,0.0,1.01,10,0.13697882254669147,0.1502069624684309,0.2871857850151224
200.0,fresh,0.0,1.01,11,0.15171139132710582,0.14066723587919638,0.2923786272063022
200.0,fresh,0.5,1.01,0,0.03291707551536022,0.03266355755181224,0.06558063306717246
200.0,fresh,0.5,1.01,1,0.06356155004910434,0.06356066009660369,0.12712221014570801
200.0,fresh,0.5,1.01,2,0.0324856304158119,0.03248017465226271,0.06496580506807462
200.0,fresh,0.5,1.01,3,0.06352916904437154,0.06352937295136935,0.1270585419957409
200.0,fresh,0.5,1.01,4,0.06351466060533423,0.06351433160147155,0.12702899220680577
200.0,fresh,0.5,1.01,5,0.0635178311217058,0.06351770900096762,0.12703554012267343
200.0,fresh,0.5,1.01,6,0.06356993909703462,0.0635672162731803,0.12713715537021492
200.0,fresh,0.5,1.01,7,0.03253848029934348,0.032519998102498296,0.06505847840184178
200.0,fresh,0.5,1.01,8,0.06353666086836943,0.06353621554867295,0.12707287641704237
200.0,fresh,0.5,1.01,9,0.06358388605978849,0.06358298394025888,0.12716687000004737
200.0,fresh,0.5,1.01,10,0.06370259017094235,0.06369752904796427,0.12740011921890662
200.0,fresh,0.5,1.01,11,0.06358320351944573,0.0635851807397943,0.12716838425924004
200.0,fresh,2.0,1.01,0,0.03037280392827448,-0.0010421928065954033,0.029330611121679076
200.0,fresh,2.0,1.01,1,0.030359905644374977,0.030359904013590823,0.0607198096579658
200.0,fresh,2.0,1.01,2,0.030509613030835263,-0.0009057949973400814,0.029603818033495183
200.0,fresh,2.0,1.01,3,0.03015439152099753,0.030154393458198668,0.0603087849791962
200.0,fresh,2.0,1.01,4,0.029976697553806546,0.029976684585266287,0.059953382139072836
200.0,fresh,2.0,1.01,5,0.0300329336915704,0.030032929878802316,0.06006586357037272
200.0,fresh,2.0,1.01,6,0.03012638144010749,0.030126375360320968,0.06025275680042846
200.0,fresh,2.0,1.01,7,0.009199047121602612,0.009066229678774535,0.018265276800377147
200.0,fresh,2.0,1.01,8,0.030209967068743036,0.030209964598759166,0.0604199316675022
200.0,fresh,2.0,1.01,9,0.0011048854571032195,0.03077144777396806,0.03187633323107128
200.0,fresh,2.0,1.01,10,0.008673987825929527,0.008689842522668774,0.0173638303485983
200.0,fresh,2.0,1.01,11,0.03036631496298953,0.0303663165539791,0.06073263151696863
200.0,up,0.0,1.01,0,0.12735080295335577,0.12735080295335577,0.25470160590671154
200.0,up,0.0,1.01,1,0.12735080295335577,0.12735080295335577,0.25470160590671154
200.0,up,0.0,1.01,2,0.12735080295335577,0.12735080295335577,0.25470160590671154
200.0,up,0.0,1.01,3,0.12735080295335577,0.12735080295335577,0.25470160590671154
200.0,up,0.0,1.01,4,0.12735080295335577,0.12735080295335577,0.25470160590671154
200.0,up,0.0,1.01,5,0.12735080295335577,0.12735080295335577,0.25470160590671154
200.0,up,0.0,1.01,6,0.12735080295335577,0.12735080295335577,0.25470160590671154
200.0,up,0.0,1.01,7,0.12735080295335577,0.12735080295335577,0.25470160590671154
200.0,up,0.0,1.01,8,0.12735080295335577,0.12735080295335577,0.25470160590671154
200.0,up,0.0,1.01,9,0.12735080295335577,0.12735080295335577,0.25470160590671154
200.0,up,0.0,1.01,10,0.12735080295335577,0.12735080295335577,0.25470160590671154
200.0,up,0.0,1.01,11,0.12735080295335577,0.12735080295335577,0.25470160590671154
200.0,up,0.5,1.01,0,0.09096618931749995,0.09096618931749995,0.1819323786349999
200.0,up,0.5,1.01,1,0.0909661893174995,0.09096618931749952,0.181932378634999
200.0,up,0.5,1.01,2,0.09096618931749995,0.09096618931749995,0.1819323786349999
200.0,up,0.5,1.01,3,0.09096618931749995,0.09096618931749995,0.1819323786349999
200.0,up,0.5,1.01,4,0.09096618931749995,0.09096618931749995,0.1819323786349999
200.0,up,0.5,1.01,5,0.09096618931749995,0.09096618931749995,0.1819323786349999
200.0,up,0.5,1.01,6,0.09096618931749995,0.09096618931749995,0.1819323786349999
200.0,up,0.5,1.01,7,0.09096618931749995,0.09096618931749995,0.1819323786349999
200.0,up,0.5,1.01,8,0.09096618931749995,0.09096618931749995,0.1819323786349999
200.0,up,0.5,1.01,9,0.09096618931749995,0.09096618931749995,0.1819323786349999
200.0,up,0.5,1.01,10,0.09096618931749995,0.09096618931749995,0.1819323786349999
200.0,up,0.5,1.01,11,0.09096618931749995,0.09096618931749995,0.1819323786349999
200.0,up,2.0,1.01,0,0.03119780742790412,0.03119780742790412,0.06239561485580824
200.0,up,2.0,1.01,1,0.03119780742790412,0.03119780742790412,0.06239561485580824
200.0,up,2.0,1.01,2,0.03119780742790412,0.03119780742790412,0.06239561485580824
200.0,up,2.0,1.01,3,0.03119780742790412,0.03119780742790412,0.06239561485580824
200.0,up,2.0,1.01,4,0.03119780742790412,0.03119780742790412,0.06239561485580824
200.0,up,2.0,1.01,5,0.03119780742790412,0.03119780742790412,0.06239561485580824
200.0,up,2.0,1.01,6,0.03119780742790412,0.03119780742790412,0.06239561485580824
200.0,up,2.0,1.01,7,0.03119780742790412,0.03119780742790412,0.06239561485580824
200.0,up,2.0,1.01,8,0.03119780742790412,0.03119780742790412,0.06239561485580824
200.0,up,2.0,1.01,9,0.03119780742790412,0.03119780742790412,0.06239561485580824
200.0,up,2.0,1.01,10,0.03119780742790412,0.03119780742790412,0.06239561485580824
200.0,up,2.0,1.01,11,0.03119780742790412,0.03119780742790412,0.06239561485580824
200.0,down,0.0,1.01,0,0.1271305103905263,0.12767944110194662,0.25480995149247293
200.0,down,0.0,1.01,1,0.12767101055547528,0.14688333739140488,0.27455434794688016
200.0,down,0.0,1.01,2,0.13021826674648082,0.12844293224212378,0.2586611989886046
200.0,down,0.0,1.01,3,0.15274757946544354,0.13878219927750593,0.2915297787429495
200.0,down,0.0,1.01,4,0.15205872730959413,0.15513354551178396,0.30719227282137807
200.0,down,0.0,1.01,5,0.15302534180778593,0.1544222831081288,0.3074476249159147
200.0,down,0.0,1.01,6,0.12754829374190763,0.15572652029839104,0.28327481404029864
200.0,down,0.0,1.01,7,0.15445522796224395,0.1553053090789308,0.3097605370411748
200.0,down,0.0,1.01,8,0.1296797632091807,0.15314436322524216,0.2828241264344229
200.0,down,0.0,1.01,9,0.12745545336833972,0.12880370867247962,0.25625916204081933
200.0,down,0.0,1.01,10,0.12719149037971988,0.1437248872557018,0.27091637763542165
200.0,down,0.0,1.01,11,0.1544967788146505,0.1273319954446697,0.2818287742593202
200.0,down,0.5,1.01,0,0.032351291269206967,0.032356298224784724,0.06470758949399169
200.0,down,0.5,1.01,1,0.06159379455603016,0.06159861536323888,0.12319240991926904
200.0,down,0.5,1.01,2,0.05972141719999684,0.028902764297149018,0.08862418149714585
200.0,down,0.5,1.01,3,0.029572142528573975,0.06094141951746678,0.09051356204604076
200.0,down,0.5,1.01,4,0.03240595493903243,0.0324012654616763,0.06480722040070873
200.0,down,0.5,1.01,5,0.030458954697862167,0.0613392815914591,0.09179823628932127
200.0,down,0.5,1.01,6,0.03348410629691102,0.03393658068747186,0.06742068698438289
200.0,down,0.5,1.01,7,0.03244470157836872,0.032427584854990525,0.06487228643335924
200.0,down,0.5,1.01,8,0.029492599404267707,0.060834844368061455,0.09032744377232917
200.0,down,0.5,1.01,9,0.06099653292130427,0.029622066587584754,0.09061859950888902
200.0,down,0.5,1.01,10,0.061042080534539876,0.02967769731798228,0.09071977785252215
200.0,down,0.5,1.01,11,0.033399600233407226,0.03284584677477028,0.0662454470081775
200.0,down,2.0,1.01,0,-0.00015782151778765297,0.0312581049527229,0.03110028343493525
200.0,down,2.0,1.01,1,0.03065130391366722,-0.0007644984087903595,0.02988680550487686
200.0,down,2.0,1.01,2,-0.00011099482466860877,0.03130493169864835,0.03119393687397974
200.0,down,2.0,1.01,3,-0.0001159199939024802,0.031300006534548286,0.031184086540645806
200.0,down,2.0,1.01,4,0.03126390507822691,-0.00015202142709370037,0.031111883651133213
200.0,down,2.0,1.01,5,0.030507300365137838,-0.0009083708474398123,0.029598929517698026
200.0,down,2.0,1.01,6,0.03128254796862109,-0.00013337855203701565,0.03114916941658407
200.0,down,2.0,1.01,7,-0.00011440621086421743,0.03130152031242346,0.031187114101559246
200.0,down,2.0,1.01,8,0.03127546660377448,-0.00014045991715534001,0.031135006686619136
200.0,down,2.0,1.01,9,0.031156467906514537,-0.00025945828303918005,0.030897009623475358
200.0,down,2.0,1.01,10,-0.0002034503433850432,0.031212476009264377,0.031009025665879333
200.0,down,2.0,1.01,11,0.031049087131322893,-0.0003668372445989121,0.03068224988672398
200.0,fresh,0.0,1.02,0,0.1899377214907641,0.1900418080577786,0.3799795295485427
200.0,fresh,0.0,1.02,1,0.1900411590659509,0.19017296465847275,0.38021412372442365
200.0,fresh,0.0,1.02,2,0.21713691407438154,0.190079697668778,0.40721661174315954
200.0,fresh,0.0,1.02,3,0.19020931242941008,0.19015338496758663,0.3803626973969967
200.0,fresh,0.0,1.02,4,0.19020099367795257,0.19029725932472213,0.3804982530026747
200.0,fresh,0.0,1.02,5,0.19021349584883113,0.19024991221445575,0.3804634080632869
200.0,fresh,0.0,1.02,6,0.19003063070307433,0.1905216512777723,0.3805522819808466
200.0,fresh,0.0,1.02,7,0.1917911032537016,0.1910464232907414,0.38283752654444303
200.0,fresh,0.0,1.02,8,0.1901069851302662,0.1902154804732929,0.3803224656035591
200.0,fresh,0.0,1.02,9,0.19002093917148652,0.19009007142268988,0.3801110105941764
200.0,fresh,0.0,1.02,10,0.18997476671476776,0.19016456404689897,0.3801393307616667
200.0,fresh,0.0,1.02,11,0.1902532227834137,0.19000441658492576,0.38025763936833945
200.0,fresh,0.5,1.02,0,0.06089722498667051,0.06095608768888255,0.12185331267555305
200.0,fresh,0.5,1.02,1,0.09545278871367024,0.09543946125522265,0.1908922499688929
200.0,fresh,0.5,1.02,2,0.03800381490895534,0.06647958803506814,0.10448340294402347
200.0,fresh,0.5,1.02,3,0.095262744809728,0.09526482878271152,0.19052757359243952
200.0,fresh,0.5,1.02,4,0.09521900766552331,0.09521575460561021,0.19043476227113354
200.0,fresh,0.5,1.02,5,0.09521898331987964,0.09521782137197049,0.19043680469185015
200.0,fresh,0.5,1.02,6,0.09596889326897222,0.09582165234533642,0.19179054561430864
200.0,fresh,0.5,1.02,7,0.04339870913987807,0.06418894640968296,0.10758765554956104
200.0,fresh,0.5,1.02,8,0.09530832591662064,0.09530328262565993,0.19061160854228057
200.0,fresh,0.5,1.02,9,0.09554126615112786,0.09552675989207841,0.19106802604320627
200.0,fresh,0.5,1.02,10,0.09787523136292398,0.09694433395761819,0.19481956532054218
200.0,fresh,0.5,1.02,11,0.09570875574770943,0.09576738610757894,0.19147614185528838
200.0,fresh,2.0,1.02,0,0.0012155504331650669,0.032631476269927434,0.0338470267030925
200.0,fresh,2.0,1.02,1,0.03246056325853877,0.03246056322944992,0.0649211264879887
200.0,fresh,2.0,1.02,2,0.0012631546909407554,0.032679077876672145,0.033942232567612904
200.0,fresh,2.0,1.02,3,0.032415709573501504,0.03241570957702718,0.06483141915052867
200.0,fresh,2.0,1.02,4,0.03238838138780872,0.03238838137811477,0.06477676276592349
200.0,fresh,2.0,1.02,5,0.03240039672098185,0.03240039671809673,0.06480079343907857
200.0,fresh,2.0,1.02,6,0.03241291166496046,0.0324129116187171,0.06482582328367756
200.0,fresh,2.0,1.02,7,0.0017511785264131285,0.03316085760054655,0.03491203612695968
200.0,fresh,2.0,1.02,8,0.03242388676082918,0.032423886753257275,0.06484777351408647
200.0,fresh,2.0,1.02,9,0.029670442915808053,0.02967044373863927,0.059340886654447325
200.0,fresh,2.0,1.02,10,0.006078119561833901,0.031003631816940082,0.03708175137877398
200.0,fresh,2.0,1.02,11,0.032476465762445346,0.032476465824449005,0.06495293158689436
200.0,up,0.0,1.02,0,0.19026181272310283,0.19026181272310283,0.38052362544620566
200.0,up,0.0,1.02,1,0.19026181272310283,0.19026181272310283,0.38052362544620566
200.0,up,0.0,1.02,2,0.19026181272310283,0.19026181272310283,0.38052362544620566
200.0,up,0.0,1.02,3,0.19026181272310283,0.19026181272310283,0.38052362544620566
200.0,up,0.0,1.02,4,0.19026181272310283,0.19026181272310283,0.38052362544620566
200.0,up,0.0,1.02,5,0.19026181272310283,0.19026181272310283,0.38052362544620566
200.0,up,0.0,1.02,6,0.19026181272310283,0.19026181272310283,0.38052362544620566
200.0,up,0.0,1.02,7,0.19026181272310283,0.19026181272310283,0.38052362544620566
200.0,up,0.0,1.02,8,0.19026181272310283,0.19026181272310283,0.38052362544620566
200.0,up,0.0,1.02,9,0.19026181272310283,0.19026181272310283,0.38052362544620566
200.0,up,0.0,1.02,10,0.19026181272310283,0.19026181272310283,0.38052362544620566
200.0,up,0.0,1.02,11,0.19026181272310283,0.19026181272310283,0.38052362544620566
200.0,up,0.5,1.02,0,0.09489596452180912,0.09489596452180912,0.18979192904361825
200.0,up,0.5,1.02,1,0.09489596452180933,0.09489596452180933,0.18979192904361866
200.0,up,0.5,1.02,2,0.09489596452180912,0.09489596452180912,0.18979192904361825
200.0,up,0.5,1.02,3,0.09489596452180912,0.09489596452180912,0.18979192904361825
200.0,up,0.5,1.02,4,0.09489596452180912,0.09489596452180912,0.18979192904361825
200.0,up,0.5,1.02,5,0.09489596452180912,0.09489596452180912,0.18979192904361825
200.0,up,0.5,1.02,6,0.09489596452180912,0.09489596452180912,0.18979192904361825
200.0,up,0.5,1.02,7,0.09489596452180912,0.09489596452180912,0.18979192904361825
200.0,up,0.5,1.02,8,0.09489596452180912,0.09489596452180912,0.18979192904361825
200.0,up,0.5,1.02,9,0.09489596452180912,0.09489596452180912,0.18979192904361825
200.0,up,0.5,1.02,10,0.09489596452180912,0.09489596452180912,0.18979192904361825
200.0,up,0.5,1.02,11,0.09489596452180912,0.09489596452180912,0.18979192904361825
200.0,up,2.0,1.02,0,0.054537848894068756,0.054537848894068756,0.10907569778813751
200.0,up,2.0,1.02,1,0.05453784889406167,0.054537848894061686,0.10907569778812336
200.0,up,2.0,1.02,2,0.054537848894068756,0.054537848894068756,0.10907569778813751
200.0,up,2.0,1.02,3,0.054537848894068756,0.054537848894068756,0.10907569778813751
200.0,up,2.0,1.02,4,0.054537848894068756,0.054537848894068756,0.10907569778813751
200.0,up,2.0,1.02,5,0.054537848894068756,0.054537848894068756,0.10907569778813751
200.0,up,2.0,1.02,6,0.054537848894068756,0.054537848894068756,0.10907569778813751
200.0,up,2.0,1.02,7,0.054537848894068756,0.054537848894068756,0.10907569778813751
200.0,up,2.0,1.02,8,0.054537848894068756,0.054537848894068756,0.10907569778813751
200.0,up,2.0,1.02,9,0.054537848894068756,0.054537848894068756,0.10907569778813751
200.0,up,2.0,1.02,10,0.054537848894068756,0.054537848894068756,0.10907569778813751
200.0,up,2.0,1.02,11,0.054537848894068756,0.054537848894068756,0.10907569778813751
200.0,down,0.0,1.02,0,0.18994250296917584,0.19017921378026018,0.380121716749436
200.0,down,0.0,1.02,1,0.1901746883880594,0.19907418359748022,0.3892488719855396
200.0,down,0.0,1.02,2,0.19090153358711973,0.1905873992595946,0.3814889328467143
200.0,down,0.0,1.02,3,0.2118566116234581,0.19446219463917827,0.4063188062626364
200.0,down,0.0,1.02,4,0.20988264999375247,0.21683915105759183,0.4267218010513443
200.0,down,0.0,1.02,5,0.21260472875191339,0.21573424372206887,0.4283389724739822
200.0,down,0.0,1.02,6,0.19010930823579428,0.2165397371191966,0.4066490453549909
200.0,down,0.0,1.02,7,0.19639317284584876,0.20731109764391475,0.40370427048976354
200.0,down,0.0,1.02,8,0.19119522755739468,0.21291418084143401,0.4041094083988287
200.0,down,0.0,1.02,9,0.19006087218048948,0.1907726892597418,0.3808335614402313
200.0,down,0.0,1.02,10,0.18993956307622284,0.19661204131241902,0.3865516043886419
200.0,down,0.0,1.02,11,0.21586774889799584,0.1899992852373964,0.40586703413539227
200.0,down,0.5,1.02,0,0.06483614760945386,0.0335546704461234,0.09839081805557726
200.0,down,0.5,1.02,1,0.06351855833269951,0.0910037235577613,0.1545222818904608
200.0,down,0.5,1.02,2,0.06451359825389374,0.08436921196822653,0.14888281022212027
200.0,down,0.5,1.02,3,0.06014829998576601,0.05964922210458212,0.11979752209034814
200.0,down,0.5,1.02,4,0.06342331533342474,0.041899477224163206,0.10532279255758795
200.0,down,0.5,1.02,5,0.09548592177699788,0.09546353047140542,0.19094945224840332
200.0,down,0.5,1.02,6,0.06191046058800453,0.06188911518265286,0.1237995757706574
200.0,down,0.5,1.02,7,0.033506410591305665,0.06467933276956046,0.09818574336086613
200.0,down,0.5,1.02,8,0.09290855245393231,0.09290022299085762,0.18580877544478994
200.0,down,0.5,1.02,9,0.061278058585955364,0.06130620799649875,0.12258426658245411
200.0,down,0.5,1.02,10,0.058355724998179426,0.05955832296684832,0.11791404796502775
200.0,down,0.5,1.02,11,0.06118896774701,0.05923360244402204,0.12042257019103203
200.0,down,2.0,1.02,0,0.005220311336338739,0.034013425485216825,0.039233736821555565
200.0,down,2.0,1.02,1,0.03482249788668156,0.004467224187917225,0.039289722074598785
200.0,down,2.0,1.02,2,0.0013805161003706701,0.032796413462559,0.03417692956292967
200.0,down,2.0,1.02,3,0.0019370996830033959,0.033329936014829684,0.03526703569783308
200.0,down,2.0,1.02,4,0.032721693500216135,0.0013058818781632908,0.03402757537837943
200.0,down,2.0,1.02,5,0.029274039574998766,0.02927403957158532,0.05854807914658408
200.0,down,2.0,1.02,6,0.03262348237843156,0.0012075578612856929,0.03383104023971725
200.0,down,2.0,1.02,7,0.0013021449308844523,0.03271806023144577,0.03402020516233022
200.0,down,2.0,1.02,8,0.03272161990501474,0.001305851539958951,0.034027471444973686
200.0,down,2.0,1.02,9,0.03289998875743606,0.0014840667244163796,0.034384055481852444
200.0,down,2.0,1.02,10,0.024730725201629014,0.02509839293402848,0.04982911813565749
200.0,down,2.0,1.02,11,0.03332637041382156,0.0019108571962470932,0.03523722761006865
200.0,fresh,0.0,1.05,0,0.3186088280199937,0.3162796854439413,0.634888513463935
200.0,fresh,0.0,1.05,1,0.31628431569437476,0.3157412858706409,0.6320256015650156
200.0,fresh,0.0,1.05,2,0.3157569886399302,0.3160580200391669,0.631815008679097
200.0,fresh,0.0,1.05,3,0.3156630683666307,0.3157912954224571,0.6314543637890878
200.0,fresh,0.0,1.05,4,0.31567952314966025,0.315526997403797,0.6312065205534573
200.0,fresh,0.0,1.05,5,0.315655081428445,0.3155926995042841,0.631247780932729
200.0,fresh,0.0,1.05,6,0.31636461672444577,0.3153445515758333,0.6317091683002791
200.0,fresh,0.0,1.05,7,0.3151433096751809,0.31519839968054425,0.6303417093557251
200.0,fresh,0.0,1.05,8,0.31594087287878353,0.31565135713103865,0.6315922300098222
200.0,fresh,0.0,1.05,9,0.31644846788693487,0.31601021826540326,0.6324586861523381
200.0,fresh,0.0,1.05,10,0.3170792076409446,0.31576196908470655,0.6328411767256512
200.0,fresh,0.0,1.05,11,0.3155875947753705,0.31662011894950487,0.6322077137248754
200.0,fresh,0.5,1.05,0,0.09436411840914126,0.09654971988060958,0.19091383828975084
200.0,fresh,0.5,1.05,1,0.16474596823639756,0.1595586768162397,0.32430464505263723
200.0,fresh,0.5,1.05,2,0.09389850819170434,0.09268084220289274,0.18657935039459708
200.0,fresh,0.5,1.05,3,0.1592847516154507,0.15941302516453984,0.31869777677999056
200.0,fresh,0.5,1.05,4,0.15912756765682853,0.15894713511307945,0.318074702769908
200.0,fresh,0.5,1.05,5,0.1590127331455498,0.15896160312024957,0.3179743362657994
200.0,fresh,0.5,1.05,6,0.15463736194463948,0.153924737035081,0.3085620989797205
200.0,fresh,0.5,1.05,7,0.09320019478162775,0.09084312035379732,0.18404331513542507
200.0,fresh,0.5,1.05,8,0.16014919027157645,0.15959983446118026,0.3197490247327567
200.0,fresh,0.5,1.05,9,0.16661168710672178,0.16062667264588812,0.3272383597526099
200.0,fresh,0.5,1.05,10,0.15553536682659622,0.1553798525703369,0.3109152193969331
200.0,fresh,0.5,1.05,11,0.15210821024276744,0.15554151534308233,0.3076497255858498
200.0,fresh,2.0,1.05,0,0.0328199330261466,0.03281999131765314,0.06563992434379974
200.0,fresh,2.0,1.05,1,0.06478523703912528,0.0645333639412569,0.12931860098038217
200.0,fresh,2.0,1.05,2,0.032889270867986126,0.03288927823068627,0.0657785490986724
200.0,fresh,2.0,1.05,3,0.06569372616495989,0.06588176306580108,0.13157548923076096
200.0,fresh,2.0,1.05,4,0.06494856163808792,0.06440913310175644,0.12935769473984438
200.0,fresh,2.0,1.05,5,0.06515105734160963,0.06509992738105687,0.1302509847226665
200.0,fresh,2.0,1.05,6,0.06469714632705678,0.049986249672788044,0.11468339599984483
200.0,fresh,2.0,1.05,7,0.0331068078979235,0.03309920057283213,0.06620600847075564
200.0,fresh,2.0,1.05,8,0.06675871396845562,0.06573611447211535,0.13249482844057098
200.0,fresh,2.0,1.05,9,0.047115066846436605,0.03852399635704022,0.08563906320347683
200.0,fresh,2.0,1.05,10,0.057979201276362476,0.026595459241611462,0.08457466051797394
200.0,fresh,2.0,1.05,11,0.05802645390632114,0.06286045469773777,0.1208869086040589
200.0,up,0.0,1.05,0,0.3191658502770782,0.3191658502770782,0.6383317005541564
200.0,up,0.0,1.05,1,0.3191658502770782,0.3191658502770782,0.6383317005541564
200.0,up,0.0,1.05,2,0.3191658502770782,0.3191658502770782,0.6383317005541564
200.0,up,0.0,1.05,3,0.3191658502770782,0.3191658502770782,0.6383317005541564
200.0,up,0.0,1.05,4,0.3191658502770782,0.3191658502770782,0.6383317005541564
200.0,up,0.0,1.05,5,0.3191658502770782,0.3191658502770782,0.6383317005541564
200.0,up,0.0,1.05,6,0.3191658502770782,0.3191658502770782,0.6383317005541564
200.0,up,0.0,1.05,7,0.3191658502770782,0.3191658502770782,0.6383317005541564
200.0,up,0.0,1.05,8,0.3191658502770782,0.3191658502770782,0.6383317005541564
200.0,up,0.0,1.05,9,0.3191658502770782,0.3191658502770782,0.6383317005541564
200.0,up,0.0,1.05,10,0.3191658502770782,0.3191658502770782,0.6383317005541564
200.0,up,0.0,1.05,11,0.3191658502770782,0.3191658502770782,0.6383317005541564
200.0,up,0.5,1.05,0,0.15776638038263968,0.15776638038263968,0.31553276076527936
200.0,up,0.5,1.05,1,0.15776638038263904,0.1577663803826389,0.3155327607652779
200.0,up,0.5,1.05,2,0.15776638038263968,0.15776638038263968,0.31553276076527936
200.0,up,0.5,1.05,3,0.15776638038263968,0.15776638038263968,0.31553276076527936
200.0,up,0.5,1.05,4,0.15776638038263968,0.15776638038263968,0.31553276076527936
200.0,up,0.5,1.05,5,0.15776638038263968,0.15776638038263968,0.31553276076527936
200.0,up,0.5,1.05,6,0.15776638038263968,0.15776638038263968,0.31553276076527936
200.0,up,0.5,1.05,7,0.15776638038263968,0.15776638038263968,0.31553276076527936
200.0,up,0.5,1.05,8,0.15776638038263968,0.15776638038263968,0.31553276076527936
200.0,up,0.5,1.05,9,0.15776638038263968,0.15776638038263968,0.31553276076527936
200.0,up,0.5,1.05,10,0.15776638038263968,0.15776638038263968,0.31553276076527936
200.0,up,0.5,1.05,11,0.15776638038263968,0.15776638038263968,0.31553276076527936
200.0,up,2.0,1.05,0,0.06417900902631121,0.06417900902631121,0.12835801805262242
200.0,up,2.0,1.05,1,0.0641790090263111,0.0641790090263111,0.1283580180526222
200.0,up,2.0,1.05,2,0.06417900902631121,0.06417900902631121,0.12835801805262242
200.0,up,2.0,1.05,3,0.06417900902631121,0.06417900902631121,0.12835801805262242
200.0,up,2.0,1.05,4,0.06417900902631121,0.06417900902631121,0.12835801805262242
200.0,up,2.0,1.05,5,0.06417900902631121,0.06417900902631121,0.12835801805262242
200.0,up,2.0,1.05,6,0.06417900902631121,0.06417900902631121,0.12835801805262242
200.0,up,2.0,1.05,7,0.06417900902631121,0.06417900902631121,0.12835801805262242
200.0,up,2.0,1.05,8,0.06417900902631121,0.06417900902631121,0.12835801805262242
200.0,up,2.0,1.05,9,0.06417900902631121,0.06417900902631121,0.12835801805262242
200.0,up,2.0,1.05,10,0.06417900902631121,0.06417900902631121,0.12835801805262242
200.0,up,2.0,1.05,11,0.06417900902631121,0.06417900902631121,0.12835801805262242
200.0,down,0.0,1.05,0,0.31590768061309066,0.3291459955520486,0.6450536761651393
200.0,down,0.0,1.05,1,0.3289125841370594,0.3190235174466568,0.6479361015837162
200.0,down,0.0,1.05,2,0.31516996715908363,0.3361476990011852,0.6513176661602689
200.0,down,0.0,1.05,3,0.31694485807064665,0.3218927270585118,0.6388375851291584
200.0,down,0.0,1.05,4,0.317241040590601,0.31570452355882367,0.6329455641494246
200.0,down,0.0,1.05,5,0.3168188913863446,0.3161166823784561,0.6329355737648007
200.0,down,0.0,1.05,6,0.32512123781078683,0.3152430505580935,0.6403642883688803
200.0,down,0.0,1.05,7,0.3151249195945695,0.3151380647480721,0.6302629843426416
200.0,down,0.0,1.05,8,0.3346344567584504,0.31676366111793297,0.6513981178763834
200.0,down,0.0,1.05,9,0.32226223551877864,0.3361322480836088,0.6583944836023874
200.0,down,0.0,1.05,10,0.3170056879698916,0.3199970852435979,0.6370027732134895
200.0,down,0.0,1.05,11,0.3160755505132397,0.31927159517509834,0.635347145688338
200.0,down,0.5,1.05,0,0.0913929665363571,0.09318371757316754,0.18457668410952466
200.0,down,0.5,1.05,1,0.14623941417075115,0.12367306245396094,0.26991247662471207
200.0,down,0.5,1.05,2,0.1244083834969706,0.09524999923881523,0.21965838273578583
200.0,down,0.5,1.05,3,0.15506073426261197,0.15511952588465647,0.3101802601472684
200.0,down,0.5,1.05,4,0.08641892464988303,0.09467443737496922,0.18109336202485227
200.0,down,0.5,1.05,5,0.15739900875638682,0.1575852212219172,0.314984229978304
200.0,down,0.5,1.05,6,0.09909362724838672,0.10824375608579259,0.2073373833341793
200.0,down,0.5,1.05,7,0.09308123065473467,0.09268369615771292,0.1857649268124476
200.0,down,0.5,1.05,8,0.12638984354391825,0.12685046336688743,0.2532403069108057
200.0,down,0.5,1.05,9,0.09369881165010384,0.09381238666584181,0.18751119831594565
200.0,down,0.5,1.05,10,0.09530776539769135,0.09527955099205201,0.19058731638974336
200.0,down,0.5,1.05,11,0.1134717999364068,0.09125287893341351,0.20472467886982032
200.0,down,2.0,1.05,0,0.03266399797670189,0.03266399363151905,0.06532799160822095
200.0,down,2.0,1.05,1,0.03944319658759468,0.03444597972195311,0.07388917630954779
200.0,down,2.0,1.05,2,0.03287638779963516,0.03287652309775382,0.06575291089738897
200.0,down,2.0,1.05,3,0.032730256332585556,0.032730287891238274,0.06546054422382383
200.0,down,2.0,1.05,4,0.03354099139752407,0.03345408335117668,0.06699507474870076
200.0,down,2.0,1.05,5,0.033698250768973426,0.03376142273500733,0.06745967350398076
200.0,down,2.0,1.05,6,0.03377947645520606,0.03376130535896124,0.06754078181416731
200.0,down,2.0,1.05,7,0.033015852888557476,0.033016240756604844,0.06603209364516233
200.0,down,2.0,1.05,8,0.033295703924899556,0.033271979798652464,0.06656768372355201
200.0,down,2.0,1.05,9,0.05797066250895341,0.02656260943246707,0.08453327194142049
200.0,down,2.0,1.05,10,0.03269873902278462,0.03269872757597526,0.06539746659875988
200.0,down,2.0,1.05,11,0.057063321280502066,0.0257560192427664,0.08281934052326846
200.0,fresh,0.0,1.1,0,0.4582779765572678,0.46587561084864393,0.9241535874059117
200.0,fresh,0.0,1.1,1,0.46586183383580104,0.46730623314051783,0.9331680669763189
200.0,fresh,0.0,1.1,2,0.45217247768508195,0.4665097090966697,0.9186821867817516
200.0,fresh,0.0,1.1,3,0.4674756151742816,0.4671912772958857,0.9346668924701673
200.0,fresh,0.0,1.1,4,0.4674411331435591,0.46773187049997034,0.9351730036435295
200.0,fresh,0.0,1.1,5,0.46749211438967303,0.4676151675803444,0.9351072819700175
200.0,fresh,0.0,1.1,6,0.4656198231775966,0.46794689875484363,0.9335667219324402
200.0,fresh,0.0,1.1,7,0.46743266920611126,0.46781958744340807,0.9352522566495194
200.0,fresh,0.0,1.1,8,0.46682173597443294,0.46749975342216915,0.9343214893966021
200.0,fresh,0.0,1.1,9,0.46536127467327193,0.4666391802517302,0.932000454925002
200.0,fresh,0.0,1.1,10,0.4632796481246863,0.4672592731246251,0.9305389212493114
200.0,fresh,0.0,1.1,11,0.46762474473357485,0.4648156903310687,0.9324404350646436
200.0,fresh,0.5,1.1,0,0.1558167501554661,0.15548464999776881,0.31130140015323493
200.0,fresh,0.5,1.1,1,0.2226323703520017,0.22240580080848077,0.4450381711604825
200.0,fresh,0.5,1.1,2,0.14945178503977052,0.138861447486957,0.2883132325267275
200.0,fresh,0.5,1.1,3,0.22208185050014315,0.22209058642645588,0.444172436926599
200.0,fresh,0.5,1.1,4,0.2219416840552404,0.22192676813196158,0.44386845218720195
200.0,fresh,0.5,1.1,5,0.22206768142760602,0.2220645699235667,0.44413225135117274
200.0,fresh,0.5,1.1,6,0.21712553059875575,0.21478423410069908,0.43190976469945486
200.0,fresh,0.5,1.1,7,0.1282311513743733,0.15578604686670122,0.2840171982410745
200.0,fresh,0.5,1.1,8,0.2220834511523086,0.22204826884936263,0.4441317200016712
200.0,fresh,0.5,1.1,9,0.22283907871760952,0.22263184214544401,0.4454709208630535
200.0,fresh,0.5,1.1,10,0.21809369211276242,0.2174523036324748,0.4355459957452372
200.0,fresh,0.5,1.1,11,0.22106309350277034,0.22429926311364493,0.44536235661641527
200.0,fresh,2.0,1.1,0,0.03404077769649303,0.06545502689459917,0.0994958045910922
200.0,fresh,2.0,1.1,1,0.09197607333623407,0.09197277712897099,0.18394885046520507
200.0,fresh,2.0,1.1,2,0.03497107149947988,0.06638055037153517,0.10135162187101505
200.0,fresh,2.0,1.1,3,0.09050644427341938,0.09060300375839583,0.18110944803181522
200.0,fresh,2.0,1.1,4,0.08992519014392496,0.08960550000352203,0.179530690147447
200.0,fresh,2.0,1.1,5,0.08973769963455949,0.08937867620624144,0.17911637584080092
200.0,fresh,2.0,1.1,6,0.09163725583276357,0.09163642662444886,0.18327368245721243
200.0,fresh,2.0,1.1,7,0.059115378108780925,0.059117458229502054,0.11823283633828298
200.0,fresh,2.0,1.1,8,0.09105185256022386,0.09099400080923088,0.18204585336945472
200.0,fresh,2.0,1.1,9,0.0748278378306633,0.06974600726335199,0.14457384509401527
200.0,fresh,2.0,1.1,10,0.06083464490780557,0.06083221423855019,0.12166685914635575
200.0,fresh,2.0,1.1,11,0.09209407541400774,0.09209459938933745,0.1841886748033452
200.0,up,0.0,1.1,0,0.46450220404158726,0.46450220404158726,0.9290044080831745
200.0,up,0.0,1.1,1,0.46450220404158726,0.46450220404158726,0.9290044080831745
200.0,up,0.0,1.1,2,0.46450220404158726,0.46450220404158726,0.9290044080831745
200.0,up,0.0,1.1,3,0.46450220404158726,0.46450220404158726,0.9290044080831745
200.0,up,0.0,1.1,4,0.46450220404158726,0.46450220404158726,0.9290044080831745
200.0,up,0.0,1.1,5,0.46450220404158726,0.46450220404158726,0.9290044080831745
200.0,up,0.0,1.1,6,0.46450220404158726,0.46450220404158726,0.9290044080831745
200.0,up,0.0,1.1,7,0.46450220404158726,0.46450220404158726,0.9290044080831745
200.0,up,0.0,1.1,8,0.46450220404158726,0.46450220404158726,0.9290044080831745
200.0,up,0.0,1.1,9,0.46450220404158726,0.46450220404158726,0.9290044080831745
200.0,up,0.0,1.1,10,0.46450220404158726,0.46450220404158726,0.9290044080831745
200.0,up,0.0,1.1,11,0.46450220404158726,0.46450220404158726,0.9290044080831745
200.0,up,0.5,1.1,0,0.23667746846465434,0.23667746846465434,0.4733549369293087
200.0,up,0.5,1.1,1,0.23667746846465504,0.23667746846465504,0.4733549369293101
200.0,up,0.5,1.1,2,0.23667746846465434,0.23667746846465434,0.4733549369293087
200.0,up,0.5,1.1,3,0.23667746846465434,0.23667746846465434,0.4733549369293087
200.0,up,0.5,1.1,4,0.23667746846465434,0.23667746846465434,0.4733549369293087
200.0,up,0.5,1.1,5,0.23667746846465434,0.23667746846465434,0.4733549369293087
200.0,up,0.5,1.1,6,0.23667746846465434,0.23667746846465434,0.4733549369293087
200.0,up,0.5,1.1,7,0.23667746846465434,0.23667746846465434,0.4733549369293087
200.0,up,0.5,1.1,8,0.23667746846465434,0.23667746846465434,0.4733549369293087
200.0,up,0.5,1.1,9,0.23667746846465434,0.23667746846465434,0.4733549369293087
200.0,up,0.5,1.1,10,0.23667746846465434,0.23667746846465434,0.4733549369293087
200.0,up,0.5,1.1,11,0.23667746846465434,0.23667746846465434,0.4733549369293087
200.0,up,2.0,1.1,0,0.08625952229439676,0.08625952229439676,0.17251904458879352
200.0,up,2.0,1.1,1,0.08625952229435932,0.08625952229435932,0.17251904458871864
200.0,up,2.0,1.1,2,0.08625952229439676,0.08625952229439676,0.17251904458879352
200.0,up,2.0,1.1,3,0.08625952229439676,0.08625952229439676,0.17251904458879352
200.0,up,2.0,1.1,4,0.08625952229439676,0.08625952229439676,0.17251904458879352
200.0,up,2.0,1.1,5,0.08625952229439676,0.08625952229439676,0.17251904458879352
200.0,up,2.0,1.1,6,0.08625952229439676,0.08625952229439676,0.17251904458879352
200.0,up,2.0,1.1,7,0.08625952229439676,0.08625952229439676,0.17251904458879352
200.0,up,2.0,1.1,8,0.08625952229439676,0.08625952229439676,0.17251904458879352
200.0,up,2.0,1.1,9,0.08625952229439676,0.08625952229439676,0.17251904458879352
200.0,up,2.0,1.1,10,0.08625952229439676,0.08625952229439676,0.17251904458879352
200.0,up,2.0,1.1,11,0.08625952229439676,0.08625952229439676,0.17251904458879352
200.0,down,0.0,1.1,0,0.46629555010516244,0.45530963477154046,0.9216051848767028
200.0,down,0.0,1.1,1,0.4554446002555767,0.4456362173460059,0.9010808176015825
200.0,down,0.0,1.1,2,0.4678953500202397,0.44879336061657116,0.9166887106368109
200.0,down,0.0,1.1,3,0.447107301785951,0.44542513692391483,0.8925324387098659
200.0,down,0.0,1.1,4,0.4466262004420025,0.45821302552123483,0.9048392259632374
200.0,down,0.0,1.1,5,0.44738767925341105,0.45112262733658554,0.8985103065899966
200.0,down,0.0,1.1,6,0.45758573195329744,0.46670931470718185,0.9242950466604793
200.0,down,0.0,1.1,7,0.4678978626310425,0.46774586132286117,0.9356437239539037
200.0,down,0.0,1.1,8,0.446522542701174,0.4475302838306709,0.8940528265318448
200.0,down,0.0,1.1,9,0.45936706221960205,0.4477237085703848,0.9070907707899869
200.0,down,0.0,1.1,10,0.4644699801977367,0.44550088179288877,0.9099708619906255
200.0,down,0.0,1.1,11,0.4515817305147391,0.46178682402570187,0.913368554540441
200.0,down,0.5,1.1,0,0.15367896439658524,0.13022551776097602,0.28390448215756126
200.0,down,0.5,1.1,1,0.19468077120253668,0.19549651085086053,0.3901772820533972
200.0,down,0.5,1.1,2,0.15731824453412513,0.15712741474207179,0.31444565927619694
200.0,down,0.5,1.1,3,0.21625855369342845,0.19877638327863792,0.4150349369720664
200.0,down,0.5,1.1,4,0.1568036276389472,0.12623006934069905,0.28303369697964625
200.0,down,0.5,1.1,5,0.22355087744027513,0.23483429639895803,0.45838517383923316
200.0,down,0.5,1.1,6,0.15471947958982696,0.1556953430850558,0.31041482267488274
200.0,down,0.5,1.1,7,0.12578115992577693,0.1495128751197484,0.2752940350455253
200.0,down,0.5,1.1,8,0.18317612358975224,0.18299678024980154,0.3661729038395538
200.0,down,0.5,1.1,9,0.1553817246779795,0.1246899486728978,0.2800716733508773
200.0,down,0.5,1.1,10,0.18305813864108358,0.1839303240527613,0.3669884626938449
200.0,down,0.5,1.1,11,0.12702293174216892,0.15697310259071798,0.2839960343328869
200.0,down,2.0,1.1,0,0.057614056628211896,0.057668111865694274,0.11528216849390617
200.0,down,2.0,1.1,1,0.03466360281837865,0.06602395268289057,0.10068755550126923
200.0,down,2.0,1.1,2,0.05897035488875673,0.058969419127073194,0.11793977401582992
200.0,down,2.0,1.1,3,0.057966833908040485,0.05817853597321061,0.1161453698812511
200.0,down,2.0,1.1,4,0.05936205125866934,0.0592938175864208,0.11865586884509013
200.0,down,2.0,1.1,5,0.06587564627249833,0.06587574401783797,0.13175139029033628
200.0,down,2.0,1.1,6,0.05814488372981927,0.058165687339389226,0.1163105710692085
200.0,down,2.0,1.1,7,0.058961732095843475,0.058960192181503286,0.11792192427734677
200.0,down,2.0,1.1,8,0.059172000195303553,0.05911518655074587,0.11828718674604943
200.0,down,2.0,1.1,9,0.03497138744729227,0.06625489199689753,0.1012262794441898
200.0,down,2.0,1.1,10,0.05633372230856892,0.056885732401753014,0.11321945471032194
200.0,down,2.0,1.1,11,0.05145287412537229,0.057257177527863516,0.1087100516532358
200.0,fresh,0.0,1.2,0,0.6698930987113166,0.6664568699505432,1.3363499686618598
200.0,fresh,0.0,1.2,1,0.6664892021585159,0.6628638298456395,1.3293530320041556
200.0,fresh,0.0,1.2,2,0.6610191719925766,0.6648781515197207,1.3258973235122973
200.0,fresh,0.0,1.2,3,0.6624616417687105,0.6631434465935883,1.3256050883622987
200.0,fresh,0.0,1.2,4,0.6625426132084009,0.6618671013602834,1.3244097145686844
200.0,fresh,0.0,1.2,5,0.6624230446206733,0.6621374889859706,1.3245605336066437
200.0,fresh,0.0,1.2,6,0.6670377004052728,0.6612731501117785,1.3283108505170511
200.0,fresh,0.0,1.2,7,0.6608610175235157,0.6609505440459296,1.3218115615694452
200.0,fresh,0.0,1.2,8,0.664073744863823,0.6624052046890914,1.3264789495529143
200.0,fresh,0.0,1.2,9,0.6675783309180369,0.6645440101960435,1.3321223411140803
200.0,fresh,0.0,1.2,10,0.6701223274933352,0.6629774007155251,1.3330997282088604
200.0,fresh,0.0,1.2,11,0.6621153695738342,0.6685479861938058,1.3306633557676402
200.0,fresh,0.5,1.2,0,0.27560246898161617,0.2511307830524185,0.5267332520340346
200.0,fresh,0.5,1.2,1,0.31833167925409517,0.31843461185386734,0.6367662911079626
200.0,fresh,0.5,1.2,2,0.22170806136198296,0.22289689784510996,0.4446049592070929
200.0,fresh,0.5,1.2,3,0.3376243864083554,0.3366792458772126,0.674303632285568
200.0,fresh,0.5,1.2,4,0.3326923879024703,0.33605339080049845,0.6687457787029687
200.0,fresh,0.5,1.2,5,0.33888516129399315,0.3391279232618333,0.6780130845558264
200.0,fresh,0.5,1.2,6,0.3109793337035893,0.3096945150100822,0.6206738487136716
200.0,fresh,0.5,1.2,7,0.2733870760177895,0.2720595889179712,0.5454466649357608
200.0,fresh,0.5,1.2,8,0.32438353982889323,0.32972542908518987,0.6541089689140831
200.0,fresh,0.5,1.2,9,0.3193696686187084,0.31970149227155487,0.6390711608902633
200.0,fresh,0.5,1.2,10,0.3123224238617058,0.31099969740385547,0.6233221212655613
200.0,fresh,0.5,1.2,11,0.3151804591758911,0.32380481094876407,0.6389852701246552
200.0,fresh,2.0,1.2,0,0.0651495058392401,0.0964890354818011,0.16163854132104122
200.0,fresh,2.0,1.2,1,0.1305297801047644,0.1299874062675716,0.260517186372336
200.0,fresh,2.0,1.2,2,0.06564448704744931,0.09692182090290417,0.16256630795035348
200.0,fresh,2.0,1.2,3,0.12842538994613537,0.12842608561225066,0.25685147555838606
200.0,fresh,2.0,1.2,4,0.12810593929704026,0.1281025268666926,0.25620846616373283
200.0,fresh,2.0,1.2,5,0.12821116910879266,0.12821084452501186,0.2564220136338045
200.0,fresh,2.0,1.2,6,0.1262935165817005,0.12078853089386238,0.24708204747556287
200.0,fresh,2.0,1.2,7,0.07005216911487713,0.09534969914610465,0.1654018682609818
200.0,fresh,2.0,1.2,8,0.12860692543663363,0.12860370499470467,0.2572106304313383
200.0,fresh,2.0,1.2,9,0.12207594957827761,0.12207741120701397,0.2441533607852916
200.0,fresh,2.0,1.2,10,0.09385382311908173,0.09662192077657857,0.1904757438956603
200.0,fresh,2.0,1.2,11,0.12542379552161892,0.1308417664830246,0.2562655620046435
200.0,up,0.0,1.2,0,0.6614463026261103,0.6614463026261103,1.3228926052522205
200.0,up,0.0,1.2,1,0.6614463026261103,0.6614463026261103,1.3228926052522205
200.0,up,0.0,1.2,2,0.6614463026261103,0.6614463026261103,1.3228926052522205
200.0,up,0.0,1.2,3,0.6614463026261103,0.6614463026261103,1.3228926052522205
200.0,up,0.0,1.2,4,0.6614463026261103,0.6614463026261103,1.3228926052522205
200.0,up,0.0,1.2,5,0.6614463026261103,0.6614463026261103,1.3228926052522205
200.0,up,0.0,1.2,6,0.6614463026261103,0.6614463026261103,1.3228926052522205
200.0,up,0.0,1.2,7,0.6614463026261103,0.6614463026261103,1.3228926052522205
200.0,up,0.0,1.2,8,0.6614463026261103,0.6614463026261103,1.3228926052522205
200.0,up,0.0,1.2,9,0.6614463026261103,0.6614463026261103,1.3228926052522205
200.0,up,0.0,1.2,10,0.6614463026261103,0.6614463026261103,1.3228926052522205
200.0,up,0.0,1.2,11,0.6614463026261103,0.6614463026261103,1.3228926052522205
200.0,up,0.5,1.2,0,0.3385114612579173,0.3385114612579173,0.6770229225158346
200.0,up,0.5,1.2,1,0.33851146125791814,0.33851146125791814,0.6770229225158363
200.0,up,0.5,1.2,2,0.3385114612579173,0.3385114612579173,0.6770229225158346
200.0,up,0.5,1.2,3,0.3385114612579173,0.3385114612579173,0.6770229225158346
200.0,up,0.5,1.2,4,0.3385114612579173,0.3385114612579173,0.6770229225158346
200.0,up,0.5,1.2,5,0.3385114612579173,0.3385114612579173,0.6770229225158346
200.0,up,0.5,1.2,6,0.3385114612579173,0.3385114612579173,0.6770229225158346
200.0,up,0.5,1.2,7,0.3385114612579173,0.3385114612579173,0.6770229225158346
200.0,up,0.5,1.2,8,0.3385114612579173,0.3385114612579173,0.6770229225158346
200.0,up,0.5,1.2,9,0.3385114612579173,0.3385114612579173,0.6770229225158346
200.0,up,0.5,1.2,10,0.3385114612579173,0.3385114612579173,0.6770229225158346
200.0,up,0.5,1.2,11,0.3385114612579173,0.3385114612579173,0.6770229225158346
200.0,up,2.0,1.2,0,0.12844777017317768,0.12844777017317768,0.25689554034635537
200.0,up,2.0,1.2,1,0.1284477701731822,0.12844777017318207,0.2568955403463643
200.0,up,2.0,1.2,2,0.12844777017317768,0.12844777017317768,0.25689554034635537
200.0,up,2.0,1.2,3,0.12844777017317768,0.12844777017317768,0.25689554034635537
200.0,up,2.0,1.2,4,0.12844777017317768,0.12844777017317768,0.25689554034635537
200.0,up,2.0,1.2,5,0.12844777017317768,0.12844777017317768,0.25689554034635537
200.0,up,2.0,1.2,6,0.12844777017317768,0.12844777017317768,0.25689554034635537
200.0,up,2.0,1.2,7,0.12844777017317768,0.12844777017317768,0.25689554034635537
200.0,up,2.0,1.2,8,0.12844777017317768,0.12844777017317768,0.25689554034635537
200.0,up,2.0,1.2,9,0.12844777017317768,0.12844777017317768,0.25689554034635537
200.0,up,2.0,1.2,10,0.12844777017317768,0.12844777017317768,0.25689554034635537
200.0,up,2.0,1.2,11,0.12844777017317768,0.12844777017317768,0.25689554034635537
200.0,down,0.0,1.2,0,0.6615514748694477,0.6609752715225227,1.3225267463919703
200.0,down,0.0,1.2,1,0.6609773246499151,0.6608694943090575,1.3218468189589725
200.0,down,0.0,1.2,2,0.6640119413989862,0.6608787133685666,1.324890654767553
200.0,down,0.0,1.2,3,0.6609825081046927,0.6608393877014908,1.3218218958061834
200.0,down,0.0,1.2,4,0.6609494873939263,0.6616564069588878,1.3226058943528143
200.0,down,0.0,1.2,5,0.66100084247758,0.6612138135802741,1.322214656057854
200.0,down,0.0,1.2,6,0.6610124945412486,0.6665418868805978,1.3275543814218462
200.0,down,0.0,1.2,7,0.6686853887021164,0.6703889012804813,1.3390742899825976
200.0,down,0.0,1.2,8,0.6608391612721516,0.6610099558962179,1.3218491171683695
200.0,down,0.0,1.2,9,0.661048010928364,0.6608605526704128,1.3219085635987766
200.0,down,0.0,1.2,10,0.6612646973041751,0.6608541562833057,1.3221188535874808
200.0,down,0.0,1.2,11,0.6612382944356102,0.6611158311007409,1.3223541255363511
200.0,down,0.5,1.2,0,0.2551202434928501,0.25223524366492656,0.5073554871577767
200.0,down,0.5,1.2,1,0.3181083054799751,0.31810199298828706,0.6362102984682622
200.0,down,0.5,1.2,2,0.2477193526410656,0.21969982167194757,0.46741917431301316
200.0,down,0.5,1.2,3,0.3163019704121359,0.31583699811287147,0.6321389685250074
200.0,down,0.5,1.2,4,0.3148582686185392,0.31481638817661123,0.6296746567951504
200.0,down,0.5,1.2,5,0.3199605417101412,0.31983824399290994,0.6397987857030512
200.0,down,0.5,1.2,6,0.27381893568658144,0.2754855923204718,0.5493045280070532
200.0,down,0.5,1.2,7,0.29889354089197867,0.3087289152322779,0.6076224561242566
200.0,down,0.5,1.2,8,0.320383179857007,0.3176131879656475,0.6379963678226546
200.0,down,0.5,1.2,9,0.22030718811502198,0.2218436119247349,0.4421508000397569
200.0,down,0.5,1.2,10,0.2496186979629607,0.25056341632095325,0.500182114283914
200.0,down,0.5,1.2,11,0.21821425041371867,0.2186886842483341,0.43690293466205277
200.0,down,2.0,1.2,0,0.07094798668859255,0.0944727813195712,0.16542076800816374
200.0,down,2.0,1.2,1,0.09627372015759804,0.06488784173586637,0.16116156189346442
200.0,down,2.0,1.2,2,0.06519833060497916,0.09653326932165412,0.16173159992663327
200.0,down,2.0,1.2,3,0.12692318280983328,0.12692407295901376,0.25384725576884704
200.0,down,2.0,1.2,4,0.12931256570520205,0.12927470050851084,0.25858726621371286
200.0,down,2.0,1.2,5,0.09656479320629159,0.12128934770647731,0.2178541409127689
200.0,down,2.0,1.2,6,0.09621072401270168,0.06482098418522497,0.16103170819792667
200.0,down,2.0,1.2,7,0.06516056141294939,0.0965144087321508,0.16167497014510018
200.0,down,2.0,1.2,8,0.12910747838742664,0.1290872975218589,0.2581947759092855
200.0,down,2.0,1.2,9,0.0962723387179841,0.0648704165842409,0.161142755302225
200.0,down,2.0,1.2,10,0.07963618059264178,0.08876603079296047,0.16840221138560224
200.0,down,2.0,1.2,11,0.09708848905590699,0.06570899672910642,0.1627974857850134
200.0,fresh,0.0,1.5,0,1.112237960172343,1.119879654419883,2.232117614592226
200.0,fresh,0.0,1.5,1,1.119843852091354,1.123755627195626,2.24359947928698
200.0,fresh,0.0,1.5,2,1.1134129421405161,1.12162118133671,2.2350341234772264
200.0,fresh,0.0,1.5,3,1.1241079906682352,1.1234829776174715,2.2475909682857065
200.0,fresh,0.0,1.5,4,1.1240421991985101,1.124443281655495,2.248485480854005
200.0,fresh,0.0,1.5,5,1.1241381916871327,1.1243317933575914,2.248469985044724
200.0,fresh,0.0,1.5,6,1.1192339295079294,1.1240464992544275,2.2432804287623567
200.0,fresh,0.0,1.5,7,1.1206384106528722,1.1222950137980425,2.2429334244509147
200.0,fresh,0.0,1.5,8,1.1225022206140303,1.124151877026426,2.246654097640456
200.0,fresh,0.0,1.5,9,1.1186247961905116,1.1219884826932207,2.2406132788837323
200.0,fresh,0.0,1.5,10,1.115231344723534,1.1236469212554139,2.238878265978948
200.0,fresh,0.0,1.5,11,1.1243440748985263,1.1174893414670115,2.241833416365538
200.0,fresh,0.5,1.5,0,0.5027348139282487,0.5034471391411446,1.0061819530693934
200.0,fresh,0.5,1.5,1,0.5415255727357325,0.5437780333399094,1.0853036060756418
200.0,fresh,0.5,1.5,2,0.43477714370616943,0.4373765685009922,0.8721537122071616
200.0,fresh,0.5,1.5,3,0.5608466995876862,0.5611806231375726,1.1220273227252586
200.0,fresh,0.5,1.5,4,0.5604841470612889,0.5600463588165938,1.1205305058778827
200.0,fresh,0.5,1.5,5,0.5605804512934149,0.5601318094595864,1.1207122607530013
200.0,fresh,0.5,1.5,6,0.5078233821679506,0.5076114678139464,1.015434849981897
200.0,fresh,0.5,1.5,7,0.5399977524505344,0.5381650925250713,1.0781628449756058
200.0,fresh,0.5,1.5,8,0.5596289977067808,0.5598517163401083,1.119480714046889
200.0,fresh,0.5,1.5,9,0.5518211550916026,0.5568743583263004,1.1086955134179028
200.0,fresh,0.5,1.5,10,0.5291152657102896,0.5295091764183479,1.0586244421286375
200.0,fresh,0.5,1.5,11,0.5287466214360692,0.5315854624198849,1.060332083855954
200.0,fresh,2.0,1.5,0,0.15517429302845148,0.1549112675737706,0.3100855606022221
200.0,fresh,2.0,1.5,1,0.2185723183597757,0.21638960639271876,0.43496192475249446
200.0,fresh,2.0,1.5,2,0.15581689977502866,0.1619430669494676,0.31775996672449625
200.0,fresh,2.0,1.5,3,0.22322852065867707,0.22353000977529724,0.4467585304339743
200.0,fresh,2.0,1.5,4,0.2214603255186544,0.22050784989834316,0.44196817541699757
200.0,fresh,2.0,1.5,5,0.22282974132120745,0.2227459520795485,0.445575693400756
200.0,fresh,2.0,1.5,6,0.21214310331437297,0.21240300237540274,0.4245461056897757
200.0,fresh,2.0,1.5,7,0.16336718907552603,0.14405001474264986,0.3074172038181759
200.0,fresh,2.0,1.5,8,0.22441920819543182,0.22218766289396188,0.4466068710893937
200.0,fresh,2.0,1.5,9,0.21370447507335455,0.21389170895804838,0.4275961840314029
200.0,fresh,2.0,1.5,10,0.18782353477139815,0.18524008995749455,0.3730636247288927
200.0,fresh,2.0,1.5,11,0.215737494074846,0.21576849498891038,0.43150598906375637
200.0,up,0.0,1.5,0,1.1177611661071427,1.1177611661071427,2.2355223322142854
200.0,up,0.0,1.5,1,1.1177611661071427,1.1177611661071427,2.2355223322142854
200.0,up,0.0,1.5,2,1.1177611661071427,1.1177611661071427,2.2355223322142854
200.0,up,0.0,1.5,3,1.1177611661071427,1.1177611661071427,2.2355223322142854
200.0,up,0.0,1.5,4,1.1177611661071427,1.1177611661071427,2.2355223322142854
200.0,up,0.0,1.5,5,1.1177611661071427,1.1177611661071427,2.2355223322142854
200.0,up,0.0,1.5,6,1.1177611661071427,1.1177611661071427,2.2355223322142854
200.0,up,0.0,1.5,7,1.1177611661071427,1.1177611661071427,2.2355223322142854
200.0,up,0.0,1.5,8,1.1177611661071427,1.1177611661071427,2.2355223322142854
200.0,up,0.0,1.5,9,1.1177611661071427,1.1177611661071427,2.2355223322142854
200.0,up,0.0,1.5,10,1.1177611661071427,1.1177611661071427,2.2355223322142854
200.0,up,0.0,1.5,11,1.1177611661071427,1.1177611661071427,2.2355223322142854
200.0,up,0.5,1.5,0,0.557022163902254,0.557022163902254,1.114044327804508
200.0,up,0.5,1.5,1,0.5570221639023282,0.5570221639023282,1.1140443278046563
200.0,up,0.5,1.5,2,0.557022163902254,0.557022163902254,1.114044327804508
200.0,up,0.5,1.5,3,0.557022163902254,0.557022163902254,1.114044327804508
200.0,up,0.5,1.5,4,0.557022163902254,0.557022163902254,1.114044327804508
200.0,up,0.5,1.5,5,0.557022163902254,0.557022163902254,1.114044327804508
200.0,up,0.5,1.5,6,0.557022163902254,0.557022163902254,1.114044327804508
200.0,up,0.5,1.5,7,0.557022163902254,0.557022163902254,1.114044327804508
200.0,up,0.5,1.5,8,0.557022163902254,0.557022163902254,1.114044327804508
200.0,up,0.5,1.5,9,0.557022163902254,0.557022163902254,1.114044327804508
200.0,up,0.5,1.5,10,0.557022163902254,0.557022163902254,1.114044327804508
200.0,up,0.5,1.5,11,0.557022163902254,0.557022163902254,1.114044327804508
200.0,up,2.0,1.5,0,0.22191193656259459,0.22191193656259459,0.44382387312518917
200.0,up,2.0,1.5,1,0.22191193656259187,0.22191193656259187,0.44382387312518373
200.0,up,2.0,1.5,2,0.22191193656259459,0.22191193656259459,0.44382387312518917
200.0,up,2.0,1.5,3,0.22191193656259459,0.22191193656259459,0.44382387312518917
200.0,up,2.0,1.5,4,0.22191193656259459,0.22191193656259459,0.44382387312518917
200.0,up,2.0,1.5,5,0.22191193656259459,0.22191193656259459,0.44382387312518917
200.0,up,2.0,1.5,6,0.22191193656259459,0.22191193656259459,0.44382387312518917
200.0,up,2.0,1.5,7,0.22191193656259459,0.22191193656259459,0.44382387312518917
200.0,up,2.0,1.5,8,0.22191193656259459,0.22191193656259459,0.44382387312518917
200.0,up,2.0,1.5,9,0.22191193656259459,0.22191193656259459,0.44382387312518917
200.0,up,2.0,1.5,10,0.22191193656259459,0.22191193656259459,0.44382387312518917
200.0,up,2.0,1.5,11,0.22191193656259459,0.22191193656259459,0.44382387312518917
200.0,down,0.0,1.5,0,1.1227754967250314,1.1244320106768282,2.2472075074018596
200.0,down,0.0,1.5,1,1.1244299898171204,1.123171615998413,2.2476016058155333
200.0,down,0.0,1.5,2,1.1144493187646622,1.1244153438407154,2.2388646626053776
200.0,down,0.0,1.5,3,1.1221813101661275,1.1235849539405813,2.2457662641067087
200.0,down,0.0,1.5,4,1.1224330495300325,1.1188417937133313,2.241274843243364
200.0,down,0.0,1.5,5,1.122049313081684,1.1207628827578537,2.2428121958395377
200.0,down,0.0,1.5,6,1.1243862973666585,1.1123087529223512,2.2366950502890095
200.0,down,0.0,1.5,7,1.110523214961632,1.1102522929211927,2.2207755078828244
200.0,down,0.0,1.5,8,1.1242358162880128,1.1219854573650248,2.2462212736530374
200.0,down,0.0,1.5,9,1.1243276754761182,1.1243640377095125,2.2486917131856305
200.0,down,0.0,1.5,10,1.1237778549130997,1.1233593035879266,2.247137158501026
200.0,down,0.0,1.5,11,1.120635364327996,1.1241854351552882,2.2448207994832843
200.0,down,0.5,1.5,0,0.46258954753915676,0.4716678608774524,0.9342574084166091
200.0,down,0.5,1.5,1,0.5423091955538331,0.5488658327996029,1.0911750283534358
200.0,down,0.5,1.5,2,0.43980488354656727,0.44018394825377727,0.8799888318003446
200.0,down,0.5,1.5,3,0.5606843998520924,0.5610656736155119,1.1217500734676042
200.0,down,0.5,1.5,4,0.5609508467067209,0.5609403588930988,1.1218912055998196
200.0,down,0.5,1.5,5,0.5589748292257596,0.5577630217807049,1.1167378510064645
200.0,down,0.5,1.5,6,0.5067770108840779,0.5028673821746287,1.0096443930587067
200.0,down,0.5,1.5,7,0.5598197524313769,0.5600774047149428,1.1198971571463199
200.0,down,0.5,1.5,8,0.5361030367277189,0.5427401033054886,1.0788431400332075
200.0,down,0.5,1.5,9,0.5239187725085489,0.5108780568817687,1.0347968293903176
200.0,down,0.5,1.5,10,0.44544631094951653,0.4592144456534007,0.9046607566029172
200.0,down,0.5,1.5,11,0.4441371801857807,0.4414839511582707,0.8856211313440514
200.0,down,2.0,1.5,0,0.15546901156163087,0.15468557992251378,0.31015459148414465
200.0,down,2.0,1.5,1,0.15565204259739077,0.15576542581916428,0.31141746841655504
200.0,down,2.0,1.5,2,0.1640644502233485,0.14175027645055452,0.305814726673903
200.0,down,2.0,1.5,3,0.22317790775993032,0.2234541426750768,0.4466320504350071
200.0,down,2.0,1.5,4,0.2202474246341592,0.22203243119224736,0.44227985582640655
200.0,down,2.0,1.5,5,0.2225833181128894,0.22252445039314409,0.4451077685060335
200.0,down,2.0,1.5,6,0.14999366903007727,0.15726202626973232,0.30725569529980956
200.0,down,2.0,1.5,7,0.16347451290059098,0.14311826341866352,0.3065927763192545
200.0,down,2.0,1.5,8,0.22059679284794498,0.22328002128191002,0.443876814129855
200.0,down,2.0,1.5,9,0.21271994486515935,0.21268315730025664,0.425403102165416
200.0,down,2.0,1.5,10,0.15628307868194058,0.15621120364914517,0.3124942823310858
200.0,down,2.0,1.5,11,0.19626472650903978,0.19624839922147558,0.39251312573051533
200.0,fresh,0.0,2.0,0,1.7338005342773042,1.734533912514062,3.468334446791366
200.0,fresh,0.0,2.0,1,1.7345450417566923,1.731875673933264,3.4664207156899565
200.0,fresh,0.0,2.0,2,1.7308823880638828,1.7337295633158327,3.4646119513797156
200.0,fresh,0.0,2.0,3,1.7314367776769177,1.732177876098778,3.4636146537756956
200.0,fresh,0.0,2.0,4,1.7315246654093115,1.7308283130927422,3.4623529785020537
200.0,fresh,0.0,2.0,5,1.7313951006087291,1.731093954425665,3.462489055034394
200.0,fresh,0.0,2.0,6,1.7347058712701453,1.7303832728742008,3.465089144144346
200.0,fresh,0.0,2.0,7,1.730376020627583,1.7303176498330957,3.4606936704606786
200.0,fresh,0.0,2.0,8,1.7330954431384575,1.7313758944711772,3.464471337609635
200.0,fresh,0.0,2.0,9,1.7348164087618927,1.7334856486626689,3.4683020574245615
200.0,fresh,0.0,2.0,10,1.7347209332203348,1.7319992010218803,3.466720134242215
200.0,fresh,0.0,2.0,11,1.7310713519399172,1.7349068986626053,3.4659782506025225
200.0,fresh,0.5,2.0,0,0.8323939735894815,0.8215311716503912,1.6539251452398727
200.0,fresh,0.5,2.0,1,0.8518066308280889,0.8506595607929692,1.7024661916210582
200.0,fresh,0.5,2.0,2,0.7538351143343828,0.7528366631383586,1.5066717774727414
200.0,fresh,0.5,2.0,3,0.8669074253277639,0.8643192275524332,1.731226652880197
200.0,fresh,0.5,2.0,4,0.8588245593907976,0.8626219677900793,1.721446527180877
200.0,fresh,0.5,2.0,5,0.8692456704568596,0.8698224073372589,1.7390680777941185
200.0,fresh,0.5,2.0,6,0.798034044179746,0.809688671826278,1.6077227160060241
200.0,fresh,0.5,2.0,7,0.8656904602714945,0.8627074038321169,1.7283978641036115
200.0,fresh,0.5,2.0,8,0.854615708639065,0.8545785449654207,1.7091942536044857
200.0,fresh,0.5,2.0,9,0.8563758689028661,0.8545685826644597,1.7109444515673258
200.0,fresh,0.5,2.0,10,0.8281021997700886,0.820883761360498,1.6489859611305866
200.0,fresh,0.5,2.0,11,0.8210048066353538,0.8254187342372994,1.6464235408726533
200.0,fresh,2.0,2.0,0,0.26805525428464577,0.2664959225479911,0.5345511768326369
200.0,fresh,2.0,2.0,1,0.3409643857293193,0.3408036032000015,0.6817679889293209
200.0,fresh,2.0,2.0,2,0.26406185466243826,0.2774797869472401,0.5415416416096783
200.0,fresh,2.0,2.0,3,0.3456693416404025,0.3457118871803495,0.691381228820752
200.0,fresh,2.0,2.0,4,0.34283838800533284,0.33898716409203805,0.6818255520973708
200.0,fresh,2.0,2.0,5,0.3461724400491009,0.34597585451171453,0.6921482945608155
200.0,fresh,2.0,2.0,6,0.31965364940031404,0.31864074335330433,0.6382943927536184
200.0,fresh,2.0,2.0,7,0.25328240438458177,0.28063295905756885,0.5339153634421506
200.0,fresh,2.0,2.0,8,0.3440235267604148,0.34127813016691155,0.6853016569273264
200.0,fresh,2.0,2.0,9,0.33483316412591363,0.337887701301246,0.6727208654271597
200.0,fresh,2.0,2.0,10,0.3119517418895512,0.31041585554768925,0.6223675974372405
200.0,fresh,2.0,2.0,11,0.32822547937976326,0.32327199224724823,0.6514974716270114
200.0,up,0.0,2.0,0,1.7315499382315898,1.7315499382315898,3.4630998764631795
200.0,up,0.0,2.0,1,1.7315499382315898,1.7315499382315898,3.4630998764631795
200.0,up,0.0,2.0,2,1.7315499382315898,1.7315499382315898,3.4630998764631795
200.0,up,0.0,2.0,3,1.7315499382315898,1.7315499382315898,3.4630998764631795
200.0,up,0.0,2.0,4,1.7315499382315898,1.7315499382315898,3.4630998764631795
200.0,up,0.0,2.0,5,1.7315499382315898,1.7315499382315898,3.4630998764631795
200.0,up,0.0,2.0,6,1.7315499382315898,1.7315499382315898,3.4630998764631795
200.0,up,0.0,2.0,7,1.7315499382315898,1.7315499382315898,3.4630998764631795
200.0,up,0.0,2.0,8,1.7315499382315898,1.7315499382315898,3.4630998764631795
200.0,up,0.0,2.0,9,1.7315499382315898,1.7315499382315898,3.4630998764631795
200.0,up,0.0,2.0,10,1.7315499382315898,1.7315499382315898,3.4630998764631795
200.0,up,0.0,2.0,11,1.7315499382315898,1.7315499382315898,3.4630998764631795
200.0,up,0.5,2.0,0,0.870286429043561,0.870286429043561,1.740572858087122
200.0,up,0.5,2.0,1,0.8702864290435974,0.8702864290435974,1.7405728580871949
200.0,up,0.5,2.0,2,0.870286429043561,0.870286429043561,1.740572858087122
200.0,up,0.5,2.0,3,0.870286429043561,0.870286429043561,1.740572858087122
200.0,up,0.5,2.0,4,0.870286429043561,0.870286429043561,1.740572858087122
200.0,up,0.5,2.0,5,0.870286429043561,0.870286429043561,1.740572858087122
200.0,up,0.5,2.0,6,0.870286429043561,0.870286429043561,1.740572858087122
200.0,up,0.5,2.0,7,0.870286429043561,0.870286429043561,1.740572858087122
200.0,up,0.5,2.0,8,0.870286429043561,0.870286429043561,1.740572858087122
200.0,up,0.5,2.0,9,0.870286429043561,0.870286429043561,1.740572858087122
200.0,up,0.5,2.0,10,0.870286429043561,0.870286429043561,1.740572858087122
200.0,up,0.5,2.0,11,0.870286429043561,0.870286429043561,1.740572858087122
200.0,up,2.0,2.0,0,0.34621885108057343,0.34621885108057343,0.6924377021611469
200.0,up,2.0,2.0,1,0.34621885108056605,0.34621885108056605,0.6924377021611321
200.0,up,2.0,2.0,2,0.34621885108057343,0.34621885108057343,0.6924377021611469
200.0,up,2.0,2.0,3,0.34621885108057343,0.34621885108057343,0.6924377021611469
200.0,up,2.0,2.0,4,0.34621885108057343,0.34621885108057343,0.6924377021611469
200.0,up,2.0,2.0,5,0.34621885108057343,0.34621885108057343,0.6924377021611469
200.0,up,2.0,2.0,6,0.34621885108057343,0.34621885108057343,0.6924377021611469
200.0,up,2.0,2.0,7,0.34621885108057343,0.34621885108057343,0.6924377021611469
200.0,up,2.0,2.0,8,0.34621885108057343,0.34621885108057343,0.6924377021611469
200.0,up,2.0,2.0,9,0.34621885108057343,0.34621885108057343,0.6924377021611469
200.0,up,2.0,2.0,10,0.34621885108057343,0.34621885108057343,0.6924377021611469
200.0,up,2.0,2.0,11,0.34621885108057343,0.34621885108057343,0.6924377021611469
200.0,down,0.0,2.0,0,1.7338005342773042,1.734533912514062,3.468334446791366
200.0,down,0.0,2.0,1,1.7345450417566923,1.731875673933264,3.4664207156899565
200.0,down,0.0,2.0,2,1.7308823880638828,1.7337295633158327,3.4646119513797156
200.0,down,0.0,2.0,3,1.7314367776769177,1.732177876098778,3.4636146537756956
200.0,down,0.0,2.0,4,1.7315246654093115,1.7308283130927422,3.4623529785020537
200.0,down,0.0,2.0,5,1.7313951006087291,1.731093954425665,3.462489055034394
200.0,down,0.0,2.0,6,1.7347058712701453,1.7303832728742008,3.465089144144346
200.0,down,0.0,2.0,7,1.730376020627583,1.7303176498330957,3.4606936704606786
200.0,down,0.0,2.0,8,1.7330954431384575,1.7313758944711772,3.464471337609635
200.0,down,0.0,2.0,9,1.7348164087618927,1.7334856486626689,3.4683020574245615
200.0,down,0.0,2.0,10,1.7347209332203348,1.7319992010218803,3.466720134242215
200.0,down,0.0,2.0,11,1.7310713519399172,1.7349068986626053,3.4659782506025225
200.0,down,0.5,2.0,0,0.8323939735894815,0.8215311716503912,1.6539251452398727
200.0,down,0.5,2.0,1,0.8518066308280889,0.8506595607929692,1.7024661916210582
200.0,down,0.5,2.0,2,0.7538351143343828,0.7528366631383586,1.5066717774727414
200.0,down,0.5,2.0,3,0.8669074253277639,0.8643192275524332,1.731226652880197
200.0,down,0.5,2.0,4,0.8588245593907976,0.8626219677900793,1.721446527180877
200.0,down,0.5,2.0,5,0.8692456704568596,0.8698224073372589,1.7390680777941185
200.0,down,0.5,2.0,6,0.798034044179746,0.809688671826278,1.6077227160060241
200.0,down,0.5,2.0,7,0.8656904602714945,0.8627074038321169,1.7283978641036115
200.0,down,0.5,2.0,8,0.854615708639065,0.8545785449654207,1.7091942536044857
200.0,down,0.5,2.0,9,0.8563758689028661,0.8545685826644597,1.7109444515673258
200.0,down,0.5,2.0,10,0.8281021997700886,0.820883761360498,1.6489859611305866
200.0,down,0.5,2.0,11,0.8210048066353538,0.8254187342372994,1.6464235408726533
200.0,down,2.0,2.0,0,0.26805525428464577,0.2664959225479911,0.5345511768326369
200.0,down,2.0,2.0,1,0.3409643857293193,0.3408036032000015,0.6817679889293209
200.0,down,2.0,2.0,2,0.26406185466243826,0.2774797869472401,0.5415416416096783
200.0,down,2.0,2.0,3,0.3456693416404025,0.3457118871803495,0.691381228820752
200.0,down,2.0,2.0,4,0.34283838800533284,0.33898716409203805,0.6818255520973708
200.0,down,2.0,2.0,5,0.3461724400491009,0.34597585451171453,0.6921482945608155
200.0,down,2.0,2.0,6,0.31965364940031404,0.31864074335330433,0.6382943927536184
200.0,down,2.0,2.0,7,0.25328240438458177,0.28063295905756885,0.5339153634421506
200.0,down,2.0,2.0,8,0.3440235267604148,0.34127813016691155,0.6853016569273264
200.0,down,2.0,2.0,9,0.33483316412591363,0.337887701301246,0.6727208654271597
200.0,down,2.0,2.0,10,0.3119517418895512,0.31041585554768925,0.6223675974372405
200.0,down,2.0,2.0,11,0.32822547937976326,0.32327199224724823,0.6514974716270114
400.0,fresh,0.0,0.0,0,-1.629634247377563e-89,7.136319604091943e-89,5.50668535671438e-89
400.0,fresh,0.0,0.0,1,7.417880341533268e-89,5.320943701493317e-90,7.949974711682599e-89
400.0,fresh,0.0,0.0,2,-6.404054203590443e-90,2.0576261861857313e-89,1.417220765826687e-89
400.0,fresh,0.0,0.0,3,3.473175594184972e-90,6.729751385127437e-90,1.020292697931241e-89
400.0,fresh,0.0,0.0,4,3.8314497713659137e-90,9.753444598257707e-91,4.806794231191684e-90
400.0,fresh,0.0,0.0,5,3.3044312755361323e-90,2.0896136217063236e-90,5.394044897242456e-90
400.0,fresh,0.0,0.0,6,1.9676773864436155e-88,-1.5282565616083002e-90,1.9523948208275324e-88
400.0,fresh,0.0,0.0,7,-4.037295783706969e-90,-3.2558595296720396e-90,-7.293155313379008e-90
400.0,fresh,0.0,0.0,8,1.2630560205698797e-89,3.2268585627861268e-90,1.5857418768484925e-89
400.0,fresh,0.0,0.0,9,-4.344376451393704e-88,1.6792299709351726e-89,-4.1764534543001866e-88
400.0,fresh,0.0,0.0,10,-2.9050742222428014e-89,5.878743551226392e-90,-2.3171998671201622e-89
400.0,fresh,0.0,0.0,11,1.997487862800121e-90,-7.013714585924983e-89,-6.81396579964497e-89
400.0,fresh,0.5,0.0,0,1.3012739961450908e-46,1.3012739961450908e-46,2.6025479922901817e-46
400.0,fresh,0.5,0.0,1,0.0,0.0,0.0
400.0,fresh,0.5,0.0,2,9.491201158040919e-47,9.491201158040919e-47,1.8982402316081837e-46
400.0,fresh,0.5,0.0,3,1.351138636652713e-46,1.351138636652713e-46,2.702277273305426e-46
400.0,fresh,0.5,0.0,4,6.34515540274527e-47,6.34515540274527e-47,1.269031080549054e-46
400.0,fresh,0.5,0.0,5,7.226961628691183e-47,7.226961628691183e-47,1.4453923257382366e-46
400.0,fresh,0.5,0.0,6,6.026200675283658e-46,6.026200675283658e-46,1.2052401350567315e-45
400.0,fresh,0.5,0.0,7,-9.791331444896453e-47,-9.791331444896453e-47,-1.9582662889792906e-46
400.0,fresh,0.5,0.0,8,1.985932468051384e-46,1.985932468051384e-46,3.971864936102768e-46
400.0,fresh,0.5,0.0,9,-2.243904090512232e-46,-2.243904090512232e-46,-4.487808181024464e-46
400.0,fresh,0.5,0.0,10,-1.3626655660550486e-46,-1.3626655660550486e-46,-2.725331132110097e-46
400.0,fresh,0.5,0.0,11,-3.520330679895478e-46,-3.520330679895478e-46,-7.040661359790956e-46
400.0,fresh,2.0,0.0,0,5.906086624906449e-21,5.906086624906449e-21,1.1812173249812897e-20
400.0,fresh,2.0,0.0,1,0.0,0.0,0.0
400.0,fresh,2.0,0.0,2,7.153078472013805e-21,7.153078472013805e-21,1.430615694402761e-20
400.0,fresh,2.0,0.0,3,1.526551726787663e-20,1.526551726787663e-20,3.053103453575326e-20
400.0,fresh,2.0,0.0,4,7.164447432531486e-21,7.164447432531486e-21,1.4328894865062973e-20
400.0,fresh,2.0,0.0,5,8.236535737248434e-21,8.236535737248434e-21,1.6473071474496867e-20
400.0,fresh,2.0,0.0,6,3.011149994738765e-20,3.011149994738765e-20,6.02229998947753e-20
400.0,fresh,2.0,0.0,7,-1.117328408325937e-20,-1.117328408325937e-20,-2.234656816651874e-20
400.0,fresh,2.0,0.0,8,2.1456431290438603e-20,2.1456431290438603e-20,4.2912862580877205e-20
400.0,fresh,2.0,0.0,9,-8.133077427474308e-21,-8.133077427474308e-21,-1.6266154854948616e-20
400.0,fresh,2.0,0.0,10,-9.587192106948881e-21,-9.587192106948881e-21,-1.9174384213897762e-20
400.0,fresh,2.0,0.0,11,-2.223827691848608e-20,-2.223827691848608e-20,-4.447655383697216e-20
400.0,up,0.0,0.0,0,-1.629634247377563e-89,7.136319604091943e-89,5.50668535671438e-89
400.0,up,0.0,0.0,1,7.417880341533268e-89,5.320943701493317e-90,7.949974711682599e-89
400.0,up,0.0,0.0,2,-6.404054203590443e-90,2.0576261861857313e-89,1.417220765826687e-89
400.0,up,0.0,0.0,3,3.473175594184972e-90,6.729751385127437e-90,1.020292697931241e-89
400.0,up,0.0,0.0,4,3.8314497713659137e-90,9.753444598257707e-91,4.806794231191684e-90
400.0,up,0.0,0.0,5,3.3044312755361323e-90,2.0896136217063236e-90,5.394044897242456e-90
400.0,up,0.0,0.0,6,1.9676773864436155e-88,-1.5282565616083002e-90,1.9523948208275324e-88
400.0,up,0.0,0.0,7,-4.037295783706969e-90,-3.2558595296720396e-90,-7.293155313379008e-90
400.0,up,0.0,0.0,8,1.2630560205698797e-89,3.2268585627861268e-90,1.5857418768484925e-89
400.0,up,0.0,0.0,9,-4.344376451393704e-88,1.6792299709351726e-89,-4.1764534543001866e-88
400.0,up,0.0,0.0,10,-2.9050742222428014e-89,5.878743551226392e-90,-2.3171998671201622e-89
400.0,up,0.0,0.0,11,1.997487862800121e-90,-7.013714585924983e-89,-6.81396579964497e-89
400.0,up,0.5,0.0,0,1.3012739961450908e-46,1.3012739961450908e-46,2.6025479922901817e-46
400.0,up,0.5,0.0,1,0.0,0.0,0.0
400.0,up,0.5,0.0,2,9.491201158040919e-47,9.491201158040919e-47,1.8982402316081837e-46
400.0,up,0.5,0.0,3,1.351138636652713e-46,1.351138636652713e-46,2.702277273305426e-46
400.0,up,0.5,0.0,4,6.34515540274527e-47,6.34515540274527e-47,1.269031080549054e-46
400.0,up,0.5,0.0,5,7.226961628691183e-47,7.226961628691183e-47,1.4453923257382366e-46
400.0,up,0.5,0.0,6,6.026200675283658e-46,6.026200675283658e-46,1.2052401350567315e-45
400.0,up,0.5,0.0,7,-9.791331444896453e-47,-9.791331444896453e-47,-1.9582662889792906e-46
400.0,up,0.5,0.0,8,1.985932468051384e-46,1.985932468051384e-46,3.971864936102768e-46
400.0,up,0.5,0.0,9,-2.243904090512232e-46,-2.243904090512232e-46,-4.487808181024464e-46
400.0,up,0.5,0.0,10,-1.3626655660550486e-46,-1.3626655660550486e-46,-2.725331132110097e-46
400.0,up,0.5,0.0,11,-3.520330679895478e-46,-3.520330679895478e-46,-7.040661359790956e-46
400.0,up,2.0,0.0,0,5.906086624906449e-21,5.906086624906449e-21,1.1812173249812897e-20
400.0,up,2.0,0.0,1,0.0,0.0,0.0
400.0,up,2.0,0.0,2,7.153078472013805e-21,7.153078472013805e-21,1.430615694402761e-20
400.0,up,2.0,0.0,3,1.526551726787663e-20,1.526551726787663e-20,3.053103453575326e-20
400.0,up,2.0,0.0,4,7.164447432531486e-21,7.164447432531486e-21,1.4328894865062973e-20
400.0,up,2.0,0.0,5,8.236535737248434e-21,8.236535737248434e-21,1.6473071474496867e-20
400.0,up,2.0,0.0,6,3.011149994738765e-20,3.011149994738765e-20,6.02229998947753e-20
400.0,up,2.0,0.0,7,-1.117328408325937e-20,-1.117328408325937e-20,-2.234656816651874e-20
400.0,up,2.0,0.0,8,2.1456431290438603e-20,2.1456431290438603e-20,4.2912862580877205e-20
400.0,up,2.0,0.0,9,-8.133077427474308e-21,-8.133077427474308e-21,-1.6266154854948616e-20
400.0,up,2.0,0.0,10,-9.587192106948881e-21,-9.587192106948881e-21,-1.9174384213897762e-20
400.0,up,2.0,0.0,11,-2.223827691848608e-20,-2.223827691848608e-20,-4.447655383697216e-20
400.0,down,0.0,0.0,0,0.0,0.0,0.0
400.0,down,0.0,0.0,1,0.0,0.0,0.0
400.0,down,0.0,0.0,2,0.0,0.0,0.0
400.0,down,0.0,0.0,3,0.0,0.0,0.0
400.0,down,0.0,0.0,4,0.0,0.0,0.0
400.0,down,0.0,0.0,5,0.0,0.0,0.0
400.0,down,0.0,0.0,6,0.0,0.0,0.0
400.0,down,0.0,0.0,7,0.0,0.0,0.0
400.0,down,0.0,0.0,8,0.0,0.0,0.0
400.0,down,0.0,0.0,9,0.0,0.0,0.0
400.0,down,0.0,0.0,10,0.0,0.0,0.0
400.0,down,0.0,0.0,11,0.0,0.0,0.0
400.0,down,0.5,0.0,0,0.0,0.0,0.0
400.0,down,0.5,0.0,1,0.0,0.0,0.0
400.0,down,0.5,0.0,2,0.0,0.0,0.0
400.0,down,0.5,0.0,3,0.0,0.0,0.0
400.0,down,0.5,0.0,4,0.0,0.0,0.0
400.0,down,0.5,0.0,5,0.0,0.0,0.0
400.0,down,0.5,0.0,6,0.0,0.0,0.0
400.0,down,0.5,0.0,7,0.0,0.0,0.0
400.0,down,0.5,0.0,8,0.0,0.0,0.0
400.0,down,0.5,0.0,9,0.0,0.0,0.0
400.0,down,0.5,0.0,10,0.0,0.0,0.0
400.0,down,0.5,0.0,11,0.0,0.0,0.0
400.0,down,2.0,0.0,0,0.0,0.0,0.0
400.0,down,2.0,0.0,1,0.0,0.0,0.0
400.0,down,2.0,0.0,2,0.0,0.0,0.0
400.0,down,2.0,0.0,3,0.0,0.0,0.0
400.0,down,2.0,0.0,4,0.0,0.0,0.0
400.0,down,2.0,0.0,5,0.0,0.0,0.0
400.0,down,2.0,0.0,6,0.0,0.0,0.0
400.0,down,2.0,0.0,7,0.0,0.0,0.0
400.0,down,2.0,0.0,8,0.0,0.0,0.0
400.0,down,2.0,0.0,9,0.0,0.0,0.0
400.0,down,2.0,0.0,10,0.0,0.0,0.0
400.0,down,2.0,0.0,11,0.0,0.0,0.0
400.0,fresh,0.0,0.5,0,0.0,0.0,0.0
400.0,fresh,0.0,0.5,1,0.0,0.0,0.0
400.0,fresh,0.0,0.5,2,0.0,0.0,0.0
400.0,fresh,0.0,0.5,3,0.0,0.0,0.0
400.0,fresh,0.0,0.5,4,0.0,0.0,0.0
400.0,fresh,0.0,0.5,5,0.0,0.0,0.0
400.0,fresh,0.0,0.5,6,0.0,0.0,0.0
400.0,fresh,0.0,0.5,7,0.0,0.0,0.0
400.0,fresh,0.0,0.5,8,0.0,0.0,0.0
400.0,fresh,0.0,0.5,9,0.0,0.0,0.0
400.0,fresh,0.0,0.5,10,0.0,0.0,0.0
400.0,fresh,0.0,0.5,11,0.0,0.0,0.0
400.0,fresh,0.5,0.5,0,0.0,0.0,0.0
400.0,fresh,0.5,0.5,1,0.0,0.0,0.0
400.0,fresh,0.5,0.5,2,0.0,0.0,0.0
400.0,fresh,0.5,0.5,3,0.0,0.0,0.0
400.0,fresh,0.5,0.5,4,0.0,0.0,0.0
400.0,fresh,0.5,0.5,5,0.0,0.0,0.0
400.0,fresh,0.5,0.5,6,0.0,0.0,0.0
400.0,fresh,0.5,0.5,7,0.0,0.0,0.0
400.0,fresh,0.5,0.5,8,0.0,0.0,0.0
400.0,fresh,0.5,0.5,9,0.0,0.0,0.0
400.0,fresh,0.5,0.5,10,0.0,0.0,0.0
400.0,fresh,0.5,0.5,11,0.0,0.0,0.0
400.0,fresh,2.0,0.5,0,0.0,0.0,0.0
400.0,fresh,2.0,0.5,1,0.0,0.0,0.0
400.0,fresh,2.0,0.5,2,0.0,0.0,0.0
400.0,fresh,2.0,0.5,3,0.0,0.0,0.0
400.0,fresh,2.0,0.5,4,0.0,0.0,0.0
400.0,fresh,2.0,0.5,5,0.0,0.0,0.0
400.0,fresh,2.0,0.5,6,0.0,0.0,0.0
400.0,fresh,2.0,0.5,7,0.0,0.0,0.0
400.0,fresh,2.0,0.5,8,0.0,0.0,0.0
400.0,fresh,2.0,0.5,9,0.0,0.0,0.0
400.0,fresh,2.0,0.5,10,0.0,0.0,0.0
400.0,fresh,2.0,0.5,11,0.0,0.0,0.0
400.0,up,0.0,0.5,0,0.0,0.0,0.0
400.0,up,0.0,0.5,1,0.0,0.0,0.0
400.0,up,0.0,0.5,2,0.0,0.0,0.0
400.0,up,0.0,0.5,3,0.0,0.0,0.0
400.0,up,0.0,0.5,4,0.0,0.0,0.0
400.0,up,0.0,0.5,5,0.0,0.0,0.0
400.0,up,0.0,0.5,6,0.0,0.0,0.0
400.0,up,0.0,0.5,7,0.0,0.0,0.0
400.0,up,0.0,0.5,8,0.0,0.0,0.0
400.0,up,0.0,0.5,9,0.0,0.0,0.0
400.0,up,0.0,0.5,10,0.0,0.0,0.0
400.0,up,0.0,0.5,11,0.0,0.0,0.0
400.0,up,0.5,0.5,0,0.0,0.0,0.0
400.0,up,0.5,0.5,1,0.0,0.0,0.0
400.0,up,0.5,0.5,2,0.0,0.0,0.0
400.0,up,0.5,0.5,3,0.0,0.0,0.0
400.0,up,0.5,0.5,4,0.0,0.0,0.0
400.0,up,0.5,0.5,5,0.0,0.0,0.0
400.0,up,0.5,0.5,6,0.0,0.0,0.0
400.0,up,0.5,0.5,7,0.0,0.0,0.0
400.0,up,0.5,0.5,8,0.0,0.0,0.0
400.0,up,0.5,0.5,9,0.0,0.0,0.0
400.0,up,0.5,0.5,10,0.0,0.0,0.0
400.0,up,0.5,0.5,11,0.0,0.0,0.0
400.0,up,2.0,0.5,0,0.0,0.0,0.0
400.0,up,2.0,0.5,1,0.0,0.0,0.0
400.0,up,2.0,0.5,2,0.0,0.0,0.0
400.0,up,2.0,0.5,3,0.0,0.0,0.0
400.0,up,2.0,0.5,4,0.0,0.0,0.0
400.0,up,2.0,0.5,5,0.0,0.0,0.0
400.0,up,2.0,0.5,6,0.0,0.0,0.0
400.0,up,2.0,0.5,7,0.0,0.0,0.0
400.0,up,2.0,0.5,8,0.0,0.0,0.0
400.0,up,2.0,0.5,9,0.0,0.0,0.0
400.0,up,2.0,0.5,10,0.0,0.0,0.0
400.0,up,2.0,0.5,11,0.0,0.0,0.0
400.0,down,0.0,0.5,0,0.0,0.0,0.0
400.0,down,0.0,0.5,1,0.0,0.0,0.0
400.0,down,0.0,0.5,2,0.0,0.0,0.0
400.0,down,0.0,0.5,3,0.0,0.0,0.0
400.0,down,0.0,0.5,4,0.0,0.0,0.0
400.0,down,0.0,0.5,5,0.0,0.0,0.0
400.0,down,0.0,0.5,6,0.0,0.0,0.0
400.0,down,0.0,0.5,7,0.0,0.0,0.0
400.0,down,0.0,0.5,8,0.0,0.0,0.0
400.0,down,0.0,0.5,9,0.0,0.0,0.0
400.0,down,0.0,0.5,10,0.0,0.0,0.0
400.0,down,0.0,0.5,11,0.0,0.0,0.0
400.0,down,0.5,0.5,0,0.0,0.0,0.0
400.0,down,0.5,0.5,1,0.0,0.0,0.0
400.0,down,0.5,0.5,2,0.0,0.0,0.0
400.0,down,0.5,0.5,3,0.0,0.0,0.0
400.0,down,0.5,0.5,4,0.0,0.0,0.0
400.0,down,0.5,0.5,5,0.0,0.0,0.0
400.0,down,0.5,0.5,6,0.0,0.0,0.0
400.0,down,0.5,0.5,7,0.0,0.0,0.0
400.0,down,0.5,0.5,8,0.0,0.0,0.0
400.0,down,0.5,0.5,9,0.0,0.0,0.0
400.0,down,0.5,0.5,10,0.0,0.0,0.0
400.0,down,0.5,0.5,11,0.0,0.0,0.0
400.0,down,2.0,0.5,0,0.0,0.0,0.0
400.0,down,2.0,0.5,1,0.0,0.0,0.0
400.0,down,2.0,0.5,2,0.0,0.0,0.0
400.0,down,2.0,0.5,3,0.0,0.0,0.0
400.0,down,2.0,0.5,4,0.0,0.0,0.0
400.0,down,2.0,0.5,5,0.0,0.0,0.0
400.0,down,2.0,0.5,6,0.0,0.0,0.0
400.0,down,2.0,0.5,7,0.0,0.0,0.0
400.0,down,2.0,0.5,8,0.0,0.0,0.0
400.0,down,2.0,0.5,9,0.0,0.0,0.0
400.0,down,2.0,0.5,10,0.0,0.0,0.0
400.0,down,2.0,0.5,11,0.0,0.0,0.0
400.0,fresh,0.0,0.8,0,0.0,0.0,0.0
400.0,fresh,0.0,0.8,1,0.0,0.0,0.0
400.0,fresh,0.0,0.8,2,0.0,0.0,0.0
400.0,fresh,0.0,0.8,3,0.0,0.0,0.0
400.0,fresh,0.0,0.8,4,0.0,0.0,0.0
400.0,fresh,0.0,0.8,5,0.0,0.0,0.0
400.0,fresh,0.0,0.8,6,0.0,0.0,0.0
400.0,fresh,0.0,0.8,7,0.0,0.0,0.0
400.0,fresh,0.0,0.8,8,0.0,0.0,0.0
400.0,fresh,0.0,0.8,9,0.0,0.0,0.0
400.0,fresh,0.0,0.8,10,0.0,0.0,0.0
400.0,fresh,0.0,0.8,11,0.0,0.0,0.0
400.0,fresh,0.5,0.8,0,0.0,0.0,0.0
400.0,fresh,0.5,0.8,1,0.0,0.0,0.0
400.0,fresh,0.5,0.8,2,0.0,0.0,0.0
400.0,fresh,0.5,0.8,3,0.0,0.0,0.0
400.0,fresh,0.5,0.8,4,0.0,0.0,0.0
400.0,fresh,0.5,0.8,5,0.0,0.0,0.0
400.0,fresh,0.5,0.8,6,0.0,0.0,0.0
400.0,fresh,0.5,0.8,7,0.0,0.0,0.0
400.0,fresh,0.5,0.8,8,0.0,0.0,0.0
400.0,fresh,0.5,0.8,9,0.0,0.0,0.0
400.0,fresh,0.5,0.8,10,0.0,0.0,0.0
400.0,fresh,0.5,0.8,11,0.0,0.0,0.0
400.0,fresh,2.0,0.8,0,7.278067037930213e-14,7.278067037930213e-14,1.4556134075860426e-13
400.0,fresh,2.0,0.8,1,1.7040591160366604e-13,1.7040591160366604e-13,3.408118232073321e-13
400.0,fresh,2.0,0.8,2,7.967126958163817e-14,7.967126958163817e-14,1.5934253916327634e-13
400.0,fresh,2.0,0.8,3,1.0142359174736271e-13,1.0142359174736271e-13,2.0284718349472542e-13
400.0,fresh,2.0,0.8,4,8.106515458905505e-14,8.106515458905505e-14,1.621303091781101e-13
400.0,fresh,2.0,0.8,5,8.416267682775925e-14,8.416267682775925e-14,1.683253536555185e-13
400.0,fresh,2.0,0.8,6,1.182748343708795e-13,1.182748343708795e-13,2.36549668741759e-13
400.0,fresh,2.0,0.8,7,-3.963218642155652e-15,-3.963218642155652e-15,-7.926437284311305e-15
400.0,fresh,2.0,0.8,8,1.1279893685767207e-13,1.1279893685767207e-13,2.2559787371534413e-13
400.0,fresh,2.0,0.8,9,-6.7856831265089565e-15,-6.7856831265089565e-15,-1.3571366253017913e-14
400.0,fresh,2.0,0.8,10,-1.0380585280245214e-16,-1.0380585280245214e-16,-2.0761170560490428e-16
400.0,fresh,2.0,0.8,11,2.098854423593366e-13,2.098854423593366e-13,4.197708847186732e-13
400.0,up,0.0,0.8,0,0.0,0.0,0.0
400.0,up,0.0,0.8,1,0.0,0.0,0.0
400.0,up,0.0,0.8,2,0.0,0.0,0.0
400.0,up,0.0,0.8,3,0.0,0.0,0.0
400.0,up,0.0,0.8,4,0.0,0.0,0.0
400.0,up,0.0,0.8,5,0.0,0.0,0.0
400.0,up,0.0,0.8,6,0.0,0.0,0.0
400.0,up,0.0,0.8,7,0.0,0.0,0.0
400.0,up,0.0,0.8,8,0.0,0.0,0.0
400.0,up,0.0,0.8,9,0.0,0.0,0.0
400.0,up,0.0,0.8,10,0.0,0.0,0.0
400.0,up,0.0,0.8,11,0.0,0.0,0.0
400.0,up,0.5,0.8,0,0.0,0.0,0.0
400.0,up,0.5,0.8,1,0.0,0.0,0.0
400.0,up,0.5,0.8,2,0.0,0.0,0.0
400.0,up,0.5,0.8,3,0.0,0.0,0.0
400.0,up,0.5,0.8,4,0.0,0.0,0.0
400.0,up,0.5,0.8,5,0.0,0.0,0.0
400.0,up,0.5,0.8,6,0.0,0.0,0.0
400.0,up,0.5,0.8,7,0.0,0.0,0.0
400.0,up,0.5,0.8,8,0.0,0.0,0.0
400.0,up,0.5,0.8,9,0.0,0.0,0.0
400.0,up,0.5,0.8,10,0.0,0.0,0.0
400.0,up,0.5,0.8,11,0.0,0.0,0.0
400.0,up,2.0,0.8,0,3.030048434382593e-14,3.030048434382593e-14,6.060096868765186e-14
400.0,up,2.0,0.8,1,3.015809824091775e-14,3.0159208463942375e-14,6.031730670486013e-14
400.0,up,2.0,0.8,2,3.030048434382593e-14,3.030048434382593e-14,6.060096868765186e-14
400.0,up,2.0,0.8,3,3.030048434382593e-14,3.030048434382593e-14,6.060096868765186e-14
400.0,up,2.0,0.8,4,3.030048434382593e-14,3.030048434382593e-14,6.060096868765186e-14
400.0,up,2.0,0.8,5,3.030048434382593e-14,3.030048434382593e-14,6.060096868765186e-14
400.0,up,2.0,0.8,6,3.030048434382593e-14,3.030048434382593e-14,6.060096868765186e-14
400.0,up,2.0,0.8,7,3.030048434382593e-14,3.030048434382593e-14,6.060096868765186e-14
400.0,up,2.0,0.8,8,3.030048434382593e-14,3.030048434382593e-14,6.060096868765186e-14
400.0,up,2.0,0.8,9,3.030048434382593e-14,3.030048434382593e-14,6.060096868765186e-14
400.0,up,2.0,0.8,10,3.030048434382593e-14,3.030048434382593e-14,6.060096868765186e-14
400.0,up,2.0,0.8,11,3.030048434382593e-14,3.030048434382593e-14,6.060096868765186e-14
400.0,down,0.0,0.8,0,0.0,0.0,0.0
400.0,down,0.0,0.8,1,0.0,0.0,0.0
400.0,down,0.0,0.8,2,0.0,0.0,0.0
400.0,down,0.0,0.8,3,0.0,0.0,0.0
400.0,down,0.0,0.8,4,0.0,0.0,0.0
400.0,down,0.0,0.8,5,0.0,0.0,0.0
400.0,down,0.0,0.8,6,0.0,0.0,0.0
400.0,down,0.0,0.8,7,0.0,0.0,0.0
400.0,down,0.0,0.8,8,0.0,0.0,0.0
400.0,down,0.0,0.8,9,0.0,0.0,0.0
400.0,down,0.0,0.8,10,0.0,0.0,0.0
400.0,down,0.0,0.8,11,0.0,0.0,0.0
400.0,down,0.5,0.8,0,0.0,0.0,0.0
400.0,down,0.5,0.8,1,0.0,0.0,0.0
400.0,down,0.5,0.8,2,0.0,0.0,0.0
400.0,down,0.5,0.8,3,0.0,0.0,0.0
400.0,down,0.5,0.8,4,0.0,0.0,0.0
400.0,down,0.5,0.8,5,0.0,0.0,0.0
400.0,down,0.5,0.8,6,0.0,0.0,0.0
400.0,down,0.5,0.8,7,0.0,0.0,0.0
400.0,down,0.5,0.8,8,0.0,0.0,0.0
400.0,down,0.5,0.8,9,0.0,0.0,0.0
400.0,down,0.5,0.8,10,0.0,0.0,0.0
400.0,down,0.5,0.8,11,0.0,0.0,0.0
400.0,down,2.0,0.8,0,-1.0800249583553523e-14,-1.0729195309977513e-14,-2.1529444893531037e-14
400.0,down,2.0,0.8,1,0.0,0.0,0.0
400.0,down,2.0,0.8,2,0.0,0.0,0.0
400.0,down,2.0,0.8,3,0.0,0.0,0.0
400.0,down,2.0,0.8,4,0.0,0.0,0.0
400.0,down,2.0,0.8,5,0.0,0.0,0.0
400.0,down,2.0,0.8,6,0.0,0.0,0.0
400.0,down,2.0,0.8,7,0.0,0.0,0.0
400.0,down,2.0,0.8,8,0.0,0.0,0.0
400.0,down,2.0,0.8,9,0.0,0.0,0.0
400.0,down,2.0,0.8,10,0.0,0.0,0.0
400.0,down,2.0,0.8,11,0.0,0.0,0.0
400.0,fresh,0.0,0.9,0,0.0,0.0,0.0
400.0,fresh,0.0,0.9,1,0.0,0.0,0.0
400.0,fresh,0.0,0.9,2,0.0,0.0,0.0
400.0,fresh,0.0,0.9,3,0.0,0.0,0.0
400.0,fresh,0.0,0.9,4,0.0,0.0,0.0
400.0,fresh,0.0,0.9,5,0.0,0.0,0.0
400.0,fresh,0.0,0.9,6,0.0,0.0,0.0
400.0,fresh,0.0,0.9,7,0.0,0.0,0.0
400.0,fresh,0.0,0.9,8,0.0,0.0,0.0
400.0,fresh,0.0,0.9,9,0.0,0.0,0.0
400.0,fresh,0.0,0.9,10,0.0,0.0,0.0
400.0,fresh,0.0,0.9,11,0.0,0.0,0.0
400.0,fresh,0.5,0.9,0,0.0,0.0,0.0
400.0,fresh,0.5,0.9,1,0.0,0.0,0.0
400.0,fresh,0.5,0.9,2,0.0,0.0,0.0
400.0,fresh,0.5,0.9,3,0.0,0.0,0.0
400.0,fresh,0.5,0.9,4,0.0,0.0,0.0
400.0,fresh,0.5,0.9,5,0.0,0.0,0.0
400.0,fresh,0.5,0.9,6,0.0,0.0,0.0
400.0,fresh,0.5,0.9,7,0.0,0.0,0.0
400.0,fresh,0.5,0.9,8,0.0,0.0,0.0
400.0,fresh,0.5,0.9,9,0.0,0.0,0.0
400.0,fresh,0.5,0.9,10,0.0,0.0,0.0
400.0,fresh,0.5,0.9,11,0.0,0.0,0.0
400.0,fresh,2.0,0.9,0,4.2962700064208545e-11,4.2962700064208545e-11,8.592540012841709e-11
400.0,fresh,2.0,0.9,1,7.564570636553469e-11,7.564570636553469e-11,1.5129141273106938e-10
400.0,fresh,2.0,0.9,2,4.5833375428294684e-11,4.5833375428294684e-11,9.166675085658937e-11
400.0,fresh,2.0,0.9,3,5.411530390464492e-11,5.411530390464492e-11,1.0823060780928984e-10
400.0,fresh,2.0,0.9,4,4.643687767647009e-11,4.643687767647009e-11,9.287375535294018e-11
400.0,fresh,2.0,0.9,5,4.763494432236115e-11,4.763494432236115e-11,9.52698886447223e-11
400.0,fresh,2.0,0.9,6,5.995424545712779e-11,5.995424545712779e-11,1.1990849091425559e-10
400.0,fresh,2.0,0.9,7,8.767800929732062e-12,8.767800929732062e-12,1.7535601859464123e-11
400.0,fresh,2.0,0.9,8,5.819913662108433e-11,5.819913662108433e-11,1.1639827324216866e-10
400.0,fresh,2.0,0.9,9,4.101035622205984e-12,4.101035622205984e-12,8.202071244411968e-12
400.0,fresh,2.0,0.9,10,9.950225088317666e-12,9.950225088317666e-12,1.9900450176635332e-11
400.0,fresh,2.0,0.9,11,8.356042968671317e-11,8.356042968671317e-11,1.6712085937342634e-10
400.0,up,0.0,0.9,0,0.0,0.0,0.0
400.0,up,0.0,0.9,1,0.0,0.0,0.0
400.0,up,0.0,0.9,2,0.0,0.0,0.0
400.0,up,0.0,0.9,3,0.0,0.0,0.0
400.0,up,0.0,0.9,4,0.0,0.0,0.0
400.0,up,0.0,0.9,5,0.0,0.0,0.0
400.0,up,0.0,0.9,6,0.0,0.0,0.0
400.0,up,0.0,0.9,7,0.0,0.0,0.0
400.0,up,0.0,0.9,8,0.0,0.0,0.0
400.0,up,0.0,0.9,9,0.0,0.0,0.0
400.0,up,0.0,0.9,10,0.0,0.0,0.0
400.0,up,0.0,0.9,11,0.0,0.0,0.0
400.0,up,0.5,0.9,0,0.0,0.0,0.0
400.0,up,0.5,0.9,1,0.0,0.0,0.0
400.0,up,0.5,0.9,2,0.0,0.0,0.0
400.0,up,0.5,0.9,3,0.0,0.0,0.0
400.0,up,0.5,0.9,4,0.0,0.0,0.0
400.0,up,0.5,0.9,5,0.0,0.0,0.0
400.0,up,0.5,0.9,6,0.0,0.0,0.0
400.0,up,0.5,0.9,7,0.0,0.0,0.0
400.0,up,0.5,0.9,8,0.0,0.0,0.0
400.0,up,0.5,0.9,9,0.0,0.0,0.0
400.0,up,0.5,0.9,10,0.0,0.0,0.0
400.0,up,0.5,0.9,11,0.0,0.0,0.0
400.0,up,2.0,0.9,0,1.0777871928269178e-11,1.0777871928269178e-11,2.1555743856538357e-11
400.0,up,2.0,0.9,1,1.0777738701506224e-11,1.0777738701506224e-11,2.1555477403012447e-11
400.0,up,2.0,0.9,2,1.0777871928269178e-11,1.0777871928269178e-11,2.1555743856538357e-11
400.0,up,2.0,0.9,3,1.0777871928269178e-11,1.0777871928269178e-11,2.1555743856538357e-11
400.0,up,2.0,0.9,4,1.0777871928269178e-11,1.0777871928269178e-11,2.1555743856538357e-11
400.0,up,2.0,0.9,5,1.0777871928269178e-11,1.0777871928269178e-11,2.1555743856538357e-11
400.0,up,2.0,0.9,6,1.0777871928269178e-11,1.0777871928269178e-11,2.1555743856538357e-11
400.0,up,2.0,0.9,7,1.0777871928269178e-11,1.0777871928269178e-11,2.1555743856538357e-11
400.0,up,2.0,0.9,8,1.0777871928269178e-11,1.0777871928269178e-11,2.1555743856538357e-11
400.0,up,2.0,0.9,9,1.0777871928269178e-11,1.0777871928269178e-11,2.1555743856538357e-11
400.0,up,2.0,0.9,10,1.0777871928269178e-11,1.0777871928269178e-11,2.1555743856538357e-11
400.0,up,2.0,0.9,11,1.0777871928269178e-11,1.0777871928269178e-11,2.1555743856538357e-11
400.0,down,0.0,0.9,0,0.0,0.0,0.0
400.0,down,0.0,0.9,1,0.0,0.0,0.0
400.0,down,0.0,0.9,2,0.0,0.0,0.0
400.0,down,0.0,0.9,3,0.0,0.0,0.0
400.0,down,0.0,0.9,4,0.0,0.0,0.0
400.0,down,0.0,0.9,5,0.0,0.0,0.0
400.0,down,0.0,0.9,6,0.0,0.0,0.0
400.0,down,0.0,0.9,7,0.0,0.0,0.0
400.0,down,0.0,0.9,8,0.0,0.0,0.0
400.0,down,0.0,0.9,9,0.0,0.0,0.0
400.0,down,0.0,0.9,10,0.0,0.0,0.0
400.0,down,0.0,0.9,11,0.0,0.0,0.0
400.0,down,0.5,0.9,0,0.0,0.0,0.0
400.0,down,0.5,0.9,1,0.0,0.0,0.0
400.0,down,0.5,0.9,2,0.0,0.0,0.0
400.0,down,0.5,0.9,3,0.0,0.0,0.0
400.0,down,0.5,0.9,4,0.0,0.0,0.0
400.0,down,0.5,0.9,5,0.0,0.0,0.0
400.0,down,0.5,0.9,6,0.0,0.0,0.0
400.0,down,0.5,0.9,7,0.0,0.0,0.0
400.0,down,0.5,0.9,8,0.0,0.0,0.0
400.0,down,0.5,0.9,9,0.0,0.0,0.0
400.0,down,0.5,0.9,10,0.0,0.0,0.0
400.0,down,0.5,0.9,11,0.0,0.0,0.0
400.0,down,2.0,0.9,0,-1.0364971103626886e-11,-1.0365042157900461e-11,-2.0730013261527345e-11
400.0,down,2.0,0.9,1,-1.0348912837798707e-11,-1.0348912837798707e-11,-2.0697825675597415e-11
400.0,down,2.0,0.9,2,-1.034905494634586e-11,-1.034905494634586e-11,-2.069810989269172e-11
400.0,down,2.0,0.9,3,-1.0348912837798707e-11,-1.0348912837798707e-11,-2.0697825675597415e-11
400.0,down,2.0,0.9,4,-1.0348912837798707e-11,-1.0348912837798707e-11,-2.0697825675597415e-11
400.0,down,2.0,0.9,5,-1.034905494634586e-11,-1.034905494634586e-11,-2.069810989269172e-11
400.0,down,2.0,0.9,6,-1.034905494634586e-11,-1.034905494634586e-11,-2.069810989269172e-11
400.0,down,2.0,0.9,7,-1.034905494634586e-11,-1.034905494634586e-11,-2.069810989269172e-11
400.0,down,2.0,0.9,8,-1.0348912837798707e-11,-1.0348912837798707e-11,-2.0697825675597415e-11
400.0,down,2.0,0.9,9,-1.034905494634586e-11,-1.034905494634586e-11,-2.069810989269172e-11
400.0,down,2.0,0.9,10,-1.034905494634586e-11,-1.034905494634586e-11,-2.069810989269172e-11
400.0,down,2.0,0.9,11,-1.0348912837798707e-11,-1.0348912837798707e-11,-2.0697825675597415e-11
400.0,fresh,0.0,0.95,0,0.0,0.0,0.0
400.0,fresh,0.0,0.95,1,0.0,0.0,0.0
400.0,fresh,0.0,0.95,2,0.0,0.0,0.0
400.0,fresh,0.0,0.95,3,0.0,0.0,0.0
400.0,fresh,0.0,0.95,4,0.0,0.0,0.0
400.0,fresh,0.0,0.95,5,0.0,0.0,0.0
400.0,fresh,0.0,0.95,6,0.0,0.0,0.0
400.0,fresh,0.0,0.95,7,0.0,0.0,0.0
400.0,fresh,0.0,0.95,8,0.0,0.0,0.0
400.0,fresh,0.0,0.95,9,0.0,0.0,0.0
400.0,fresh,0.0,0.95,10,0.0,0.0,0.0
400.0,fresh,0.0,0.95,11,0.0,0.0,0.0
400.0,fresh,0.5,0.95,0,0.0,0.0,0.0
400.0,fresh,0.5,0.95,1,0.0,0.0,0.0
400.0,fresh,0.5,0.95,2,0.0,0.0,0.0
400.0,fresh,0.5,0.95,3,0.0,0.0,0.0
400.0,fresh,0.5,0.95,4,0.0,0.0,0.0
400.0,fresh,0.5,0.95,5,0.0,0.0,0.0
400.0,fresh,0.5,0.95,6,0.0,0.0,0.0
400.0,fresh,0.5,0.95,7,0.0,0.0,0.0
400.0,fresh,0.5,0.95,8,0.0,0.0,0.0
400.0,fresh,0.5,0.95,9,0.0,0.0,0.0
400.0,fresh,0.5,0.95,10,0.0,0.0,0.0
400.0,fresh,0.5,0.95,11,0.0,0.0,0.0
400.0,fresh,2.0,0.95,0,4.740864622543306e-09,4.740864622543306e-09,9.481729245086612e-09
400.0,fresh,2.0,0.95,1,7.00089126948189e-09,7.00089126948189e-09,1.400178253896378e-08
400.0,fresh,2.0,0.95,2,4.9641268412559115e-09,4.9641268412559115e-09,9.928253682511823e-09
400.0,fresh,2.0,0.95,3,5.574595260404713e-09,5.574595260404713e-09,1.1149190520809426e-08
400.0,fresh,2.0,0.95,4,5.0116228661467585e-09,5.0116228661467585e-09,1.0023245732293517e-08
400.0,fresh,2.0,0.95,5,5.101022255149523e-09,5.101022255149523e-09,1.0202044510299046e-08
400.0,fresh,2.0,0.95,6,5.981475788008339e-09,5.981475788008339e-09,1.1962951576016678e-08
400.0,fresh,2.0,0.95,7,1.877858714638414e-09,1.877858714638414e-09,3.755717429276828e-09
400.0,fresh,2.0,0.95,8,5.8642509170869774e-09,5.8642509170869774e-09,1.1728501834173955e-08
400.0,fresh,2.0,0.95,9,1.2304224328296697e-09,1.2304224328296697e-09,2.4608448656593395e-09
400.0,fresh,2.0,0.95,10,1.946518685125298e-09,1.946518685125298e-09,3.893037370250596e-09
400.0,fresh,2.0,0.95,11,7.432999384882067e-09,7.432999384882067e-09,1.4865998769764133e-08
400.0,up,0.0,0.95,0,0.0,0.0,0.0
400.0,up,0.0,0.95,1,0.0,0.0,0.0
400.0,up,0.0,0.95,2,0.0,0.0,0.0
400.0,up,0.0,0.95,3,0.0,0.0,0.0
400.0,up,0.0,0.95,4,0.0,0.0,0.0
400.0,up,0.0,0.95,5,0.0,0.0,0.0
400.0,up,0.0,0.95,6,0.0,0.0,0.0
400.0,up,0.0,0.95,7,0.0,0.0,0.0
400.0,up,0.0,0.95,8,0.0,0.0,0.0
400.0,up,0.0,0.95,9,0.0,0.0,0.0
400.0,up,0.0,0.95,10,0.0,0.0,0.0
400.0,up,0.0,0.95,11,0.0,0.0,0.0
400.0,up,0.5,0.95,0,0.0,0.0,0.0
400.0,up,0.5,0.95,1,0.0,0.0,0.0
400.0,up,0.5,0.95,2,0.0,0.0,0.0
400.0,up,0.5,0.95,3,0.0,0.0,0.0
400.0,up,0.5,0.95,4,0.0,0.0,0.0
400.0,up,0.5,0.95,5,0.0,0.0,0.0
400.0,up,0.5,0.95,6,0.0,0.0,0.0
400.0,up,0.5,0.95,7,0.0,0.0,0.0
400.0,up,0.5,0.95,8,0.0,0.0,0.0
400.0,up,0.5,0.95,9,0.0,0.0,0.0
400.0,up,0.5,0.95,10,0.0,0.0,0.0
400.0,up,0.5,0.95,11,0.0,0.0,0.0
400.0,up,2.0,0.95,0,1.0452860910170613e-09,1.0452860910170613e-09,2.0905721820341227e-09
400.0,up,2.0,0.95,1,1.0452860910170613e-09,1.0452860910170613e-09,2.0905721820341227e-09
400.0,up,2.0,0.95,2,1.0452860910170613e-09,1.0452860910170613e-09,2.0905721820341227e-09
400.0,up,2.0,0.95,3,1.0452860910170613e-09,1.0452860910170613e-09,2.0905721820341227e-09
400.0,up,2.0,0.95,4,1.0452860910170613e-09,1.0452860910170613e-09,2.0905721820341227e-09
400.0,up,2.0,0.95,5,1.0452860910170613e-09,1.0452860910170613e-09,2.0905721820341227e-09
400.0,up,2.0,0.95,6,1.0452860910170613e-09,1.0452860910170613e-09,2.0905721820341227e-09
400.0,up,2.0,0.95,7,1.0452860910170613e-09,1.0452860910170613e-09,2.0905721820341227e-09
400.0,up,2.0,0.95,8,1.0452860910170613e-09,1.0452860910170613e-09,2.0905721820341227e-09
400.0,up,2.0,0.95,9,1.0452860910170613e-09,1.0452860910170613e-09,2.0905721820341227e-09
400.0,up,2.0,0.95,10,1.0452860910170613e-09,1.0452860910170613e-09,2.0905721820341227e-09
400.0,up,2.0,0.95,11,1.0452860910170613e-09,1.0452860910170613e-09,2.0905721820341227e-09
400.0,down,0.0,0.95,0,0.0,0.0,0.0
400.0,down,0.0,0.95,1,0.0,0.0,0.0
400.0,down,0.0,0.95,2,0.0,0.0,0.0
400.0,down,0.0,0.95,3,0.0,0.0,0.0
400.0,down,0.0,0.95,4,0.0,0.0,0.0
400.0,down,0.0,0.95,5,0.0,0.0,0.0
400.0,down,0.0,0.95,6,0.0,0.0,0.0
400.0,down,0.0,0.95,7,0.0,0.0,0.0
400.0,down,0.0,0.95,8,0.0,0.0,0.0
400.0,down,0.0,0.95,9,0.0,0.0,0.0
400.0,down,0.0,0.95,10,0.0,0.0,0.0
400.0,down,0.0,0.95,11,0.0,0.0,0.0
400.0,down,0.5,0.95,0,0.0,0.0,0.0
400.0,down,0.5,0.95,1,0.0,0.0,0.0
400.0,down,0.5,0.95,2,0.0,0.0,0.0
400.0,down,0.5,0.95,3,0.0,0.0,0.0
400.0,down,0.5,0.95,4,0.0,0.0,0.0
400.0,down,0.5,0.95,5,0.0,0.0,0.0
400.0,down,0.5,0.95,6,0.0,0.0,0.0
400.0,down,0.5,0.95,7,0.0,0.0,0.0
400.0,down,0.5,0.95,8,0.0,0.0,0.0
400.0,down,0.5,0.95,9,0.0,0.0,0.0
400.0,down,0.5,0.95,10,0.0,0.0,0.0
400.0,down,0.5,0.95,11,0.0,0.0,0.0
400.0,down,2.0,0.95,0,-1.344387499102595e-09,-1.344387499102595e-09,-2.68877499820519e-09
400.0,down,2.0,0.95,1,-1.3443654722777864e-09,-1.3443654722777864e-09,-2.688730944555573e-09
400.0,down,2.0,0.95,2,-1.3443653301692394e-09,-1.3443653301692394e-09,-2.6887306603384787e-09
400.0,down,2.0,0.95,3,-1.3443654722777864e-09,-1.3443654722777864e-09,-2.688730944555573e-09
400.0,down,2.0,0.95,4,-1.3443654722777864e-09,-1.3443654722777864e-09,-2.688730944555573e-09
400.0,down,2.0,0.95,5,-1.3443654722777864e-09,-1.3443654722777864e-09,-2.688730944555573e-09
400.0,down,2.0,0.95,6,-1.3443654722777864e-09,-1.3443654722777864e-09,-2.688730944555573e-09
400.0,down,2.0,0.95,7,-1.3443653301692394e-09,-1.3443653301692394e-09,-2.6887306603384787e-09
400.0,down,2.0,0.95,8,-1.3443654722777864e-09,-1.3443654722777864e-09,-2.688730944555573e-09
400.0,down,2.0,0.95,9,-1.3443654722777864e-09,-1.3443654722777864e-09,-2.688730944555573e-09
400.0,down,2.0,0.95,10,-1.3443654722777864e-09,-1.3443654722777864e-09,-2.688730944555573e-09
400.0,down,2.0,0.95,11,-1.3443654722777864e-09,-1.3443654722777864e-09,-2.688730944555573e-09
400.0,fresh,0.0,0.98,0,0.0,0.0,0.0
400.0,fresh,0.0,0.98,1,0.0,0.0,0.0
400.0,fresh,0.0,0.98,2,0.0,0.0,0.0
400.0,fresh,0.0,0.98,3,0.0,0.0,0.0
400.0,fresh,0.0,0.98,4,0.0,0.0,0.0
400.0,fresh,0.0,0.98,5,0.0,0.0,0.0
400.0,fresh,0.0,0.98,6,0.0,0.0,0.0
400.0,fresh,0.0,0.98,7,0.0,0.0,0.0
400.0,fresh,0.0,0.98,8,0.0,0.0,0.0
400.0,fresh,0.0,0.98,9,0.0,0.0,0.0
400.0,fresh,0.0,0.98,10,0.0,0.0,0.0
400.0,fresh,0.0,0.98,11,0.0,0.0,0.0
400.0,fresh,0.5,0.98,0,1.6411849657060884e-12,1.6411849657060884e-12,3.2823699314121767e-12
400.0,fresh,0.5,0.98,1,2.488810824097243e-12,2.488810824097243e-12,4.977621648194486e-12
400.0,fresh,0.5,0.98,2,2.031321777451467e-12,2.031321777451467e-12,4.062643554902934e-12
400.0,fresh,0.5,0.98,3,2.194142645350894e-12,2.194142645350894e-12,4.388285290701788e-12
400.0,fresh,0.5,0.98,4,2.0519358434611945e-12,2.0519358434611945e-12,4.103871686922389e-12
400.0,fresh,0.5,0.98,5,2.0745044571057745e-12,2.0745044571057745e-12,4.149008914211549e-12
400.0,fresh,0.5,0.98,6,2.3480084543336943e-12,2.3480084543336943e-12,4.6960169086673885e-12
400.0,fresh,0.5,0.98,7,1.1558609624984228e-12,1.1558609624984228e-12,2.3117219249968456e-12
400.0,fresh,0.5,0.98,8,2.2695667567518284e-12,2.2695667567518284e-12,4.539133513503657e-12
400.0,fresh,0.5,0.98,9,2.69117839124533e-12,2.69117839124533e-12,5.38235678249066e-12
400.0,fresh,0.5,0.98,10,3.107787360789871e-12,3.107787360789871e-12,6.215574721579742e-12
400.0,fresh,0.5,0.98,11,2.5823210236808336e-12,2.5823210236808336e-12,5.164642047361667e-12
400.0,fresh,2.0,0.98,0,3.0360353443115163e-07,3.0360353443115163e-07,6.072070688623033e-07
400.0,fresh,2.0,0.98,1,3.8715687188883854e-07,3.8715687188883854e-07,7.743137437776771e-07
400.0,fresh,2.0,0.98,2,3.1260676471189795e-07,3.1260676471189795e-07,6.252135294237959e-07
400.0,fresh,2.0,0.98,3,3.3622691712864586e-07,3.3622691712864586e-07,6.724538342572917e-07
400.0,fresh,2.0,0.98,4,3.145272727095305e-07,3.145272727095305e-07,6.29054545419061e-07
400.0,fresh,2.0,0.98,5,3.180271147601443e-07,3.180271147601443e-07,6.360542295202886e-07
400.0,fresh,2.0,0.98,6,3.5129533340449994e-07,3.5129533340449994e-07,7.025906668089999e-07
400.0,fresh,2.0,0.98,7,1.7755510520189866e-07,1.7755510520189866e-07,3.551102104037973e-07
400.0,fresh,2.0,0.98,8,3.470762086843493e-07,3.470762086843493e-07,6.941524173686986e-07
400.0,fresh,2.0,0.98,9,1.3714152606592034e-07,1.3714152606592034e-07,2.742830521318407e-07
400.0,fresh,2.0,0.98,10,1.795905294604827e-07,1.795905294604827e-07,3.591810589209654e-07
400.0,fresh,2.0,0.98,11,4.0081737753272504e-07,4.0081737753272504e-07,8.016347550654501e-07
400.0,up,0.0,0.98,0,0.0,0.0,0.0
400.0,up,0.0,0.98,1,0.0,0.0,0.0
400.0,up,0.0,0.98,2,0.0,0.0,0.0
400.0,up,0.0,0.98,3,0.0,0.0,0.0
400.0,up,0.0,0.98,4,0.0,0.0,0.0
400.0,up,0.0,0.98,5,0.0,0.0,0.0
400.0,up,0.0,0.98,6,0.0,0.0,0.0
400.0,up,0.0,0.98,7,0.0,0.0,0.0
400.0,up,0.0,0.98,8,0.0,0.0,0.0
400.0,up,0.0,0.98,9,0.0,0.0,0.0
400.0,up,0.0,0.98,10,0.0,0.0,0.0
400.0,up,0.0,0.98,11,0.0,0.0,0.0
400.0,up,0.5,0.98,0,5.185279983166424e-13,5.185279983166424e-13,1.0370559966332848e-12
400.0,up,0.5,0.98,1,5.185296636511794e-13,5.185279983166424e-13,1.0370576619678219e-12
400.0,up,0.5,0.98,2,5.185279983166424e-13,5.185279983166424e-13,1.0370559966332848e-12
400.0,up,0.5,0.98,3,5.185279983166424e-13,5.185279983166424e-13,1.0370559966332848e-12
400.0,up,0.5,0.98,4,5.185279983166424e-13,5.185279983166424e-13,1.0370559966332848e-12
400.0,up,0.5,0.98,5,5.185279983166424e-13,5.185279983166424e-13,1.0370559966332848e-12
400.0,up,0.5,0.98,6,5.185279983166424e-13,5.185279983166424e-13,1.0370559966332848e-12
400.0,up,0.5,0.98,7,5.185279983166424e-13,5.185279983166424e-13,1.0370559966332848e-12
400.0,up,0.5,0.98,8,5.185279983166424e-13,5.185279983166424e-13,1.0370559966332848e-12
400.0,up,0.5,0.98,9,5.185279983166424e-13,5.185279983166424e-13,1.0370559966332848e-12
400.0,up,0.5,0.98,10,5.185279983166424e-13,5.185279983166424e-13,1.0370559966332848e-12
400.0,up,0.5,0.98,11,5.185279983166424e-13,5.185279983166424e-13,1.0370559966332848e-12
400.0,up,2.0,0.98,0,7.948905018151375e-08,7.948905018151375e-08,1.589781003630275e-07
400.0,up,2.0,0.98,1,7.948905018206886e-08,7.948905018151375e-08,1.589781003635826e-07
400.0,up,2.0,0.98,2,7.948905018151375e-08,7.948905018151375e-08,1.589781003630275e-07
400.0,up,2.0,0.98,3,7.948905018151375e-08,7.948905018151375e-08,1.589781003630275e-07
400.0,up,2.0,0.98,4,7.948905018151375e-08,7.948905018151375e-08,1.589781003630275e-07
400.0,up,2.0,0.98,5,7.948905018151375e-08,7.948905018151375e-08,1.589781003630275e-07
400.0,up,2.0,0.98,6,7.948905018151375e-08,7.948905018151375e-08,1.589781003630275e-07
400.0,up,2.0,0.98,7,7.948905018151375e-08,7.948905018151375e-08,1.589781003630275e-07
400.0,up,2.0,0.98,8,7.948905018151375e-08,7.948905018151375e-08,1.589781003630275e-07
400.0,up,2.0,0.98,9,7.948905018151375e-08,7.948905018151375e-08,1.589781003630275e-07
400.0,up,2.0,0.98,10,7.948905018151375e-08,7.948905018151375e-08,1.589781003630275e-07
400.0,up,2.0,0.98,11,7.948905018151375e-08,7.948905018151375e-08,1.589781003630275e-07
400.0,down,0.0,0.98,0,0.0,0.0,0.0
400.0,down,0.0,0.98,1,0.0,0.0,0.0
400.0,down,0.0,0.98,2,0.0,0.0,0.0
400.0,down,0.0,0.98,3,0.0,0.0,0.0
400.0,down,0.0,0.98,4,0.0,0.0,0.0
400.0,down,0.0,0.98,5,0.0,0.0,0.0
400.0,down,0.0,0.98,6,0.0,0.0,0.0
400.0,down,0.0,0.98,7,0.0,0.0,0.0
400.0,down,0.0,0.98,8,0.0,0.0,0.0
400.0,down,0.0,0.98,9,0.0,0.0,0.0
400.0,down,0.0,0.98,10,0.0,0.0,0.0
400.0,down,0.0,0.98,11,0.0,0.0,0.0
400.0,down,0.5,0.98,0,-3.3452351999585516e-13,-3.3452351999585516e-13,-6.690470399917103e-13
400.0,down,0.5,0.98,1,-3.348077370901592e-13,-3.348077370901592e-13,-6.696154741803184e-13
400.0,down,0.5,0.98,2,-3.3452351999585516e-13,-3.3452351999585516e-13,-6.690470399917103e-13
400.0,down,0.5,0.98,3,-3.348077370901592e-13,-3.348077370901592e-13,-6.696154741803184e-13
400.0,down,0.5,0.98,4,-3.348077370901592e-13,-3.348077370901592e-13,-6.696154741803184e-13
400.0,down,0.5,0.98,5,-3.3452351999585516e-13,-3.3452351999585516e-13,-6.690470399917103e-13
400.0,down,0.5,0.98,6,-3.348077370901592e-13,-3.348077370901592e-13,-6.696154741803184e-13
400.0,down,0.5,0.98,7,-3.3452351999585516e-13,-3.3452351999585516e-13,-6.690470399917103e-13
400.0,down,0.5,0.98,8,-3.348077370901592e-13,-3.348077370901592e-13,-6.696154741803184e-13
400.0,down,0.5,0.98,9,-3.348077370901592e-13,-3.348077370901592e-13,-6.696154741803184e-13
400.0,down,0.5,0.98,10,-3.348077370901592e-13,-3.348077370901592e-13,-6.696154741803184e-13
400.0,down,0.5,0.98,11,-3.348077370901592e-13,-3.348077370901592e-13,-6.696154741803184e-13
400.0,down,2.0,0.98,0,-6.003266989296207e-08,-6.003266996401635e-08,-1.200653398569784e-07
400.0,down,2.0,0.98,1,-6.003263180787144e-08,-6.003263180787144e-08,-1.2006526361574288e-07
400.0,down,2.0,0.98,2,-6.003263180787144e-08,-6.003263180787144e-08,-1.2006526361574288e-07
400.0,down,2.0,0.98,3,-6.003263194997999e-08,-6.003263194997999e-08,-1.2006526389995997e-07
400.0,down,2.0,0.98,4,-6.003263194997999e-08,-6.003263194997999e-08,-1.2006526389995997e-07
400.0,down,2.0,0.98,5,-6.003263180787144e-08,-6.003263180787144e-08,-1.2006526361574288e-07
400.0,down,2.0,0.98,6,-6.003263180787144e-08,-6.003263180787144e-08,-1.2006526361574288e-07
400.0,down,2.0,0.98,7,-6.003263180787144e-08,-6.003263180787144e-08,-1.2006526361574288e-07
400.0,down,2.0,0.98,8,-6.003263194997999e-08,-6.003263194997999e-08,-1.2006526389995997e-07
400.0,down,2.0,0.98,9,-6.003263180787144e-08,-6.003263180787144e-08,-1.2006526361574288e-07
400.0,down,2.0,0.98,10,-6.003263237630563e-08,-6.003263237630563e-08,-1.2006526475261126e-07
400.0,down,2.0,0.98,11,-6.003263194997999e-08,-6.003263194997999e-08,-1.2006526389995997e-07
400.0,fresh,0.0,0.99,0,2.7977620220553945e-16,1.609823385706477e-16,4.407585407761871e-16
400.0,fresh,0.0,0.99,1,3.6359804056473876e-16,3.069766663088558e-16,6.705747068735946e-16
400.0,fresh,0.0,0.99,2,-1.8318679906315082e-16,3.552713678800501e-16,1.720845688168993e-16
400.0,fresh,0.0,0.99,3,2.958744360626042e-16,3.1363800445660674e-16,6.09512440519211e-16
400.0,fresh,0.0,0.99,4,3.0142555118573e-16,2.7700064464397657e-16,5.784261958297066e-16
400.0,fresh,0.0,0.99,5,2.9753977059954197e-16,2.8754776337791553e-16,5.8508753397745745e-16
400.0,fresh,0.0,0.99,6,3.6970426720017714e-16,2.353672812205332e-16,6.050715484207103e-16
400.0,fresh,0.0,0.99,7,1.4432899320127036e-16,1.8207657603852566e-16,3.26405569239796e-16
400.0,fresh,0.0,0.99,8,3.291811268013589e-16,2.9254376698872872e-16,6.217248937900876e-16
400.0,fresh,0.0,0.99,9,1.509903313490213e-16,1.1435297153639113e-16,2.6534330288541243e-16
400.0,fresh,0.0,0.99,10,1.9539925233402755e-16,8.881784197001253e-17,2.842170943040401e-16
400.0,fresh,0.0,0.99,11,4.9960036108132046e-17,1.554312234475219e-16,2.0539125955565395e-16
400.0,fresh,0.5,0.99,0,4.171339262892815e-10,4.1713397180842546e-10,8.342678980977069e-10
400.0,fresh,0.5,0.99,1,5.628937865820305e-10,5.628937854718075e-10,1.125787572053838e-09
400.0,fresh,0.5,0.99,2,4.876922848895404e-10,4.876922893304325e-10,9.75384574219973e-10
400.0,fresh,0.5,0.99,3,5.15128437683643e-10,5.15128437683643e-10,1.030256875367286e-09
400.0,fresh,0.5,0.99,4,4.913633977476906e-10,4.913633966374675e-10,9.827267943851582e-10
400.0,fresh,0.5,0.99,5,4.951675125486332e-10,4.951675125486332e-10,9.903350250972665e-10
400.0,fresh,0.5,0.99,6,5.401969155327535e-10,5.401969133123075e-10,1.080393828845061e-09
400.0,fresh,0.5,0.99,7,3.3071610616719485e-10,3.3071611171830995e-10,6.614322178855048e-10
400.0,fresh,0.5,0.99,8,5.275437481300216e-10,5.275437470197985e-10,1.0550874951498202e-09
400.0,fresh,0.5,0.99,9,5.946890979657838e-10,5.946890979657838e-10,1.1893781959315675e-09
400.0,fresh,0.5,0.99,10,6.558836096459686e-10,6.558836063152995e-10,1.3117672159612683e-09
400.0,fresh,0.5,0.99,11,5.77541962032413e-10,5.77541965363082e-10,1.155083927395495e-09
400.0,fresh,2.0,0.99,0,2.279017732914057e-06,2.279017732914057e-06,4.558035465828114e-06
400.0,fresh,2.0,0.99,1,2.705791441416916e-06,2.705791441416916e-06,5.411582882833832e-06
400.0,fresh,2.0,0.99,2,2.3268037945650687e-06,2.3268037945650687e-06,4.653607589130137e-06
400.0,fresh,2.0,0.99,3,2.449865453356681e-06,2.449865453356681e-06,4.899730906713362e-06
400.0,fresh,2.0,0.99,4,2.3369873518097607e-06,2.3369873518097607e-06,4.6739747036195215e-06
400.0,fresh,2.0,0.99,5,2.355334851981139e-06,2.355334851981139e-06,4.710669703962278e-06
400.0,fresh,2.0,0.99,6,2.526822062414724e-06,2.526822062414724e-06,5.053644124829448e-06
400.0,fresh,2.0,0.99,7,1.573649087392992e-06,1.573649087392992e-06,3.147298174785984e-06
400.0,fresh,2.0,0.99,8,2.5055108441529584e-06,2.5055108441529584e-06,5.011021688305917e-06
400.0,fresh,2.0,0.99,9,1.3107385045274533e-06,1.3107385045341148e-06,2.621477009061568e-06
400.0,fresh,2.0,0.99,10,1.5829712017473297e-06,1.5829712017473297e-06,3.1659424034946594e-06
400.0,fresh,2.0,0.99,11,2.7712764421772284e-06,2.7712764421772284e-06,5.542552884354457e-06
400.0,up,0.0,0.99,0,0.0,0.0,0.0
400.0,up,0.0,0.99,1,0.0,0.0,0.0
400.0,up,0.0,0.99,2,0.0,0.0,0.0
400.0,up,0.0,0.99,3,0.0,0.0,0.0
400.0,up,0.0,0.99,4,0.0,0.0,0.0
400.0,up,0.0,0.99,5,0.0,0.0,0.0
400.0,up,0.0,0.99,6,0.0,0.0,0.0
400.0,up,0.0,0.99,7,0.0,0.0,0.0
400.0,up,0.0,0.99,8,0.0,0.0,0.0
400.0,up,0.0,0.99,9,0.0,0.0,0.0
400.0,up,0.0,0.99,10,0.0,0.0,0.0
400.0,up,0.0,0.99,11,0.0,0.0,0.0
400.0,up,0.5,0.99,0,9.108553022940669e-11,9.108553022940669e-11,1.8217106045881338e-10
400.0,up,0.5,0.99,1,9.108553022940669e-11,9.108553022940669e-11,1.8217106045881338e-10
400.0,up,0.5,0.99,2,9.108553022940669e-11,9.108553022940669e-11,1.8217106045881338e-10
400.0,up,0.5,0.99,3,9.108553022940669e-11,9.108553022940669e-11,1.8217106045881338e-10
400.0,up,0.5,0.99,4,9.108553022940669e-11,9.108553022940669e-11,1.8217106045881338e-10
400.0,up,0.5,0.99,5,9.108553022940669e-11,9.108553022940669e-11,1.8217106045881338e-10
400.0,up,0.5,0.99,6,9.108553022940669e-11,9.108553022940669e-11,1.8217106045881338e-10
400.0,up,0.5,0.99,7,9.108553022940669e-11,9.108553022940669e-11,1.8217106045881338e-10
400.0,up,0.5,0.99,8,9.108553022940669e-11,9.108553022940669e-11,1.8217106045881338e-10
400.0,up,0.5,0.99,9,9.108553022940669e-11,9.108553022940669e-11,1.8217106045881338e-10
400.0,up,0.5,0.99,10,9.108553022940669e-11,9.108553022940669e-11,1.8217106045881338e-10
400.0,up,0.5,0.99,11,9.108553022940669e-11,9.108553022940669e-11,1.8217106045881338e-10
400.0,up,2.0,0.99,0,4.3211026112932596e-07,4.3211026112932596e-07,8.642205222586519e-07
400.0,up,2.0,0.99,1,4.321102611282157e-07,4.3211026112877084e-07,8.642205222569865e-07
400.0,up,2.0,0.99,2,4.3211026112932596e-07,4.3211026112932596e-07,8.642205222586519e-07
400.0,up,2.0,0.99,3,4.3211026112932596e-07,4.3211026112932596e-07,8.642205222586519e-07
400.0,up,2.0,0.99,4,4.3211026112932596e-07,4.3211026112932596e-07,8.642205222586519e-07
400.0,up,2.0,0.99,5,4.3211026112932596e-07,4.3211026112932596e-07,8.642205222586519e-07
400.0,up,2.0,0.99,6,4.3211026112932596e-07,4.3211026112932596e-07,8.642205222586519e-07
400.0,up,2.0,0.99,7,4.3211026112932596e-07,4.3211026112932596e-07,8.642205222586519e-07
400.0,up,2.0,0.99,8,4.3211026112932596e-07,4.3211026112932596e-07,8.642205222586519e-07
400.0,up,2.0,0.99,9,4.3211026112932596e-07,4.3211026112932596e-07,8.642205222586519e-07
400.0,up,2.0,0.99,10,4.3211026112932596e-07,4.3211026112932596e-07,8.642205222586519e-07
400.0,up,2.0,0.99,11,4.3211026112932596e-07,4.3211026112932596e-07,8.642205222586519e-07
400.0,down,0.0,0.99,0,0.0,0.0,0.0
400.0,down,0.0,0.99,1,0.0,0.0,0.0
400.0,down,0.0,0.99,2,0.0,0.0,0.0
400.0,down,0.0,0.99,3,0.0,0.0,0.0
400.0,down,0.0,0.99,4,0.0,0.0,0.0
400.0,down,0.0,0.99,5,0.0,0.0,0.0
400.0,down,0.0,0.99,6,0.0,0.0,0.0
400.0,down,0.0,0.99,7,0.0,0.0,0.0
400.0,down,0.0,0.99,8,0.0,0.0,0.0
400.0,down,0.0,0.99,9,0.0,0.0,0.0
400.0,down,0.0,0.99,10,0.0,0.0,0.0
400.0,down,0.0,0.99,11,0.0,0.0,0.0
400.0,down,0.5,0.99,0,-9.067889550351538e-11,-9.067889550351538e-11,-1.8135779100703076e-10
400.0,down,0.5,0.99,1,-9.067889550351538e-11,-9.067889550351538e-11,-1.8135779100703076e-10
400.0,down,0.5,0.99,2,-9.067889550351538e-11,-9.067889550351538e-11,-1.8135779100703076e-10
400.0,down,0.5,0.99,3,-9.067889550351538e-11,-9.067889550351538e-11,-1.8135779100703076e-10
400.0,down,0.5,0.99,4,-9.067889550351538e-11,-9.067889550351538e-11,-1.8135779100703076e-10
400.0,down,0.5,0.99,5,-9.067889550351538e-11,-9.067889550351538e-11,-1.8135779100703076e-10
400.0,down,0.5,0.99,6,-9.067889550351538e-11,-9.067889550351538e-11,-1.8135779100703076e-10
400.0,down,0.5,0.99,7,-9.067889550351538e-11,-9.067889550351538e-11,-1.8135779100703076e-10
400.0,down,0.5,0.99,8,-9.067889550351538e-11,-9.067889550351538e-11,-1.8135779100703076e-10
400.0,down,0.5,0.99,9,-9.067889550351538e-11,-9.067889550351538e-11,-1.8135779100703076e-10
400.0,down,0.5,0.99,10,-9.067889550351538e-11,-9.067889550351538e-11,-1.8135779100703076e-10
400.0,down,0.5,0.99,11,-9.067889550351538e-11,-9.067889550351538e-11,-1.8135779100703076e-10
400.0,down,2.0,0.99,0,-4.323647885939863e-07,-4.3236478866504055e-07,-8.647295772590269e-07
400.0,down,2.0,0.99,1,-4.3060056100330256e-07,-4.3060056100330256e-07,-8.612011220066051e-07
400.0,down,2.0,0.99,2,-4.305116863179137e-07,-4.305116863179137e-07,-8.610233726358274e-07
400.0,down,2.0,0.99,3,-4.304510605379619e-07,-4.304510605379619e-07,-8.609021210759237e-07
400.0,down,2.0,0.99,4,-4.3055488774257356e-07,-4.3055488774257356e-07,-8.611097754851471e-07
400.0,down,2.0,0.99,5,-4.306534428621944e-07,-4.306534428621944e-07,-8.613068857243888e-07
400.0,down,2.0,0.99,6,-4.305478167054844e-07,-4.305478167054844e-07,-8.610956334109688e-07
400.0,down,2.0,0.99,7,-4.305250645586511e-07,-4.305250645586511e-07,-8.610501291173022e-07
400.0,down,2.0,0.99,8,-4.305488704403615e-07,-4.305488704403615e-07,-8.61097740880723e-07
400.0,down,2.0,0.99,9,-4.3057651268441076e-07,-4.3057651268441076e-07,-8.611530253688215e-07
400.0,down,2.0,0.99,10,-4.308733339541959e-07,-4.308733339541959e-07,-8.617466679083918e-07
400.0,down,2.0,0.99,11,-4.305868969822768e-07,-4.305868969822768e-07,-8.611737939645536e-07
400.0,fresh,0.0,0.995,0,1.3535306209178089e-12,1.1456224857653297e-12,2.4991531066831388e-12
400.0,fresh,0.0,0.995,1,1.1466799731962851e-12,1.0415363016491597e-12,2.188216274845445e-12
400.0,fresh,0.0,0.995,2,-1.3540446541782103e-13,1.1090756091292065e-12,9.736711437113855e-13
400.0,fresh,0.0,0.995,3,1.0207779066462308e-12,1.053778175830189e-12,2.07455608247642e-12
400.0,fresh,0.0,0.995,4,1.02532649037812e-12,9.785783294802286e-13,2.0039048198583486e-12
400.0,fresh,0.0,0.995,5,1.0185358112480004e-12,1.0000794636866318e-12,2.018615274934632e-12
400.0,fresh,0.0,0.995,6,1.1585576942252374e-12,9.017131485933305e-13,2.060270842818568e-12
400.0,fresh,0.0,0.995,7,7.177725080964592e-13,7.975908822288603e-13,1.5153633903253194e-12
400.0,fresh,0.0,0.995,8,1.0865747190891285e-12,1.0174799891515818e-12,2.10405470824071e-12
400.0,fresh,0.0,0.995,9,1.1699508029039407e-12,1.0998513211291083e-12,2.2698021240330488e-12
400.0,fresh,0.0,0.995,10,1.2418688299931091e-12,1.0463552246875451e-12,2.288224054680654e-12
400.0,fresh,0.0,0.995,11,9.98158222742518e-13,1.1920864295689171e-12,2.190244652311435e-12
400.0,fresh,0.5,0.995,0,1.9414601886702522e-08,1.9414651450389008e-08,3.882925333709153e-08
400.0,fresh,0.5,0.995,1,2.4045589216425968e-08,2.4045588086218928e-08,4.8091177302644896e-08
400.0,fresh,0.5,0.995,2,2.1728307630919376e-08,2.1728312522562023e-08,4.34566201534814e-08
400.0,fresh,0.5,0.995,3,2.2587487928937832e-08,2.2587488260894518e-08,4.517497618983235e-08
400.0,fresh,0.5,0.995,4,2.1846650400947355e-08,2.1846649851386956e-08,4.3693300252334314e-08
400.0,fresh,0.5,0.995,5,2.1965942305635088e-08,2.1965942094692713e-08,4.39318844003278e-08
400.0,fresh,0.5,0.995,6,2.3356018082343332e-08,2.3356016097264564e-08,4.6712034179607896e-08
400.0,fresh,0.5,0.995,7,1.6566435355191978e-08,1.6566442046506148e-08,3.313287740169812e-08
400.0,fresh,0.5,0.995,8,2.297042218879497e-08,2.297042151711004e-08,4.594084370590501e-08
400.0,fresh,0.5,0.995,9,2.499475505235438e-08,2.4994753945462024e-08,4.998950899781641e-08
400.0,fresh,0.5,0.995,10,2.6752913406813404e-08,2.6752910764482608e-08,5.3505824171296015e-08
400.0,fresh,0.5,0.995,11,2.4482349763044197e-08,2.4482351574928176e-08,4.896470133797237e-08
400.0,fresh,2.0,0.995,0,8.739732384342446e-06,8.739732384342446e-06,1.7479464768684892e-05
400.0,fresh,2.0,0.995,1,9.882784542292744e-06,9.882784542292744e-06,1.9765569084585487e-05
400.0,fresh,2.0,0.995,2,8.870860336150365e-06,8.870860336150365e-06,1.774172067230073e-05
400.0,fresh,2.0,0.995,3,9.204593376491155e-06,9.204593376491155e-06,1.840918675298231e-05
400.0,fresh,2.0,0.995,4,8.898765617230132e-06,8.898765617230132e-06,1.7797531234460263e-05
400.0,fresh,2.0,0.995,5,8.948736444157613e-06,8.948736444157613e-06,1.7897472888315225e-05
400.0,fresh,2.0,0.995,6,9.410641989802681e-06,9.410641989802681e-06,1.8821283979605363e-05
400.0,fresh,2.0,0.995,7,6.726478698622085e-06,6.726478698626526e-06,1.345295739724861e-05
400.0,fresh,2.0,0.995,8,9.353939988379634e-06,9.353939988379634e-06,1.870787997675927e-05
400.0,fresh,2.0,0.995,9,5.901725614071429e-06,5.901725616104247e-06,1.1803451230175676e-05
400.0,fresh,2.0,0.995,10,6.750040372167643e-06,6.7500403722808855e-06,1.3500080744448528e-05
400.0,fresh,2.0,0.995,11,1.0051622557740725e-05,1.0051622557740725e-05,2.010324511548145e-05
400.0,up,0.0,0.995,0,1.8160084547247378e-13,1.8160084547247378e-13,3.6320169094494757e-13
400.0,up,0.0,0.995,1,1.8160084547247378e-13,1.8160084547247378e-13,3.6320169094494757e-13
400.0,up,0.0,0.995,2,1.8160084547247378e-13,1.8160084547247378e-13,3.6320169094494757e-13
400.0,up,0.0,0.995,3,1.8160084547247378e-13,1.8160084547247378e-13,3.6320169094494757e-13
400.0,up,0.0,0.995,4,1.8160084547247378e-13,1.8160084547247378e-13,3.6320169094494757e-13
400.0,up,0.0,0.995,5,1.8160084547247378e-13,1.8160084547247378e-13,3.6320169094494757e-13
400.0,up,0.0,0.995,6,1.8160084547247378e-13,1.8160084547247378e-13,3.6320169094494757e-13
400.0,up,0.0,0.995,7,1.8160084547247378e-13,1.8160084547247378e-13,3.6320169094494757e-13
400.0,up,0.0,0.995,8,1.8160084547247378e-13,1.8160084547247378e-13,3.6320169094494757e-13
400.0,up,0.0,0.995,9,1.8160084547247378e-13,1.8160084547247378e-13,3.6320169094494757e-13
400.0,up,0.0,0.995,10,1.8160084547247378e-13,1.8160084547247378e-13,3.6320169094494757e-13
400.0,up,0.0,0.995,11,1.8160084547247378e-13,1.8160084547247378e-13,3.6320169094494757e-13
400.0,up,0.5,0.995,0,3.952793171668745e-09,3.952793171668745e-09,7.90558634333749e-09
400.0,up,0.5,0.995,1,3.952793172778968e-09,3.952793171668745e-09,7.905586344447713e-09
400.0,up,0.5,0.995,2,3.952793171668745e-09,3.952793171668745e-09,7.90558634333749e-09
400.0,up,0.5,0.995,3,3.952793171668745e-09,3.952793171668745e-09,7.90558634333749e-09
400.0,up,0.5,0.995,4,3.952793171668745e-09,3.952793171668745e-09,7.90558634333749e-09
400.0,up,0.5,0.995,5,3.952793171668745e-09,3.952793171668745e-09,7.90558634333749e-09
400.0,up,0.5,0.995,6,3.952793171668745e-09,3.952793171668745e-09,7.90558634333749e-09
400.0,up,0.5,0.995,7,3.952793171668745e-09,3.952793171668745e-09,7.90558634333749e-09
400.0,up,0.5,0.995,8,3.952793171668745e-09,3.952793171668745e-09,7.90558634333749e-09
400.0,up,0.5,0.995,9,3.952793171668745e-09,3.952793171668745e-09,7.90558634333749e-09
400.0,up,0.5,0.995,10,3.952793171668745e-09,3.952793171668745e-09,7.90558634333749e-09
400.0,up,0.5,0.995,11,3.952793171668745e-09,3.952793171668745e-09,7.90558634333749e-09
400.0,up,2.0,0.995,0,1.5872256945226315e-06,1.5872256945226315e-06,3.174451389045263e-06
400.0,up,2.0,0.995,1,1.5872256945237417e-06,1.5872256945231867e-06,3.1744513890469286e-06
400.0,up,2.0,0.995,2,1.5872256945226315e-06,1.5872256945226315e-06,3.174451389045263e-06
400.0,up,2.0,0.995,3,1.5872256945226315e-06,1.5872256945226315e-06,3.174451389045263e-06
400.0,up,2.0,0.995,4,1.5872256945226315e-06,1.5872256945226315e-06,3.174451389045263e-06
400.0,up,2.0,0.995,5,1.5872256945226315e-06,1.5872256945226315e-06,3.174451389045263e-06
400.0,up,2.0,0.995,6,1.5872256945226315e-06,1.5872256945226315e-06,3.174451389045263e-06
400.0,up,2.0,0.995,7,1.5872256945226315e-06,1.5872256945226315e-06,3.174451389045263e-06
400.0,up,2.0,0.995,8,1.5872256945226315e-06,1.5872256945226315e-06,3.174451389045263e-06
400.0,up,2.0,0.995,9,1.5872256945226315e-06,1.5872256945226315e-06,3.174451389045263e-06
400.0,up,2.0,0.995,10,1.5872256945226315e-06,1.5872256945226315e-06,3.174451389045263e-06
400.0,up,2.0,0.995,11,1.5872256945226315e-06,1.5872256945226315e-06,3.174451389045263e-06
400.0,down,0.0,0.995,0,-8.475353752146475e-13,-8.50945980346296e-13,-1.6984813555609436e-12
400.0,down,0.0,0.995,1,-8.498091119690798e-13,-8.554934538551607e-13,-1.7053025658242404e-12
400.0,down,0.0,0.995,2,-8.44124770082999e-13,-8.520828487235122e-13,-1.6962076188065112e-12
400.0,down,0.0,0.995,3,-8.58335624798201e-13,-8.537881512893364e-13,-1.7121237760875373e-12
400.0,down,0.0,0.995,4,-8.566303222323768e-13,-8.736833478906191e-13,-1.7303136701229958e-12
400.0,down,0.0,0.995,5,-8.58335624798201e-13,-8.628830983070656e-13,-1.7212187231052668e-12
400.0,down,0.0,0.995,6,-8.50377546157688e-13,-8.196820999728516e-13,-1.6700596461305396e-12
400.0,down,0.0,0.995,7,-8.401457307627424e-13,-8.378719940083102e-13,-1.6780177247710526e-12
400.0,down,0.0,0.995,8,-8.515144145349041e-13,-8.58335624798201e-13,-1.709850039333105e-12
400.0,down,0.0,0.995,9,-8.492406777804717e-13,-8.515144145349041e-13,-1.700755092315376e-12
400.0,down,0.0,0.995,10,-8.486722435918636e-13,-8.554934538551607e-13,-1.7041656974470243e-12
400.0,down,0.0,0.995,11,-8.6458840087289e-13,-8.486722435918636e-13,-1.7132606444647536e-12
400.0,down,0.5,0.995,0,-1.8896170388416067e-08,-1.8896170388416067e-08,-3.7792340776832135e-08
400.0,down,0.5,0.995,1,-2.23736762450244e-08,-2.2373628496552554e-08,-4.474730474157695e-08
400.0,down,0.5,0.995,2,-1.950512853454711e-08,-1.950512853454711e-08,-3.901025706909422e-08
400.0,down,0.5,0.995,3,-1.993205501094053e-08,-1.993205501094053e-08,-3.986411002188106e-08
400.0,down,0.5,0.995,4,-1.8966982224810635e-08,-1.8966982224810635e-08,-3.793396444962127e-08
400.0,down,0.5,0.995,5,-1.8075563161801255e-08,-1.8075563161801255e-08,-3.615112632360251e-08
400.0,down,0.5,0.995,6,-1.845352755935892e-08,-1.845352755935892e-08,-3.690705511871784e-08
400.0,down,0.5,0.995,7,-1.8801751764385698e-08,-1.8801751764385698e-08,-3.7603503528771396e-08
400.0,down,0.5,0.995,8,-1.9875159011917276e-08,-1.9875159011917276e-08,-3.975031802383455e-08
400.0,down,0.5,0.995,9,-2.0746396671711407e-08,-2.074639610327722e-08,-4.1492792774988626e-08
400.0,down,0.5,0.995,10,-2.0891260419375613e-08,-2.0891259850941423e-08,-4.1782520270317036e-08
400.0,down,0.5,0.995,11,-1.922807598475629e-08,-1.922807598475629e-08,-3.845615196951258e-08
400.0,down,2.0,0.995,0,-2.458896279776468e-05,-2.4588963001406227e-05,-4.917792579917091e-05
400.0,down,2.0,0.995,1,-6.0264729637538035e-06,-6.0264729637538035e-06,-1.2052945927507607e-05
400.0,down,2.0,0.995,2,-5.0531720876279e-06,-5.0531720876279e-06,-1.01063441752558e-05
400.0,down,2.0,0.995,3,-4.387061351991406e-06,-4.387061351991406e-06,-8.774122703982813e-06
400.0,down,2.0,0.995,4,-5.526775714201904e-06,-5.526775714201904e-06,-1.1053551428403808e-05
400.0,down,2.0,0.995,5,-6.603771694955185e-06,-6.603771694955185e-06,-1.320754338991037e-05
400.0,down,2.0,0.995,6,-5.449305959075446e-06,-5.449305959075446e-06,-1.0898611918150892e-05
400.0,down,2.0,0.995,7,-5.199945245379922e-06,-5.199945245379922e-06,-1.0399890490759844e-05
400.0,down,2.0,0.995,8,-5.460865289137473e-06,-5.460865289137473e-06,-1.0921730578274946e-05
400.0,down,2.0,0.995,9,-5.763494596351393e-06,-5.763494596351393e-06,-1.1526989192702785e-05
400.0,down,2.0,0.995,10,-8.990050753254764e-06,-8.990050753254764e-06,-1.7980101506509528e-05
400.0,down,2.0,0.995,11,-5.877075436160339e-06,-5.877075436160339e-06,-1.1754150872320679e-05
400.0,fresh,0.0,1.0,0,1.694529056589511e-05,1.675834175531965e-05,3.3703632321214756e-05
400.0,fresh,0.0,1.0,1,1.675902983282296e-05,1.6651965886853027e-05,3.341099571967599e-05
400.0,fresh,0.0,1.0,2,1.4149341863237686e-05,1.6721800803541908e-05,3.087114266677959e-05
400.0,fresh,0.0,1.0,3,1.662968756513117e-05,1.6664921683876012e-05,3.3294609249007184e-05
400.0,fresh,0.0,1.0,4,1.6634601613369494e-05,1.658315090201812e-05,3.321775251538761e-05
400.0,fresh,0.0,1.0,5,1.662725468939141e-05,1.6607072363878374e-05,3.323432705326979e-05
400.0,fresh,0.0,1.0,6,1.6770550479351386e-05,1.6493828775743237e-05,3.3264379255094626e-05
400.0,fresh,0.0,1.0,7,1.625261475423023e-05,1.6362452238857796e-05,3.261506699308802e-05
400.0,fresh,0.0,1.0,8,1.669897501990425e-05,1.6626109270165835e-05,3.3325084290070085e-05
400.0,fresh,0.0,1.0,9,1.6781815526041298e-05,1.6712832759157027e-05,3.3494648285198325e-05
400.0,fresh,0.0,1.0,10,1.6848654555177145e-05,1.665743490831484e-05,3.350608946349198e-05
400.0,fresh,0.0,1.0,11,1.6605319854136047e-05,1.6802796494714834e-05,3.3408116348850885e-05
400.0,fresh,0.5,1.0,0,3.258886543721584e-05,3.2591929062517064e-05,6.51807944997329e-05
400.0,fresh,0.5,1.0,1,3.353788991457218e-05,3.353784089017986e-05,6.707573080475205e-05
400.0,fresh,0.5,1.0,2,3.308816775608458e-05,3.308841742798885e-05,6.617658518407344e-05
400.0,fresh,0.5,1.0,3,3.325963554103362e-05,3.325965143869236e-05,6.651928697972597e-05
400.0,fresh,0.5,1.0,4,3.311273990874441e-05,3.3112712163351766e-05,6.622545207209617e-05
400.0,fresh,0.5,1.0,5,3.3136651551986527e-05,3.3136640995558575e-05,6.62732925475451e-05
400.0,fresh,0.5,1.0,6,3.3407750783504e-05,3.340766043712917e-05,6.681541122063316e-05
400.0,fresh,0.5,1.0,7,3.1944611496337315e-05,3.19451123807013e-05,6.388972387703862e-05
400.0,fresh,0.5,1.0,8,3.3334106292817745e-05,3.333407495565488e-05,6.666818124847262e-05
400.0,fresh,0.5,1.0,9,3.371175880142241e-05,3.3711713676859434e-05,6.742347247828184e-05
400.0,fresh,0.5,1.0,10,3.401606760201847e-05,3.40159710186505e-05,6.803203862066897e-05
400.0,fresh,0.5,1.0,11,3.361804246608591e-05,3.3618118942420063e-05,6.723616140850598e-05
400.0,fresh,2.0,1.0,0,8.147193401599972e-05,8.147193401601971e-05,0.00016294386803201945
400.0,fresh,2.0,1.0,1,8.480212241602281e-05,8.48021224160217e-05,0.00016960424483204451
400.0,fresh,2.0,1.0,2,8.186553775169414e-05,8.186553775169857e-05,0.00016373107550339273
400.0,fresh,2.0,1.0,3,8.28527702921611e-05,8.28527702921611e-05,0.0001657055405843222
400.0,fresh,2.0,1.0,4,8.194909768073299e-05,8.194909768073299e-05,0.00016389819536146599
400.0,fresh,2.0,1.0,5,8.2097753505192e-05,8.2097753505192e-05,0.000164195507010384
400.0,fresh,2.0,1.0,6,8.345265040120787e-05,8.345265040120676e-05,0.00016690530080241462
400.0,fresh,2.0,1.0,7,7.508843379068875e-05,7.508843379437357e-05,0.00015017686758506232
400.0,fresh,2.0,1.0,8,8.328874830695331e-05,8.328874830695331e-05,0.00016657749661390663
400.0,fresh,2.0,1.0,9,7.214632448644953e-05,7.214632678651412e-05,0.00014429265127296364
400.0,fresh,2.0,1.0,10,7.515327145536932e-05,7.515327154745788e-05,0.0001503065430028272
400.0,fresh,2.0,1.0,11,8.527224419091261e-05,8.527224419091261e-05,0.00017054448838182523
400.0,up,0.0,1.0,0,1.4664866172831026e-05,1.4664866172831026e-05,2.9329732345662052e-05
400.0,up,0.0,1.0,1,1.4664866172831026e-05,1.4664866172831026e-05,2.9329732345662052e-05
400.0,up,0.0,1.0,2,1.4664866172831026e-05,1.4664866172831026e-05,2.9329732345662052e-05
400.0,up,0.0,1.0,3,1.4664866172831026e-05,1.4664866172831026e-05,2.9329732345662052e-05
400.0,up,0.0,1.0,4,1.4664866172831026e-05,1.4664866172831026e-05,2.9329732345662052e-05
400.0,up,0.0,1.0,5,1.4664866172831026e-05,1.4664866172831026e-05,2.9329732345662052e-05
400.0,up,0.0,1.0,6,1.4664866172831026e-05,1.4664866172831026e-05,2.9329732345662052e-05
400.0,up,0.0,1.0,7,1.4664866172831026e-05,1.4664866172831026e-05,2.9329732345662052e-05
400.0,up,0.0,1.0,8,1.4664866172831026e-05,1.4664866172831026e-05,2.9329732345662052e-05
400.0,up,0.0,1.0,9,1.4664866172831026e-05,1.4664866172831026e-05,2.9329732345662052e-05
400.0,up,0.0,1.0,10,1.4664866172831026e-05,1.4664866172831026e-05,2.9329732345662052e-05
400.0,up,0.0,1.0,11,1.4664866172831026e-05,1.4664866172831026e-05,2.9329732345662052e-05
400.0,up,0.5,1.0,0,2.6048218712135807e-05,2.6048218712135807e-05,5.209643742427161e-05
400.0,up,0.5,1.0,1,2.6048218712135807e-05,2.6048218712135807e-05,5.209643742427161e-05
400.0,up,0.5,1.0,2,2.6048218712135807e-05,2.6048218712135807e-05,5.209643742427161e-05
400.0,up,0.5,1.0,3,2.6048218712135807e-05,2.6048218712135807e-05,5.209643742427161e-05
400.0,up,0.5,1.0,4,2.6048218712135807e-05,2.6048218712135807e-05,5.209643742427161e-05
400.0,up,0.5,1.0,5,2.6048218712135807e-05,2.6048218712135807e-05,5.209643742427161e-05
400.0,up,0.5,1.0,6,2.6048218712135807e-05,2.6048218712135807e-05,5.209643742427161e-05
400.0,up,0.5,1.0,7,2.6048218712135807e-05,2.6048218712135807e-05,5.209643742427161e-05
400.0,up,0.5,1.0,8,2.6048218712135807e-05,2.6048218712135807e-05,5.209643742427161e-05
400.0,up,0.5,1.0,9,2.6048218712135807e-05,2.6048218712135807e-05,5.209643742427161e-05
400.0,up,0.5,1.0,10,2.6048218712135807e-05,2.6048218712135807e-05,5.209643742427161e-05
400.0,up,0.5,1.0,11,2.6048218712135807e-05,2.6048218712135807e-05,5.209643742427161e-05
400.0,up,2.0,1.0,0,4.764295082298031e-05,4.764295082298031e-05,9.528590164596062e-05
400.0,up,2.0,1.0,1,4.7642950822979205e-05,4.764295082297976e-05,9.528590164595897e-05
400.0,up,2.0,1.0,2,4.764295082298031e-05,4.764295082298031e-05,9.528590164596062e-05
400.0,up,2.0,1.0,3,4.764295082298031e-05,4.764295082298031e-05,9.528590164596062e-05
400.0,up,2.0,1.0,4,4.764295082298031e-05,4.764295082298031e-05,9.528590164596062e-05
400.0,up,2.0,1.0,5,4.764295082298031e-05,4.764295082298031e-05,9.528590164596062e-05
400.0,up,2.0,1.0,6,4.764295082298031e-05,4.764295082298031e-05,9.528590164596062e-05
400.0,up,2.0,1.0,7,4.764295082298031e-05,4.764295082298031e-05,9.528590164596062e-05
400.0,up,2.0,1.0,8,4.764295082298031e-05,4.764295082298031e-05,9.528590164596062e-05
400.0,up,2.0,1.0,9,4.764295082298031e-05,4.764295082298031e-05,9.528590164596062e-05
400.0,up,2.0,1.0,10,4.764295082298031e-05,4.764295082298031e-05,9.528590164596062e-05
400.0,up,2.0,1.0,11,4.764295082298031e-05,4.764295082298031e-05,9.528590164596062e-05
400.0,down,0.0,1.0,0,1.5351104433420915e-05,1.424247982754423e-05,2.9593584260965146e-05
400.0,down,0.0,1.0,1,1.4249825824776962e-05,1.2141893649300072e-05,2.6391719474077034e-05
400.0,down,0.0,1.0,2,1.6967438152164506e-05,1.3778122967664786e-05,3.074556111982929e-05
400.0,down,0.0,1.0,3,1.1158614310033954e-05,1.2569441360028577e-05,2.372805567006253e-05
400.0,down,0.0,1.0,4,1.1409886683964032e-05,6.718360702393511e-06,1.8128247386357544e-05
400.0,down,0.0,1.0,5,1.1025286698327363e-05,9.616381511818872e-06,2.0641668210146233e-05
400.0,down,0.0,1.0,6,1.4366675925430172e-05,3.375298216042211e-05,4.811965808585228e-05
400.0,down,0.0,1.0,7,1.8822420871629218e-05,2.022033650632693e-05,3.904275737795615e-05
400.0,down,0.0,1.0,8,1.3388479600280334e-05,1.096029655059283e-05,2.4348776150873164e-05
400.0,down,0.0,1.0,9,1.447075192174907e-05,1.3636390630722416e-05,2.8107142552471486e-05
400.0,down,0.0,1.0,10,1.4938633106567068e-05,1.2332611083820666e-05,2.7271244190387736e-05
400.0,down,0.0,1.0,11,9.461001484396547e-06,1.4641981637169011e-05,2.410298312156556e-05
400.0,down,0.5,1.0,0,3.0857530003061126e-05,3.0860335504314664e-05,6.171786550737579e-05
400.0,down,0.5,1.0,1,4.583865063523262e-08,8.327405771524354e-07,8.785792277876681e-07
400.0,down,0.5,1.0,2,1.983453949122804e-05,1.983774385024617e-05,3.967228334147421e-05
400.0,down,0.5,1.0,3,1.4244656595678862e-05,1.4218270786159337e-05,2.84629273818382e-05
400.0,down,0.5,1.0,4,2.9348228042636038e-05,2.934885135687182e-05,5.869707939950785e-05
400.0,down,0.5,1.0,5,5.493041759848438e-05,5.4929766095597186e-05,0.00010986018369408157
400.0,down,0.5,1.0,6,4.210104980501228e-05,4.2101843650641516e-05,8.42028934556538e-05
400.0,down,0.5,1.0,7,3.298575465947806e-05,3.29831079866949e-05,6.596886264617296e-05
400.0,down,0.5,1.0,8,1.4902477425096094e-05,1.4892996337323438e-05,2.9795473762419532e-05
400.0,down,0.5,1.0,9,6.819545666019167e-06,6.869345762936519e-06,1.3688891428955685e-05
400.0,down,0.5,1.0,10,5.845632565524284e-06,5.9214413437302935e-06,1.1767073909254577e-05
400.0,down,0.5,1.0,11,2.4330194511890114e-05,2.4339232001011625e-05,4.866942651290174e-05
400.0,down,2.0,1.0,0,-0.0008961627619780188,0.014811800309807381,0.013915637547829362
400.0,down,2.0,1.0,1,4.893927536798515e-05,4.893927536770093e-05,9.787855073568609e-05
400.0,down,2.0,1.0,2,0.00012165575244907245,0.00012165575245106198,0.0002433115049001344
400.0,down,2.0,1.0,3,0.00024067707839847685,0.00024067707842945652,0.00048135415682793337
400.0,down,2.0,1.0,4,7.809989396776018e-05,7.809989396747596e-05,0.00015619978793523614
400.0,down,2.0,1.0,5,2.7514768504914855e-05,2.7514768505767505e-05,5.502953701068236e-05
400.0,down,2.0,1.0,6,8.391424795107128e-05,8.391424794936598e-05,0.00016782849590043727
400.0,down,2.0,1.0,7,0.00010587511236550995,0.00010587511236749947,0.0002117502247330094
400.0,down,2.0,1.0,8,8.301957726914111e-05,8.301957726885689e-05,0.000166039154537998
400.0,down,2.0,1.0,9,6.268919959367736e-05,6.268919959367736e-05,0.0001253783991873547
400.0,down,2.0,1.0,10,3.6452613016990653e-09,3.645260733264877e-09,7.290522034963942e-09
400.0,down,2.0,1.0,11,5.636806066661393e-05,5.6368060666329714e-05,0.00011273612133294364
400.0,fresh,0.0,1.005,0,0.09476154623014539,0.09469527038799579,0.18945681661814118
400.0,fresh,0.0,1.005,1,0.09469547321667186,0.09466694815266646,0.18936242136933834
400.0,fresh,0.0,1.005,2,0.09475953973227086,0.09468487653607163,0.1894444162683425
400.0,fresh,0.0,1.005,3,0.09466172497274838,0.0946700924731915,0.18933181744593988
400.0,fresh,0.0,1.005,4,0.09466285744662116,0.09465153077760981,0.18931438822423097
400.0,fresh,0.0,1.005,5,0.09466116835702283,0.09465665288068643,0.18931782123770927
400.0,fresh,0.0,1.005,6,0.09469890943161978,0.09463446054442734,0.1893333699760471
400.0,fresh,0.0,1.005,7,0.09460203285575361,0.09461457260995701,0.18921660546571062
400.0,fresh,0.0,1.005,8,0.09467874668343146,0.09466090722318675,0.18933965390661822
400.0,fresh,0.0,1.005,9,0.09470234385450615,0.09468243579519896,0.18938477964970513
400.0,fresh,0.0,1.005,10,0.09472432382485957,0.09466826573149137,0.18939258955635094
400.0,fresh,0.0,1.005,11,0.09465626926313014,0.09470894205156703,0.1893652113146972
400.0,fresh,0.5,1.005,0,0.029841460140571086,0.029963859950589353,0.059805320091160435
400.0,fresh,0.5,1.005,1,0.047323245001575656,0.04732334782984168,0.09464659283141734
400.0,fresh,0.5,1.005,2,0.018204750269979517,0.03306408603505971,0.05126883630503923
400.0,fresh,0.5,1.005,3,0.047351514042451075,0.04735146380130404,0.09470297784375512
400.0,fresh,0.5,1.005,4,0.04735220653780955,0.04735229904293702,0.09470450558074657
400.0,fresh,0.5,1.005,5,0.04735775496081485,0.0473577920068533,0.09471554696766815
400.0,fresh,0.5,1.005,6,0.04726351000081386,0.0472635984505565,0.09452710845137036
400.0,fresh,0.5,1.005,7,0.024935375002421996,0.030763035143727722,0.05569841014614972
400.0,fresh,0.5,1.005,8,0.04734205366964089,0.04734214095193335,0.09468419462157424
400.0,fresh,0.5,1.005,9,0.047322003288510245,0.04732209117017502,0.09464409445868527
400.0,fresh,0.5,1.005,10,0.047253096133922964,0.04725315925202428,0.09450625538594724
400.0,fresh,0.5,1.005,11,0.04728938868113622,0.04728928770772065,0.09457867638885686
400.0,fresh,2.0,1.005,0,0.017280529956649207,0.0015819349168592512,0.01886246487350846
400.0,fresh,2.0,1.005,1,0.016360883877934013,0.01636088394163441,0.032721767819568426
400.0,fresh,2.0,1.005,2,0.017247662496623267,0.0017665489252123013,0.01901421142183557
400.0,fresh,2.0,1.005,3,0.016488787376540134,0.016488787292516776,0.03297757466905691
400.0,fresh,2.0,1.005,4,0.01650868525994629,0.01650868560054075,0.03301737086048704
400.0,fresh,2.0,1.005,5,0.016534073823193787,0.016534073968266467,0.03306814779146025
400.0,fresh,2.0,1.005,6,0.016341383245783228,0.016341383325085793,0.03268276657086902
400.0,fresh,2.0,1.005,7,0.01426494557563303,0.013753922018089417,0.02801886759372245
400.0,fresh,2.0,1.005,8,0.01645828067144217,0.016458280778407903,0.03291656144985007
400.0,fresh,2.0,1.005,9,0.01502869266400041,0.01501212758637529,0.030040820250375702
400.0,fresh,2.0,1.005,10,0.014660333890495536,0.014472377803416642,0.029132711693912176
400.0,fresh,2.0,1.005,11,0.01630615573195053,0.01630615569021231,0.03261231142216284
400.0,up,0.0,1.005,0,0.10815532464172556,0.10815532464172556,0.21631064928345112
400.0,up,0.0,1.005,1,0.10815532464172556,0.10815532464172556,0.21631064928345112
400.0,up,0.0,1.005,2,0.10815532464172556,0.10815532464172556,0.21631064928345112
400.0,up,0.0,1.005,3,0.10815532464172556,0.10815532464172556,0.21631064928345112
400.0,up,0.0,1.005,4,0.10815532464172556,0.10815532464172556,0.21631064928345112
400.0,up,0.0,1.005,5,0.10815532464172556,0.10815532464172556,0.21631064928345112
400.0,up,0.0,1.005,6,0.10815532464172556,0.10815532464172556,0.21631064928345112
400.0,up,0.0,1.005,7,0.10815532464172556,0.10815532464172556,0.21631064928345112
400.0,up,0.0,1.005,8,0.10815532464172556,0.10815532464172556,0.21631064928345112
400.0,up,0.0,1.005,9,0.10815532464172556,0.10815532464172556,0.21631064928345112
400.0,up,0.0,1.005,10,0.10815532464172556,0.10815532464172556,0.21631064928345112
400.0,up,0.0,1.005,11,0.10815532464172556,0.10815532464172556,0.21631064928345112
400.0,up,0.5,1.005,0,0.048066704046123315,0.048066704046123315,0.09613340809224663
400.0,up,0.5,1.005,1,0.04806670404612297,0.04806670404612296,0.09613340809224594
400.0,up,0.5,1.005,2,0.048066704046123315,0.048066704046123315,0.09613340809224663
400.0,up,0.5,1.005,3,0.048066704046123315,0.048066704046123315,0.09613340809224663
400.0,up,0.5,1.005,4,0.048066704046123315,0.048066704046123315,0.09613340809224663
400.0,up,0.5,1.005,5,0.048066704046123315,0.048066704046123315,0.09613340809224663
400.0,up,0.5,1.005,6,0.048066704046123315,0.048066704046123315,0.09613340809224663
400.0,up,0.5,1.005,7,0.048066704046123315,0.048066704046123315,0.09613340809224663
400.0,up,0.5,1.005,8,0.048066704046123315,0.048066704046123315,0.09613340809224663
400.0,up,0.5,1.005,9,0.048066704046123315,0.048066704046123315,0.09613340809224663
400.0,up,0.5,1.005,10,0.048066704046123315,0.048066704046123315,0.09613340809224663
400.0,up,0.5,1.005,11,0.048066704046123315,0.048066704046123315,0.09613340809224663
400.0,up,2.0,1.005,0,0.016612596730304314,0.016612596730304314,0.03322519346060863
400.0,up,2.0,1.005,1,0.016612596730304345,0.016612596730304345,0.03322519346060869
400.0,up,2.0,1.005,2,0.016612596730304314,0.016612596730304314,0.03322519346060863
400.0,up,2.0,1.005,3,0.016612596730304314,0.016612596730304314,0.03322519346060863
400.0,up,2.0,1.005,4,0.016612596730304314,0.016612596730304314,0.03322519346060863
400.0,up,2.0,1.005,5,0.016612596730304314,0.016612596730304314,0.03322519346060863
400.0,up,2.0,1.005,6,0.016612596730304314,0.016612596730304314,0.03322519346060863
400.0,up,2.0,1.005,7,0.016612596730304314,0.016612596730304314,0.03322519346060863
400.0,up,2.0,1.005,8,0.016612596730304314,0.016612596730304314,0.03322519346060863
400.0,up,2.0,1.005,9,0.016612596730304314,0.016612596730304314,0.03322519346060863
400.0,up,2.0,1.005,10,0.016612596730304314,0.016612596730304314,0.03322519346060863
400.0,up,2.0,1.005,11,0.016612596730304314,0.016612596730304314,0.03322519346060863
400.0,down,0.0,1.005,0,0.10424721962398678,0.09501644150673712,0.1992636611307239
400.0,down,0.0,1.005,1,0.09502064995676278,0.0946547590256273,0.18967540898239008
400.0,down,0.0,1.005,2,0.10916313500208787,0.09483807953220719,0.20400121453429504
400.0,down,0.0,1.005,3,0.09462316603323644,0.09467808248555003,0.18930124851878646
400.0,down,0.0,1.005,4,0.0946292779696131,0.0945862429847574,0.1892155209543705
400.0,down,0.0,1.005,5,0.0946203096282062,0.09460071135651503,0.1892210209847212
400.0,down,0.0,1.005,6,0.09509710550856766,0.0946075892611907,0.18970469476975838
400.0,down,0.0,1.005,7,0.0959742706986657,0.09491600432224175,0.19089027502090744
400.0,down,0.0,1.005,8,0.09476067132470291,0.09461900295056068,0.1893796742752636
400.0,down,0.0,1.005,9,0.09518441890726308,0.09480514894708449,0.18998956785434756
400.0,down,0.0,1.005,10,0.09620308369045517,0.09466412714989303,0.1908672108403482
400.0,down,0.0,1.005,11,0.0945993395464842,0.09539062289703282,0.189989962443517
400.0,down,0.5,1.005,0,0.031719793401582874,0.01601458020035949,0.04773437360194237
400.0,down,0.5,1.005,1,0.030721763733515105,0.03071804656872132,0.06143981030223643
400.0,down,0.5,1.005,2,0.029715626274077353,0.02902358918581882,0.058739215459896174
400.0,down,0.5,1.005,3,0.030345884656570943,0.0304109361061856,0.06075682076275654
400.0,down,0.5,1.005,4,0.031731499973775217,0.016025798357883616,0.04775729833165883
400.0,down,0.5,1.005,5,0.031273886769019155,0.03131564322648075,0.06258952999549991
400.0,down,0.5,1.005,6,0.03195744661734182,0.016324243776327876,0.048281690393669696
400.0,down,0.5,1.005,7,0.0159966472209274,0.031700889270928484,0.04769753649185589
400.0,down,0.5,1.005,8,0.030316217854914954,0.030350323548675534,0.060666541403590485
400.0,down,0.5,1.005,9,0.03054412740892815,0.030537205173768598,0.06108133258269675
400.0,down,0.5,1.005,10,0.030551588793591974,0.030543976102303246,0.061095564895895224
400.0,down,0.5,1.005,11,0.032465365780479656,0.016828330499061225,0.04929369627954088
400.0,down,2.0,1.005,0,0.014802728461471092,0.014802740744279888,0.02960546920575098
400.0,down,2.0,1.005,1,0.016269947608131476,0.0005619946721594715,0.016831942280290946
400.0,down,2.0,1.005,2,0.0003751008887424234,0.016083064149827634,0.016458165038570057
400.0,down,2.0,1.005,3,0.0009127133641014495,0.016620671637008543,0.017533385001109993
400.0,down,2.0,1.005,4,0.015972250113276944,0.000264286846474846,0.01623653695975179
400.0,down,2.0,1.005,5,0.013775182209083142,0.013777500648434114,0.027552682857517254
400.0,down,2.0,1.005,6,0.01597845830622532,0.00027049504383171554,0.016248953350057035
400.0,down,2.0,1.005,7,0.00032041371290333134,0.016028376974887806,0.01634879068779114
400.0,down,2.0,1.005,8,0.015973446906841104,0.0002654836400930094,0.016238930546934115
400.0,down,2.0,1.005,9,0.01602763122410167,0.00031966796878279524,0.016347299192884465
400.0,down,2.0,1.005,10,0.014877527923109141,0.014877527909882247,0.029755055832991387
400.0,down,2.0,1.005,11,0.01609990050749275,0.00039193751362887497,0.016491838021121624
400.0,fresh,0.0,1.01,0,0.14140033887379508,0.14140011040846936,0.28280044928226444
400.0,fresh,0.0,1.01,1,0.1414001098618475,0.14140032552460113,0.2828004353864486
400.0,fresh,0.0,1.01,2,0.1415389439713643,0.14140015483445068,0.28293909880581497
400.0,fresh,0.0,1.01,3,0.14140040429651513,0.14140028518487,0.28280068948138515
400.0,fresh,0.0,1.01,4,0.14140038589287338,0.1414006078348607,0.28280099372773404
400.0,fresh,0.0,1.01,5,0.1414004136243795,0.14140049656353967,0.2828009101879192
400.0,fresh,0.0,1.01,6,0.14140010228612754,0.14140115094976158,0.2828012532358891
400.0,fresh,0.0,1.01,7,0.1414036969604392,0.14140233372390465,0.28280603068434385
400.0,fresh,0.0,1.01,8,0.14140019807550594,0.14140041806572923,0.2828006161412352
400.0,fresh,0.0,1.01,9,0.14140009773994983,0.14140017038090924,0.28280026812085907
400.0,fresh,0.0,1.01,10,0.14140012796003845,0.1414003080081198,0.2828004359681583
400.0,fresh,0.0,1.01,11,0.1414005042358481,0.14140009675243942,0.2828006009882875
400.0,fresh,0.5,1.01,0,0.04693903310608324,0.031241389503697335,0.07818042260978057
400.0,fresh,0.5,1.01,1,0.06352727693735931,0.06352709412363439,0.1270543710609937
400.0,fresh,0.5,1.01,2,0.04680079507046545,0.03112245689463035,0.07792325196509581
400.0,fresh,0.5,1.01,3,0.06356379889612873,0.06356373384331288,0.1271275327394416
400.0,fresh,0.5,1.01,4,0.06355598862822193,0.06355612587114312,0.12711211449936505
400.0,fresh,0.5,1.01,5,0.06357008487912821,0.06357015219983893,0.12714023707896716
400.0,fresh,0.5,1.01,6,0.06344671017507818,0.06344541437093001,0.12689212454600818
400.0,fresh,0.5,1.01,7,0.046761920933763294,0.03106418434215382,0.07782610527591712
400.0,fresh,0.5,1.01,8,0.06354854760758269,0.06354859121670041,0.12709713882428308
400.0,fresh,0.5,1.01,9,0.06353793978416833,0.06353771349839024,0.12707565328255857
400.0,fresh,0.5,1.01,10,0.06351001450555371,0.0635074694633526,0.12701748396890633
400.0,fresh,0.5,1.01,11,0.06348607950933516,0.0634869091663571,0.12697298867569226
400.0,fresh,2.0,1.01,0,0.014937528182024477,0.014937982757545548,0.029875510939570027
400.0,fresh,2.0,1.01,1,0.030672087615731237,0.03067208679830362,0.061344174414034856
400.0,fresh,2.0,1.01,2,0.015021017467586262,0.015021082283932525,0.030042099751518787
400.0,fresh,2.0,1.01,3,0.03054782132809596,0.03054782229814281,0.061095643626238774
400.0,fresh,2.0,1.01,4,0.030446033199724915,0.030446026710158502,0.06089205990988342
400.0,fresh,2.0,1.01,5,0.03047643371368837,0.03047643180527575,0.06095286551896412
400.0,fresh,2.0,1.01,6,0.030538471893756566,0.03053846885113505,0.06107694074489162
400.0,fresh,2.0,1.01,7,0.003991504276513394,0.019611514145636392,0.023603018422149784
400.0,fresh,2.0,1.01,8,0.030581145483476596,0.030581144246363295,0.06116228972983989
400.0,fresh,2.0,1.01,9,0.01593896883571527,0.015938968060453636,0.031877936896168906
400.0,fresh,2.0,1.01,10,0.013586446425872119,0.014032394240074525,0.027618840665946644
400.0,fresh,2.0,1.01,11,0.030677583723557608,0.030677584520821893,0.061355168244379504
400.0,up,0.0,1.01,0,0.14140894491516046,0.14140894491516046,0.2828178898303209
400.0,up,0.0,1.01,1,0.14140894491516046,0.14140894491516046,0.2828178898303209
400.0,up,0.0,1.01,2,0.14140894491516046,0.14140894491516046,0.2828178898303209
400.0,up,0.0,1.01,3,0.14140894491516046,0.14140894491516046,0.2828178898303209
400.0,up,0.0,1.01,4,0.14140894491516046,0.14140894491516046,0.2828178898303209
400.0,up,0.0,1.01,5,0.14140894491516046,0.14140894491516046,0.2828178898303209
400.0,up,0.0,1.01,6,0.14140894491516046,0.14140894491516046,0.2828178898303209
400.0,up,0.0,1.01,7,0.14140894491516046,0.14140894491516046,0.2828178898303209
400.0,up,0.0,1.01,8,0.14140894491516046,0.14140894491516046,0.2828178898303209
400.0,up,0.0,1.01,9,0.14140894491516046,0.14140894491516046,0.2828178898303209
400.0,up,0.0,1.01,10,0.14140894491516046,0.14140894491516046,0.2828178898303209
400.0,up,0.0,1.01,11,0.14140894491516046,0.14140894491516046,0.2828178898303209
400.0,up,0.5,1.01,0,0.07757816536064156,0.07757816536064156,0.15515633072128313
400.0,up,0.5,1.01,1,0.0775781653606414,0.07757816536064137,0.15515633072128276
400.0,up,0.5,1.01,2,0.07757816536064156,0.07757816536064156,0.15515633072128313
400.0,up,0.5,1.01,3,0.07757816536064156,0.07757816536064156,0.15515633072128313
400.0,up,0.5,1.01,4,0.07757816536064156,0.07757816536064156,0.15515633072128313
400.0,up,0.5,1.01,5,0.07757816536064156,0.07757816536064156,0.15515633072128313
400.0,up,0.5,1.01,6,0.07757816536064156,0.07757816536064156,0.15515633072128313
400.0,up,0.5,1.01,7,0.07757816536064156,0.07757816536064156,0.15515633072128313
400.0,up,0.5,1.01,8,0.07757816536064156,0.07757816536064156,0.15515633072128313
400.0,up,0.5,1.01,9,0.07757816536064156,0.07757816536064156,0.15515633072128313
400.0,up,0.5,1.01,10,0.07757816536064156,0.07757816536064156,0.15515633072128313
400.0,up,0.5,1.01,11,0.07757816536064156,0.07757816536064156,0.15515633072128313
400.0,up,2.0,1.01,0,0.03119035048046539,0.03119035048046539,0.06238070096093078
400.0,up,2.0,1.01,1,0.03119035048046538,0.03119035048046538,0.06238070096093076
400.0,up,2.0,1.01,2,0.03119035048046539,0.03119035048046539,0.06238070096093078
400.0,up,2.0,1.01,3,0.03119035048046539,0.03119035048046539,0.06238070096093078
400.0,up,2.0,1.01,4,0.03119035048046539,0.03119035048046539,0.06238070096093078
400.0,up,2.0,1.01,5,0.03119035048046539,0.03119035048046539,0.06238070096093078
400.0,up,2.0,1.01,6,0.03119035048046539,0.03119035048046539,0.06238070096093078
400.0,up,2.0,1.01,7,0.03119035048046539,0.03119035048046539,0.06238070096093078
400.0,up,2.0,1.01,8,0.03119035048046539,0.03119035048046539,0.06238070096093078
400.0,up,2.0,1.01,9,0.03119035048046539,0.03119035048046539,0.06238070096093078
400.0,up,2.0,1.01,10,0.03119035048046539,0.03119035048046539,0.06238070096093078
400.0,up,2.0,1.01,11,0.03119035048046539,0.03119035048046539,0.06238070096093078
400.0,down,0.0,1.01,0,0.14142783913206813,0.14140493148403152,0.2828327706160997
400.0,down,0.0,1.01,1,0.1414049921751314,0.14140014929981248,0.28280514147494384
400.0,down,0.0,1.01,2,0.1421094764416415,0.1414021558521273,0.2835116322937688
400.0,down,0.0,1.01,3,0.1414007836485422,0.14140010621323712,0.2828008898617793
400.0,down,0.0,1.01,4,0.14140057785867952,0.14140495350376114,0.2828055313624407
400.0,down,0.0,1.01,5,0.14140090024172422,0.14140227144375786,0.2828031716854821
400.0,down,0.0,1.01,6,0.14140604873820395,0.14142964238799663,0.28283569112620055
400.0,down,0.0,1.01,7,0.1418693524701257,0.14155275593214697,0.28342210840227267
400.0,down,0.0,1.01,8,0.14140094725342464,0.14140095858701215,0.2828019058404368
400.0,down,0.0,1.01,9,0.141407150979133,0.1414016268176357,0.2828087777967687
400.0,down,0.0,1.01,10,0.14141478999062884,0.14140010397536457,0.2828148939659934
400.0,down,0.0,1.01,11,0.14140242679433698,0.1414093650561216,0.28281179185045857
400.0,down,0.5,1.01,0,0.04612469565091203,0.030547586738701397,0.07667228238961343
400.0,down,0.5,1.01,1,0.04727970191574684,0.06217466730779165,0.10945436922353849
400.0,down,0.5,1.01,2,0.04686674642245691,0.03116263224740635,0.07802937866986326
400.0,down,0.5,1.01,3,0.0311605729692684,0.04685671095632984,0.07801728392559823
400.0,down,0.5,1.01,4,0.0466857496761483,0.031010213443466626,0.07769596311961494
400.0,down,0.5,1.01,5,0.046245936386392544,0.046232318612298116,0.09247825499869067
400.0,down,0.5,1.01,6,0.0330577893593275,0.03326804346777834,0.06632583282710584
400.0,down,0.5,1.01,7,0.03173081223021683,0.038658655856641244,0.07038946808685807
400.0,down,0.5,1.01,8,0.031117956861696144,0.04682039753551294,0.07793835439720909
400.0,down,0.5,1.01,9,0.04673743287882104,0.031044692899964445,0.07778212577878549
400.0,down,0.5,1.01,10,0.046758455405548884,0.031072585134952816,0.0778310405405017
400.0,down,0.5,1.01,11,0.0469339140457052,0.031233835635802336,0.07816774968150753
400.0,down,2.0,1.01,0,0.015528670506242293,0.01552867052018989,0.031057341026432185
400.0,down,2.0,1.01,1,0.015119490059971099,0.015119515659561102,0.0302390057195322
400.0,down,2.0,1.01,2,0.01559729056529541,0.015597290565276367,0.031194581130571775
400.0,down,2.0,1.01,3,0.01558758726615423,0.01558758726671698,0.031175174532871212
400.0,down,2.0,1.01,4,0.015566754748377178,0.015566754759092163,0.03113350950746934
400.0,down,2.0,1.01,5,0.015175299440589641,0.012552255728672605,0.027727555169262244
400.0,down,2.0,1.01,6,0.01558148638534803,0.01558148638624104,0.031162972771589068
400.0,down,2.0,1.01,7,0.015595531657216596,0.015595531657088274,0.031191063314304872
400.0,down,2.0,1.01,8,0.015575644891706873,0.015575644895926643,0.031151289787633516
400.0,down,2.0,1.01,9,0.015483230303449318,0.01548323044210349,0.030966460745552808
400.0,down,2.0,1.01,10,0.015463624509126674,0.01546362465107265,0.030927249160199323
400.0,down,2.0,1.01,11,0.015402365777776907,0.015402366188991578,0.030804731966768487
400.0,fresh,0.0,1.02,0,0.20325171171299616,0.20356880583800702,0.4068205175510032
400.0,fresh,0.0,1.02,1,0.20356800236627717,0.2036719595673523,0.40723996193362944
400.0,fresh,0.0,1.02,2,0.2037260773883305,0.2036087269149653,0.4073348043032958
400.0,fresh,0.0,1.02,3,0.20368907584076112,0.20366137436957032,0.40735045021033145
400.0,fresh,0.0,1.02,4,0.2036854140805814,0.2037208162808775,0.4074062303614589
400.0,fresh,0.0,1.02,5,0.20369086562682262,0.20370514246102508,0.4073960080878477
400.0,fresh,0.0,1.02,6,0.20355424615835283,0.2037690658657006,0.4073233120240534
400.0,fresh,0.0,1.02,7,0.20384312677562108,0.20381739447437341,0.4076605212499945
400.0,fresh,0.0,1.02,8,0.20363113686934042,0.2036917030312556,0.40732283990059603
400.0,fresh,0.0,1.02,9,0.2035402228663502,0.20361774949969694,0.4071579723660471
400.0,fresh,0.0,1.02,10,0.20344376440368112,0.20366754983625157,0.4071113142399327
400.0,fresh,0.0,1.02,11,0.2037063355016554,0.20351250049795744,0.40721883599961284
400.0,fresh,0.5,1.02,0,0.04735348314893065,0.06299728919736278,0.11035077234629342
400.0,fresh,0.5,1.02,1,0.09515231256647816,0.09514535235800699,0.19029766492448513
400.0,fresh,0.5,1.02,2,0.047154063788852556,0.06284152279363306,0.10999558658248562
400.0,fresh,0.5,1.02,3,0.09507333016301957,0.09507437568733547,0.19014770585035504
400.0,fresh,0.5,1.02,4,0.09504416517020547,0.09504253235419735,0.19008669752440283
400.0,fresh,0.5,1.02,5,0.09505359185672355,0.09505302042204303,0.19010661227876657
400.0,fresh,0.5,1.02,6,0.09543069491952635,0.09535245390781537,0.1907831488273417
400.0,fresh,0.5,1.02,7,0.047024786670857334,0.06272162557992983,0.10974641225078716
400.0,fresh,0.5,1.02,8,0.09508780791481414,0.09508522191792139,0.19017302983273554
400.0,fresh,0.5,1.02,9,0.09520465444861402,0.09519711570294,0.19040177015155402
400.0,fresh,0.5,1.02,10,0.09649739374976221,0.09602040978932784,0.19251780353909004
400.0,fresh,0.5,1.02,11,0.09527936258226326,0.09531016468301307,0.19058952726527634
400.0,fresh,2.0,1.02,0,0.014681889572711665,0.030389418182571806,0.04507130775528347
400.0,fresh,2.0,1.02,1,0.03256783552849854,0.03256783561058377,0.06513567113908231
400.0,fresh,2.0,1.02,2,0.014937247895743378,0.03064519653941403,0.04558244443515741
400.0,fresh,2.0,1.02,3,0.032726451451642366,0.03272645121298889,0.06545290266463125
400.0,fresh,2.0,1.02,4,0.03267000654728946,0.032670007057992397,0.06534001360528185
400.0,fresh,2.0,1.02,5,0.032765047221644465,0.03276504763256953,0.06553009485421399
400.0,fresh,2.0,1.02,6,0.03243056993220342,0.03243056994213842,0.06486113987434183
400.0,fresh,2.0,1.02,7,0.015343899860197718,0.031051790935215786,0.0463956907954135
400.0,fresh,2.0,1.02,8,0.03268645509835072,0.03268645536217714,0.06537291046052786
400.0,fresh,2.0,1.02,9,0.015793511131818372,0.0314929496958372,0.04728646082765557
400.0,fresh,2.0,1.02,10,0.015547009329877452,0.03125474473480294,0.046801754064680394
400.0,fresh,2.0,1.02,11,0.03248158998299802,0.03248158997980477,0.06496317996280279
400.0,up,0.0,1.02,0,0.19442455626432156,0.19442455626432156,0.3888491125286431
400.0,up,0.0,1.02,1,0.19442455626432156,0.19442455626432156,0.3888491125286431
400.0,up,0.0,1.02,2,0.19442455626432156,0.19442455626432156,0.3888491125286431
400.0,up,0.0,1.02,3,0.19442455626432156,0.19442455626432156,0.3888491125286431
400.0,up,0.0,1.02,4,0.19442455626432156,0.19442455626432156,0.3888491125286431
400.0,up,0.0,1.02,5,0.19442455626432156,0.19442455626432156,0.3888491125286431
400.0,up,0.0,1.02,6,0.19442455626432156,0.19442455626432156,0.3888491125286431
400.0,up,0.0,1.02,7,0.19442455626432156,0.19442455626432156,0.3888491125286431
400.0,up,0.0,1.02,8,0.19442455626432156,0.19442455626432156,0.3888491125286431
400.0,up,0.0,1.02,9,0.19442455626432156,0.19442455626432156,0.3888491125286431
400.0,up,0.0,1.02,10,0.19442455626432156,0.19442455626432156,0.3888491125286431
400.0,up,0.0,1.02,11,0.19442455626432156,0.19442455626432156,0.3888491125286431
400.0,up,0.5,1.02,0,0.09502244484431717,0.09502244484431717,0.19004488968863434
400.0,up,0.5,1.02,1,0.09502244484431803,0.09502244484431803,0.19004488968863606
400.0,up,0.5,1.02,2,0.09502244484431717,0.09502244484431717,0.19004488968863434
400.0,up,0.5,1.02,3,0.09502244484431717,0.09502244484431717,0.19004488968863434
400.0,up,0.5,1.02,4,0.09502244484431717,0.09502244484431717,0.19004488968863434
400.0,up,0.5,1.02,5,0.09502244484431717,0.09502244484431717,0.19004488968863434
400.0,up,0.5,1.02,6,0.09502244484431717,0.09502244484431717,0.19004488968863434
400.0,up,0.5,1.02,7,0.09502244484431717,0.09502244484431717,0.19004488968863434
400.0,up,0.5,1.02,8,0.09502244484431717,0.09502244484431717,0.19004488968863434
400.0,up,0.5,1.02,9,0.09502244484431717,0.09502244484431717,0.19004488968863434
400.0,up,0.5,1.02,10,0.09502244484431717,0.09502244484431717,0.19004488968863434
400.0,up,0.5,1.02,11,0.09502244484431717,0.09502244484431717,0.19004488968863434
400.0,up,2.0,1.02,0,0.046283229610641304,0.046283229610641304,0.09256645922128261
400.0,up,2.0,1.02,1,0.04628322961064136,0.04628322961064134,0.0925664592212827
400.0,up,2.0,1.02,2,0.046283229610641304,0.046283229610641304,0.09256645922128261
400.0,up,2.0,1.02,3,0.046283229610641304,0.046283229610641304,0.09256645922128261
400.0,up,2.0,1.02,4,0.046283229610641304,0.046283229610641304,0.09256645922128261
400.0,up,2.0,1.02,5,0.046283229610641304,0.046283229610641304,0.09256645922128261
400.0,up,2.0,1.02,6,0.046283229610641304,0.046283229610641304,0.09256645922128261
400.0,up,2.0,1.02,7,0.046283229610641304,0.046283229610641304,0.09256645922128261
400.0,up,2.0,1.02,8,0.046283229610641304,0.046283229610641304,0.09256645922128261
400.0,up,2.0,1.02,9,0.046283229610641304,0.046283229610641304,0.09256645922128261
400.0,up,2.0,1.02,10,0.046283229610641304,0.046283229610641304,0.09256645922128261
400.0,up,2.0,1.02,11,0.046283229610641304,0.046283229610641304,0.09256645922128261
400.0,down,0.0,1.02,0,0.20258208453614657,0.20367512044749447,0.40625720498364104
400.0,down,0.0,1.02,1,0.20367284135789987,0.2038722343488462,0.40754507570674603
400.0,down,0.0,1.02,2,0.19156062196295692,0.20377838173273177,0.3953390036956887
400.0,down,0.0,1.02,3,0.20386926577236408,0.2038660239807416,0.4077352897531057
400.0,down,0.0,1.02,4,0.2038714895193425,0.20379662823599007,0.40766811775533257
400.0,down,0.0,1.02,5,0.2038678193354434,0.20384642763575983,0.40771424697120323
400.0,down,0.0,1.02,6,0.2036328614051746,0.2032381285455898,0.40687098995076443
400.0,down,0.0,1.02,7,0.19336841802172272,0.19870418211752225,0.39207260013924494
400.0,down,0.0,1.02,8,0.20382472789007125,0.20386705764057753,0.4076917855306488
400.0,down,0.0,1.02,9,0.2035904466612726,0.20379829933579344,0.40738874599706604
400.0,down,0.0,1.02,10,0.20327017952983453,0.20387029044379176,0.4071404699736263
400.0,down,0.0,1.02,11,0.2038437313160051,0.2035026695126902,0.40734640082869533
400.0,down,0.5,1.02,0,0.06291571001875042,0.047254204910527446,0.11016991492927786
400.0,down,0.5,1.02,1,0.07778066548446588,0.07779090117872442,0.1555715666631903
400.0,down,0.5,1.02,2,0.06427485420610139,0.07420174165940238,0.13847659586550376
400.0,down,0.5,1.02,3,0.04676957796484316,0.06215105016586165,0.10892062813070481
400.0,down,0.5,1.02,4,0.06275622375584987,0.04706191271639625,0.10981813647224611
400.0,down,0.5,1.02,5,0.09515772145227515,0.09514590568333403,0.19030362713560917
400.0,down,0.5,1.02,6,0.06209127782648352,0.062080045464327896,0.12417132329081142
400.0,down,0.5,1.02,7,0.047405122285692866,0.06299701673932531,0.11040213902501818
400.0,down,0.5,1.02,8,0.0907203067275242,0.09155788331827694,0.18227819004580115
400.0,down,0.5,1.02,9,0.06071051610861673,0.060539386836256315,0.12124990294487305
400.0,down,0.5,1.02,10,0.0616675866816297,0.04721894805390889,0.10888653473553858
400.0,down,0.5,1.02,11,0.0628976594066421,0.047217230891537836,0.11011489029817995
400.0,down,2.0,1.02,0,0.019031520714153132,0.017720186912091904,0.036751707626245037
400.0,down,2.0,1.02,1,0.03103072141820675,0.01532275917223089,0.04635348059043764
400.0,down,2.0,1.02,2,0.018116752151078046,0.01830474747605372,0.036421499627131766
400.0,down,2.0,1.02,3,0.017864547049840952,0.018058458519233794,0.03592300556907475
400.0,down,2.0,1.02,4,0.030770535091899517,0.015062634293541493,0.04583316938544101
400.0,down,2.0,1.02,5,0.015360337550586679,0.031068249493771988,0.04642858704435866
400.0,down,2.0,1.02,6,0.02965550071601797,0.013963511677191605,0.043619012393209575
400.0,down,2.0,1.02,7,0.017700176504891516,0.019987040173892013,0.037687216678783525
400.0,down,2.0,1.02,8,0.030607431109715436,0.014899572639713768,0.0455070037494292
400.0,down,2.0,1.02,9,0.030844031081875584,0.01513606974955934,0.045980100831434924
400.0,down,2.0,1.02,10,0.028729774169968324,0.013205673405465461,0.041935447575433785
400.0,down,2.0,1.02,11,0.03094539884987384,0.015237437679079875,0.04618283652895372
400.0,fresh,0.0,1.05,0,0.3169822297976397,0.31572297768103647,0.6327052074786761
400.0,fresh,0.0,1.05,1,0.3157254981406899,0.315434089146857,0.6311595872875468
400.0,fresh,0.0,1.05,2,0.32125852415545963,0.3156026961997055,0.6368612203551651
400.0,fresh,0.0,1.05,3,0.31539383475879,0.3154602285219812,0.6308540632807712
400.0,fresh,0.0,1.05,4,0.31540222761361314,0.31532666202067494,0.6307288896342881
400.0,fresh,0.0,1.05,5,0.3153897775934338,0.31535852216509713,0.630748299758531
400.0,fresh,0.0,1.05,6,0.3157692383781932,0.31524925624898853,0.6310184946271817
400.0,fresh,0.0,1.05,7,0.31526452639104086,0.31522512228385274,0.6304896486748937
400.0,fresh,0.0,1.05,8,0.3155396563334692,0.31538788963056635,0.6309275459640356
400.0,fresh,0.0,1.05,9,0.3158149521343102,0.31557690977094743,0.6313918619052576
400.0,fresh,0.0,1.05,10,0.3161585505015367,0.31544486755019635,0.631603418051733
400.0,fresh,0.0,1.05,11,0.31535600317751283,0.315908571950866,0.6312645751283789
400.0,fresh,0.5,1.05,0,0.09455117555219321,0.09582122822791099,0.1903724037801042
400.0,fresh,0.5,1.05,1,0.16225866548492857,0.15921131051360846,0.321469975998537
400.0,fresh,0.5,1.05,2,0.09385384669963134,0.09309847494136061,0.18695232164099196
400.0,fresh,0.5,1.05,3,0.158671396665866,0.15874174265628954,0.31741313932215554
400.0,fresh,0.5,1.05,4,0.15857262806652453,0.15847098369344945,0.317043611759974
400.0,fresh,0.5,1.05,5,0.15849235492769784,0.15846392435644643,0.31695627928414427
400.0,fresh,0.5,1.05,6,0.15535411194841323,0.15498199432119641,0.3103361062696096
400.0,fresh,0.5,1.05,7,0.09327973449750207,0.09204141761612228,0.18532115211362435
400.0,fresh,0.5,1.05,8,0.15920942150322137,0.15890794528680455,0.3181173667900259
400.0,fresh,0.5,1.05,9,0.16325049251052368,0.15988339813477154,0.3231338906452952
400.0,fresh,0.5,1.05,10,0.1559007177677062,0.1558156134746426,0.31171633124234877
400.0,fresh,0.5,1.05,11,0.15366201951697991,0.1556847112273851,0.30934673074436503
400.0,fresh,2.0,1.05,0,0.032874404845691915,0.03287437047118048,0.0657487753168724
400.0,fresh,2.0,1.05,1,0.06587724709116284,0.06365126906491932,0.12952851615608216
400.0,fresh,2.0,1.05,2,0.03321821275752663,0.03321805581213277,0.0664362685696594
400.0,fresh,2.0,1.05,3,0.06504420579881198,0.06514116014355978,0.13018536594237176
400.0,fresh,2.0,1.05,4,0.0645492937086439,0.06423985338592406,0.12878914709456796
400.0,fresh,2.0,1.05,5,0.064630830957523,0.0646042902143531,0.1292351211718761
400.0,fresh,2.0,1.05,6,0.06240784747313067,0.054563545118481785,0.11697139259161246
400.0,fresh,2.0,1.05,7,0.04580533749269637,0.03009806061490035,0.07590339810759672
400.0,fresh,2.0,1.05,8,0.0657372930221898,0.06520400400606124,0.13094129702825102
400.0,fresh,2.0,1.05,9,0.038925019723842595,0.05000178604623728,0.08892680577007987
400.0,fresh,2.0,1.05,10,0.04698739570833482,0.03128650175113488,0.0782738974594697
400.0,fresh,2.0,1.05,11,0.059216426930977215,0.06226018906180714,0.12147661599278436
400.0,up,0.0,1.05,0,0.3273362058602593,0.3273362058602593,0.6546724117205186
400.0,up,0.0,1.05,1,0.3273362058602593,0.3273362058602593,0.6546724117205186
400.0,up,0.0,1.05,2,0.3273362058602593,0.3273362058602593,0.6546724117205186
400.0,up,0.0,1.05,3,0.3273362058602593,0.3273362058602593,0.6546724117205186
400.0,up,0.0,1.05,4,0.3273362058602593,0.3273362058602593,0.6546724117205186
400.0,up,0.0,1.05,5,0.3273362058602593,0.3273362058602593,0.6546724117205186
400.0,up,0.0,1.05,6,0.3273362058602593,0.3273362058602593,0.6546724117205186
400.0,up,0.0,1.05,7,0.3273362058602593,0.3273362058602593,0.6546724117205186
400.0,up,0.0,1.05,8,0.3273362058602593,0.3273362058602593,0.6546724117205186
400.0,up,0.0,1.05,9,0.3273362058602593,0.3273362058602593,0.6546724117205186
400.0,up,0.0,1.05,10,0.3273362058602593,0.3273362058602593,0.6546724117205186
400.0,up,0.0,1.05,11,0.3273362058602593,0.3273362058602593,0.6546724117205186
400.0,up,0.5,1.05,0,0.15802166815888186,0.15802166815888186,0.3160433363177637
400.0,up,0.5,1.05,1,0.15802166815888138,0.15802166815888133,0.3160433363177627
400.0,up,0.5,1.05,2,0.15802166815888186,0.15802166815888186,0.3160433363177637
400.0,up,0.5,1.05,3,0.15802166815888186,0.15802166815888186,0.3160433363177637
400.0,up,0.5,1.05,4,0.15802166815888186,0.15802166815888186,0.3160433363177637
400.0,up,0.5,1.05,5,0.15802166815888186,0.15802166815888186,0.3160433363177637
400.0,up,0.5,1.05,6,0.15802166815888186,0.15802166815888186,0.3160433363177637
400.0,up,0.5,1.05,7,0.15802166815888186,0.15802166815888186,0.3160433363177637
400.0,up,0.5,1.05,8,0.15802166815888186,0.15802166815888186,0.3160433363177637
400.0,up,0.5,1.05,9,0.15802166815888186,0.15802166815888186,0.3160433363177637
400.0,up,0.5,1.05,10,0.15802166815888186,0.15802166815888186,0.3160433363177637
400.0,up,0.5,1.05,11,0.15802166815888186,0.15802166815888186,0.3160433363177637
400.0,up,2.0,1.05,0,0.0639218911704986,0.0639218911704986,0.1278437823409972
400.0,up,2.0,1.05,1,0.06392189117049923,0.06392189117049923,0.12784378234099847
400.0,up,2.0,1.05,2,0.0639218911704986,0.0639218911704986,0.1278437823409972
400.0,up,2.0,1.05,3,0.0639218911704986,0.0639218911704986,0.1278437823409972
400.0,up,2.0,1.05,4,0.0639218911704986,0.0639218911704986,0.1278437823409972
400.0,up,2.0,1.05,5,0.0639218911704986,0.0639218911704986,0.1278437823409972
400.0,up,2.0,1.05,6,0.0639218911704986,0.0639218911704986,0.1278437823409972
400.0,up,2.0,1.05,7,0.0639218911704986,0.0639218911704986,0.1278437823409972
400.0,up,2.0,1.05,8,0.0639218911704986,0.0639218911704986,0.1278437823409972
400.0,up,2.0,1.05,9,0.0639218911704986,0.0639218911704986,0.1278437823409972
400.0,up,2.0,1.05,10,0.0639218911704986,0.0639218911704986,0.1278437823409972
400.0,up,2.0,1.05,11,0.0639218911704986,0.0639218911704986,0.1278437823409972
400.0,down,0.0,1.05,0,0.32280284553965144,0.327617199085758,0.6504200446254094
400.0,down,0.0,1.05,1,0.32761843015011605,0.31720323873921474,0.6448216688893308
400.0,down,0.0,1.05,2,0.31574559001959757,0.3270799696937331,0.6428255597133307
400.0,down,0.0,1.05,3,0.3160855009803663,0.31871594466263903,0.6348014456430053
400.0,down,0.0,1.05,4,0.31624639863860354,0.3154150606965652,0.6316614593351688
400.0,down,0.0,1.05,5,0.31601692125914155,0.31563443313775563,0.6316513543968971
400.0,down,0.0,1.05,6,0.32760973083932926,0.3152240622630512,0.6428337931023804
400.0,down,0.0,1.05,7,0.3153440655281611,0.3152755680606981,0.6306196335888592
400.0,down,0.0,1.05,8,0.3255366017663181,0.3159868293060532,0.6415234310723713
400.0,down,0.0,1.05,9,0.3275548984395573,0.3266813228559647,0.654236221295522
400.0,down,0.0,1.05,10,0.32648256139152865,0.3177192316528465,0.6442017930443751
400.0,down,0.0,1.05,11,0.31561217077336323,0.3273509637018708,0.642963134475234
400.0,down,0.5,1.05,0,0.09233904685764088,0.09328904912479259,0.18562809598243346
400.0,down,0.5,1.05,1,0.13963341840559992,0.1262451040160417,0.2658785224216416
400.0,down,0.5,1.05,2,0.11001656236134323,0.11001762770510283,0.22003419006644606
400.0,down,0.5,1.05,3,0.15484750277432738,0.15479076109011713,0.3096382638644445
400.0,down,0.5,1.05,4,0.08069302027062719,0.09598965128998856,0.17668267156061573
400.0,down,0.5,1.05,5,0.1574209678124953,0.15756016252855887,0.3149811303410541
400.0,down,0.5,1.05,6,0.10807780292057856,0.10862875941657961,0.21670656233715818
400.0,down,0.5,1.05,7,0.09322382288779267,0.09301813879741104,0.1862419616852037
400.0,down,0.5,1.05,8,0.12724008196607714,0.1263267932379506,0.25356687520402776
400.0,down,0.5,1.05,9,0.09353441071510986,0.09379134261417903,0.18732575332928889
400.0,down,0.5,1.05,10,0.09526674923642844,0.0952614651191621,0.19052821435559053
400.0,down,0.5,1.05,11,0.10513481914900581,0.09356058044738631,0.19869539959639212
400.0,down,2.0,1.05,0,0.033141331386486075,0.033142640365553075,0.06628397175203915
400.0,down,2.0,1.05,1,0.03608899035453561,0.033590367073822736,0.06967935742835835
400.0,down,2.0,1.05,2,0.028953534149910566,0.04421535231755776,0.07316888646746833
400.0,down,2.0,1.05,3,0.03352171924697714,0.03409015197261013,0.06761187121958727
400.0,down,2.0,1.05,4,0.04621705831322174,0.03050941289915386,0.0767264712123756
400.0,down,2.0,1.05,5,0.03325821649467585,0.03328962996729914,0.06654784646197498
400.0,down,2.0,1.05,6,0.04573529462699497,0.03002764279746856,0.07576293742446354
400.0,down,2.0,1.05,7,0.02931799470287885,0.04498441781565063,0.07430241251852948
400.0,down,2.0,1.05,8,0.046014688250576655,0.03030700070406468,0.07632168895464134
400.0,down,2.0,1.05,9,0.04587501791624078,0.03017034652031896,0.07604536443655974
400.0,down,2.0,1.05,10,0.032993963173288066,0.0329942850740877,0.06598824824737576
400.0,down,2.0,1.05,11,0.04505586363304033,0.029402089415359996,0.07445795304840033
400.0,fresh,0.0,1.1,0,0.456141932990691,0.4562328053456348,0.9123747383363259
400.0,fresh,0.0,1.1,1,0.4562320905824272,0.4564016686095227,0.9126337591919499
400.0,fresh,0.0,1.1,2,0.45986525831723724,0.4562767692154941,0.9161420275327313
400.0,fresh,0.0,1.1,3,0.45645615134251527,0.4563736237038167,0.9128297750463319
400.0,fresh,0.0,1.1,4,0.45644340938510886,0.4566003973206131,0.9130438067057219
400.0,fresh,0.0,1.1,5,0.4564626194944208,0.4565206050678084,0.9129832245622291
400.0,fresh,0.0,1.1,6,0.4562206873070202,0.45704169716263776,0.9132623844696579
400.0,fresh,0.0,1.1,7,0.46050895306192485,0.45839901257164956,0.9189079656335744
400.0,fresh,0.0,1.1,8,0.45631097436903756,0.4564657020634495,0.912776676432487
400.0,fresh,0.0,1.1,9,0.45621052093542497,0.45628953261358496,0.91250005354901
400.0,fresh,0.0,1.1,10,0.45616714558792426,0.4563895222649492,0.9125566678528735
400.0,fresh,0.0,1.1,11,0.45652602413840787,0.45619397198971745,0.9127199961281254
400.0,fresh,0.5,1.1,0,0.15599621872729974,0.1558026720594388,0.3117988907867385
400.0,fresh,0.5,1.1,1,0.22198992103507234,0.22187347672285276,0.4438633977579251
400.0,fresh,0.5,1.1,2,0.14244825107969006,0.1413806087130009,0.28382885979269096
400.0,fresh,0.5,1.1,3,0.22297364978747147,0.22290200685555245,0.4458756566430239
400.0,fresh,0.5,1.1,4,0.2224085714190092,0.2224635277078469,0.4448720991268561
400.0,fresh,0.5,1.1,5,0.223457219681316,0.223573384891273,0.44703060457258903
400.0,fresh,0.5,1.1,6,0.21781462229142065,0.2165862822809938,0.4344009045724144
400.0,fresh,0.5,1.1,7,0.14223499193086883,0.1413960181972001,0.2836310101280689
400.0,fresh,0.5,1.1,8,0.22213256539302087,0.2221395630284691,0.44427212842149
400.0,fresh,0.5,1.1,9,0.22217635856512186,0.2220731933610786,0.44424955192620047
400.0,fresh,0.5,1.1,10,0.21846910376286338,0.21810617203930438,0.43657527580216776
400.0,fresh,0.5,1.1,11,0.22065970907662155,0.22498096152176977,0.4456406705983913
400.0,fresh,2.0,1.1,0,0.04605812214386581,0.0617573110556308,0.1078154331994966
400.0,fresh,2.0,1.1,1,0.09253303581087134,0.09253137371507975,0.1850644095259511
400.0,fresh,2.0,1.1,2,0.04682093907747689,0.06252749264130626,0.10934843171878315
400.0,fresh,2.0,1.1,3,0.09158520558902396,0.09163378494953839,0.18321899053856233
400.0,fresh,2.0,1.1,4,0.09127963281711728,0.09111955068437594,0.1823991835014932
400.0,fresh,2.0,1.1,5,0.09106880030011208,0.0908885011709296,0.18195730147104167
400.0,fresh,2.0,1.1,6,0.09205910354389989,0.09205869512525668,0.18411779866915656
400.0,fresh,2.0,1.1,7,0.047150620658064045,0.06285301483153077,0.11000363548959483
400.0,fresh,2.0,1.1,8,0.09193933058203836,0.09191022370089363,0.18384955428293198
400.0,fresh,2.0,1.1,9,0.07039946615966586,0.06785871055014747,0.13825817670981333
400.0,fresh,2.0,1.1,10,0.06126940266348308,0.06126817317526626,0.12253757583874934
400.0,fresh,2.0,1.1,11,0.09249353081158258,0.09249379355820438,0.18498732436978696
400.0,up,0.0,1.1,0,0.4561866358366429,0.4561866358366429,0.9123732716732857
400.0,up,0.0,1.1,1,0.4561866358366429,0.4561866358366429,0.9123732716732857
400.0,up,0.0,1.1,2,0.4561866358366429,0.4561866358366429,0.9123732716732857
400.0,up,0.0,1.1,3,0.4561866358366429,0.4561866358366429,0.9123732716732857
400.0,up,0.0,1.1,4,0.4561866358366429,0.4561866358366429,0.9123732716732857
400.0,up,0.0,1.1,5,0.4561866358366429,0.4561866358366429,0.9123732716732857
400.0,up,0.0,1.1,6,0.4561866358366429,0.4561866358366429,0.9123732716732857
400.0,up,0.0,1.1,7,0.4561866358366429,0.4561866358366429,0.9123732716732857
400.0,up,0.0,1.1,8,0.4561866358366429,0.4561866358366429,0.9123732716732857
400.0,up,0.0,1.1,9,0.4561866358366429,0.4561866358366429,0.9123732716732857
400.0,up,0.0,1.1,10,0.4561866358366429,0.4561866358366429,0.9123732716732857
400.0,up,0.0,1.1,11,0.4561866358366429,0.4561866358366429,0.9123732716732857
400.0,up,0.5,1.1,0,0.22945925611991505,0.22945925611991505,0.4589185122398301
400.0,up,0.5,1.1,1,0.229459256119915,0.229459256119915,0.45891851223983
400.0,up,0.5,1.1,2,0.22945925611991505,0.22945925611991505,0.4589185122398301
400.0,up,0.5,1.1,3,0.22945925611991505,0.22945925611991505,0.4589185122398301
400.0,up,0.5,1.1,4,0.22945925611991505,0.22945925611991505,0.4589185122398301
400.0,up,0.5,1.1,5,0.22945925611991505,0.22945925611991505,0.4589185122398301
400.0,up,0.5,1.1,6,0.22945925611991505,0.22945925611991505,0.4589185122398301
400.0,up,0.5,1.1,7,0.22945925611991505,0.22945925611991505,0.4589185122398301
400.0,up,0.5,1.1,8,0.22945925611991505,0.22945925611991505,0.4589185122398301
400.0,up,0.5,1.1,9,0.22945925611991505,0.22945925611991505,0.4589185122398301
400.0,up,0.5,1.1,10,0.22945925611991505,0.22945925611991505,0.4589185122398301
400.0,up,0.5,1.1,11,0.22945925611991505,0.22945925611991505,0.4589185122398301
400.0,up,2.0,1.1,0,0.08545836743839992,0.08545836743839992,0.17091673487679984
400.0,up,2.0,1.1,1,0.08545836743839011,0.08545836743839011,0.17091673487678022
400.0,up,2.0,1.1,2,0.08545836743839992,0.08545836743839992,0.17091673487679984
400.0,up,2.0,1.1,3,0.08545836743839992,0.08545836743839992,0.17091673487679984
400.0,up,2.0,1.1,4,0.08545836743839992,0.08545836743839992,0.17091673487679984
400.0,up,2.0,1.1,5,0.08545836743839992,0.08545836743839992,0.17091673487679984
400.0,up,2.0,1.1,6,0.08545836743839992,0.08545836743839992,0.17091673487679984
400.0,up,2.0,1.1,7,0.08545836743839992,0.08545836743839992,0.17091673487679984
400.0,up,2.0,1.1,8,0.08545836743839992,0.08545836743839992,0.17091673487679984
400.0,up,2.0,1.1,9,0.08545836743839992,0.08545836743839992,0.17091673487679984
400.0,up,2.0,1.1,10,0.08545836743839992,0.08545836743839992,0.17091673487679984
400.0,up,2.0,1.1,11,0.08545836743839992,0.08545836743839992,0.17091673487679984
400.0,down,0.0,1.1,0,0.46383300721497106,0.46128761377584737,0.9251206209908185
400.0,down,0.0,1.1,1,0.46134809911128455,0.45634712867886096,0.9176952277901456
400.0,down,0.0,1.1,2,0.4579130817551726,0.45831350825909395,0.9162265900142665
400.0,down,0.0,1.1,3,0.4562087140767602,0.4564868755739229,0.9126955896506832
400.0,down,0.0,1.1,4,0.4562307338640693,0.4561418367277298,0.9123725705917991
400.0,down,0.0,1.1,5,0.4561992596100458,0.45615068768916217,0.912349947299208
400.0,down,0.0,1.1,6,0.4622939975874937,0.4562972382441757,0.9185912358316694
400.0,down,0.0,1.1,7,0.4568343882506213,0.45661258642616986,0.9134469746767911
400.0,down,0.0,1.1,8,0.45723990995584357,0.4561951180643496,0.9134350280201932
400.0,down,0.0,1.1,9,0.4630500816066728,0.4578162065738104,0.9208662881804832
400.0,down,0.0,1.1,10,0.4646094095771508,0.4563994881424793,0.9210088977196301
400.0,down,0.0,1.1,11,0.45614854608469557,0.4639802975099934,0.920128843594689
400.0,down,0.5,1.1,0,0.14139161660757707,0.14128695999831592,0.282678576605893
400.0,down,0.5,1.1,1,0.20489206839507118,0.20482218143310887,0.40971424982818005
400.0,down,0.5,1.1,2,0.15730469220807122,0.1571324312103937,0.3144371234184649
400.0,down,0.5,1.1,3,0.20523357849119692,0.20520907392863877,0.4104426524198357
400.0,down,0.5,1.1,4,0.14149005526779973,0.14152196579001583,0.28301202105781553
400.0,down,0.5,1.1,5,0.2296889333978453,0.2301800264038809,0.4598689598017262
400.0,down,0.5,1.1,6,0.15647169253257742,0.15157382341007009,0.3080455159426475
400.0,down,0.5,1.1,7,0.12850622314746715,0.1432093923656913,0.2717156155131585
400.0,down,0.5,1.1,8,0.18581169156746738,0.17497272019811078,0.3607844117655782
400.0,down,0.5,1.1,9,0.14003755213011487,0.14004852690748493,0.2800860790375998
400.0,down,0.5,1.1,10,0.17381679889118884,0.18081789988601799,0.3546346987772068
400.0,down,0.5,1.1,11,0.14196343824609783,0.14208512717974286,0.28404856542584067
400.0,down,2.0,1.1,0,0.0465124315827196,0.06222007972592372,0.10873251130864332
400.0,down,2.0,1.1,1,0.046940867406351075,0.0626207408438372,0.10956160825018828
400.0,down,2.0,1.1,2,0.04670609893321469,0.062405068326489614,0.1091111672597043
400.0,down,2.0,1.1,3,0.04654584371453268,0.0622523412660783,0.10879818498061097
400.0,down,2.0,1.1,4,0.0627240222805797,0.047026863955932044,0.10975088623651175
400.0,down,2.0,1.1,5,0.06396730418323386,0.07829721450542365,0.14226451868865753
400.0,down,2.0,1.1,6,0.06215870876188127,0.04657647500275395,0.10873518376463523
400.0,down,2.0,1.1,7,0.046767835889856925,0.06245333811627397,0.10922117400613089
400.0,down,2.0,1.1,8,0.06259236633944766,0.04689373450034992,0.10948610083979758
400.0,down,2.0,1.1,9,0.05068518471040889,0.05180236738492468,0.10248755209533357
400.0,down,2.0,1.1,10,0.04649984299404686,0.062207558064216996,0.10870740105826385
400.0,down,2.0,1.1,11,0.05578890894919731,0.05869097281947234,0.11447988176866965
400.0,fresh,0.0,1.2,0,0.6685451689172485,0.6644126667936593,1.3329578357109078
400.0,fresh,0.0,1.2,1,0.6644337429482196,0.6621114667048906,1.3265452096531103
400.0,fresh,0.0,1.2,2,0.6613731023512482,0.6633978143447359,1.324770916695984
400.0,fresh,0.0,1.2,3,0.6618516805301689,0.6622911830138126,1.3241428635439814
400.0,fresh,0.0,1.2,4,0.6619041160165716,0.6614646404437099,1.3233687564602814
400.0,fresh,0.0,1.2,5,0.6618266612258938,0.6616410702630282,1.323467731488922
400.0,fresh,0.0,1.2,6,0.6647942273350925,0.6610787847779327,1.3258730121130253
400.0,fresh,0.0,1.2,7,0.6608612924712912,0.6608894284536656,1.3217507209249568
400.0,fresh,0.0,1.2,8,0.6628855042777826,0.6618150917086391,1.3247005959864215
400.0,fresh,0.0,1.2,9,0.6651565396779747,0.663184956422915,1.3283414961008897
400.0,fresh,0.0,1.2,10,0.667150913803869,0.6621845421694235,1.3293354559732924
400.0,fresh,0.0,1.2,11,0.6616266596701033,0.66583446189027,1.3274611215603733
400.0,fresh,0.5,1.2,0,0.2653631512873103,0.2530263020837677,0.518389453371078
400.0,fresh,0.5,1.2,1,0.3264355146254323,0.32755730561100743,0.6539928202364398
400.0,fresh,0.5,1.2,2,0.22169374901931221,0.22227513339349733,0.4439688824128095
400.0,fresh,0.5,1.2,3,0.33026542073222076,0.3302611640461455,0.6605265847783662
400.0,fresh,0.5,1.2,4,0.3298895497396239,0.32988976730125436,0.6597793170408783
400.0,fresh,0.5,1.2,5,0.3304299821957878,0.33043698705155433,0.6608669692473421
400.0,fresh,0.5,1.2,6,0.3113674225993249,0.31075143012352463,0.6221188527228495
400.0,fresh,0.5,1.2,7,0.26567618976118795,0.26638202642807085,0.5320582161892589
400.0,fresh,0.5,1.2,8,0.32969980383217484,0.32970087160868006,0.6594006754408549
400.0,fresh,0.5,1.2,9,0.3288658549727399,0.3289583696269767,0.6578242245997166
400.0,fresh,0.5,1.2,10,0.3125844062232247,0.3118064850919869,0.6243908913152116
400.0,fresh,0.5,1.2,11,0.31548630198404065,0.3210876524821862,0.6365739544662268
400.0,fresh,2.0,1.2,0,0.08055209806351357,0.0805179430970847,0.16107004116059825
400.0,fresh,2.0,1.2,1,0.12908002030677884,0.12880775591802915,0.25788777622480796
400.0,fresh,2.0,1.2,2,0.07847228563340727,0.08646633624706748,0.16493862188047476
400.0,fresh,2.0,1.2,3,0.12814476014471127,0.12814508125144236,0.25628984139615363
400.0,fresh,2.0,1.2,4,0.12770357312352867,0.1277018430572938,0.25540541618082246
400.0,fresh,2.0,1.2,5,0.12808244199773364,0.12808232983678036,0.256164771834514
400.0,fresh,2.0,1.2,6,0.12681250632585428,0.11927987348217094,0.24609237980802523
400.0,fresh,2.0,1.2,7,0.0774625040649945,0.09307709526689113,0.17053959933188562
400.0,fresh,2.0,1.2,8,0.12812271388634533,0.12812110707854654,0.25624382096489184
400.0,fresh,2.0,1.2,9,0.11139362582928296,0.12340631147056488,0.23479993729984783
400.0,fresh,2.0,1.2,10,0.09430271775398934,0.09595356283945795,0.1902562805934473
400.0,fresh,2.0,1.2,11,0.12505367404643714,0.1318992230813907,0.2569528971278279
400.0,up,0.0,1.2,0,0.6611901195739935,0.6611901195739935,1.322380239147987
400.0,up,0.0,1.2,1,0.6611901195739935,0.6611901195739935,1.322380239147987
400.0,up,0.0,1.2,2,0.6611901195739935,0.6611901195739935,1.322380239147987
400.0,up,0.0,1.2,3,0.6611901195739935,0.6611901195739935,1.322380239147987
400.0,up,0.0,1.2,4,0.6611901195739935,0.6611901195739935,1.322380239147987
400.0,up,0.0,1.2,5,0.6611901195739935,0.6611901195739935,1.322380239147987
400.0,up,0.0,1.2,6,0.6611901195739935,0.6611901195739935,1.322380239147987
400.0,up,0.0,1.2,7,0.6611901195739935,0.6611901195739935,1.322380239147987
400.0,up,0.0,1.2,8,0.6611901195739935,0.6611901195739935,1.322380239147987
400.0,up,0.0,1.2,9,0.6611901195739935,0.6611901195739935,1.322380239147987
400.0,up,0.0,1.2,10,0.6611901195739935,0.6611901195739935,1.322380239147987
400.0,up,0.0,1.2,11,0.6611901195739935,0.6611901195739935,1.322380239147987
400.0,up,0.5,1.2,0,0.33412847986562055,0.33412847986562055,0.6682569597312411
400.0,up,0.5,1.2,1,0.33412847986562083,0.33412847986562083,0.6682569597312417
400.0,up,0.5,1.2,2,0.33412847986562055,0.33412847986562055,0.6682569597312411
400.0,up,0.5,1.2,3,0.33412847986562055,0.33412847986562055,0.6682569597312411
400.0,up,0.5,1.2,4,0.33412847986562055,0.33412847986562055,0.6682569597312411
400.0,up,0.5,1.2,5,0.33412847986562055,0.33412847986562055,0.6682569597312411
400.0,up,0.5,1.2,6,0.33412847986562055,0.33412847986562055,0.6682569597312411
400.0,up,0.5,1.2,7,0.33412847986562055,0.33412847986562055,0.6682569597312411
400.0,up,0.5,1.2,8,0.33412847986562055,0.33412847986562055,0.6682569597312411
400.0,up,0.5,1.2,9,0.33412847986562055,0.33412847986562055,0.6682569597312411
400.0,up,0.5,1.2,10,0.33412847986562055,0.33412847986562055,0.6682569597312411
400.0,up,0.5,1.2,11,0.33412847986562055,0.33412847986562055,0.6682569597312411
400.0,up,2.0,1.2,0,0.12820884591735307,0.12820884591735307,0.25641769183470614
400.0,up,2.0,1.2,1,0.1282088459173522,0.12820884591735215,0.25641769183470436
400.0,up,2.0,1.2,2,0.12820884591735307,0.12820884591735307,0.25641769183470614
400.0,up,2.0,1.2,3,0.12820884591735307,0.12820884591735307,0.25641769183470614
400.0,up,2.0,1.2,4,0.12820884591735307,0.12820884591735307,0.25641769183470614
400.0,up,2.0,1.2,5,0.12820884591735307,0.12820884591735307,0.25641769183470614
400.0,up,2.0,1.2,6,0.12820884591735307,0.12820884591735307,0.25641769183470614
400.0,up,2.0,1.2,7,0.12820884591735307,0.12820884591735307,0.25641769183470614
400.0,up,2.0,1.2,8,0.12820884591735307,0.12820884591735307,0.25641769183470614
400.0,up,2.0,1.2,9,0.12820884591735307,0.12820884591735307,0.25641769183470614
400.0,up,2.0,1.2,10,0.12820884591735307,0.12820884591735307,0.25641769183470614
400.0,up,2.0,1.2,11,0.12820884591735307,0.12820884591735307,0.25641769183470614
400.0,down,0.0,1.2,0,0.661258497060844,0.660901515945128,1.322160013005972
400.0,down,0.0,1.2,1,0.6609025591968936,0.6610429711374326,1.3219455303343262
400.0,down,0.0,1.2,2,0.6628461302153204,0.6608631847181238,1.3237093149334442
400.0,down,0.0,1.2,3,0.6612949145213934,0.6609602105422567,1.3222551250636503
400.0,down,0.0,1.2,4,0.6612239287229187,0.6627906239708824,1.324014552693801
400.0,down,0.0,1.2,5,0.6613340592303496,0.66179075225102,1.3231248114813696
400.0,down,0.0,1.2,6,0.6609211629292782,0.6684026834959491,1.3293238464252273
400.0,down,0.0,1.2,7,0.6659348704431881,0.6674818266206393,1.3334166970638273
400.0,down,0.0,1.2,8,0.6608675924300121,0.6613534790704603,1.3222210715004725
400.0,down,0.0,1.2,9,0.6609410364244644,0.6608612962333854,1.3218023326578499
400.0,down,0.0,1.2,10,0.6610734178556419,0.6610036215816768,1.3220770394373187
400.0,down,0.0,1.2,11,0.6618441856717187,0.6609809522365105,1.3228251379082292
400.0,down,0.5,1.2,0,0.25407679738940286,0.25229616956695994,0.5063729669563628
400.0,down,0.5,1.2,1,0.32314325287161866,0.3267825601107836,0.6499258129824023
400.0,down,0.5,1.2,2,0.23381021178787365,0.23311358845173002,0.46692380023960367
400.0,down,0.5,1.2,3,0.3182750181965585,0.31614309082097775,0.6344181090175363
400.0,down,0.5,1.2,4,0.3148223322111019,0.31479451408144515,0.6296168462925471
400.0,down,0.5,1.2,5,0.3294613608748193,0.32952655924270746,0.6589879201175268
400.0,down,0.5,1.2,6,0.2673581906471733,0.26772314458321633,0.5350813352303896
400.0,down,0.5,1.2,7,0.3038512512005875,0.29887349244202566,0.6027247436426131
400.0,down,0.5,1.2,8,0.3183314105183348,0.31687951750959714,0.6352109280279319
400.0,down,0.5,1.2,9,0.22002401379784714,0.22277439024378792,0.44279840404163506
400.0,down,0.5,1.2,10,0.2500467106863323,0.250168517975099,0.5002152286614312
400.0,down,0.5,1.2,11,0.21842948856939073,0.2185904889956106,0.4370199775650013
400.0,down,2.0,1.2,0,0.0836517984166317,0.07971489544236028,0.163366693858992
400.0,down,2.0,1.2,1,0.08184146686775591,0.08135470707091301,0.16319617393866892
400.0,down,2.0,1.2,2,0.08057711812028173,0.08054067142555325,0.161117789545835
400.0,down,2.0,1.2,3,0.12678530774060065,0.1267858045889234,0.25357111232952406
400.0,down,2.0,1.2,4,0.12841802003519512,0.12839900012870792,0.25681702016390306
400.0,down,2.0,1.2,5,0.10857439208434229,0.10857365387437923,0.2171480459587215
400.0,down,2.0,1.2,6,0.0804041787091277,0.08041209964573007,0.16081627835485776
400.0,down,2.0,1.2,7,0.08056517926861162,0.08053830099139717,0.16110348026000879
400.0,down,2.0,1.2,8,0.12832120627221577,0.12831106546614243,0.25663227173835823
400.0,down,2.0,1.2,9,0.08285168053539912,0.08015881430237065,0.16301049483776978
400.0,down,2.0,1.2,10,0.08805600446879218,0.07692242286909398,0.16497842733788615
400.0,down,2.0,1.2,11,0.08126922983421778,0.08127448213976592,0.1625437119739837
400.0,fresh,0.0,1.5,0,1.1166177538738384,1.1165732430658466,2.233190996939685
400.0,fresh,0.0,1.5,1,1.116572175387666,1.1170103874653314,2.2335825628529973
400.0,fresh,0.0,1.5,2,1.1188228969267642,1.1166557514454893,2.2354786483722533
400.0,fresh,0.0,1.5,3,1.1171987053976564,1.1169196690513024,2.2341183744489586
400.0,fresh,0.0,1.5,4,1.1171534723592933,1.1177372839893946,2.2348907563486877
400.0,fresh,0.0,1.5,5,1.117221900030907,1.1174352840828832,2.2346571841137903
400.0,fresh,0.0,1.5,6,1.1165565711304433,1.1191938743530778,2.235750445483521
400.0,fresh,0.0,1.5,7,1.120919030539178,1.1207164484202405,2.2416354789594184
400.0,fresh,0.0,1.5,8,1.1167383671672122,1.1172330057000583,2.2339713728672708
400.0,fresh,0.0,1.5,9,1.1165451466561926,1.1166849583911445,2.233230105047337
400.0,fresh,0.0,1.5,10,1.1165353778994664,1.1169704917384484,2.2335058696379146
400.0,fresh,0.0,1.5,11,1.117455605055646,1.1165325876095054,2.2339881926651515
400.0,fresh,0.5,1.5,0,0.5027256083746872,0.5034813295451447,1.0062069379198317
400.0,fresh,0.5,1.5,1,0.5486242819340782,0.5488315434940547,1.097455825428133
400.0,fresh,0.5,1.5,2,0.4293034879208045,0.439284502053778,0.8685879899745825
400.0,fresh,0.5,1.5,3,0.5612709160882388,0.561369892445091,1.1226408085333297
400.0,fresh,0.5,1.5,4,0.5591457028961578,0.5596895879055206,1.1188352908016785
400.0,fresh,0.5,1.5,5,0.5614246226226378,0.561197245910408,1.1226218685330458
400.0,fresh,0.5,1.5,6,0.5069597711702791,0.5144188060423639,1.021378577212643
400.0,fresh,0.5,1.5,7,0.545203427472298,0.5401952645328246,1.0853986920051226
400.0,fresh,0.5,1.5,8,0.5530173083791989,0.5548586542601188,1.1078759626393178
400.0,fresh,0.5,1.5,9,0.5510255496769562,0.5510967272614814,1.1021222769384376
400.0,fresh,0.5,1.5,10,0.5223558718850062,0.5295755664648479,1.0519314383498541
400.0,fresh,0.5,1.5,11,0.530098681673338,0.5317228165814417,1.0618214982547798
400.0,fresh,2.0,1.5,0,0.15526554494691394,0.15512624775885134,0.3103917927057653
400.0,fresh,2.0,1.5,1,0.2184593268085394,0.2171098294078309,0.4355691562163703
400.0,fresh,2.0,1.5,2,0.15669364942465092,0.16068271661610212,0.31737636604075303
400.0,fresh,2.0,1.5,3,0.22264883967265012,0.22280870543470244,0.4454575451073526
400.0,fresh,2.0,1.5,4,0.22130337520934112,0.2205484920016451,0.44185186721098624
400.0,fresh,2.0,1.5,5,0.22233150253613324,0.2222866061905657,0.44461810872669894
400.0,fresh,2.0,1.5,6,0.20638533883401583,0.20670035726952132,0.4130856961035372
400.0,fresh,2.0,1.5,7,0.16041782903492316,0.14760234764312494,0.3080201766780481
400.0,fresh,2.0,1.5,8,0.2234315014609666,0.22212849455035402,0.4455599960113206
400.0,fresh,2.0,1.5,9,0.20758003327250946,0.21072825529465838,0.41830828856716784
400.0,fresh,2.0,1.5,10,0.18756729515769263,0.18594758195283567,0.37351487711052833
400.0,fresh,2.0,1.5,11,0.21531594434285858,0.21520216364890835,0.43051810799176693
400.0,up,0.0,1.5,0,1.12037217497367,1.12037217497367,2.24074434994734
400.0,up,0.0,1.5,1,1.12037217497367,1.12037217497367,2.24074434994734
400.0,up,0.0,1.5,2,1.12037217497367,1.12037217497367,2.24074434994734
400.0,up,0.0,1.5,3,1.12037217497367,1.12037217497367,2.24074434994734
400.0,up,0.0,1.5,4,1.12037217497367,1.12037217497367,2.24074434994734
400.0,up,0.0,1.5,5,1.12037217497367,1.12037217497367,2.24074434994734
400.0,up,0.0,1.5,6,1.12037217497367,1.12037217497367,2.24074434994734
400.0,up,0.0,1.5,7,1.12037217497367,1.12037217497367,2.24074434994734
400.0,up,0.0,1.5,8,1.12037217497367,1.12037217497367,2.24074434994734
400.0,up,0.0,1.5,9,1.12037217497367,1.12037217497367,2.24074434994734
400.0,up,0.0,1.5,10,1.12037217497367,1.12037217497367,2.24074434994734
400.0,up,0.0,1.5,11,1.12037217497367,1.12037217497367,2.24074434994734
400.0,up,0.5,1.5,0,0.5552647228517535,0.5552647228517535,1.110529445703507
400.0,up,0.5,1.5,1,0.555264722851781,0.555264722851781,1.110529445703562
400.0,up,0.5,1.5,2,0.5552647228517535,0.5552647228517535,1.110529445703507
400.0,up,0.5,1.5,3,0.5552647228517535,0.5552647228517535,1.110529445703507
400.0,up,0.5,1.5,4,0.5552647228517535,0.5552647228517535,1.110529445703507
400.0,up,0.5,1.5,5,0.5552647228517535,0.5552647228517535,1.110529445703507
400.0,up,0.5,1.5,6,0.5552647228517535,0.5552647228517535,1.110529445703507
400.0,up,0.5,1.5,7,0.5552647228517535,0.5552647228517535,1.110529445703507
400.0,up,0.5,1.5,8,0.5552647228517535,0.5552647228517535,1.110529445703507
400.0,up,0.5,1.5,9,0.5552647228517535,0.5552647228517535,1.110529445703507
400.0,up,0.5,1.5,10,0.5552647228517535,0.5552647228517535,1.110529445703507
400.0,up,0.5,1.5,11,0.5552647228517535,0.5552647228517535,1.110529445703507
400.0,up,2.0,1.5,0,0.22242363434500106,0.22242363434500106,0.44484726869000213
400.0,up,2.0,1.5,1,0.2224236343449946,0.2224236343449946,0.4448472686899892
400.0,up,2.0,1.5,2,0.22242363434500106,0.22242363434500106,0.44484726869000213
400.0,up,2.0,1.5,3,0.22242363434500106,0.22242363434500106,0.44484726869000213
400.0,up,2.0,1.5,4,0.22242363434500106,0.22242363434500106,0.44484726869000213
400.0,up,2.0,1.5,5,0.22242363434500106,0.22242363434500106,0.44484726869000213
400.0,up,2.0,1.5,6,0.22242363434500106,0.22242363434500106,0.44484726869000213
400.0,up,2.0,1.5,7,0.22242363434500106,0.22242363434500106,0.44484726869000213
400.0,up,2.0,1.5,8,0.22242363434500106,0.22242363434500106,0.44484726869000213
400.0,up,2.0,1.5,9,0.22242363434500106,0.22242363434500106,0.44484726869000213
400.0,up,2.0,1.5,10,0.22242363434500106,0.22242363434500106,0.44484726869000213
400.0,up,2.0,1.5,11,0.22242363434500106,0.22242363434500106,0.44484726869000213
400.0,down,0.0,1.5,0,1.1167752476922062,1.117680116435547,2.2344553641277534
400.0,down,0.0,1.5,1,1.1176715414645102,1.1202341813070378,2.237905722771548
400.0,down,0.0,1.5,2,1.1165454122703666,1.1182745980374509,2.2348200103078177
400.0,down,0.0,1.5,3,1.1207539857893842,1.1198414219764672,2.240595407765851
400.0,down,0.0,1.5,4,1.1206643649699444,1.1206522153714187,2.241316580341363
400.0,down,0.0,1.5,5,1.120791945352505,1.120923569417215,2.2417155147697203
400.0,down,0.0,1.5,6,1.1175394041980788,1.1183528110248628,2.2358922152229415
400.0,down,0.0,1.5,7,1.1168427403706798,1.1171167159316033,2.233959456302283
400.0,down,0.0,1.5,8,1.1188160805234415,1.1208082751478954,2.239624355671337
400.0,down,0.0,1.5,9,1.117428776559946,1.1184701921367135,2.2358989686966595
400.0,down,0.0,1.5,10,1.1170192978967781,1.1200727817739387,2.2370920796707168
400.0,down,0.0,1.5,11,1.1209188909891472,1.1172620330854162,2.2381809240745634
400.0,down,0.5,1.5,0,0.4635140888588187,0.47144315743493265,0.9349572462937513
400.0,down,0.5,1.5,1,0.5487820819647865,0.5488522564598867,1.0976343384246732
400.0,down,0.5,1.5,2,0.439802295899957,0.4401918772336995,0.8799941731336565
400.0,down,0.5,1.5,3,0.5612057792200517,0.5613363208485973,1.122542100068649
400.0,down,0.5,1.5,4,0.5571783837611509,0.5591043757078326,1.1162827594689835
400.0,down,0.5,1.5,5,0.5605223576323671,0.5598848190471203,1.1204071766794874
400.0,down,0.5,1.5,6,0.5061390087264805,0.5030280887347118,1.0091670974611924
400.0,down,0.5,1.5,7,0.5579614798336232,0.5553660786584138,1.113327558492037
400.0,down,0.5,1.5,8,0.5375826304158697,0.5421245812325581,1.0797072116484279
400.0,down,0.5,1.5,9,0.5240081439381647,0.5189906058098388,1.0429987497480036
400.0,down,0.5,1.5,10,0.45383280551032085,0.45049611354730573,0.9043289190576266
400.0,down,0.5,1.5,11,0.4480217400785058,0.44029893224070166,0.8883206723192074
400.0,down,2.0,1.5,0,0.1555400186515154,0.15509644939234485,0.31063646804386025
400.0,down,2.0,1.5,1,0.1553114664156549,0.15570745532802527,0.3110189217436802
400.0,down,2.0,1.5,2,0.15999125411583542,0.14721685676015261,0.30720811087598804
400.0,down,2.0,1.5,3,0.22261022687656556,0.22275685202381829,0.44536707890038385
400.0,down,2.0,1.5,4,0.22036902287801147,0.2219065993043595,0.44227562218237093
400.0,down,2.0,1.5,5,0.22215868075470988,0.2221268266476658,0.4442855074023757
400.0,down,2.0,1.5,6,0.14585730903208804,0.16042882774497294,0.30628613677706096
400.0,down,2.0,1.5,7,0.15978058956084135,0.14802472329155955,0.30780531285240087
400.0,down,2.0,1.5,8,0.22100719663825977,0.22286804877031138,0.44387524540857115
400.0,down,2.0,1.5,9,0.20572777399507586,0.20989708394350182,0.4156248579385777
400.0,down,2.0,1.5,10,0.15631514545693415,0.15626471591142044,0.3125798613683546
400.0,down,2.0,1.5,11,0.20239997512153757,0.2005997791639046,0.40299975428544216
400.0,fresh,0.0,2.0,0,1.7343138346160123,1.7334387606067856,3.467752595222798
400.0,fresh,0.0,2.0,1,1.7334514898718982,1.7312732595531954,3.464724749425094
400.0,fresh,0.0,2.0,2,1.7316280218927929,1.7326756675338586,3.4643036894266515
400.0,fresh,0.0,2.0,3,1.7309713741572301,1.731487071636402,3.462458445793632
400.0,fresh,0.0,2.0,4,1.7310308998917958,1.7305804599123655,3.461611359804161
400.0,fresh,0.0,2.0,5,1.7309433354002337,1.7307452173269418,3.4616885527271757
400.0,fresh,0.0,2.0,6,1.7336524338796253,1.7303829701587239,3.4640354040383494
400.0,fresh,0.0,2.0,7,1.730697597067674,1.73052482707573,3.461222424143404
400.0,fresh,0.0,2.0,8,1.7321666327489214,1.730930457792046,3.463097090540967
400.0,fresh,0.0,2.0,9,1.733825244409947,1.7324744347403478,3.4662996791502945
400.0,fresh,0.0,2.0,10,1.7343789595780834,1.731360107852416,3.4657390674304995
400.0,fresh,0.0,2.0,11,1.7307307423721487,1.7340821741908627,3.4648129165630115
400.0,fresh,0.5,2.0,0,0.827619045873893,0.8219487327009444,1.6495677785748373
400.0,fresh,0.5,2.0,1,0.85200731315351,0.8502903362151107,1.7022976493686208
400.0,fresh,0.5,2.0,2,0.7538128915039352,0.7528998835835097,1.5067127750874447
400.0,fresh,0.5,2.0,3,0.8640624686495844,0.8640595920374926,1.728122060687077
400.0,fresh,0.5,2.0,4,0.8625152384844575,0.8625820582830496,1.7250972967675071
400.0,fresh,0.5,2.0,5,0.8648933610700462,0.8649568477319718,1.729850208802018
400.0,fresh,0.5,2.0,6,0.8017912485772094,0.8022344721029601,1.6040257206801694
400.0,fresh,0.5,2.0,7,0.8612777978133798,0.861560350980652,1.7228381487940316
400.0,fresh,0.5,2.0,8,0.8560339069275349,0.8586579165143842,1.714691823441919
400.0,fresh,0.5,2.0,9,0.8554956901363673,0.8555594925919431,1.7110551827283103
400.0,fresh,0.5,2.0,10,0.8249358843389288,0.8215160405322578,1.6464519248711866
400.0,fresh,0.5,2.0,11,0.8218189578293171,0.8233968794342013,1.6452158372635184
400.0,fresh,2.0,2.0,0,0.26922724866172265,0.26635301746771156,0.5355802661294342
400.0,fresh,2.0,2.0,1,0.34070219107525623,0.34077757872073683,0.6814797697959931
400.0,fresh,2.0,2.0,2,0.2739719485943725,0.2662403469862516,0.5402122955806241
400.0,fresh,2.0,2.0,3,0.3456687287828092,0.3457122207411773,0.6913809495239864
400.0,fresh,2.0,2.0,4,0.34301269537245643,0.3396514467752486,0.6826641421477051
400.0,fresh,2.0,2.0,5,0.3461592997610503,0.3459728035857242,0.6921321033467744
400.0,fresh,2.0,2.0,6,0.31892928351184646,0.3184611648097526,0.6373904483215991
400.0,fresh,2.0,2.0,7,0.2668065530991248,0.2670080582957538,0.5338146113948786
400.0,fresh,2.0,2.0,8,0.3439363299416219,0.34185263486951173,0.6857889648111336
400.0,fresh,2.0,2.0,9,0.3329044082253078,0.3333500458239734,0.6662544540492812
400.0,fresh,2.0,2.0,10,0.3119821440509523,0.31110283848099696,0.6230849825319493
400.0,fresh,2.0,2.0,11,0.3289084579168412,0.32884046398035116,0.6577489218971924
400.0,up,0.0,2.0,0,1.732586047082687,1.732586047082687,3.465172094165374
400.0,up,0.0,2.0,1,1.732586047082687,1.732586047082687,3.465172094165374
400.0,up,0.0,2.0,2,1.732586047082687,1.732586047082687,3.465172094165374
400.0,up,0.0,2.0,3,1.732586047082687,1.732586047082687,3.465172094165374
400.0,up,0.0,2.0,4,1.732586047082687,1.732586047082687,3.465172094165374
400.0,up,0.0,2.0,5,1.732586047082687,1.732586047082687,3.465172094165374
400.0,up,0.0,2.0,6,1.732586047082687,1.732586047082687,3.465172094165374
400.0,up,0.0,2.0,7,1.732586047082687,1.732586047082687,3.465172094165374
400.0,up,0.0,2.0,8,1.732586047082687,1.732586047082687,3.465172094165374
400.0,up,0.0,2.0,9,1.732586047082687,1.732586047082687,3.465172094165374
400.0,up,0.0,2.0,10,1.732586047082687,1.732586047082687,3.465172094165374
400.0,up,0.0,2.0,11,1.732586047082687,1.732586047082687,3.465172094165374
400.0,up,0.5,2.0,0,0.8654856951213671,0.8654856951213671,1.7309713902427342
400.0,up,0.5,2.0,1,0.8654856951213605,0.8654856951213611,1.7309713902427215
400.0,up,0.5,2.0,2,0.8654856951213671,0.8654856951213671,1.7309713902427342
400.0,up,0.5,2.0,3,0.8654856951213671,0.8654856951213671,1.7309713902427342
400.0,up,0.5,2.0,4,0.8654856951213671,0.8654856951213671,1.7309713902427342
400.0,up,0.5,2.0,5,0.8654856951213671,0.8654856951213671,1.7309713902427342
400.0,up,0.5,2.0,6,0.8654856951213671,0.8654856951213671,1.7309713902427342
400.0,up,0.5,2.0,7,0.8654856951213671,0.8654856951213671,1.7309713902427342
400.0,up,0.5,2.0,8,0.8654856951213671,0.8654856951213671,1.7309713902427342
400.0,up,0.5,2.0,9,0.8654856951213671,0.8654856951213671,1.7309713902427342
400.0,up,0.5,2.0,10,0.8654856951213671,0.8654856951213671,1.7309713902427342
400.0,up,0.5,2.0,11,0.8654856951213671,0.8654856951213671,1.7309713902427342
400.0,up,2.0,2.0,0,0.346244261145429,0.346244261145429,0.692488522290858
400.0,up,2.0,2.0,1,0.34624426114543283,0.34624426114543283,0.6924885222908657
400.0,up,2.0,2.0,2,0.346244261145429,0.346244261145429,0.692488522290858
400.0,up,2.0,2.0,3,0.346244261145429,0.346244261145429,0.692488522290858
400.0,up,2.0,2.0,4,0.346244261145429,0.346244261145429,0.692488522290858
400.0,up,2.0,2.0,5,0.346244261145429,0.346244261145429,0.692488522290858
400.0,up,2.0,2.0,6,0.346244261145429,0.346244261145429,0.692488522290858
400.0,up,2.0,2.0,7,0.346244261145429,0.346244261145429,0.692488522290858
400.0,up,2.0,2.0,8,0.346244261145429,0.346244261145429,0.692488522290858
400.0,up,2.0,2.0,9,0.346244261145429,0.346244261145429,0.692488522290858
400.0,up,2.0,2.0,10,0.346244261145429,0.346244261145429,0.692488522290858
400.0,up,2.0,2.0,11,0.346244261145429,0.346244261145429,0.692488522290858
400.0,down,0.0,2.0,0,1.7343138346160123,1.7334387606067856,3.467752595222798
400.0,down,0.0,2.0,1,1.7334514898718982,1.7312732595531954,3.464724749425094
400.0,down,0.0,2.0,2,1.7316280218927929,1.7326756675338586,3.4643036894266515
400.0,down,0.0,2.0,3,1.7309713741572301,1.731487071636402,3.462458445793632
400.0,down,0.0,2.0,4,1.7310308998917958,1.7305804599123655,3.461611359804161
400.0,down,0.0,2.0,5,1.7309433354002337,1.7307452173269418,3.4616885527271757
400.0,down,0.0,2.0,6,1.7336524338796253,1.7303829701587239,3.4640354040383494
400.0,down,0.0,2.0,7,1.730697597067674,1.73052482707573,3.461222424143404
400.0,down,0.0,2.0,8,1.7321666327489214,1.730930457792046,3.463097090540967
400.0,down,0.0,2.0,9,1.733825244409947,1.7324744347403478,3.4662996791502945
400.0,down,0.0,2.0,10,1.7343789595780834,1.731360107852416,3.4657390674304995
400.0,down,0.0,2.0,11,1.7307307423721487,1.7340821741908627,3.4648129165630115
400.0,down,0.5,2.0,0,0.827619045873893,0.8219487327009444,1.6495677785748373
400.0,down,0.5,2.0,1,0.85200731315351,0.8502903362151107,1.7022976493686208
400.0,down,0.5,2.0,2,0.7538128915039352,0.7528998835835097,1.5067127750874447
400.0,down,0.5,2.0,3,0.8640624686495844,0.8640595920374926,1.728122060687077
400.0,down,0.5,2.0,4,0.8625152384844575,0.8625820582830496,1.7250972967675071
400.0,down,0.5,2.0,5,0.8648933610700462,0.8649568477319718,1.729850208802018
400.0,down,0.5,2.0,6,0.8017912485772094,0.8022344721029601,1.6040257206801694
400.0,down,0.5,2.0,7,0.8612777978133798,0.861560350980652,1.7228381487940316
400.0,down,0.5,2.0,8,0.8560339069275349,0.8586579165143842,1.714691823441919
400.0,down,0.5,2.0,9,0.8554956901363673,0.8555594925919431,1.7110551827283103
400.0,down,0.5,2.0,10,0.8249358843389288,0.8215160405322578,1.6464519248711866
400.0,down,0.5,2.0,11,0.8218189578293171,0.8233968794342013,1.6452158372635184
400.0,down,2.0,2.0,0,0.26922724866172265,0.26635301746771156,0.5355802661294342
400.0,down,2.0,2.0,1,0.34070219107525623,0.34077757872073683,0.6814797697959931
400.0,down,2.0,2.0,2,0.2739719485943725,0.2662403469862516,0.5402122955806241
400.0,down,2.0,2.0,3,0.3456687287828092,0.3457122207411773,0.6913809495239864
400.0,down,2.0,2.0,4,0.34301269537245643,0.3396514467752486,0.6826641421477051
400.0,down,2.0,2.0,5,0.3461592997610503,0.3459728035857242,0.6921321033467744
400.0,down,2.0,2.0,6,0.31892928351184646,0.3184611648097526,0.6373904483215991
400.0,down,2.0,2.0,7,0.2668065530991248,0.2670080582957538,0.5338146113948786
400.0,down,2.0,2.0,8,0.3439363299416219,0.34185263486951173,0.6857889648111336
400.0,down,2.0,2.0,9,0.3329044082253078,0.3333500458239734,0.6662544540492812
400.0,down,2.0,2.0,10,0.3119821440509523,0.31110283848099696,0.6230849825319493
400.0,down,2.0,2.0,11,0.3289084579168412,0.32884046398035116,0.6577489218971924
800.0,fresh,0.0,0.0,0,-8.148171236887815e-90,3.5681598020459715e-89,2.75334267835719e-89
800.0,fresh,0.0,0.0,1,3.708940170766634e-89,2.6604718507466583e-90,3.9749873558412995e-89
800.0,fresh,0.0,0.0,2,-3.2020271017952214e-90,1.0288130930928657e-89,7.086103829133435e-90
800.0,fresh,0.0,0.0,3,1.736587797092486e-90,3.3648756925637186e-90,5.101463489656205e-90
800.0,fresh,0.0,0.0,4,1.9157248856829569e-90,4.8767222991288535e-91,2.403397115595842e-90
800.0,fresh,0.0,0.0,5,1.6522156377680661e-90,1.0448068108531618e-90,2.697022448621228e-90
800.0,fresh,0.0,0.0,6,9.838386932218078e-89,-7.641282808041501e-91,9.761974104137662e-89
800.0,fresh,0.0,0.0,7,-2.0186478918534844e-90,-1.6279297648360198e-90,-3.646577656689504e-90
800.0,fresh,0.0,0.0,8,6.3152801028493985e-90,1.6134292813930634e-90,7.928709384242463e-90
800.0,fresh,0.0,0.0,9,-2.172188225696852e-88,8.396149854675863e-90,-2.0882267271500933e-88
800.0,fresh,0.0,0.0,10,-1.4525371111214007e-89,2.939371775613196e-90,-1.1585999335600811e-89
800.0,fresh,0.0,0.0,11,9.987439314000604e-91,-3.5068572929624916e-89,-3.406982899822485e-89
800.0,fresh,0.5,0.0,0,6.506369980725454e-47,6.506369980725454e-47,1.3012739961450908e-46
800.0,fresh,0.5,0.0,1,0.0,0.0,0.0
800.0,fresh,0.5,0.0,2,4.745600579020459e-47,4.745600579020459e-47,9.491201158040919e-47
800.0,fresh,0.5,0.0,3,6.755693183263565e-47,6.755693183263565e-47,1.351138636652713e-46
800.0,fresh,0.5,0.0,4,3.172577701372635e-47,3.172577701372635e-47,6.34515540274527e-47
800.0,fresh,0.5,0.0,5,3.6134808143455915e-47,3.6134808143455915e-47,7.226961628691183e-47
800.0,fresh,0.5,0.0,6,3.013100337641829e-46,3.013100337641829e-46,6.026200675283658e-46
800.0,fresh,0.5,0.0,7,-4.895665722448226e-47,-4.895665722448226e-47,-9.791331444896453e-47
800.0,fresh,0.5,0.0,8,9.92966234025692e-47,9.92966234025692e-47,1.985932468051384e-46
800.0,fresh,0.5,0.0,9,-1.121952045256116e-46,-1.121952045256116e-46,-2.243904090512232e-46
800.0,fresh,0.5,0.0,10,-6.813327830275243e-47,-6.813327830275243e-47,-1.3626655660550486e-46
800.0,fresh,0.5,0.0,11,-1.760165339947739e-46,-1.760165339947739e-46,-3.520330679895478e-46
800.0,fresh,2.0,0.0,0,2.9530433124532243e-21,2.9530433124532243e-21,5.906086624906449e-21
800.0,fresh,2.0,0.0,1,0.0,0.0,0.0
800.0,fresh,2.0,0.0,2,3.576539236006902e-21,3.576539236006902e-21,7.153078472013805e-21
800.0,fresh,2.0,0.0,3,7.632758633938314e-21,7.632758633938314e-21,1.526551726787663e-20
800.0,fresh,2.0,0.0,4,3.582223716265743e-21,3.582223716265743e-21,7.164447432531486e-21
800.0,fresh,2.0,0.0,5,4.118267868624217e-21,4.118267868624217e-21,8.236535737248434e-21
800.0,fresh,2.0,0.0,6,1.5055749973693826e-20,1.5055749973693826e-20,3.011149994738765e-20
800.0,fresh,2.0,0.0,7,-5.586642041629685e-21,-5.586642041629685e-21,-1.117328408325937e-20
800.0,fresh,2.0,0.0,8,1.0728215645219301e-20,1.0728215645219301e-20,2.1456431290438603e-20
800.0,fresh,2.0,0.0,9,-4.066538713737154e-21,-4.066538713737154e-21,-8.133077427474308e-21
800.0,fresh,2.0,0.0,10,-4.7935960534744405e-21,-4.7935960534744405e-21,-9.587192106948881e-21
800.0,fresh,2.0,0.0,11,-1.111913845924304e-20,-1.111913845924304e-20,-2.223827691848608e-20
800.0,up,0.0,0.0,0,-8.148171236887815e-90,3.5681598020459715e-89,2.75334267835719e-89
800.0,up,0.0,0.0,1,3.708940170766634e-89,2.6604718507466583e-90,3.9749873558412995e-89
800.0,up,0.0,0.0,2,-3.2020271017952214e-90,1.0288130930928657e-89,7.086103829133435e-90
800.0,up,0.0,0.0,3,1.736587797092486e-90,3.3648756925637186e-90,5.101463489656205e-90
800.0,up,0.0,0.0,4,1.9157248856829569e-90,4.8767222991288535e-91,2.403397115595842e-90
800.0,up,0.0,0.0,5,1.6522156377680661e-90,1.0448068108531618e-90,2.697022448621228e-90
800.0,up,0.0,0.0,6,9.838386932218078e-89,-7.641282808041501e-91,9.761974104137662e-89
800.0,up,0.0,0.0,7,-2.0186478918534844e-90,-1.6279297648360198e-90,-3.646577656689504e-90
800.0,up,0.0,0.0,8,6.3152801028493985e-90,1.6134292813930634e-90,7.928709384242463e-90
800.0,up,0.0,0.0,9,-2.172188225696852e-88,8.396149854675863e-90,-2.0882267271500933e-88
800.0,up,0.0,0.0,10,-1.4525371111214007e-89,2.939371775613196e-90,-1.1585999335600811e-89
800.0,up,0.0,0.0,11,9.987439314000604e-91,-3.5068572929624916e-89,-3.406982899822485e-89
800.0,up,0.5,0.0,0,6.506369980725454e-47,6.506369980725454e-47,1.3012739961450908e-46
800.0,up,0.5,0.0,1,0.0,0.0,0.0
800.0,up,0.5,0.0,2,4.745600579020459e-47,4.745600579020459e-47,9.491201158040919e-47
800.0,up,0.5,0.0,3,6.755693183263565e-47,6.755693183263565e-47,1.351138636652713e-46
800.0,up,0.5,0.0,4,3.172577701372635e-47,3.172577701372635e-47,6.34515540274527e-47
800.0,up,0.5,0.0,5,3.6134808143455915e-47,3.6134808143455915e-47,7.226961628691183e-47
800.0,up,0.5,0.0,6,3.013100337641829e-46,3.013100337641829e-46,6.026200675283658e-46
800.0,up,0.5,0.0,7,-4.895665722448226e-47,-4.895665722448226e-47,-9.791331444896453e-47
800.0,up,0.5,0.0,8,9.92966234025692e-47,9.92966234025692e-47,1.985932468051384e-46
800.0,up,0.5,0.0,9,-1.121952045256116e-46,-1.121952045256116e-46,-2.243904090512232e-46
800.0,up,0.5,0.0,10,-6.813327830275243e-47,-6.813327830275243e-47,-1.3626655660550486e-46
800.0,up,0.5,0.0,11,-1.760165339947739e-46,-1.760165339947739e-46,-3.520330679895478e-46
800.0,up,2.0,0.0,0,2.9530433124532243e-21,2.9530433124532243e-21,5.906086624906449e-21
800.0,up,2.0,0.0,1,0.0,0.0,0.0
800.0,up,2.0,0.0,2,3.576539236006902e-21,3.576539236006902e-21,7.153078472013805e-21
800.0,up,2.0,0.0,3,7.632758633938314e-21,7.632758633938314e-21,1.526551726787663e-20
800.0,up,2.0,0.0,4,3.582223716265743e-21,3.582223716265743e-21,7.164447432531486e-21
800.0,up,2.0,0.0,5,4.118267868624217e-21,4.118267868624217e-21,8.236535737248434e-21
800.0,up,2.0,0.0,6,1.5055749973693826e-20,1.5055749973693826e-20,3.011149994738765e-20
800.0,up,2.0,0.0,7,-5.586642041629685e-21,-5.586642041629685e-21,-1.117328408325937e-20
800.0,up,2.0,0.0,8,1.0728215645219301e-20,1.0728215645219301e-20,2.1456431290438603e-20
800.0,up,2.0,0.0,9,-4.066538713737154e-21,-4.066538713737154e-21,-8.133077427474308e-21
800.0,up,2.0,0.0,10,-4.7935960534744405e-21,-4.7935960534744405e-21,-9.587192106948881e-21
800.0,up,2.0,0.0,11,-1.111913845924304e-20,-1.111913845924304e-20,-2.223827691848608e-20
800.0,down,0.0,0.0,0,0.0,0.0,0.0
800.0,down,0.0,0.0,1,0.0,0.0,0.0
800.0,down,0.0,0.0,2,0.0,0.0,0.0
800.0,down,0.0,0.0,3,0.0,0.0,0.0
800.0,down,0.0,0.0,4,0.0,0.0,0.0
800.0,down,0.0,0.0,5,0.0,0.0,0.0
800.0,down,0.0,0.0,6,0.0,0.0,0.0
800.0,down,0.0,0.0,7,0.0,0.0,0.0
800.0,down,0.0,0.0,8,0.0,0.0,0.0
800.0,down,0.0,0.0,9,0.0,0.0,0.0
800.0,down,0.0,0.0,10,0.0,0.0,0.0
800.0,down,0.0,0.0,11,0.0,0.0,0.0
800.0,down,0.5,0.0,0,0.0,0.0,0.0
800.0,down,0.5,0.0,1,0.0,0.0,0.0
800.0,down,0.5,0.0,2,0.0,0.0,0.0
800.0,down,0.5,0.0,3,0.0,0.0,0.0
800.0,down,0.5,0.0,4,0.0,0.0,0.0
800.0,down,0.5,0.0,5,0.0,0.0,0.0
800.0,down,0.5,0.0,6,0.0,0.0,0.0
800.0,down,0.5,0.0,7,0.0,0.0,0.0
800.0,down,0.5,0.0,8,0.0,0.0,0.0
800.0,down,0.5,0.0,9,0.0,0.0,0.0
800.0,down,0.5,0.0,10,0.0,0.0,0.0
800.0,down,0.5,0.0,11,0.0,0.0,0.0
800.0,down,2.0,0.0,0,0.0,0.0,0.0
800.0,down,2.0,0.0,1,0.0,0.0,0.0
800.0,down,2.0,0.0,2,0.0,0.0,0.0
800.0,down,2.0,0.0,3,0.0,0.0,0.0
800.0,down,2.0,0.0,4,0.0,0.0,0.0
800.0,down,2.0,0.0,5,0.0,0.0,0.0
800.0,down,2.0,0.0,6,0.0,0.0,0.0
800.0,down,2.0,0.0,7,0.0,0.0,0.0
800.0,down,2.0,0.0,8,0.0,0.0,0.0
800.0,down,2.0,0.0,9,0.0,0.0,0.0
800.0,down,2.0,0.0,10,0.0,0.0,0.0
800.0,down,2.0,0.0,11,0.0,0.0,0.0
800.0,fresh,0.0,0.5,0,0.0,0.0,0.0
800.0,fresh,0.0,0.5,1,0.0,0.0,0.0
800.0,fresh,0.0,0.5,2,0.0,0.0,0.0
800.0,fresh,0.0,0.5,3,0.0,0.0,0.0
800.0,fresh,0.0,0.5,4,0.0,0.0,0.0
800.0,fresh,0.0,0.5,5,0.0,0.0,0.0
800.0,fresh,0.0,0.5,6,0.0,0.0,0.0
800.0,fresh,0.0,0.5,7,0.0,0.0,0.0
800.0,fresh,0.0,0.5,8,0.0,0.0,0.0
800.0,fresh,0.0,0.5,9,0.0,0.0,0.0
800.0,fresh,0.0,0.5,10,0.0,0.0,0.0
800.0,fresh,0.0,0.5,11,0.0,0.0,0.0
800.0,fresh,0.5,0.5,0,0.0,0.0,0.0
800.0,fresh,0.5,0.5,1,0.0,0.0,0.0
800.0,fresh,0.5,0.5,2,0.0,0.0,0.0
800.0,fresh,0.5,0.5,3,0.0,0.0,0.0
800.0,fresh,0.5,0.5,4,0.0,0.0,0.0
800.0,fresh,0.5,0.5,5,0.0,0.0,0.0
800.0,fresh,0.5,0.5,6,0.0,0.0,0.0
800.0,fresh,0.5,0.5,7,0.0,0.0,0.0
800.0,fresh,0.5,0.5,8,0.0,0.0,0.0
800.0,fresh,0.5,0.5,9,0.0,0.0,0.0
800.0,fresh,0.5,0.5,10,0.0,0.0,0.0
800.0,fresh,0.5,0.5,11,0.0,0.0,0.0
800.0,fresh,2.0,0.5,0,0.0,0.0,0.0
800.0,fresh,2.0,0.5,1,0.0,0.0,0.0
800.0,fresh,2.0,0.5,2,0.0,0.0,0.0
800.0,fresh,2.0,0.5,3,0.0,0.0,0.0
800.0,fresh,2.0,0.5,4,0.0,0.0,0.0
800.0,fresh,2.0,0.5,5,0.0,0.0,0.0
800.0,fresh,2.0,0.5,6,0.0,0.0,0.0
800.0,fresh,2.0,0.5,7,0.0,0.0,0.0
800.0,fresh,2.0,0.5,8,0.0,0.0,0.0
800.0,fresh,2.0,0.5,9,0.0,0.0,0.0
800.0,fresh,2.0,0.5,10,0.0,0.0,0.0
800.0,fresh,2.0,0.5,11,0.0,0.0,0.0
800.0,up,0.0,0.5,0,0.0,0.0,0.0
800.0,up,0.0,0.5,1,0.0,0.0,0.0
800.0,up,0.0,0.5,2,0.0,0.0,0.0
800.0,up,0.0,0.5,3,0.0,0.0,0.0
800.0,up,0.0,0.5,4,0.0,0.0,0.0
800.0,up,0.0,0.5,5,0.0,0.0,0.0
800.0,up,0.0,0.5,6,0.0,0.0,0.0
800.0,up,0.0,0.5,7,0.0,0.0,0.0
800.0,up,0.0,0.5,8,0.0,0.0,0.0
800.0,up,0.0,0.5,9,0.0,0.0,0.0
800.0,up,0.0,0.5,10,0.0,0.0,0.0
800.0,up,0.0,0.5,11,0.0,0.0,0.0
800.0,up,0.5,0.5,0,0.0,0.0,0.0
800.0,up,0.5,0.5,1,0.0,0.0,0.0
800.0,up,0.5,0.5,2,0.0,0.0,0.0
800.0,up,0.5,0.5,3,0.0,0.0,0.0
800.0,up,0.5,0.5,4,0.0,0.0,0.0
800.0,up,0.5,0.5,5,0.0,0.0,0.0
800.0,up,0.5,0.5,6,0.0,0.0,0.0
800.0,up,0.5,0.5,7,0.0,0.0,0.0
800.0,up,0.5,0.5,8,0.0,0.0,0.0
800.0,up,0.5,0.5,9,0.0,0.0,0.0
800.0,up,0.5,0.5,10,0.0,0.0,0.0
800.0,up,0.5,0.5,11,0.0,0.0,0.0
800.0,up,2.0,0.5,0,0.0,0.0,0.0
800.0,up,2.0,0.5,1,0.0,0.0,0.0
800.0,up,2.0,0.5,2,0.0,0.0,0.0
800.0,up,2.0,0.5,3,0.0,0.0,0.0
800.0,up,2.0,0.5,4,0.0,0.0,0.0
800.0,up,2.0,0.5,5,0.0,0.0,0.0
800.0,up,2.0,0.5,6,0.0,0.0,0.0
800.0,up,2.0,0.5,7,0.0,0.0,0.0
800.0,up,2.0,0.5,8,0.0,0.0,0.0
800.0,up,2.0,0.5,9,0.0,0.0,0.0
800.0,up,2.0,0.5,10,0.0,0.0,0.0
800.0,up,2.0,0.5,11,0.0,0.0,0.0
800.0,down,0.0,0.5,0,0.0,0.0,0.0
800.0,down,0.0,0.5,1,0.0,0.0,0.0
800.0,down,0.0,0.5,2,0.0,0.0,0.0
800.0,down,0.0,0.5,3,0.0,0.0,0.0
800.0,down,0.0,0.5,4,0.0,0.0,0.0
800.0,down,0.0,0.5,5,0.0,0.0,0.0
800.0,down,0.0,0.5,6,0.0,0.0,0.0
800.0,down,0.0,0.5,7,0.0,0.0,0.0
800.0,down,0.0,0.5,8,0.0,0.0,0.0
800.0,down,0.0,0.5,9,0.0,0.0,0.0
800.0,down,0.0,0.5,10,0.0,0.0,0.0
800.0,down,0.0,0.5,11,0.0,0.0,0.0
800.0,down,0.5,0.5,0,0.0,0.0,0.0
800.0,down,0.5,0.5,1,0.0,0.0,0.0
800.0,down,0.5,0.5,2,0.0,0.0,0.0
800.0,down,0.5,0.5,3,0.0,0.0,0.0
800.0,down,0.5,0.5,4,0.0,0.0,0.0
800.0,down,0.5,0.5,5,0.0,0.0,0.0
800.0,down,0.5,0.5,6,0.0,0.0,0.0
800.0,down,0.5,0.5,7,0.0,0.0,0.0
800.0,down,0.5,0.5,8,0.0,0.0,0.0
800.0,down,0.5,0.5,9,0.0,0.0,0.0
800.0,down,0.5,0.5,10,0.0,0.0,0.0
800.0,down,0.5,0.5,11,0.0,0.0,0.0
800.0,down,2.0,0.5,0,0.0,0.0,0.0
800.0,down,2.0,0.5,1,0.0,0.0,0.0
800.0,down,2.0,0.5,2,0.0,0.0,0.0
800.0,down,2.0,0.5,3,0.0,0.0,0.0
800.0,down,2.0,0.5,4,0.0,0.0,0.0
800.0,down,2.0,0.5,5,0.0,0.0,0.0
800.0,down,2.0,0.5,6,0.0,0.0,0.0
800.0,down,2.0,0.5,7,0.0,0.0,0.0
800.0,down,2.0,0.5,8,0.0,0.0,0.0
800.0,down,2.0,0.5,9,0.0,0.0,0.0
800.0,down,2.0,0.5,10,0.0,0.0,0.0
800.0,down,2.0,0.5,11,0.0,0.0,0.0
800.0,fresh,0.0,0.8,0,0.0,0.0,0.0
800.0,fresh,0.0,0.8,1,0.0,0.0,0.0
800.0,fresh,0.0,0.8,2,0.0,0.0,0.0
800.0,fresh,0.0,0.8,3,0.0,0.0,0.0
800.0,fresh,0.0,0.8,4,0.0,0.0,0.0
800.0,fresh,0.0,0.8,5,0.0,0.0,0.0
800.0,fresh,0.0,0.8,6,0.0,0.0,0.0
800.0,fresh,0.0,0.8,7,0.0,0.0,0.0
800.0,fresh,0.0,0.8,8,0.0,0.0,0.0
800.0,fresh,0.0,0.8,9,0.0,0.0,0.0
800.0,fresh,0.0,0.8,10,0.0,0.0,0.0
800.0,fresh,0.0,0.8,11,0.0,0.0,0.0
800.0,fresh,0.5,0.8,0,0.0,0.0,0.0
800.0,fresh,0.5,0.8,1,0.0,0.0,0.0
800.0,fresh,0.5,0.8,2,0.0,0.0,0.0
800.0,fresh,0.5,0.8,3,0.0,0.0,0.0
800.0,fresh,0.5,0.8,4,0.0,0.0,0.0
800.0,fresh,0.5,0.8,5,0.0,0.0,0.0
800.0,fresh,0.5,0.8,6,0.0,0.0,0.0
800.0,fresh,0.5,0.8,7,0.0,0.0,0.0
800.0,fresh,0.5,0.8,8,0.0,0.0,0.0
800.0,fresh,0.5,0.8,9,0.0,0.0,0.0
800.0,fresh,0.5,0.8,10,0.0,0.0,0.0
800.0,fresh,0.5,0.8,11,0.0,0.0,0.0
800.0,fresh,2.0,0.8,0,3.6390335189651066e-14,3.6390335189651066e-14,7.278067037930213e-14
800.0,fresh,2.0,0.8,1,8.520295580183302e-14,8.520295580183302e-14,1.7040591160366604e-13
800.0,fresh,2.0,0.8,2,3.9835634790819086e-14,3.9835634790819086e-14,7.967126958163817e-14
800.0,fresh,2.0,0.8,3,5.0711795873681354e-14,5.0711795873681354e-14,1.0142359174736271e-13
800.0,fresh,2.0,0.8,4,4.0532577294527525e-14,4.0532577294527525e-14,8.106515458905505e-14
800.0,fresh,2.0,0.8,5,4.2081338413879624e-14,4.2081338413879624e-14,8.416267682775925e-14
800.0,fresh,2.0,0.8,6,5.913741718543975e-14,5.913741718543975e-14,1.182748343708795e-13
800.0,fresh,2.0,0.8,7,-1.981609321077826e-15,-1.981609321077826e-15,-3.963218642155652e-15
800.0,fresh,2.0,0.8,8,5.6399468428836033e-14,5.6399468428836033e-14,1.1279893685767207e-13
800.0,fresh,2.0,0.8,9,-3.3928415632544782e-15,-3.3928415632544782e-15,-6.7856831265089565e-15
800.0,fresh,2.0,0.8,10,-5.190292640122607e-17,-5.190292640122607e-17,-1.0380585280245214e-16
800.0,fresh,2.0,0.8,11,1.049427211796683e-13,1.049427211796683e-13,2.098854423593366e-13
800.0,up,0.0,0.8,0,0.0,0.0,0.0
800.0,up,0.0,0.8,1,0.0,0.0,0.0
800.0,up,0.0,0.8,2,0.0,0.0,0.0
800.0,up,0.0,0.8,3,0.0,0.0,0.0
800.0,up,0.0,0.8,4,0.0,0.0,0.0
800.0,up,0.0,0.8,5,0.0,0.0,0.0
800.0,up,0.0,0.8,6,0.0,0.0,0.0
800.0,up,0.0,0.8,7,0.0,0.0,0.0
800.0,up,0.0,0.8,8,0.0,0.0,0.0
800.0,up,0.0,0.8,9,0.0,0.0,0.0
800.0,up,0.0,0.8,10,0.0,0.0,0.0
800.0,up,0.0,0.8,11,0.0,0.0,0.0
800.0,up,0.5,0.8,0,0.0,0.0,0.0
800.0,up,0.5,0.8,1,0.0,0.0,0.0
800.0,up,0.5,0.8,2,0.0,0.0,0.0
800.0,up,0.5,0.8,3,0.0,0.0,0.0
800.0,up,0.5,0.8,4,0.0,0.0,0.0
800.0,up,0.5,0.8,5,0.0,0.0,0.0
800.0,up,0.5,0.8,6,0.0,0.0,0.0
800.0,up,0.5,0.8,7,0.0,0.0,0.0
800.0,up,0.5,0.8,8,0.0,0.0,0.0
800.0,up,0.5,0.8,9,0.0,0.0,0.0
800.0,up,0.5,0.8,10,0.0,0.0,0.0
800.0,up,0.5,0.8,11,0.0,0.0,0.0
800.0,up,2.0,0.8,0,1.5150242171912965e-14,1.5150242171912965e-14,3.030048434382593e-14
800.0,up,2.0,0.8,1,1.5079049120458875e-14,1.5079604231971187e-14,3.015865335243006e-14
800.0,up,2.0,0.8,2,1.5150242171912965e-14,1.5150242171912965e-14,3.030048434382593e-14
800.0,up,2.0,0.8,3,1.5150242171912965e-14,1.5150242171912965e-14,3.030048434382593e-14
800.0,up,2.0,0.8,4,1.5150242171912965e-14,1.5150242171912965e-14,3.030048434382593e-14
800.0,up,2.0,0.8,5,1.5150242171912965e-14,1.5150242171912965e-14,3.030048434382593e-14
800.0,up,2.0,0.8,6,1.5150242171912965e-14,1.5150242171912965e-14,3.030048434382593e-14
800.0,up,2.0,0.8,7,1.5150242171912965e-14,1.5150242171912965e-14,3.030048434382593e-14
800.0,up,2.0,0.8,8,1.5150242171912965e-14,1.5150242171912965e-14,3.030048434382593e-14
800.0,up,2.0,0.8,9,1.5150242171912965e-14,1.5150242171912965e-14,3.030048434382593e-14
800.0,up,2.0,0.8,10,1.5150242171912965e-14,1.5150242171912965e-14,3.030048434382593e-14
800.0,up,2.0,0.8,11,1.5150242171912965e-14,1.5150242171912965e-14,3.030048434382593e-14
800.0,down,0.0,0.8,0,0.0,0.0,0.0
800.0,down,0.0,0.8,1,0.0,0.0,0.0
800.0,down,0.0,0.8,2,0.0,0.0,0.0
800.0,down,0.0,0.8,3,0.0,0.0,0.0
800.0,down,0.0,0.8,4,0.0,0.0,0.0
800.0,down,0.0,0.8,5,0.0,0.0,0.0
800.0,down,0.0,0.8,6,0.0,0.0,0.0
800.0,down,0.0,0.8,7,0.0,0.0,0.0
800.0,down,0.0,0.8,8,0.0,0.0,0.0
800.0,down,0.0,0.8,9,0.0,0.0,0.0
800.0,down,0.0,0.8,10,0.0,0.0,0.0
800.0,down,0.0,0.8,11,0.0,0.0,0.0
800.0,down,0.5,0.8,0,0.0,0.0,0.0
800.0,down,0.5,0.8,1,0.0,0.0,0.0
800.0,down,0.5,0.8,2,0.0,0.0,0.0
800.0,down,0.5,0.8,3,0.0,0.0,0.0
800.0,down,0.5,0.8,4,0.0,0.0,0.0
800.0,down,0.5,0.8,5,0.0,0.0,0.0
800.0,down,0.5,0.8,6,0.0,0.0,0.0
800.0,down,0.5,0.8,7,0.0,0.0,0.0
800.0,down,0.5,0.8,8,0.0,0.0,0.0
800.0,down,0.5,0.8,9,0.0,0.0,0.0
800.0,down,0.5,0.8,10,0.0,0.0,0.0
800.0,down,0.5,0.8,11,0.0,0.0,0.0
800.0,down,2.0,0.8,0,-5.4001247917767615e-15,-5.3645976549887564e-15,-1.0764722446765519e-14
800.0,down,2.0,0.8,1,0.0,0.0,0.0
800.0,down,2.0,0.8,2,0.0,0.0,0.0
800.0,down,2.0,0.8,3,0.0,0.0,0.0
800.0,down,2.0,0.8,4,0.0,0.0,0.0
800.0,down,2.0,0.8,5,0.0,0.0,0.0
800.0,down,2.0,0.8,6,0.0,0.0,0.0
800.0,down,2.0,0.8,7,0.0,0.0,0.0
800.0,down,2.0,0.8,8,0.0,0.0,0.0
800.0,down,2.0,0.8,9,0.0,0.0,0.0
800.0,down,2.0,0.8,10,0.0,0.0,0.0
800.0,down,2.0,0.8,11,0.0,0.0,0.0
800.0,fresh,0.0,0.9,0,0.0,0.0,0.0
800.0,fresh,0.0,0.9,1,0.0,0.0,0.0
800.0,fresh,0.0,0.9,2,0.0,0.0,0.0
800.0,fresh,0.0,0.9,3,0.0,0.0,0.0
800.0,fresh,0.0,0.9,4,0.0,0.0,0.0
800.0,fresh,0.0,0.9,5,0.0,0.0,0.0
800.0,fresh,0.0,0.9,6,0.0,0.0,0.0
800.0,fresh,0.0,0.9,7,0.0,0.0,0.0
800.0,fresh,0.0,0.9,8,0.0,0.0,0.0
800.0,fresh,0.0,0.9,9,0.0,0.0,0.0
800.0,fresh,0.0,0.9,10,0.0,0.0,0.0
800.0,fresh,0.0,0.9,11,0.0,0.0,0.0
800.0,fresh,0.5,0.9,0,0.0,0.0,0.0
800.0,fresh,0.5,0.9,1,0.0,0.0,0.0
800.0,fresh,0.5,0.9,2,0.0,0.0,0.0
800.0,fresh,0.5,0.9,3,0.0,0.0,0.0
800.0,fresh,0.5,0.9,4,0.0,0.0,0.0
800.0,fresh,0.5,0.9,5,0.0,0.0,0.0
800.0,fresh,0.5,0.9,6,0.0,0.0,0.0
800.0,fresh,0.5,0.9,7,0.0,0.0,0.0
800.0,fresh,0.5,0.9,8,0.0,0.0,0.0
800.0,fresh,0.5,0.9,9,0.0,0.0,0.0
800.0,fresh,0.5,0.9,10,0.0,0.0,0.0
800.0,fresh,0.5,0.9,11,0.0,0.0,0.0
800.0,fresh,2.0,0.9,0,2.1481350032104273e-11,2.1481350032104273e-11,4.2962700064208545e-11
800.0,fresh,2.0,0.9,1,3.7822853182767344e-11,3.7822853182767344e-11,7.564570636553469e-11
800.0,fresh,2.0,0.9,2,2.2916687714147342e-11,2.2916687714147342e-11,4.5833375428294684e-11
800.0,fresh,2.0,0.9,3,2.705765195232246e-11,2.705765195232246e-11,5.411530390464492e-11
800.0,fresh,2.0,0.9,4,2.3218438838235046e-11,2.3218438838235046e-11,4.643687767647009e-11
800.0,fresh,2.0,0.9,5,2.3817472161180575e-11,2.3817472161180575e-11,4.763494432236115e-11
800.0,fresh,2.0,0.9,6,2.9977122728563897e-11,2.9977122728563897e-11,5.995424545712779e-11
800.0,fresh,2.0,0.9,7,4.383900464866031e-12,4.383900464866031e-12,8.767800929732062e-12
800.0,fresh,2.0,0.9,8,2.9099568310542166e-11,2.9099568310542166e-11,5.819913662108433e-11
800.0,fresh,2.0,0.9,9,2.050517811102992e-12,2.050517811102992e-12,4.101035622205984e-12
800.0,fresh,2.0,0.9,10,4.975112544158833e-12,4.975112544158833e-12,9.950225088317666e-12
800.0,fresh,2.0,0.9,11,4.1780214843356586e-11,4.1780214843356586e-11,8.356042968671317e-11
800.0,up,0.0,0.9,0,0.0,0.0,0.0
800.0,up,0.0,0.9,1,0.0,0.0,0.0
800.0,up,0.0,0.9,2,0.0,0.0,0.0
800.0,up,0.0,0.9,3,0.0,0.0,0.0
800.0,up,0.0,0.9,4,0.0,0.0,0.0
800.0,up,0.0,0.9,5,0.0,0.0,0.0
800.0,up,0.0,0.9,6,0.0,0.0,0.0
800.0,up,0.0,0.9,7,0.0,0.0,0.0
800.0,up,0.0,0.9,8,0.0,0.0,0.0
800.0,up,0.0,0.9,9,0.0,0.0,0.0
800.0,up,0.0,0.9,10,0.0,0.0,0.0
800.0,up,0.0,0.9,11,0.0,0.0,0.0
800.0,up,0.5,0.9,0,0.0,0.0,0.0
800.0,up,0.5,0.9,1,0.0,0.0,0.0
800.0,up,0.5,0.9,2,0.0,0.0,0.0
800.0,up,0.5,0.9,3,0.0,0.0,0.0
800.0,up,0.5,0.9,4,0.0,0.0,0.0
800.0,up,0.5,0.9,5,0.0,0.0,0.0
800.0,up,0.5,0.9,6,0.0,0.0,0.0
800.0,up,0.5,0.9,7,0.0,0.0,0.0
800.0,up,0.5,0.9,8,0.0,0.0,0.0
800.0,up,0.5,0.9,9,0.0,0.0,0.0
800.0,up,0.5,0.9,10,0.0,0.0,0.0
800.0,up,0.5,0.9,11,0.0,0.0,0.0
800.0,up,2.0,0.9,0,5.388935964134589e-12,5.388935964134589e-12,1.0777871928269178e-11
800.0,up,2.0,0.9,1,5.388869350753112e-12,5.388869350753112e-12,1.0777738701506224e-11
800.0,up,2.0,0.9,2,5.388935964134589e-12,5.388935964134589e-12,1.0777871928269178e-11
800.0,up,2.0,0.9,3,5.388935964134589e-12,5.388935964134589e-12,1.0777871928269178e-11
800.0,up,2.0,0.9,4,5.388935964134589e-12,5.388935964134589e-12,1.0777871928269178e-11
800.0,up,2.0,0.9,5,5.388935964134589e-12,5.388935964134589e-12,1.0777871928269178e-11
800.0,up,2.0,0.9,6,5.388935964134589e-12,5.388935964134589e-12,1.0777871928269178e-11
800.0,up,2.0,0.9,7,5.388935964134589e-12,5.388935964134589e-12,1.0777871928269178e-11
800.0,up,2.0,0.9,8,5.388935964134589e-12,5.388935964134589e-12,1.0777871928269178e-11
800.0,up,2.0,0.9,9,5.388935964134589e-12,5.388935964134589e-12,1.0777871928269178e-11
800.0,up,2.0,0.9,10,5.388935964134589e-12,5.388935964134589e-12,1.0777871928269178e-11
800.0,up,2.0,0.9,11,5.388935964134589e-12,5.388935964134589e-12,1.0777871928269178e-11
800.0,down,0.0,0.9,0,0.0,0.0,0.0
800.0,down,0.0,0.9,1,0.0,0.0,0.0
800.0,down,0.0,0.9,2,0.0,0.0,0.0
800.0,down,0.0,0.9,3,0.0,0.0,0.0
800.0,down,0.0,0.9,4,0.0,0.0,0.0
800.0,down,0.0,0.9,5,0.0,0.0,0.0
800.0,down,0.0,0.9,6,0.0,0.0,0.0
800.0,down,0.0,0.9,7,0.0,0.0,0.0
800.0,down,0.0,0.9,8,0.0,0.0,0.0
800.0,down,0.0,0.9,9,0.0,0.0,0.0
800.0,down,0.0,0.9,10,0.0,0.0,0.0
800.0,down,0.0,0.9,11,0.0,0.0,0.0
800.0,down,0.5,0.9,0,0.0,0.0,0.0
800.0,down,0.5,0.9,1,0.0,0.0,0.0
800.0,down,0.5,0.9,2,0.0,0.0,0.0
800.0,down,0.5,0.9,3,0.0,0.0,0.0
800.0,down,0.5,0.9,4,0.0,0.0,0.0
800.0,down,0.5,0.9,5,0.0,0.0,0.0
800.0,down,0.5,0.9,6,0.0,0.0,0.0
800.0,down,0.5,0.9,7,0.0,0.0,0.0
800.0,down,0.5,0.9,8,0.0,0.0,0.0
800.0,down,0.5,0.9,9,0.0,0.0,0.0
800.0,down,0.5,0.9,10,0.0,0.0,0.0
800.0,down,0.5,0.9,11,0.0,0.0,0.0
800.0,down,2.0,0.9,0,-5.182485551813443e-12,-5.182521078950231e-12,-1.0365006630763673e-11
800.0,down,2.0,0.9,1,-5.174456418899354e-12,-5.174456418899354e-12,-1.0348912837798707e-11
800.0,down,2.0,0.9,2,-5.17452747317293e-12,-5.17452747317293e-12,-1.034905494634586e-11
800.0,down,2.0,0.9,3,-5.174456418899354e-12,-5.174456418899354e-12,-1.0348912837798707e-11
800.0,down,2.0,0.9,4,-5.174456418899354e-12,-5.174456418899354e-12,-1.0348912837798707e-11
800.0,down,2.0,0.9,5,-5.17452747317293e-12,-5.17452747317293e-12,-1.034905494634586e-11
800.0,down,2.0,0.9,6,-5.17452747317293e-12,-5.17452747317293e-12,-1.034905494634586e-11
800.0,down,2.0,0.9,7,-5.17452747317293e-12,-5.17452747317293e-12,-1.034905494634586e-11
800.0,down,2.0,0.9,8,-5.174456418899354e-12,-5.174456418899354e-12,-1.0348912837798707e-11
800.0,down,2.0,0.9,9,-5.17452747317293e-12,-5.17452747317293e-12,-1.034905494634586e-11
800.0,down,2.0,0.9,10,-5.17452747317293e-12,-5.17452747317293e-12,-1.034905494634586e-11
800.0,down,2.0,0.9,11,-5.174456418899354e-12,-5.174456418899354e-12,-1.0348912837798707e-11
800.0,fresh,0.0,0.95,0,0.0,0.0,0.0
800.0,fresh,0.0,0.95,1,0.0,0.0,0.0
800.0,fresh,0.0,0.95,2,0.0,0.0,0.0
800.0,fresh,0.0,0.95,3,0.0,0.0,0.0
800.0,fresh,0.0,0.95,4,0.0,0.0,0.0
800.0,fresh,0.0,0.95,5,0.0,0.0,0.0
800.0,fresh,0.0,0.95,6,0.0,0.0,0.0
800.0,fresh,0.0,0.95,7,0.0,0.0,0.0
800.0,fresh,0.0,0.95,8,0.0,0.0,0.0
800.0,fresh,0.0,0.95,9,0.0,0.0,0.0
800.0,fresh,0.0,0.95,10,0.0,0.0,0.0
800.0,fresh,0.0,0.95,11,0.0,0.0,0.0
800.0,fresh,0.5,0.95,0,0.0,0.0,0.0
800.0,fresh,0.5,0.95,1,0.0,0.0,0.0
800.0,fresh,0.5,0.95,2,0.0,0.0,0.0
800.0,fresh,0.5,0.95,3,0.0,0.0,0.0
800.0,fresh,0.5,0.95,4,0.0,0.0,0.0
800.0,fresh,0.5,0.95,5,0.0,0.0,0.0
800.0,fresh,0.5,0.95,6,0.0,0.0,0.0
800.0,fresh,0.5,0.95,7,0.0,0.0,0.0
800.0,fresh,0.5,0.95,8,0.0,0.0,0.0
800.0,fresh,0.5,0.95,9,0.0,0.0,0.0
800.0,fresh,0.5,0.95,10,0.0,0.0,0.0
800.0,fresh,0.5,0.95,11,0.0,0.0,0.0
800.0,fresh,2.0,0.95,0,2.370432311271653e-09,2.370432311271653e-09,4.740864622543306e-09
800.0,fresh,2.0,0.95,1,3.500445634740945e-09,3.500445634740945e-09,7.00089126948189e-09
800.0,fresh,2.0,0.95,2,2.4820634206279558e-09,2.4820634206279558e-09,4.9641268412559115e-09
800.0,fresh,2.0,0.95,3,2.7872976302023566e-09,2.7872976302023566e-09,5.574595260404713e-09
800.0,fresh,2.0,0.95,4,2.5058114330733792e-09,2.5058114330733792e-09,5.0116228661467585e-09
800.0,fresh,2.0,0.95,5,2.5505111275747614e-09,2.5505111275747614e-09,5.101022255149523e-09
800.0,fresh,2.0,0.95,6,2.9907378940041694e-09,2.9907378940041694e-09,5.981475788008339e-09
800.0,fresh,2.0,0.95,7,9.38929357319207e-10,9.38929357319207e-10,1.877858714638414e-09
800.0,fresh,2.0,0.95,8,2.9321254585434887e-09,2.9321254585434887e-09,5.8642509170869774e-09
800.0,fresh,2.0,0.95,9,6.152112164148349e-10,6.152112164148349e-10,1.2304224328296697e-09
800.0,fresh,2.0,0.95,10,9.73259342562649e-10,9.73259342562649e-10,1.946518685125298e-09
800.0,fresh,2.0,0.95,11,3.7164996924410334e-09,3.7164996924410334e-09,7.432999384882067e-09
800.0,up,0.0,0.95,0,0.0,0.0,0.0
800.0,up,0.0,0.95,1,0.0,0.0,0.0
800.0,up,0.0,0.95,2,0.0,0.0,0.0
800.0,up,0.0,0.95,3,0.0,0.0,0.0
800.0,up,0.0,0.95,4,0.0,0.0,0.0
800.0,up,0.0,0.95,5,0.0,0.0,0.0
800.0,up,0.0,0.95,6,0.0,0.0,0.0
800.0,up,0.0,0.95,7,0.0,0.0,0.0
800.0,up,0.0,0.95,8,0.0,0.0,0.0
800.0,up,0.0,0.95,9,0.0,0.0,0.0
800.0,up,0.0,0.95,10,0.0,0.0,0.0
800.0,up,0.0,0.95,11,0.0,0.0,0.0
800.0,up,0.5,0.95,0,0.0,0.0,0.0
800.0,up,0.5,0.95,1,0.0,0.0,0.0
800.0,up,0.5,0.95,2,0.0,0.0,0.0
800.0,up,0.5,0.95,3,0.0,0.0,0.0
800.0,up,0.5,0.95,4,0.0,0.0,0.0
800.0,up,0.5,0.95,5,0.0,0.0,0.0
800.0,up,0.5,0.95,6,0.0,0.0,0.0
800.0,up,0.5,0.95,7,0.0,0.0,0.0
800.0,up,0.5,0.95,8,0.0,0.0,0.0
800.0,up,0.5,0.95,9,0.0,0.0,0.0
800.0,up,0.5,0.95,10,0.0,0.0,0.0
800.0,up,0.5,0.95,11,0.0,0.0,0.0
800.0,up,2.0,0.95,0,5.226430455085307e-10,5.226430455085307e-10,1.0452860910170613e-09
800.0,up,2.0,0.95,1,5.226430455085307e-10,5.226430455085307e-10,1.0452860910170613e-09
800.0,up,2.0,0.95,2,5.226430455085307e-10,5.226430455085307e-10,1.0452860910170613e-09
800.0,up,2.0,0.95,3,5.226430455085307e-10,5.226430455085307e-10,1.0452860910170613e-09
800.0,up,2.0,0.95,4,5.226430455085307e-10,5.226430455085307e-10,1.0452860910170613e-09
800.0,up,2.0,0.95,5,5.226430455085307e-10,5.226430455085307e-10,1.0452860910170613e-09
800.0,up,2.0,0.95,6,5.226430455085307e-10,5.226430455085307e-10,1.0452860910170613e-09
800.0,up,2.0,0.95,7,5.226430455085307e-10,5.226430455085307e-10,1.0452860910170613e-09
800.0,up,2.0,0.95,8,5.226430455085307e-10,5.226430455085307e-10,1.0452860910170613e-09
800.0,up,2.0,0.95,9,5.226430455085307e-10,5.226430455085307e-10,1.0452860910170613e-09
800.0,up,2.0,0.95,10,5.226430455085307e-10,5.226430455085307e-10,1.0452860910170613e-09
800.0,up,2.0,0.95,11,5.226430455085307e-10,5.226430455085307e-10,1.0452860910170613e-09
800.0,down,0.0,0.95,0,0.0,0.0,0.0
800.0,down,0.0,0.95,1,0.0,0.0,0.0
800.0,down,0.0,0.95,2,0.0,0.0,0.0
800.0,down,0.0,0.95,3,0.0,0.0,0.0
800.0,down,0.0,0.95,4,0.0,0.0,0.0
800.0,down,0.0,0.95,5,0.0,0.0,0.0
800.0,down,0.0,0.95,6,0.0,0.0,0.0
800.0,down,0.0,0.95,7,0.0,0.0,0.0
800.0,down,0.0,0.95,8,0.0,0.0,0.0
800.0,down,0.0,0.95,9,0.0,0.0,0.0
800.0,down,0.0,0.95,10,0.0,0.0,0.0
800.0,down,0.0,0.95,11,0.0,0.0,0.0
800.0,down,0.5,0.95,0,0.0,0.0,0.0
800.0,down,0.5,0.95,1,0.0,0.0,0.0
800.0,down,0.5,0.95,2,0.0,0.0,0.0
800.0,down,0.5,0.95,3,0.0,0.0,0.0
800.0,down,0.5,0.95,4,0.0,0.0,0.0
800.0,down,0.5,0.95,5,0.0,0.0,0.0
800.0,down,0.5,0.95,6,0.0,0.0,0.0
800.0,down,0.5,0.95,7,0.0,0.0,0.0
800.0,down,0.5,0.95,8,0.0,0.0,0.0
800.0,down,0.5,0.95,9,0.0,0.0,0.0
800.0,down,0.5,0.95,10,0.0,0.0,0.0
800.0,down,0.5,0.95,11,0.0,0.0,0.0
800.0,down,2.0,0.95,0,-6.721937495512975e-10,-6.721937495512975e-10,-1.344387499102595e-09
800.0,down,2.0,0.95,1,-6.721827361388932e-10,-6.721827361388932e-10,-1.3443654722777864e-09
800.0,down,2.0,0.95,2,-6.721826650846197e-10,-6.721826650846197e-10,-1.3443653301692394e-09
800.0,down,2.0,0.95,3,-6.721827361388932e-10,-6.721827361388932e-10,-1.3443654722777864e-09
800.0,down,2.0,0.95,4,-6.721827361388932e-10,-6.721827361388932e-10,-1.3443654722777864e-09
800.0,down,2.0,0.95,5,-6.721827361388932e-10,-6.721827361388932e-10,-1.3443654722777864e-09
800.0,down,2.0,0.95,6,-6.721827361388932e-10,-6.721827361388932e-10,-1.3443654722777864e-09
800.0,down,2.0,0.95,7,-6.721826650846197e-10,-6.721826650846197e-10,-1.3443653301692394e-09
800.0,down,2.0,0.95,8,-6.721827361388932e-10,-6.721827361388932e-10,-1.3443654722777864e-09
800.0,down,2.0,0.95,9,-6.721827361388932e-10,-6.721827361388932e-10,-1.3443654722777864e-09
800.0,down,2.0,0.95,10,-6.721827361388932e-10,-6.721827361388932e-10,-1.3443654722777864e-09
800.0,down,2.0,0.95,11,-6.721827361388932e-10,-6.721827361388932e-10,-1.3443654722777864e-09
800.0,fresh,0.0,0.98,0,0.0,0.0,0.0
800.0,fresh,0.0,0.98,1,0.0,0.0,0.0
800.0,fresh,0.0,0.98,2,0.0,0.0,0.0
800.0,fresh,0.0,0.98,3,0.0,0.0,0.0
800.0,fresh,0.0,0.98,4,0.0,0.0,0.0
800.0,fresh,0.0,0.98,5,0.0,0.0,0.0
800.0,fresh,0.0,0.98,6,0.0,0.0,0.0
800.0,fresh,0.0,0.98,7,0.0,0.0,0.0
800.0,fresh,0.0,0.98,8,0.0,0.0,0.0
800.0,fresh,0.0,0.98,9,0.0,0.0,0.0
800.0,fresh,0.0,0.98,10,0.0,0.0,0.0
800.0,fresh,0.0,0.98,11,0.0,0.0,0.0
800.0,fresh,0.5,0.98,0,8.205924828530442e-13,8.205924828530442e-13,1.6411849657060884e-12
800.0,fresh,0.5,0.98,1,1.2444054120486214e-12,1.2444054120486214e-12,2.488810824097243e-12
800.0,fresh,0.5,0.98,2,1.0156608887257335e-12,1.0156608887257335e-12,2.031321777451467e-12
800.0,fresh,0.5,0.98,3,1.097071322675447e-12,1.097071322675447e-12,2.194142645350894e-12
800.0,fresh,0.5,0.98,4,1.0259679217305972e-12,1.0259679217305972e-12,2.0519358434611945e-12
800.0,fresh,0.5,0.98,5,1.0372522285528873e-12,1.0372522285528873e-12,2.0745044571057745e-12
800.0,fresh,0.5,0.98,6,1.1740042271668471e-12,1.1740042271668471e-12,2.3480084543336943e-12
800.0,fresh,0.5,0.98,7,5.779304812492114e-13,5.779304812492114e-13,1.1558609624984228e-12
800.0,fresh,0.5,0.98,8,1.1347833783759142e-12,1.1347833783759142e-12,2.2695667567518284e-12
800.0,fresh,0.5,0.98,9,1.345589195622665e-12,1.345589195622665e-12,2.69117839124533e-12
800.0,fresh,0.5,0.98,10,1.5538936803949354e-12,1.5538936803949354e-12,3.107787360789871e-12
800.0,fresh,0.5,0.98,11,1.2911605118404168e-12,1.2911605118404168e-12,2.5823210236808336e-12
800.0,fresh,2.0,0.98,0,1.5180178557977487e-07,1.5180178557977487e-07,3.0360357115954975e-07
800.0,fresh,2.0,0.98,1,1.9357845939954598e-07,1.9357845939954598e-07,3.8715691879909197e-07
800.0,fresh,2.0,0.98,2,1.5630340126915331e-07,1.5630340126915331e-07,3.1260680253830663e-07
800.0,fresh,2.0,0.98,3,1.681134789169314e-07,1.681134789169314e-07,3.362269578338628e-07
800.0,fresh,2.0,0.98,4,1.5726365538593078e-07,1.5726365538593078e-07,3.1452731077186156e-07
800.0,fresh,2.0,0.98,5,1.5901357662273518e-07,1.5901357662273518e-07,3.1802715324547035e-07
800.0,fresh,2.0,0.98,6,1.756476879724578e-07,1.756476879724578e-07,3.512953759449156e-07
800.0,fresh,2.0,0.98,7,8.877756328490304e-08,8.877756328490304e-08,1.775551265698061e-07
800.0,fresh,2.0,0.98,8,1.7353812535536582e-07,1.7353812535536582e-07,3.4707625071073165e-07
800.0,fresh,2.0,0.98,9,6.857077125416166e-08,6.857077125416166e-08,1.3714154250832332e-07
800.0,fresh,2.0,0.98,10,8.979527553798494e-08,8.979527553798494e-08,1.7959055107596988e-07
800.0,fresh,2.0,0.98,11,2.0040871263726777e-07,2.0040871263726777e-07,4.0081742527453554e-07
800.0,up,0.0,0.98,0,0.0,0.0,0.0
800.0,up,0.0,0.98,1,0.0,0.0,0.0
800.0,up,0.0,0.98,2,0.0,0.0,0.0
800.0,up,0.0,0.98,3,0.0,0.0,0.0
800.0,up,0.0,0.98,4,0.0,0.0,0.0
800.0,up,0.0,0.98,5,0.0,0.0,0.0
800.0,up,0.0,0.98,6,0.0,0.0,0.0
800.0,up,0.0,0.98,7,0.0,0.0,0.0
800.0,up,0.0,0.98,8,0.0,0.0,0.0
800.0,up,0.0,0.98,9,0.0,0.0,0.0
800.0,up,0.0,0.98,10,0.0,0.0,0.0
800.0,up,0.0,0.98,11,0.0,0.0,0.0
800.0,up,0.5,0.98,0,2.592639991583212e-13,2.592639991583212e-13,5.185279983166424e-13
800.0,up,0.5,0.98,1,2.592648318255897e-13,2.592639991583212e-13,5.185288309839109e-13
800.0,up,0.5,0.98,2,2.592639991583212e-13,2.592639991583212e-13,5.185279983166424e-13
800.0,up,0.5,0.98,3,2.592639991583212e-13,2.592639991583212e-13,5.185279983166424e-13
800.0,up,0.5,0.98,4,2.592639991583212e-13,2.592639991583212e-13,5.185279983166424e-13
800.0,up,0.5,0.98,5,2.592639991583212e-13,2.592639991583212e-13,5.185279983166424e-13
800.0,up,0.5,0.98,6,2.592639991583212e-13,2.592639991583212e-13,5.185279983166424e-13
800.0,up,0.5,0.98,7,2.592639991583212e-13,2.592639991583212e-13,5.185279983166424e-13
800.0,up,0.5,0.98,8,2.592639991583212e-13,2.592639991583212e-13,5.185279983166424e-13
800.0,up,0.5,0.98,9,2.592639991583212e-13,2.592639991583212e-13,5.185279983166424e-13
800.0,up,0.5,0.98,10,2.592639991583212e-13,2.592639991583212e-13,5.185279983166424e-13
800.0,up,0.5,0.98,11,2.592639991583212e-13,2.592639991583212e-13,5.185279983166424e-13
800.0,up,2.0,0.98,0,3.9744529797269836e-08,3.9744529797269836e-08,7.948905959453967e-08
800.0,up,2.0,0.98,1,3.9744529797269836e-08,3.9744529797269836e-08,7.948905959453967e-08
800.0,up,2.0,0.98,2,3.9744529797269836e-08,3.9744529797269836e-08,7.948905959453967e-08
800.0,up,2.0,0.98,3,3.9744529797269836e-08,3.9744529797269836e-08,7.948905959453967e-08
800.0,up,2.0,0.98,4,3.9744529797269836e-08,3.9744529797269836e-08,7.948905959453967e-08
800.0,up,2.0,0.98,5,3.9744529797269836e-08,3.9744529797269836e-08,7.948905959453967e-08
800.0,up,2.0,0.98,6,3.9744529797269836e-08,3.9744529797269836e-08,7.948905959453967e-08
800.0,up,2.0,0.98,7,3.9744529797269836e-08,3.9744529797269836e-08,7.948905959453967e-08
800.0,up,2.0,0.98,8,3.9744529797269836e-08,3.9744529797269836e-08,7.948905959453967e-08
800.0,up,2.0,0.98,9,3.9744529797269836e-08,3.9744529797269836e-08,7.948905959453967e-08
800.0,up,2.0,0.98,10,3.9744529797269836e-08,3.9744529797269836e-08,7.948905959453967e-08
800.0,up,2.0,0.98,11,3.9744529797269836e-08,3.9744529797269836e-08,7.948905959453967e-08
800.0,down,0.0,0.98,0,0.0,0.0,0.0
800.0,down,0.0,0.98,1,0.0,0.0,0.0
800.0,down,0.0,0.98,2,0.0,0.0,0.0
800.0,down,0.0,0.98,3,0.0,0.0,0.0
800.0,down,0.0,0.98,4,0.0,0.0,0.0
800.0,down,0.0,0.98,5,0.0,0.0,0.0
800.0,down,0.0,0.98,6,0.0,0.0,0.0
800.0,down,0.0,0.98,7,0.0,0.0,0.0
800.0,down,0.0,0.98,8,0.0,0.0,0.0
800.0,down,0.0,0.98,9,0.0,0.0,0.0
800.0,down,0.0,0.98,10,0.0,0.0,0.0
800.0,down,0.0,0.98,11,0.0,0.0,0.0
800.0,down,0.5,0.98,0,-1.6726175999792758e-13,-1.6726175999792758e-13,-3.3452351999585516e-13
800.0,down,0.5,0.98,1,-1.674038685450796e-13,-1.674038685450796e-13,-3.348077370901592e-13
800.0,down,0.5,0.98,2,-1.6726175999792758e-13,-1.6726175999792758e-13,-3.3452351999585516e-13
800.0,down,0.5,0.98,3,-1.674038685450796e-13,-1.674038685450796e-13,-3.348077370901592e-13
800.0,down,0.5,0.98,4,-1.674038685450796e-13,-1.674038685450796e-13,-3.348077370901592e-13
800.0,down,0.5,0.98,5,-1.6726175999792758e-13,-1.6726175999792758e-13,-3.3452351999585516e-13
800.0,down,0.5,0.98,6,-1.674038685450796e-13,-1.674038685450796e-13,-3.348077370901592e-13
800.0,down,0.5,0.98,7,-1.6726175999792758e-13,-1.6726175999792758e-13,-3.3452351999585516e-13
800.0,down,0.5,0.98,8,-1.674038685450796e-13,-1.674038685450796e-13,-3.348077370901592e-13
800.0,down,0.5,0.98,9,-1.674038685450796e-13,-1.674038685450796e-13,-3.348077370901592e-13
800.0,down,0.5,0.98,10,-1.674038685450796e-13,-1.674038685450796e-13,-3.348077370901592e-13
800.0,down,0.5,0.98,11,-1.674038685450796e-13,-1.674038685450796e-13,-3.348077370901592e-13
800.0,down,2.0,0.98,0,-3.001633494648104e-08,-3.001633498200817e-08,-6.00326699284892e-08
800.0,down,2.0,0.98,1,-3.001631590393572e-08,-3.001631590393572e-08,-6.003263180787144e-08
800.0,down,2.0,0.98,2,-3.001631590393572e-08,-3.001631590393572e-08,-6.003263180787144e-08
800.0,down,2.0,0.98,3,-3.001631597498999e-08,-3.001631597498999e-08,-6.003263194997999e-08
800.0,down,2.0,0.98,4,-3.001631597498999e-08,-3.001631597498999e-08,-6.003263194997999e-08
800.0,down,2.0,0.98,5,-3.001631590393572e-08,-3.001631590393572e-08,-6.003263180787144e-08
800.0,down,2.0,0.98,6,-3.001631590393572e-08,-3.001631590393572e-08,-6.003263180787144e-08
800.0,down,2.0,0.98,7,-3.001631590393572e-08,-3.001631590393572e-08,-6.003263180787144e-08
800.0,down,2.0,0.98,8,-3.001631597498999e-08,-3.001631597498999e-08,-6.003263194997999e-08
800.0,down,2.0,0.98,9,-3.001631590393572e-08,-3.001631590393572e-08,-6.003263180787144e-08
800.0,down,2.0,0.98,10,-3.0016316188152815e-08,-3.0016316188152815e-08,-6.003263237630563e-08
800.0,down,2.0,0.98,11,-3.001631597498999e-08,-3.001631597498999e-08,-6.003263194997999e-08
800.0,fresh,0.0,0.99,0,1.3988810110276973e-16,8.049116928532385e-17,2.2037927038809356e-16
800.0,fresh,0.0,0.99,1,1.8179902028236938e-16,1.534883331544279e-16,3.352873534367973e-16
800.0,fresh,0.0,0.99,2,-9.159339953157541e-17,1.7763568394002506e-16,8.604228440844965e-17
800.0,fresh,0.0,0.99,3,1.479372180313021e-16,1.5681900222830337e-16,3.047562202596055e-16
800.0,fresh,0.0,0.99,4,1.50712775592865e-16,1.3850032232198828e-16,2.892130979148533e-16
800.0,fresh,0.0,0.99,5,1.4876988529977099e-16,1.4377388168895776e-16,2.9254376698872872e-16
800.0,fresh,0.0,0.99,6,1.8485213360008857e-16,1.176836406102666e-16,3.0253577421035517e-16
800.0,fresh,0.0,0.99,7,7.216449660063518e-17,9.103828801926283e-17,1.63202784619898e-16
800.0,fresh,0.0,0.99,8,1.6459056340067945e-16,1.4627188349436436e-16,3.108624468950438e-16
800.0,fresh,0.0,0.99,9,7.549516567451065e-17,5.717648576819556e-17,1.3267165144270621e-16
800.0,fresh,0.0,0.99,10,9.769962616701378e-17,4.4408920985006264e-17,1.4210854715202004e-16
800.0,fresh,0.0,0.99,11,2.4980018054066023e-17,7.771561172376095e-17,1.0269562977782697e-16
800.0,fresh,0.5,0.99,0,2.0856696314464075e-10,2.0856698590421273e-10,4.1713394904885345e-10
800.0,fresh,0.5,0.99,1,2.8144689329101525e-10,2.8144689273590375e-10,5.62893786026919e-10
800.0,fresh,0.5,0.99,2,2.438461424447702e-10,2.4384614466521626e-10,4.876922871099865e-10
800.0,fresh,0.5,0.99,3,2.575642188418215e-10,2.575642188418215e-10,5.15128437683643e-10
800.0,fresh,0.5,0.99,4,2.456816988738453e-10,2.4568169831873374e-10,4.913633971925791e-10
800.0,fresh,0.5,0.99,5,2.475837562743166e-10,2.475837562743166e-10,4.951675125486332e-10
800.0,fresh,0.5,0.99,6,2.7009845776637675e-10,2.7009845665615375e-10,5.401969144225305e-10
800.0,fresh,0.5,0.99,7,1.6535805308359742e-10,1.6535805585915498e-10,3.307161089427524e-10
800.0,fresh,0.5,0.99,8,2.637718740650108e-10,2.6377187350989925e-10,5.275437475749101e-10
800.0,fresh,0.5,0.99,9,2.973445489828919e-10,2.973445489828919e-10,5.946890979657838e-10
800.0,fresh,0.5,0.99,10,3.279418048229843e-10,3.2794180315764976e-10,6.558836079806341e-10
800.0,fresh,0.5,0.99,11,2.887709810162065e-10,2.88770982681541e-10,5.775419636977475e-10
800.0,fresh,2.0,0.99,0,1.1395231273950147e-06,1.1395231273950147e-06,2.2790462547900293e-06
800.0,fresh,2.0,0.99,1,1.3529126421130134e-06,1.3529126421130134e-06,2.7058252842260267e-06
800.0,fresh,2.0,0.99,2,1.1634164562748795e-06,1.1634164562748795e-06,2.326832912549759e-06
800.0,fresh,2.0,0.99,3,1.2249480530490687e-06,1.2249480530490687e-06,2.4498961060981373e-06
800.0,fresh,2.0,0.99,4,1.168508298405868e-06,1.168508298405868e-06,2.337016596811736e-06
800.0,fresh,2.0,0.99,5,1.1776821629155832e-06,1.1776821629155832e-06,2.3553643258311663e-06
800.0,fresh,2.0,0.99,6,1.2634268373185042e-06,1.2634268373185042e-06,2.5268536746370084e-06
800.0,fresh,2.0,0.99,7,7.868344004605121e-07,7.868344004605121e-07,1.5736688009210242e-06
800.0,fresh,2.0,0.99,8,1.2527710953436078e-06,1.2527710953436078e-06,2.5055421906872155e-06
800.0,fresh,2.0,0.99,9,6.553774652418021e-07,6.553774652451327e-07,1.3107549304869347e-06
800.0,fresh,2.0,0.99,10,7.914955158994096e-07,7.914955158994096e-07,1.5829910317988193e-06
800.0,fresh,2.0,0.99,11,1.3856555498470424e-06,1.3856555498470424e-06,2.771311099694085e-06
800.0,up,0.0,0.99,0,0.0,0.0,0.0
800.0,up,0.0,0.99,1,0.0,0.0,0.0
800.0,up,0.0,0.99,2,0.0,0.0,0.0
800.0,up,0.0,0.99,3,0.0,0.0,0.0
800.0,up,0.0,0.99,4,0.0,0.0,0.0
800.0,up,0.0,0.99,5,0.0,0.0,0.0
800.0,up,0.0,0.99,6,0.0,0.0,0.0
800.0,up,0.0,0.99,7,0.0,0.0,0.0
800.0,up,0.0,0.99,8,0.0,0.0,0.0
800.0,up,0.0,0.99,9,0.0,0.0,0.0
800.0,up,0.0,0.99,10,0.0,0.0,0.0
800.0,up,0.0,0.99,11,0.0,0.0,0.0
800.0,up,0.5,0.99,0,4.5542765114703344e-11,4.5542765114703344e-11,9.108553022940669e-11
800.0,up,0.5,0.99,1,4.5542765114703344e-11,4.5542765114703344e-11,9.108553022940669e-11
800.0,up,0.5,0.99,2,4.5542765114703344e-11,4.5542765114703344e-11,9.108553022940669e-11
800.0,up,0.5,0.99,3,4.5542765114703344e-11,4.5542765114703344e-11,9.108553022940669e-11
800.0,up,0.5,0.99,4,4.5542765114703344e-11,4.5542765114703344e-11,9.108553022940669e-11
800.0,up,0.5,0.99,5,4.5542765114703344e-11,4.5542765114703344e-11,9.108553022940669e-11
800.0,up,0.5,0.99,6,4.5542765114703344e-11,4.5542765114703344e-11,9.108553022940669e-11
800.0,up,0.5,0.99,7,4.5542765114703344e-11,4.5542765114703344e-11,9.108553022940669e-11
800.0,up,0.5,0.99,8,4.5542765114703344e-11,4.5542765114703344e-11,9.108553022940669e-11
800.0,up,0.5,0.99,9,4.5542765114703344e-11,4.5542765114703344e-11,9.108553022940669e-11
800.0,up,0.5,0.99,10,4.5542765114703344e-11,4.5542765114703344e-11,9.108553022940669e-11
800.0,up,0.5,0.99,11,4.5542765114703344e-11,4.5542765114703344e-11,9.108553022940669e-11
800.0,up,2.0,0.99,0,2.1605784133710283e-07,2.1605784133710283e-07,4.3211568267420566e-07
800.0,up,2.0,0.99,1,2.1605784133682527e-07,2.1605784133710283e-07,4.321156826739281e-07
800.0,up,2.0,0.99,2,2.1605784133710283e-07,2.1605784133710283e-07,4.3211568267420566e-07
800.0,up,2.0,0.99,3,2.1605784133710283e-07,2.1605784133710283e-07,4.3211568267420566e-07
800.0,up,2.0,0.99,4,2.1605784133710283e-07,2.1605784133710283e-07,4.3211568267420566e-07
800.0,up,2.0,0.99,5,2.1605784133710283e-07,2.1605784133710283e-07,4.3211568267420566e-07
800.0,up,2.0,0.99,6,2.1605784133710283e-07,2.1605784133710283e-07,4.3211568267420566e-07
800.0,up,2.0,0.99,7,2.1605784133710283e-07,2.1605784133710283e-07,4.3211568267420566e-07
800.0,up,2.0,0.99,8,2.1605784133710283e-07,2.1605784133710283e-07,4.3211568267420566e-07
800.0,up,2.0,0.99,9,2.1605784133710283e-07,2.1605784133710283e-07,4.3211568267420566e-07
800.0,up,2.0,0.99,10,2.1605784133710283e-07,2.1605784133710283e-07,4.3211568267420566e-07
800.0,up,2.0,0.99,11,2.1605784133710283e-07,2.1605784133710283e-07,4.3211568267420566e-07
800.0,down,0.0,0.99,0,0.0,0.0,0.0
800.0,down,0.0,0.99,1,0.0,0.0,0.0
800.0,down,0.0,0.99,2,0.0,0.0,0.0
800.0,down,0.0,0.99,3,0.0,0.0,0.0
800.0,down,0.0,0.99,4,0.0,0.0,0.0
800.0,down,0.0,0.99,5,0.0,0.0,0.0
800.0,down,0.0,0.99,6,0.0,0.0,0.0
800.0,down,0.0,0.99,7,0.0,0.0,0.0
800.0,down,0.0,0.99,8,0.0,0.0,0.0
800.0,down,0.0,0.99,9,0.0,0.0,0.0
800.0,down,0.0,0.99,10,0.0,0.0,0.0
800.0,down,0.0,0.99,11,0.0,0.0,0.0
800.0,down,0.5,0.99,0,-4.533944775175769e-11,-4.533944775175769e-11,-9.067889550351538e-11
800.0,down,0.5,0.99,1,-4.533944775175769e-11,-4.533944775175769e-11,-9.067889550351538e-11
800.0,down,0.5,0.99,2,-4.533944775175769e-11,-4.533944775175769e-11,-9.067889550351538e-11
800.0,down,0.5,0.99,3,-4.533944775175769e-11,-4.533944775175769e-11,-9.067889550351538e-11
800.0,down,0.5,0.99,4,-4.533944775175769e-11,-4.533944775175769e-11,-9.067889550351538e-11
800.0,down,0.5,0.99,5,-4.533944775175769e-11,-4.533944775175769e-11,-9.067889550351538e-11
800.0,down,0.5,0.99,6,-4.533944775175769e-11,-4.533944775175769e-11,-9.067889550351538e-11
800.0,down,0.5,0.99,7,-4.533944775175769e-11,-4.533944775175769e-11,-9.067889550351538e-11
800.0,down,0.5,0.99,8,-4.533944775175769e-11,-4.533944775175769e-11,-9.067889550351538e-11
800.0,down,0.5,0.99,9,-4.533944775175769e-11,-4.533944775175769e-11,-9.067889550351538e-11
800.0,down,0.5,0.99,10,-4.533944775175769e-11,-4.533944775175769e-11,-9.067889550351538e-11
800.0,down,0.5,0.99,11,-4.533944775175769e-11,-4.533944775175769e-11,-9.067889550351538e-11
800.0,down,2.0,0.99,0,-2.1618508498022492e-07,-2.1618508498022492e-07,-4.3237016996044984e-07
800.0,down,2.0,0.99,1,-2.1530293530247492e-07,-2.1530293530247492e-07,-4.3060587060494984e-07
800.0,down,2.0,0.99,2,-2.1525849739134628e-07,-2.1525849739134628e-07,-4.3051699478269256e-07
800.0,down,2.0,0.99,3,-2.1522818379082765e-07,-2.1522818379082765e-07,-4.304563675816553e-07
800.0,down,2.0,0.99,4,-2.152800983878933e-07,-2.152800983878933e-07,-4.305601967757866e-07
800.0,down,2.0,0.99,5,-2.1532937644508365e-07,-2.1532937644508365e-07,-4.306587528901673e-07
800.0,down,2.0,0.99,6,-2.1527656294040298e-07,-2.1527656294040298e-07,-4.3055312588080596e-07
800.0,down,2.0,0.99,7,-2.1526518672487783e-07,-2.1526518672487783e-07,-4.3053037344975566e-07
800.0,down,2.0,0.99,8,-2.1527708973678728e-07,-2.1527708973678728e-07,-4.3055417947357455e-07
800.0,down,2.0,0.99,9,-2.152909109298662e-07,-2.152909109298662e-07,-4.305818218597324e-07
800.0,down,2.0,0.99,10,-2.1543932348322415e-07,-2.1543932348322415e-07,-4.308786469664483e-07
800.0,down,2.0,0.99,11,-2.1529610314985347e-07,-2.1529610314985347e-07,-4.3059220629970694e-07
800.0,fresh,0.0,0.995,0,6.767653104589044e-13,5.728112428826648e-13,1.2495765533415694e-12
800.0,fresh,0.0,0.995,1,5.733399865981426e-13,5.207681508245799e-13,1.0941081374227224e-12
800.0,fresh,0.0,0.995,2,-6.770223270891052e-14,5.545378045646033e-13,4.868355718556928e-13
800.0,fresh,0.0,0.995,3,5.103889533231154e-13,5.268890879150945e-13,1.03727804123821e-12
800.0,fresh,0.0,0.995,4,5.1266324518906e-13,4.892891647401143e-13,1.0019524099291743e-12
800.0,fresh,0.0,0.995,5,5.092679056240002e-13,5.000397318433159e-13,1.009307637467316e-12
800.0,fresh,0.0,0.995,6,5.792788471126187e-13,4.5085657429666525e-13,1.030135421409284e-12
800.0,fresh,0.0,0.995,7,3.588862540482296e-13,3.9879544111443013e-13,7.576816951626597e-13
800.0,fresh,0.0,0.995,8,5.432873595445642e-13,5.087399945757909e-13,1.052027354120355e-12
800.0,fresh,0.0,0.995,9,5.849754014519703e-13,5.499256605645542e-13,1.1349010620165244e-12
800.0,fresh,0.0,0.995,10,6.209344149965546e-13,5.231776123437726e-13,1.144112027340327e-12
800.0,fresh,0.0,0.995,11,4.99079111371259e-13,5.960432147844586e-13,1.0951223261557175e-12
800.0,fresh,0.5,0.995,0,9.707300943351261e-09,9.707325725194504e-09,1.9414626668545766e-08
800.0,fresh,0.5,0.995,1,1.2022794608212984e-08,1.2022794043109464e-08,2.4045588651322448e-08
800.0,fresh,0.5,0.995,2,1.0864153815459688e-08,1.0864156261281011e-08,2.17283100767407e-08
800.0,fresh,0.5,0.995,3,1.1293743964468916e-08,1.1293744130447259e-08,2.2587488094916175e-08
800.0,fresh,0.5,0.995,4,1.0923325200473677e-08,1.0923324925693478e-08,2.1846650126167157e-08
800.0,fresh,0.5,0.995,5,1.0982971152817544e-08,1.0982971047346356e-08,2.19659422001639e-08
800.0,fresh,0.5,0.995,6,1.1678009041171666e-08,1.1678008048632282e-08,2.3356017089803948e-08
800.0,fresh,0.5,0.995,7,8.283217677595989e-09,8.283221023253074e-09,1.656643870084906e-08
800.0,fresh,0.5,0.995,8,1.1485211094397485e-08,1.148521075855502e-08,2.2970421852952505e-08
800.0,fresh,0.5,0.995,9,1.249737752617719e-08,1.2497376972731012e-08,2.4994754498908204e-08
800.0,fresh,0.5,0.995,10,1.3376456703406702e-08,1.3376455382241304e-08,2.6752912085648008e-08
800.0,fresh,0.5,0.995,11,1.2241174881522098e-08,1.2241175787464088e-08,2.4482350668986185e-08
800.0,fresh,2.0,0.995,0,4.3713215113808105e-06,4.3713215113808105e-06,8.742643022761621e-06
800.0,fresh,2.0,0.995,1,4.943034252277156e-06,4.943034252277156e-06,9.886068504554312e-06
800.0,fresh,2.0,0.995,2,4.436906943080799e-06,4.436906943080799e-06,8.873813886161597e-06
800.0,fresh,2.0,0.995,3,4.6038280206137095e-06,4.6038280206137095e-06,9.207656041227419e-06
800.0,fresh,2.0,0.995,4,4.450864148201339e-06,4.450864148201339e-06,8.901728296402678e-06
800.0,fresh,2.0,0.995,5,4.4758577343451126e-06,4.4758577343451126e-06,8.951715468690225e-06
800.0,fresh,2.0,0.995,6,4.7068859757221085e-06,4.7068859757221085e-06,9.413771951444217e-06
800.0,fresh,2.0,0.995,7,3.364363860983155e-06,3.3643638609853756e-06,6.72872772196853e-06
800.0,fresh,2.0,0.995,8,4.6785257180811946e-06,4.6785257180811946e-06,9.357051436162389e-06
800.0,fresh,2.0,0.995,9,2.9518510419615508e-06,2.95185104297796e-06,5.9037020849395106e-06
800.0,fresh,2.0,0.995,10,3.376148584439964e-06,3.3761485844965856e-06,6.7522971689365495e-06
800.0,fresh,2.0,0.995,11,5.02748076080084e-06,5.02748076080084e-06,1.005496152160168e-05
800.0,up,0.0,0.995,0,9.080042273623689e-14,9.080042273623689e-14,1.8160084547247378e-13
800.0,up,0.0,0.995,1,9.080042273623689e-14,9.080042273623689e-14,1.8160084547247378e-13
800.0,up,0.0,0.995,2,9.080042273623689e-14,9.080042273623689e-14,1.8160084547247378e-13
800.0,up,0.0,0.995,3,9.080042273623689e-14,9.080042273623689e-14,1.8160084547247378e-13
800.0,up,0.0,0.995,4,9.080042273623689e-14,9.080042273623689e-14,1.8160084547247378e-13
800.0,up,0.0,0.995,5,9.080042273623689e-14,9.080042273623689e-14,1.8160084547247378e-13
800.0,up,0.0,0.995,6,9.080042273623689e-14,9.080042273623689e-14,1.8160084547247378e-13
800.0,up,0.0,0.995,7,9.080042273623689e-14,9.080042273623689e-14,1.8160084547247378e-13
800.0,up,0.0,0.995,8,9.080042273623689e-14,9.080042273623689e-14,1.8160084547247378e-13
800.0,up,0.0,0.995,9,9.080042273623689e-14,9.080042273623689e-14,1.8160084547247378e-13
800.0,up,0.0,0.995,10,9.080042273623689e-14,9.080042273623689e-14,1.8160084547247378e-13
800.0,up,0.0,0.995,11,9.080042273623689e-14,9.080042273623689e-14,1.8160084547247378e-13
800.0,up,0.5,0.995,0,1.9763965858343724e-09,1.9763965858343724e-09,3.952793171668745e-09
800.0,up,0.5,0.995,1,1.976396586389484e-09,1.9763965858343724e-09,3.952793172223857e-09
800.0,up,0.5,0.995,2,1.9763965858343724e-09,1.9763965858343724e-09,3.952793171668745e-09
800.0,up,0.5,0.995,3,1.9763965858343724e-09,1.9763965858343724e-09,3.952793171668745e-09
800.0,up,0.5,0.995,4,1.9763965858343724e-09,1.9763965858343724e-09,3.952793171668745e-09
800.0,up,0.5,0.995,5,1.9763965858343724e-09,1.9763965858343724e-09,3.952793171668745e-09
800.0,up,0.5,0.995,6,1.9763965858343724e-09,1.9763965858343724e-09,3.952793171668745e-09
800.0,up,0.5,0.995,7,1.9763965858343724e-09,1.9763965858343724e-09,3.952793171668745e-09
800.0,up,0.5,0.995,8,1.9763965858343724e-09,1.9763965858343724e-09,3.952793171668745e-09
800.0,up,0.5,0.995,9,1.9763965858343724e-09,1.9763965858343724e-09,3.952793171668745e-09
800.0,up,0.5,0.995,10,1.9763965858343724e-09,1.9763965858343724e-09,3.952793171668745e-09
800.0,up,0.5,0.995,11,1.9763965858343724e-09,1.9763965858343724e-09,3.952793171668745e-09
800.0,up,2.0,0.995,0,7.938809040081152e-07,7.938809040081152e-07,1.5877618080162304e-06
800.0,up,2.0,0.995,1,7.938809040075601e-07,7.938809040078376e-07,1.5877618080153976e-06
800.0,up,2.0,0.995,2,7.938809040081152e-07,7.938809040081152e-07,1.5877618080162304e-06
800.0,up,2.0,0.995,3,7.938809040081152e-07,7.938809040081152e-07,1.5877618080162304e-06
800.0,up,2.0,0.995,4,7.938809040081152e-07,7.938809040081152e-07,1.5877618080162304e-06
800.0,up,2.0,0.995,5,7.938809040081152e-07,7.938809040081152e-07,1.5877618080162304e-06
800.0,up,2.0,0.995,6,7.938809040081152e-07,7.938809040081152e-07,1.5877618080162304e-06
800.0,up,2.0,0.995,7,7.938809040081152e-07,7.938809040081152e-07,1.5877618080162304e-06
800.0,up,2.0,0.995,8,7.938809040081152e-07,7.938809040081152e-07,1.5877618080162304e-06
800.0,up,2.0,0.995,9,7.938809040081152e-07,7.938809040081152e-07,1.5877618080162304e-06
800.0,up,2.0,0.995,10,7.938809040081152e-07,7.938809040081152e-07,1.5877618080162304e-06
800.0,up,2.0,0.995,11,7.938809040081152e-07,7.938809040081152e-07,1.5877618080162304e-06
800.0,down,0.0,0.995,0,-4.2376768760732375e-13,-4.25472990173148e-13,-8.492406777804718e-13
800.0,down,0.0,0.995,1,-4.249045559845399e-13,-4.2774672692758033e-13,-8.526512829121202e-13
800.0,down,0.0,0.995,2,-4.220623850414995e-13,-4.260414243617561e-13,-8.481038094032556e-13
800.0,down,0.0,0.995,3,-4.291678123991005e-13,-4.268940756446682e-13,-8.560618880437686e-13
800.0,down,0.0,0.995,4,-4.283151611161884e-13,-4.3684167394530957e-13,-8.651568350614979e-13
800.0,down,0.0,0.995,5,-4.291678123991005e-13,-4.314415491535328e-13,-8.606093615526334e-13
800.0,down,0.0,0.995,6,-4.25188773078844e-13,-4.098410499864258e-13,-8.350298230652698e-13
800.0,down,0.0,0.995,7,-4.200728653813712e-13,-4.189359970041551e-13,-8.390088623855263e-13
800.0,down,0.0,0.995,8,-4.2575720726745204e-13,-4.291678123991005e-13,-8.549250196665525e-13
800.0,down,0.0,0.995,9,-4.2462033889023586e-13,-4.2575720726745204e-13,-8.50377546157688e-13
800.0,down,0.0,0.995,10,-4.243361217959318e-13,-4.2774672692758033e-13,-8.520828487235122e-13
800.0,down,0.0,0.995,11,-4.32294200436445e-13,-4.243361217959318e-13,-8.566303222323768e-13
800.0,down,0.5,0.995,0,-9.448085194208034e-09,-9.448085194208034e-09,-1.8896170388416067e-08
800.0,down,0.5,0.995,1,-1.11868381225122e-08,-1.1186814248276277e-08,-2.2373652370788475e-08
800.0,down,0.5,0.995,2,-9.752564267273555e-09,-9.752564267273555e-09,-1.950512853454711e-08
800.0,down,0.5,0.995,3,-9.966027505470265e-09,-9.966027505470265e-09,-1.993205501094053e-08
800.0,down,0.5,0.995,4,-9.483491112405318e-09,-9.483491112405318e-09,-1.8966982224810635e-08
800.0,down,0.5,0.995,5,-9.037781580900627e-09,-9.037781580900627e-09,-1.8075563161801255e-08
800.0,down,0.5,0.995,6,-9.22676377967946e-09,-9.22676377967946e-09,-1.845352755935892e-08
800.0,down,0.5,0.995,7,-9.400875882192849e-09,-9.400875882192849e-09,-1.8801751764385698e-08
800.0,down,0.5,0.995,8,-9.937579505958638e-09,-9.937579505958638e-09,-1.9875159011917276e-08
800.0,down,0.5,0.995,9,-1.0373198335855704e-08,-1.037319805163861e-08,-2.0746396387494313e-08
800.0,down,0.5,0.995,10,-1.0445630209687806e-08,-1.0445629925470712e-08,-2.0891260135158518e-08
800.0,down,0.5,0.995,11,-9.614037992378144e-09,-9.614037992378144e-09,-1.922807598475629e-08
800.0,down,2.0,0.995,0,-1.2298861943520478e-05,-1.2298862045341253e-05,-2.459772398886173e-05
800.0,down,2.0,0.995,1,-3.014269890186938e-06,-3.014269890186938e-06,-6.028539780373876e-06
800.0,down,2.0,0.995,2,-2.5274508477934887e-06,-2.5274508477934887e-06,-5.054901695586977e-06
800.0,down,2.0,0.995,3,-2.1942804753649627e-06,-2.1942804753649627e-06,-4.388560950729925e-06
800.0,down,2.0,0.995,4,-2.7643346195560524e-06,-2.7643346195560524e-06,-5.528669239112105e-06
800.0,down,2.0,0.995,5,-3.303019567582055e-06,-3.303019567582055e-06,-6.60603913516411e-06
800.0,down,2.0,0.995,6,-2.7255863241748557e-06,-2.7255863241748557e-06,-5.451172648349711e-06
800.0,down,2.0,0.995,7,-2.6008628097429208e-06,-2.6008628097429208e-06,-5.2017256194858416e-06
800.0,down,2.0,0.995,8,-2.731367991017919e-06,-2.731367991017919e-06,-5.462735982035838e-06
800.0,down,2.0,0.995,9,-2.8827350833893207e-06,-2.8827350833893207e-06,-5.7654701667786415e-06
800.0,down,2.0,0.995,10,-4.496576244861217e-06,-4.496576244861217e-06,-8.993152489722433e-06
800.0,down,2.0,0.995,11,-2.939545201812166e-06,-2.939545201812166e-06,-5.879090403624332e-06
800.0,fresh,0.0,1.0,0,1.015036858718954e-05,1.0049499411193264e-05,2.0199867998382806e-05
800.0,fresh,0.0,1.0,1,1.0049870820311168e-05,9.992066309287285e-06,2.0041937129598453e-05
800.0,fresh,0.0,1.0,2,8.632233498753473e-06,1.0029773773492511e-05,1.8662007272245982e-05
800.0,fresh,0.0,1.0,3,9.980034604225863e-06,9.999062704805495e-06,1.9979097309031356e-05
800.0,fresh,0.0,1.0,4,9.982688605542911e-06,9.954897949441543e-06,1.9937586554984456e-05
800.0,fresh,0.0,1.0,5,9.978720623927962e-06,9.967819724704119e-06,1.994654034863208e-05
800.0,fresh,0.0,1.0,6,1.00560892413884e-05,9.906635950333863e-06,1.996272519172226e-05
800.0,fresh,0.0,1.0,7,9.776205540678596e-06,9.835615463101854e-06,1.961182100378045e-05
800.0,fresh,0.0,1.0,8,1.0017450259162119e-05,9.978101985483879e-06,1.9995552244645996e-05
800.0,fresh,0.0,1.0,9,1.0062169390476771e-05,1.0024932126271869e-05,2.008710151674864e-05
800.0,fresh,0.0,1.0,10,1.009823854940306e-05,9.995019742554678e-06,2.009325829195774e-05
800.0,fresh,0.0,1.0,11,9.96687311031419e-06,1.0073492758220226e-05,2.0040365868534414e-05
800.0,fresh,0.5,1.0,0,1.959773895994832e-05,1.9599288191741172e-05,3.919702715168949e-05
800.0,fresh,0.5,1.0,1,2.0110474766026344e-05,2.011044999030598e-05,4.022092475633232e-05
800.0,fresh,0.5,1.0,2,1.9867617803355774e-05,1.9867744017448286e-05,3.9735361820804056e-05
800.0,fresh,0.5,1.0,3,1.996024002535901e-05,1.996024806105556e-05,3.992048808641457e-05
800.0,fresh,0.5,1.0,4,1.988088898146806e-05,1.9880874955844064e-05,3.976176393731212e-05
800.0,fresh,0.5,1.0,5,1.9893807706189147e-05,1.9893802369872205e-05,3.9787610076061355e-05
800.0,fresh,0.5,1.0,6,2.004022064624661e-05,2.0040174983683435e-05,4.0080395629930044e-05
800.0,fresh,0.5,1.0,7,1.9248937027676326e-05,1.9249190430550013e-05,3.849812745822634e-05
800.0,fresh,0.5,1.0,8,2.0000456858509653e-05,2.000044101944737e-05,4.0000897877957026e-05
800.0,fresh,0.5,1.0,9,2.0204303248493318e-05,2.0204280446111112e-05,4.0408583694604433e-05
800.0,fresh,0.5,1.0,10,2.0368436188969996e-05,2.0368387392432076e-05,4.0736823581402076e-05
800.0,fresh,0.5,1.0,11,2.015373577357149e-05,2.015377442089683e-05,4.0307510194468316e-05
800.0,fresh,2.0,1.0,0,4.899459497003073e-05,4.8994594970040715e-05,9.798918994007144e-05
800.0,fresh,2.0,1.0,1,5.0793269474153915e-05,5.079326947415336e-05,0.00010158653894830727
800.0,fresh,2.0,1.0,2,4.92074694605571e-05,4.920746946055932e-05,9.841493892111642e-05
800.0,fresh,2.0,1.0,3,4.9741059065674386e-05,4.9741059065674386e-05,9.948211813134877e-05
800.0,fresh,2.0,1.0,4,4.9252651554561045e-05,4.9252651554561045e-05,9.850530310912209e-05
800.0,fresh,2.0,1.0,5,4.9333023343793305e-05,4.9333023343793305e-05,9.866604668758661e-05
800.0,fresh,2.0,1.0,6,5.0065054248685794e-05,5.006505424868524e-05,0.00010013010849737103
800.0,fresh,2.0,1.0,7,4.5530794065057055e-05,4.5530794066899473e-05,9.106158813195652e-05
800.0,fresh,2.0,1.0,8,4.997654815442537e-05,4.997654815442537e-05,9.995309630885074e-05
800.0,fresh,2.0,1.0,9,4.392661725381886e-05,4.392661840389056e-05,8.785323565770943e-05
800.0,fresh,2.0,1.0,10,4.5566089139173484e-05,4.556608918521887e-05,9.113217832439236e-05
800.0,fresh,2.0,1.0,11,5.104675813985215e-05,5.104675813985215e-05,0.0001020935162797043
800.0,up,0.0,1.0,0,8.913810634347541e-06,8.913810634347541e-06,1.7827621268695083e-05
800.0,up,0.0,1.0,1,8.913810634347541e-06,8.913810634347541e-06,1.7827621268695083e-05
800.0,up,0.0,1.0,2,8.913810634347541e-06,8.913810634347541e-06,1.7827621268695083e-05
800.0,up,0.0,1.0,3,8.913810634347541e-06,8.913810634347541e-06,1.7827621268695083e-05
800.0,up,0.0,1.0,4,8.913810634347541e-06,8.913810634347541e-06,1.7827621268695083e-05
800.0,up,0.0,1.0,5,8.913810634347541e-06,8.913810634347541e-06,1.7827621268695083e-05
800.0,up,0.0,1.0,6,8.913810634347541e-06,8.913810634347541e-06,1.7827621268695083e-05
800.0,up,0.0,1.0,7,8.913810634347541e-06,8.913810634347541e-06,1.7827621268695083e-05
800.0,up,0.0,1.0,8,8.913810634347541e-06,8.913810634347541e-06,1.7827621268695083e-05
800.0,up,0.0,1.0,9,8.913810634347541e-06,8.913810634347541e-06,1.7827621268695083e-05
800.0,up,0.0,1.0,10,8.913810634347541e-06,8.913810634347541e-06,1.7827621268695083e-05
800.0,up,0.0,1.0,11,8.913810634347541e-06,8.913810634347541e-06,1.7827621268695083e-05
800.0,up,0.5,1.0,0,1.602927702538032e-05,1.602927702538032e-05,3.205855405076064e-05
800.0,up,0.5,1.0,1,1.602927702538115e-05,1.602927702538032e-05,3.205855405076147e-05
800.0,up,0.5,1.0,2,1.602927702538032e-05,1.602927702538032e-05,3.205855405076064e-05
800.0,up,0.5,1.0,3,1.602927702538032e-05,1.602927702538032e-05,3.205855405076064e-05
800.0,up,0.5,1.0,4,1.602927702538032e-05,1.602927702538032e-05,3.205855405076064e-05
800.0,up,0.5,1.0,5,1.602927702538032e-05,1.602927702538032e-05,3.205855405076064e-05
800.0,up,0.5,1.0,6,1.602927702538032e-05,1.602927702538032e-05,3.205855405076064e-05
800.0,up,0.5,1.0,7,1.602927702538032e-05,1.602927702538032e-05,3.205855405076064e-05
800.0,up,0.5,1.0,8,1.602927702538032e-05,1.602927702538032e-05,3.205855405076064e-05
800.0,up,0.5,1.0,9,1.602927702538032e-05,1.602927702538032e-05,3.205855405076064e-05
800.0,up,0.5,1.0,10,1.602927702538032e-05,1.602927702538032e-05,3.205855405076064e-05
800.0,up,0.5,1.0,11,1.602927702538032e-05,1.602927702538032e-05,3.205855405076064e-05
800.0,up,2.0,1.0,0,3.0316832370388126e-05,3.0316832370388126e-05,6.063366474077625e-05
800.0,up,2.0,1.0,1,3.0316832370388404e-05,3.0316832370388404e-05,6.063366474077681e-05
800.0,up,2.0,1.0,2,3.0316832370388126e-05,3.0316832370388126e-05,6.063366474077625e-05
800.0,up,2.0,1.0,3,3.0316832370388126e-05,3.0316832370388126e-05,6.063366474077625e-05
800.0,up,2.0,1.0,4,3.0316832370388126e-05,3.0316832370388126e-05,6.063366474077625e-05
800.0,up,2.0,1.0,5,3.0316832370388126e-05,3.0316832370388126e-05,6.063366474077625e-05
800.0,up,2.0,1.0,6,3.0316832370388126e-05,3.0316832370388126e-05,6.063366474077625e-05
800.0,up,2.0,1.0,7,3.0316832370388126e-05,3.0316832370388126e-05,6.063366474077625e-05
800.0,up,2.0,1.0,8,3.0316832370388126e-05,3.0316832370388126e-05,6.063366474077625e-05
800.0,up,2.0,1.0,9,3.0316832370388126e-05,3.0316832370388126e-05,6.063366474077625e-05
800.0,up,2.0,1.0,10,3.0316832370388126e-05,3.0316832370388126e-05,6.063366474077625e-05
800.0,up,2.0,1.0,11,3.0316832370388126e-05,3.0316832370388126e-05,6.063366474077625e-05
800.0,down,0.0,1.0,0,9.287400617381536e-06,8.683166195169178e-06,1.7970566812550714e-05
800.0,down,0.0,1.0,1,8.687182186974952e-06,7.527219541145769e-06,1.621440172812072e-05
800.0,down,0.0,1.0,2,1.0162312925672267e-05,8.42895466803384e-06,1.8591267593706107e-05
800.0,down,0.0,1.0,3,6.980237030234093e-06,7.763804968590193e-06,1.4744041998824286e-05
800.0,down,0.0,1.0,4,7.1204173883643305e-06,4.443096393629276e-06,1.1563513781993606e-05
800.0,down,0.0,1.0,5,6.905738312639187e-06,6.113066129387335e-06,1.3018804442026521e-05
800.0,down,0.0,1.0,6,8.75104067972643e-06,1.8998337370135233e-05,2.774937804986166e-05
800.0,down,0.0,1.0,7,1.1158845028944597e-05,1.1905263100402408e-05,2.3064108129347003e-05
800.0,down,0.0,1.0,8,8.215094231047715e-06,6.869393952513292e-06,1.5084488183561006e-05
800.0,down,0.0,1.0,9,8.807882408916612e-06,8.351222707290162e-06,1.7159105116206774e-05
800.0,down,0.0,1.0,10,9.063013718844104e-06,7.632843014846458e-06,1.6695856733690564e-05
800.0,down,0.0,1.0,11,6.0249879538787354e-06,8.90132846279812e-06,1.4926316416676856e-05
800.0,down,0.5,1.0,0,1.8659267856833138e-05,1.8660688329532604e-05,3.731995618636574e-05
800.0,down,0.5,1.0,1,8.234155203012961e-08,6.888684627881503e-07,7.712100148182799e-07
800.0,down,0.5,1.0,2,1.256656244393639e-05,1.2568208480416843e-05,2.513477092435323e-05
800.0,down,0.5,1.0,3,9.358845511542313e-06,9.345060199166255e-06,1.8703905710708567e-05
800.0,down,0.5,1.0,4,1.7837745180742103e-05,1.7838061166770556e-05,3.567580634751266e-05
800.0,down,0.5,1.0,5,3.145309912738981e-05,3.1452772168876206e-05,6.290587129626602e-05
800.0,down,0.5,1.0,6,2.469385523937717e-05,2.4694254835537778e-05,4.9388110074914944e-05
800.0,down,0.5,1.0,7,1.9812226888262785e-05,1.9810888852447305e-05,3.962311574071009e-05
800.0,down,0.5,1.0,8,9.742726754637943e-06,9.73778656728541e-06,1.9480513321923355e-05
800.0,down,0.5,1.0,9,4.861319803524111e-06,4.888890811685087e-06,9.750210615209199e-06
800.0,down,0.5,1.0,10,4.237442393275615e-06,4.280060214227887e-06,8.517502607503502e-06
800.0,down,0.5,1.0,11,1.50803745974315e-05,1.5084981334752002e-05,3.01653559321835e-05
800.0,down,2.0,1.0,0,-5.9578175525771826e-05,0.007794403458294781,0.007734825282769009
800.0,down,2.0,1.0,1,3.105078023928343e-05,3.105078023914132e-05,6.210156047842475e-05
800.0,down,2.0,1.0,2,7.041019664647762e-05,7.041019664747239e-05,0.00014082039329395003
800.0,down,2.0,1.0,3,0.00013196927594911757,0.0001319692759646074,0.000263938551913725
800.0,down,2.0,1.0,4,4.7167608686109475e-05,4.716760868596736e-05,9.433521737207684e-05
800.0,down,2.0,1.0,5,1.860442656727912e-05,1.8604426567705444e-05,3.720885313498456e-05
800.0,down,2.0,1.0,6,5.031424416053198e-05,5.031424415967933e-05,0.00010062848832021132
800.0,down,2.0,1.0,7,6.206602603249678e-05,6.206602603349154e-05,0.00012413205206598832
800.0,down,2.0,1.0,8,4.983116912725904e-05,4.983116912711694e-05,9.966233825437599e-05
800.0,down,2.0,1.0,9,3.873209321206161e-05,3.873209321206161e-05,7.746418642412322e-05
800.0,down,2.0,1.0,10,3.6177436868456423e-09,3.617743118411454e-09,7.235486805257096e-09
800.0,down,2.0,1.0,11,3.522245796439449e-05,3.5222457964252386e-05,7.044491592864688e-05
800.0,fresh,0.0,1.005,0,0.09486259301651437,0.09494716827333319,0.18980976128984756
800.0,fresh,0.0,1.005,1,0.09494668084634023,0.09504666573374612,0.18999334658008635
800.0,fresh,0.0,1.005,2,0.10196521513214334,0.09497559153855478,0.19694080667069813
800.0,fresh,0.0,1.005,3,0.09507520911237151,0.09503151796177384,0.19010672707414533
800.0,fresh,0.0,1.005,4,0.09506862454828592,0.09514698371863572,0.19021560826692163
800.0,fresh,0.0,1.005,5,0.09507853268749375,0.09510782962559858,0.19018636231309233
800.0,fresh,0.0,1.005,6,0.0949387623258086,0.09535269574523167,0.19029145807104025
800.0,fresh,0.0,1.005,7,0.09755353066478001,0.0960206284342901,0.1935741590990701
800.0,fresh,0.0,1.005,8,0.0949961430891743,0.09508011231736145,0.19007625540653575
800.0,fresh,0.0,1.005,9,0.0949314465747112,0.09498338912391419,0.18991483569862538
800.0,fresh,0.0,1.005,10,0.09489568672559585,0.09504014846140862,0.18993583518700446
800.0,fresh,0.0,1.005,11,0.09511052691051464,0.09491887588307071,0.19002940279358535
800.0,fresh,0.5,1.005,0,0.02344456018171166,0.03129709720408421,0.05474165738579587
800.0,fresh,0.5,1.005,1,0.04770055356111635,0.04770977036121444,0.09541032392233079
800.0,fresh,0.5,1.005,2,0.02342669461825423,0.03127959930321499,0.05470629392146922
800.0,fresh,0.5,1.005,3,0.048249046959305666,0.048217151725978846,0.09646619868528451
800.0,fresh,0.5,1.005,4,0.048209165342796706,0.04826674414382246,0.09647590948661916
800.0,fresh,0.5,1.005,5,0.04841872427499573,0.0484577458659721,0.09687647014096784
800.0,fresh,0.5,1.005,6,0.047346529304805735,0.04734722854889699,0.09469375785370272
800.0,fresh,0.5,1.005,7,0.02340472865086835,0.03125803660618104,0.054662765257049384
800.0,fresh,0.5,1.005,8,0.04798244164810246,0.04800867529142701,0.09599111693952947
800.0,fresh,0.5,1.005,9,0.04768870007558146,0.04769629622699554,0.09538499630257699
800.0,fresh,0.5,1.005,10,0.04731300960606747,0.047313398103873486,0.09462640770994096
800.0,fresh,0.5,1.005,11,0.0474484667286402,0.04744661871005933,0.09489508543869953
800.0,fresh,2.0,1.005,0,0.01555172431969798,0.0076977426859798715,0.02324946700567785
800.0,fresh,2.0,1.005,1,0.023292012092934668,0.023292012093229467,0.046584024186164134
800.0,fresh,2.0,1.005,2,0.015559175469136264,0.007705193837980917,0.023264369307117182
800.0,fresh,2.0,1.005,3,0.023318420871280526,0.02331842087125315,0.04663684174253367
800.0,fresh,2.0,1.005,4,0.023311094057546958,0.023311094057649914,0.046622188115196875
800.0,fresh,2.0,1.005,5,0.023321565015340762,0.023321565015364417,0.04664313003070518
800.0,fresh,2.0,1.005,6,0.02325351985166314,0.02325351985301813,0.04650703970468127
800.0,fresh,2.0,1.005,7,0.015569359539321623,0.00771537792812765,0.023284737467449274
800.0,fresh,2.0,1.005,8,0.0233139649523777,0.023313964952438187,0.04662792990481589
800.0,fresh,2.0,1.005,9,0.015613933292400186,0.007759981197105876,0.023373914489506063
800.0,fresh,2.0,1.005,10,0.015588907706961848,0.007734926643770838,0.023323834350732688
800.0,fresh,2.0,1.005,11,0.02326221229443815,0.023262212293351573,0.04652442458778972
800.0,up,0.0,1.005,0,0.10199497181374927,0.10199497181374927,0.20398994362749853
800.0,up,0.0,1.005,1,0.10199497181374927,0.10199497181374927,0.20398994362749853
800.0,up,0.0,1.005,2,0.10199497181374927,0.10199497181374927,0.20398994362749853
800.0,up,0.0,1.005,3,0.10199497181374927,0.10199497181374927,0.20398994362749853
800.0,up,0.0,1.005,4,0.10199497181374927,0.10199497181374927,0.20398994362749853
800.0,up,0.0,1.005,5,0.10199497181374927,0.10199497181374927,0.20398994362749853
800.0,up,0.0,1.005,6,0.10199497181374927,0.10199497181374927,0.20398994362749853
800.0,up,0.0,1.005,7,0.10199497181374927,0.10199497181374927,0.20398994362749853
800.0,up,0.0,1.005,8,0.10199497181374927,0.10199497181374927,0.20398994362749853
800.0,up,0.0,1.005,9,0.10199497181374927,0.10199497181374927,0.20398994362749853
800.0,up,0.0,1.005,10,0.10199497181374927,0.10199497181374927,0.20398994362749853
800.0,up,0.0,1.005,11,0.10199497181374927,0.10199497181374927,0.20398994362749853
800.0,up,0.5,1.005,0,0.047694395648438116,0.047694395648438116,0.09538879129687623
800.0,up,0.5,1.005,1,0.047694395648438005,0.047694395648438,0.095388791296876
800.0,up,0.5,1.005,2,0.047694395648438116,0.047694395648438116,0.09538879129687623
800.0,up,0.5,1.005,3,0.047694395648438116,0.047694395648438116,0.09538879129687623
800.0,up,0.5,1.005,4,0.047694395648438116,0.047694395648438116,0.09538879129687623
800.0,up,0.5,1.005,5,0.047694395648438116,0.047694395648438116,0.09538879129687623
800.0,up,0.5,1.005,6,0.047694395648438116,0.047694395648438116,0.09538879129687623
800.0,up,0.5,1.005,7,0.047694395648438116,0.047694395648438116,0.09538879129687623
800.0,up,0.5,1.005,8,0.047694395648438116,0.047694395648438116,0.09538879129687623
800.0,up,0.5,1.005,9,0.047694395648438116,0.047694395648438116,0.09538879129687623
800.0,up,0.5,1.005,10,0.047694395648438116,0.047694395648438116,0.09538879129687623
800.0,up,0.5,1.005,11,0.047694395648438116,0.047694395648438116,0.09538879129687623
800.0,up,2.0,1.005,0,0.01627552840976142,0.01627552840976142,0.03255105681952284
800.0,up,2.0,1.005,1,0.01627552840976143,0.01627552840976143,0.03255105681952286
800.0,up,2.0,1.005,2,0.01627552840976142,0.01627552840976142,0.03255105681952284
800.0,up,2.0,1.005,3,0.01627552840976142,0.01627552840976142,0.03255105681952284
800.0,up,2.0,1.005,4,0.01627552840976142,0.01627552840976142,0.03255105681952284
800.0,up,2.0,1.005,5,0.01627552840976142,0.01627552840976142,0.03255105681952284
800.0,up,2.0,1.005,6,0.01627552840976142,0.01627552840976142,0.03255105681952284
800.0,up,2.0,1.005,7,0.01627552840976142,0.01627552840976142,0.03255105681952284
800.0,up,2.0,1.005,8,0.01627552840976142,0.01627552840976142,0.03255105681952284
800.0,up,2.0,1.005,9,0.01627552840976142,0.01627552840976142,0.03255105681952284
800.0,up,2.0,1.005,10,0.01627552840976142,0.01627552840976142,0.03255105681952284
800.0,up,2.0,1.005,11,0.01627552840976142,0.01627552840976142,0.03255105681952284
800.0,down,0.0,1.005,0,0.09942076911173188,0.0948783585300734,0.1942991276418053
800.0,down,0.0,1.005,1,0.0948797276562209,0.09512149609691165,0.19000122375313255
800.0,down,0.0,1.005,2,0.10196711974426194,0.0948432811555125,0.19681040089977442
800.0,down,0.0,1.005,3,0.09562371264688124,0.09499857305593253,0.19062228570281375
800.0,down,0.0,1.005,4,0.0954555501510515,0.10084443816457679,0.19629998831562828
800.0,down,0.0,1.005,5,0.09572844022449828,0.09784165524141543,0.1935700954659137
800.0,down,0.0,1.005,6,0.09490673589300883,0.1018726228704773,0.19677935876348612
800.0,down,0.0,1.005,7,0.10199540115244134,0.10198093221658326,0.2039763333690246
800.0,down,0.0,1.005,8,0.09486311162567972,0.09578397354968558,0.1906470851753653
800.0,down,0.0,1.005,9,0.09494113493055494,0.09484658407526553,0.18978771900582048
800.0,down,0.0,1.005,10,0.09541706811810201,0.09506151324967022,0.19047858136777224
800.0,down,0.0,1.005,11,0.09816646089824274,0.09503047176118429,0.19319693265942703
800.0,down,0.5,1.005,0,0.031123582602812262,0.023275118723158954,0.054398701325971216
800.0,down,0.5,1.005,1,0.03125679172593323,0.023413182780262217,0.05466997450619544
800.0,down,0.5,1.005,2,0.03126067046706624,0.023407400559561323,0.05466807102662756
800.0,down,0.5,1.005,3,0.023396642566858646,0.031249289936404807,0.05464593250326345
800.0,down,0.5,1.005,4,0.03110214851871703,0.023257291070169543,0.054359439588886574
800.0,down,0.5,1.005,5,0.03129897942362533,0.03128314510083527,0.0625821245244606
800.0,down,0.5,1.005,6,0.02399820580264773,0.02403167174737902,0.04802987755002675
800.0,down,0.5,1.005,7,0.022740300743419796,0.030256237868182295,0.05299653861160209
800.0,down,0.5,1.005,8,0.023396933368677254,0.03125011606494496,0.05464704943362221
800.0,down,0.5,1.005,9,0.03122301378048263,0.023370408957302687,0.05459342273778532
800.0,down,0.5,1.005,10,0.03121929720896915,0.02336711169239706,0.05458640890136621
800.0,down,0.5,1.005,11,0.031294453078716915,0.023441830229994593,0.05473628330871151
800.0,down,2.0,1.005,0,0.015415279999409996,0.007561304532774465,0.02297658453218446
800.0,down,2.0,1.005,1,0.015535402227352436,0.007681420615588266,0.0232168228429407
800.0,down,2.0,1.005,2,0.00824080269259369,0.008240802692975748,0.016481605385569437
800.0,down,2.0,1.005,3,0.008448542116520059,0.008448539620788722,0.01689708173730878
800.0,down,2.0,1.005,4,0.009576150151477164,0.009377411915959968,0.018953562067437132
800.0,down,2.0,1.005,5,0.007700492847958671,0.015554474481592494,0.023254967329551166
800.0,down,2.0,1.005,6,0.008687879867299273,0.008687766506246248,0.017375646373545522
800.0,down,2.0,1.005,7,0.008269066093283968,0.008269066102346869,0.016538132195630835
800.0,down,2.0,1.005,8,0.008687552552065513,0.00868734389414854,0.017374896446214053
800.0,down,2.0,1.005,9,0.015402476284525618,0.00754849652985044,0.02295097281437606
800.0,down,2.0,1.005,10,0.015493728466639283,0.007639746933359249,0.02313347539999853
800.0,down,2.0,1.005,11,0.015491497427628573,0.007637515990867243,0.023129013418495818
800.0,fresh,0.0,1.01,0,0.14140021939212816,0.14140025489479924,0.2828004742869274
800.0,fresh,0.0,1.01,1,0.1414002533458334,0.14140062976949977,0.28280088311533313
800.0,fresh,0.0,1.01,2,0.1415793079370956,0.14140035306116355,0.28297966099825916
800.0,fresh,0.0,1.01,3,0.1414007434621594,0.1414005693850951,0.2828013128472545
800.0,fresh,0.0,1.01,4,0.14140071730473924,0.14140102198998597,0.2828017392947252
800.0,fresh,0.0,1.01,5,0.1414007566398509,0.14140087180741154,0.2828016284472624
800.0,fresh,0.0,1.01,6,0.14140022903595628,0.1414017183225487,0.28280194735850495
800.0,fresh,0.0,1.01,7,0.14140476672263871,0.14140315548383944,0.28280792220647816
800.0,fresh,0.0,1.01,8,0.1414004304324834,0.1414007628962909,0.2828011933287743
800.0,fresh,0.0,1.01,9,0.14140020821129778,0.14140038196169713,0.2828005901729949
800.0,fresh,0.0,1.01,10,0.14140014327935965,0.14140060376880037,0.28280074704816005
800.0,fresh,0.0,1.01,11,0.14140088230351108,0.14140017710964597,0.28280105941315703
800.0,fresh,0.5,1.01,0,0.039035584527557864,0.03897864067313241,0.07801422520069028
800.0,fresh,0.5,1.01,1,0.07066577251430667,0.0706658435612486,0.14133161607555528
800.0,fresh,0.5,1.01,2,0.038422940060495125,0.037795455716849016,0.07621839577734414
800.0,fresh,0.5,1.01,3,0.07070691139148053,0.07070692633830103,0.14141383772978156
800.0,fresh,0.5,1.01,4,0.07069785848714949,0.07069784366023528,0.14139570214738478
800.0,fresh,0.5,1.01,5,0.0707082336533524,0.0707082239424963,0.1414164575958487
800.0,fresh,0.5,1.01,6,0.0692572404416211,0.06967274089750278,0.13892998133912388
800.0,fresh,0.5,1.01,7,0.039969435373232415,0.03283684005854641,0.07280627543177882
800.0,fresh,0.5,1.01,8,0.07069541780526792,0.07069540239268404,0.14139082019795196
800.0,fresh,0.5,1.01,9,0.07067622061045715,0.07067625231412561,0.14135247292458275
800.0,fresh,0.5,1.01,10,0.06537491251124054,0.06960397020749073,0.13497888271873126
800.0,fresh,0.5,1.01,11,0.07048077569761484,0.07047713949519765,0.14095791519281248
800.0,fresh,2.0,1.01,0,0.015194027075075415,0.015194254500540487,0.030388281575615902
800.0,fresh,2.0,1.01,1,0.030916506960642583,0.03091650655188418,0.06183301351252676
800.0,fresh,2.0,1.01,2,0.015238801677407321,0.015238834128240982,0.0304776358056483
800.0,fresh,2.0,1.01,3,0.030852982621834838,0.03085298310688378,0.061705965728718615
800.0,fresh,2.0,1.01,4,0.030797746216824084,0.030797742971962683,0.06159548918878677
800.0,fresh,2.0,1.01,5,0.030815130543849153,0.030815129589611186,0.06163026013346034
800.0,fresh,2.0,1.01,6,0.030838195033937667,0.030838193512584777,0.061676388546522444
800.0,fresh,2.0,1.01,7,0.009598458388109767,0.017418884791741158,0.027017343179850925
800.0,fresh,2.0,1.01,8,0.030870358915793563,0.030870358297197212,0.06174071721299078
800.0,fresh,2.0,1.01,9,0.01589847240186544,0.015898471983216988,0.03179694438508243
800.0,fresh,2.0,1.01,10,0.009764469929453432,0.01693318992207827,0.0266976598515317
800.0,fresh,2.0,1.01,11,0.030914766979437003,0.030914767378105452,0.06182953435754246
800.0,up,0.0,1.01,0,0.1414074867795312,0.1414074867795312,0.2828149735590624
800.0,up,0.0,1.01,1,0.1414074867795312,0.1414074867795312,0.2828149735590624
800.0,up,0.0,1.01,2,0.1414074867795312,0.1414074867795312,0.2828149735590624
800.0,up,0.0,1.01,3,0.1414074867795312,0.1414074867795312,0.2828149735590624
800.0,up,0.0,1.01,4,0.1414074867795312,0.1414074867795312,0.2828149735590624
800.0,up,0.0,1.01,5,0.1414074867795312,0.1414074867795312,0.2828149735590624
800.0,up,0.0,1.01,6,0.1414074867795312,0.1414074867795312,0.2828149735590624
800.0,up,0.0,1.01,7,0.1414074867795312,0.1414074867795312,0.2828149735590624
800.0,up,0.0,1.01,8,0.1414074867795312,0.1414074867795312,0.2828149735590624
800.0,up,0.0,1.01,9,0.1414074867795312,0.1414074867795312,0.2828149735590624
800.0,up,0.0,1.01,10,0.1414074867795312,0.1414074867795312,0.2828149735590624
800.0,up,0.0,1.01,11,0.1414074867795312,0.1414074867795312,0.2828149735590624
800.0,up,0.5,1.01,0,0.07079859287463207,0.07079859287463207,0.14159718574926414
800.0,up,0.5,1.01,1,0.07079859287462927,0.07079859287462927,0.14159718574925853
800.0,up,0.5,1.01,2,0.07079859287463207,0.07079859287463207,0.14159718574926414
800.0,up,0.5,1.01,3,0.07079859287463207,0.07079859287463207,0.14159718574926414
800.0,up,0.5,1.01,4,0.07079859287463207,0.07079859287463207,0.14159718574926414
800.0,up,0.5,1.01,5,0.07079859287463207,0.07079859287463207,0.14159718574926414
800.0,up,0.5,1.01,6,0.07079859287463207,0.07079859287463207,0.14159718574926414
800.0,up,0.5,1.01,7,0.07079859287463207,0.07079859287463207,0.14159718574926414
800.0,up,0.5,1.01,8,0.07079859287463207,0.07079859287463207,0.14159718574926414
800.0,up,0.5,1.01,9,0.07079859287463207,0.07079859287463207,0.14159718574926414
800.0,up,0.5,1.01,10,0.07079859287463207,0.07079859287463207,0.14159718574926414
800.0,up,0.5,1.01,11,0.07079859287463207,0.07079859287463207,0.14159718574926414
800.0,up,2.0,1.01,0,0.03109212179077695,0.03109212179077695,0.0621842435815539
800.0,up,2.0,1.01,1,0.031092121790777815,0.031092121790777805,0.06218424358155562
800.0,up,2.0,1.01,2,0.03109212179077695,0.03109212179077695,0.0621842435815539
800.0,up,2.0,1.01,3,0.03109212179077695,0.03109212179077695,0.0621842435815539
800.0,up,2.0,1.01,4,0.03109212179077695,0.03109212179077695,0.0621842435815539
800.0,up,2.0,1.01,5,0.03109212179077695,0.03109212179077695,0.0621842435815539
800.0,up,2.0,1.01,6,0.03109212179077695,0.03109212179077695,0.0621842435815539
800.0,up,2.0,1.01,7,0.03109212179077695,0.03109212179077695,0.0621842435815539
800.0,up,2.0,1.01,8,0.03109212179077695,0.03109212179077695,0.0621842435815539
800.0,up,2.0,1.01,9,0.03109212179077695,0.03109212179077695,0.0621842435815539
800.0,up,2.0,1.01,10,0.03109212179077695,0.03109212179077695,0.0621842435815539
800.0,up,2.0,1.01,11,0.03109212179077695,0.03109212179077695,0.0621842435815539
800.0,down,0.0,1.01,0,0.14142401056659593,0.14140397996970705,0.282827990536303
800.0,down,0.0,1.01,1,0.14140403260748968,0.14140034237635832,0.28280437498384803
800.0,down,0.0,1.01,2,0.14193320073169588,0.14140161023654316,0.28333481096823904
800.0,down,0.0,1.01,3,0.1414012525353567,0.1414001549188194,0.28280140745417615
800.0,down,0.0,1.01,4,0.1414009819272354,0.14140623557107346,0.28280721749830884
800.0,down,0.0,1.01,5,0.14140140224799808,0.14140308109177938,0.2828044833397775
800.0,down,0.0,1.01,6,0.1414049517319455,0.14143527418286056,0.28284022591480606
800.0,down,0.0,1.01,7,0.14214637319151904,0.14159919947110666,0.2837455726626257
800.0,down,0.0,1.01,8,0.14140063979314504,0.14140147643963474,0.2828021162327798
800.0,down,0.0,1.01,9,0.14140591463652924,0.14140117562722027,0.2828070902637495
800.0,down,0.0,1.01,10,0.1414126193724462,0.14140023506669194,0.2828128544391382
800.0,down,0.0,1.01,11,0.14140326648185436,0.14140785549775928,0.28281112197961367
800.0,down,0.5,1.01,0,0.03970125926110455,0.03185683850769152,0.07155809776879607
800.0,down,0.5,1.01,1,0.05477236769201852,0.054772591399609494,0.10954495909162801
800.0,down,0.5,1.01,2,0.038984046006635256,0.03898279169316595,0.0779668376998012
800.0,down,0.5,1.01,3,0.03902907400598608,0.039026471657345636,0.07805554566333171
800.0,down,0.5,1.01,4,0.03986239476711376,0.03228031057406554,0.0721427053411793
800.0,down,0.5,1.01,5,0.04006154450193037,0.04653825076997265,0.08659979527190302
800.0,down,0.5,1.01,6,0.03987020622614864,0.03213089462482543,0.07200110085097407
800.0,down,0.5,1.01,7,0.03180038014999781,0.03964679783959326,0.07144717798959108
800.0,down,0.5,1.01,8,0.038984856499652096,0.03898418962944675,0.07796904612909884
800.0,down,0.5,1.01,9,0.03895336812444029,0.0389590733114845,0.0779124414359248
800.0,down,0.5,1.01,10,0.038974011073089086,0.038982751947895765,0.07795676302098485
800.0,down,0.5,1.01,11,0.039023225971810974,0.038987137587571115,0.0780103635593821
800.0,down,2.0,1.01,0,0.015437190006502207,0.015437190783911916,0.030874380790414123
800.0,down,2.0,1.01,1,0.015298523978535173,0.015298536804123585,0.03059706078265876
800.0,down,2.0,1.01,2,0.015592187080400954,0.015592187080639554,0.031184374161040508
800.0,down,2.0,1.01,3,0.015568884903224927,0.015568884906802225,0.031137769810027152
800.0,down,2.0,1.01,4,0.015579107818013043,0.015579107823844467,0.031158215641857508
800.0,down,2.0,1.01,5,0.016590028845317805,0.008736078872023044,0.025326107717340847
800.0,down,2.0,1.01,6,0.015588262712663266,0.015588262713118724,0.03117652542578199
800.0,down,2.0,1.01,7,0.015593904397748198,0.015593904397819748,0.031187808795567946
800.0,down,2.0,1.01,8,0.015584021230242868,0.015584021232452087,0.031168042462694955
800.0,down,2.0,1.01,9,0.01552492760867743,0.015524927680520974,0.031049855289198403
800.0,down,2.0,1.01,10,0.015243541575365853,0.01524361412964673,0.030487155705012585
800.0,down,2.0,1.01,11,0.01547301140547006,0.015473011614255796,0.030946023019725856
800.0,fresh,0.0,1.02,0,0.19735740364061788,0.1982446311488421,0.39560203478946
800.0,fresh,0.0,1.02,1,0.19823818107979804,0.19987858694242747,0.3981167680222255
800.0,fresh,0.0,1.02,2,0.20379841879158078,0.1986532306184268,0.40245164941000755
800.0,fresh,0.0,1.02,3,0.20036958791874643,0.1996074561622798,0.3999770440810262
800.0,fresh,0.0,1.02,4,0.20025998754007326,0.20135011618194595,0.4016101037220192
800.0,fresh,0.0,1.02,5,0.20042385737163534,0.20086676506164025,0.4012906224332756
800.0,fresh,0.0,1.02,6,0.1981360059943286,0.20254551444904373,0.40068152044337235
800.0,fresh,0.0,1.02,7,0.20348525126785802,0.2032409127741771,0.4067261640420351
800.0,fresh,0.0,1.02,8,0.19898602487155947,0.2004493884324594,0.3994354133040189
800.0,fresh,0.0,1.02,9,0.19804590198967692,0.19877613295641125,0.39682203494608814
800.0,fresh,0.0,1.02,10,0.19765901825964557,0.19976228747525823,0.3974213057349038
800.0,fresh,0.0,1.02,11,0.20090408801454082,0.1979002810952102,0.39880436910975103
800.0,fresh,0.5,1.02,0,0.055223784041453845,0.055228665093645525,0.11045244913509937
800.0,fresh,0.5,1.02,1,0.09531091268457739,0.09532004963023737,0.19063096231481474
800.0,fresh,0.5,1.02,2,0.054997804021903116,0.05499773975382517,0.10999554377572829
800.0,fresh,0.5,1.02,3,0.09809085848078039,0.0974183110114986,0.19550916949227898
800.0,fresh,0.5,1.02,4,0.09670487860135975,0.09741266800654032,0.19411754660790007
800.0,fresh,0.5,1.02,5,0.09856415443103655,0.0990866336954883,0.19765078812652487
800.0,fresh,0.5,1.02,6,0.09502455979434371,0.09498496534896324,0.19000952514330693
800.0,fresh,0.5,1.02,7,0.0548700317253748,0.05487076743223615,0.10974079915761095
800.0,fresh,0.5,1.02,8,0.09606691813698616,0.09625383962949957,0.19232075776648572
800.0,fresh,0.5,1.02,9,0.09538516242509519,0.09539605755062475,0.19078121997571995
800.0,fresh,0.5,1.02,10,0.09557696582358492,0.09533751632901975,0.19091448215260468
800.0,fresh,0.5,1.02,11,0.0950153652768854,0.09503033413326653,0.19004569941015192
800.0,fresh,2.0,1.02,0,0.016174963796365426,0.024028942463070555,0.040203906259435984
800.0,fresh,2.0,1.02,1,0.03936623312145977,0.039366233115098855,0.07873246623655863
800.0,fresh,2.0,1.02,2,0.01630503797915905,0.02415901280275658,0.04046405078191563
800.0,fresh,2.0,1.02,3,0.039388846276044304,0.03938884627689009,0.0787776925529344
800.0,fresh,2.0,1.02,4,0.039361355759658545,0.039361355757486276,0.07872271151714483
800.0,fresh,2.0,1.02,5,0.03938516877636705,0.0393851687756655,0.07877033755203255
800.0,fresh,2.0,1.02,6,0.03925117459696835,0.03925117460237701,0.07850234919934536
800.0,fresh,2.0,1.02,7,0.022749996124658233,0.022750321815188938,0.04550031793984717
800.0,fresh,2.0,1.02,8,0.03938592842134096,0.03938592841955586,0.07877185684089683
800.0,fresh,2.0,1.02,9,0.023648630257119323,0.02364863025935288,0.047297260516472206
800.0,fresh,2.0,1.02,10,0.02338085789095612,0.023380857897710466,0.046761715788666586
800.0,fresh,2.0,1.02,11,0.03931219591055088,0.03931219591957705,0.07862439183012793
800.0,up,0.0,1.02,0,0.19701840602599677,0.19701840602599677,0.39403681205199353
800.0,up,0.0,1.02,1,0.19701840602599677,0.19701840602599677,0.39403681205199353
800.0,up,0.0,1.02,2,0.19701840602599677,0.19701840602599677,0.39403681205199353
800.0,up,0.0,1.02,3,0.19701840602599677,0.19701840602599677,0.39403681205199353
800.0,up,0.0,1.02,4,0.19701840602599677,0.19701840602599677,0.39403681205199353
800.0,up,0.0,1.02,5,0.19701840602599677,0.19701840602599677,0.39403681205199353
800.0,up,0.0,1.02,6,0.19701840602599677,0.19701840602599677,0.39403681205199353
800.0,up,0.0,1.02,7,0.19701840602599677,0.19701840602599677,0.39403681205199353
800.0,up,0.0,1.02,8,0.19701840602599677,0.19701840602599677,0.39403681205199353
800.0,up,0.0,1.02,9,0.19701840602599677,0.19701840602599677,0.39403681205199353
800.0,up,0.0,1.02,10,0.19701840602599677,0.19701840602599677,0.39403681205199353
800.0,up,0.0,1.02,11,0.19701840602599677,0.19701840602599677,0.39403681205199353
800.0,up,0.5,1.02,0,0.1017862779601026,0.1017862779601026,0.2035725559202052
800.0,up,0.5,1.02,1,0.10178627796010468,0.10178627796010466,0.20357255592020934
800.0,up,0.5,1.02,2,0.1017862779601026,0.1017862779601026,0.2035725559202052
800.0,up,0.5,1.02,3,0.1017862779601026,0.1017862779601026,0.2035725559202052
800.0,up,0.5,1.02,4,0.1017862779601026,0.1017862779601026,0.2035725559202052
800.0,up,0.5,1.02,5,0.1017862779601026,0.1017862779601026,0.2035725559202052
800.0,up,0.5,1.02,6,0.1017862779601026,0.1017862779601026,0.2035725559202052
800.0,up,0.5,1.02,7,0.1017862779601026,0.1017862779601026,0.2035725559202052
800.0,up,0.5,1.02,8,0.1017862779601026,0.1017862779601026,0.2035725559202052
800.0,up,0.5,1.02,9,0.1017862779601026,0.1017862779601026,0.2035725559202052
800.0,up,0.5,1.02,10,0.1017862779601026,0.1017862779601026,0.2035725559202052
800.0,up,0.5,1.02,11,0.1017862779601026,0.1017862779601026,0.2035725559202052
800.0,up,2.0,1.02,0,0.03959835358002159,0.03959835358002159,0.07919670716004318
800.0,up,2.0,1.02,1,0.039598353580021596,0.03959835358002159,0.07919670716004318
800.0,up,2.0,1.02,2,0.03959835358002159,0.03959835358002159,0.07919670716004318
800.0,up,2.0,1.02,3,0.03959835358002159,0.03959835358002159,0.07919670716004318
800.0,up,2.0,1.02,4,0.03959835358002159,0.03959835358002159,0.07919670716004318
800.0,up,2.0,1.02,5,0.03959835358002159,0.03959835358002159,0.07919670716004318
800.0,up,2.0,1.02,6,0.03959835358002159,0.03959835358002159,0.07919670716004318
800.0,up,2.0,1.02,7,0.03959835358002159,0.03959835358002159,0.07919670716004318
800.0,up,2.0,1.02,8,0.03959835358002159,0.03959835358002159,0.07919670716004318
800.0,up,2.0,1.02,9,0.03959835358002159,0.03959835358002159,0.07919670716004318
800.0,up,2.0,1.02,10,0.03959835358002159,0.03959835358002159,0.07919670716004318
800.0,up,2.0,1.02,11,0.03959835358002159,0.03959835358002159,0.07919670716004318
800.0,down,0.0,1.02,0,0.19711503905361924,0.19996475985474915,0.3970797989083684
800.0,down,0.0,1.02,1,0.19990239634219478,0.20373869544116333,0.4036410917833581
800.0,down,0.0,1.02,2,0.19713494811458956,0.20271267537654836,0.3998476234911379
800.0,down,0.0,1.02,3,0.20380478251047038,0.2036733427784381,0.4074781252889085
800.0,down,0.0,1.02,4,0.20379419873574647,0.20382633047804063,0.4076205292137871
800.0,down,0.0,1.02,5,0.20380931023871313,0.20383106922093588,0.40764037945964904
800.0,down,0.0,1.02,6,0.1990157092048747,0.2035441746383026,0.4025598838431773
800.0,down,0.0,1.02,7,0.19848128159549816,0.2012101926172531,0.39969147421275125
800.0,down,0.0,1.02,8,0.20331672569795983,0.2038112864115888,0.40712801210954863
800.0,down,0.0,1.02,9,0.19844226147848787,0.20301247385137203,0.40145473532985987
800.0,down,0.0,1.02,10,0.19737504875927614,0.2037140841813428,0.40108913294061893
800.0,down,0.0,1.02,11,0.2038317650128562,0.197856904376535,0.4016886693893912
800.0,down,0.5,1.02,0,0.05507403847708616,0.055082746134018805,0.11015678461110497
800.0,down,0.5,1.02,1,0.0709388934220236,0.07830603545194592,0.1492449288739695
800.0,down,0.5,1.02,2,0.07107598869912919,0.06913442708898344,0.14021041578811264
800.0,down,0.5,1.02,3,0.054644680597542676,0.05452621946340031,0.10917090006094299
800.0,down,0.5,1.02,4,0.054907921031182666,0.05490765722255034,0.109815578253733
800.0,down,0.5,1.02,5,0.09507129439305004,0.09506787877433197,0.190139173167382
800.0,down,0.5,1.02,6,0.061808312802578626,0.06185241136957856,0.12366072417215718
800.0,down,0.5,1.02,7,0.055191012686848354,0.05515129006012216,0.11034230274697052
800.0,down,0.5,1.02,8,0.08616236841288426,0.08616017895573393,0.17232254736861818
800.0,down,0.5,1.02,9,0.06224273640186766,0.05446637811207069,0.11670911451393834
800.0,down,0.5,1.02,10,0.0544104679020235,0.054677106154961026,0.10908757405698452
800.0,down,0.5,1.02,11,0.05506476965339388,0.05505871820157395,0.11012348785496784
800.0,down,2.0,1.02,0,0.01712082047074535,0.02431909900823161,0.04143991947897696
800.0,down,2.0,1.02,1,0.02286169904061879,0.022861628777480974,0.04572332781809976
800.0,down,2.0,1.02,2,0.016159101618433133,0.02401307593990108,0.040172177558334216
800.0,down,2.0,1.02,3,0.016365636948853818,0.024213846020678175,0.040579482969531996
800.0,down,2.0,1.02,4,0.024396884609427544,0.016542973963330425,0.04093985857275797
800.0,down,2.0,1.02,5,0.023268945815830975,0.02326894577113798,0.04653789158696896
800.0,down,2.0,1.02,6,0.023999805741780022,0.016145824823632325,0.040145630565412344
800.0,down,2.0,1.02,7,0.016144148767983247,0.02399812755819955,0.040142276326182794
800.0,down,2.0,1.02,8,0.024279418576452726,0.016425482571935178,0.0407049011483879
800.0,down,2.0,1.02,9,0.0243274925319772,0.016473960311149866,0.04080145284312707
800.0,down,2.0,1.02,10,0.022005508399234302,0.022097425334055246,0.04410293373328955
800.0,down,2.0,1.02,11,0.02439384071665472,0.01775637660003824,0.04215021731669296
800.0,fresh,0.0,1.05,0,0.3163035499857767,0.31618208557050687,0.6324856355562836
800.0,fresh,0.0,1.05,1,0.3161798234539751,0.3169533454239479,0.6331331688779229
800.0,fresh,0.0,1.05,2,0.3217094147181298,0.3163428109743102,0.63805222569244
800.0,fresh,0.0,1.05,3,0.31726481692991615,0.3168013948744593,0.6340662118043754
800.0,fresh,0.0,1.05,4,0.3171904606855635,0.31811602004935274,0.6353064807349162
800.0,fresh,0.0,1.05,5,0.317302825746535,0.31764790424339645,0.6349507299899315
800.0,fresh,0.0,1.05,6,0.316145656501785,0.3198258218115314,0.6359714783133164
800.0,fresh,0.0,1.05,7,0.3212930248898557,0.3209576442936635,0.6422506691835193
800.0,fresh,0.0,1.05,8,0.3164910036861828,0.3173209942689725,0.6338119979551553
800.0,fresh,0.0,1.05,9,0.31611867053116854,0.3163960657477357,0.6325147362789043
800.0,fresh,0.0,1.05,10,0.3160705553078407,0.31688669818693294,0.6329572534947736
800.0,fresh,0.0,1.05,11,0.31768025029478786,0.31608392161266574,0.6337641719074536
800.0,fresh,0.5,1.05,0,0.09473871836219888,0.09530268403708998,0.19004140239928885
800.0,fresh,0.5,1.05,1,0.16016851799665904,0.15858815264336706,0.3187566706400261
800.0,fresh,0.5,1.05,2,0.09385334887496263,0.09344744828825352,0.18730079716321615
800.0,fresh,0.5,1.05,3,0.1581485594752832,0.15818456679246296,0.3163331262677461
800.0,fresh,0.5,1.05,4,0.15808665393443705,0.15803403255097784,0.3161206864854149
800.0,fresh,0.5,1.05,5,0.15805105513686246,0.15803644169957928,0.3160874968364418
800.0,fresh,0.5,1.05,6,0.1558446331001666,0.15565972043672352,0.3115043535368901
800.0,fresh,0.5,1.05,7,0.09313069271850168,0.0926631516067137,0.1857938443252154
800.0,fresh,0.5,1.05,8,0.15843666670629242,0.15828231034025178,0.31671897704654417
800.0,fresh,0.5,1.05,9,0.1606452901449338,0.15892712161104858,0.3195724117559824
800.0,fresh,0.5,1.05,10,0.15612724983106405,0.1560874153307229,0.312214665161787
800.0,fresh,0.5,1.05,11,0.15497168179463938,0.15603298475415417,0.31100466654879355
800.0,fresh,2.0,1.05,0,0.039379799404332866,0.03152584045230214,0.070905639856635
800.0,fresh,2.0,1.05,1,0.06619215584492474,0.06339002464825685,0.1295821804931816
800.0,fresh,2.0,1.05,2,0.03952242714718622,0.03166847431433086,0.07119090146151708
800.0,fresh,2.0,1.05,3,0.06433346632793835,0.06438203555015727,0.1287155018780956
800.0,fresh,2.0,1.05,4,0.06409200279653766,0.06393336946062024,0.1280253722571579
800.0,fresh,2.0,1.05,5,0.06407348590174987,0.06406017589753721,0.1281336617992871
800.0,fresh,2.0,1.05,6,0.06198888983277147,0.05806118694109392,0.1200500767738654
800.0,fresh,2.0,1.05,7,0.03969959798626101,0.031845758267049856,0.07154535625331086
800.0,fresh,2.0,1.05,8,0.06474930711202759,0.0644819641621581,0.12923127127418568
800.0,fresh,2.0,1.05,9,0.043439126160633335,0.04129135929417642,0.08473048545480975
800.0,fresh,2.0,1.05,10,0.0391360393106325,0.0391352972553741,0.0782713365660066
800.0,fresh,2.0,1.05,11,0.06042110469755793,0.062016394096474095,0.12243749879403203
800.0,up,0.0,1.05,0,0.321648573929417,0.321648573929417,0.643297147858834
800.0,up,0.0,1.05,1,0.321648573929417,0.321648573929417,0.643297147858834
800.0,up,0.0,1.05,2,0.321648573929417,0.321648573929417,0.643297147858834
800.0,up,0.0,1.05,3,0.321648573929417,0.321648573929417,0.643297147858834
800.0,up,0.0,1.05,4,0.321648573929417,0.321648573929417,0.643297147858834
800.0,up,0.0,1.05,5,0.321648573929417,0.321648573929417,0.643297147858834
800.0,up,0.0,1.05,6,0.321648573929417,0.321648573929417,0.643297147858834
800.0,up,0.0,1.05,7,0.321648573929417,0.321648573929417,0.643297147858834
800.0,up,0.0,1.05,8,0.321648573929417,0.321648573929417,0.643297147858834
800.0,up,0.0,1.05,9,0.321648573929417,0.321648573929417,0.643297147858834
800.0,up,0.0,1.05,10,0.321648573929417,0.321648573929417,0.643297147858834
800.0,up,0.0,1.05,11,0.321648573929417,0.321648573929417,0.643297147858834
800.0,up,0.5,1.05,0,0.1619241474031963,0.1619241474031963,0.3238482948063926
800.0,up,0.5,1.05,1,0.16192414740319377,0.16192414740319377,0.32384829480638755
800.0,up,0.5,1.05,2,0.1619241474031963,0.1619241474031963,0.3238482948063926
800.0,up,0.5,1.05,3,0.1619241474031963,0.1619241474031963,0.3238482948063926
800.0,up,0.5,1.05,4,0.1619241474031963,0.1619241474031963,0.3238482948063926
800.0,up,0.5,1.05,5,0.1619241474031963,0.1619241474031963,0.3238482948063926
800.0,up,0.5,1.05,6,0.1619241474031963,0.1619241474031963,0.3238482948063926
800.0,up,0.5,1.05,7,0.1619241474031963,0.1619241474031963,0.3238482948063926
800.0,up,0.5,1.05,8,0.1619241474031963,0.1619241474031963,0.3238482948063926
800.0,up,0.5,1.05,9,0.1619241474031963,0.1619241474031963,0.3238482948063926
800.0,up,0.5,1.05,10,0.1619241474031963,0.1619241474031963,0.3238482948063926
800.0,up,0.5,1.05,11,0.1619241474031963,0.1619241474031963,0.3238482948063926
800.0,up,2.0,1.05,0,0.06362637523499182,0.06362637523499182,0.12725275046998363
800.0,up,2.0,1.05,1,0.06362637523499254,0.06362637523499254,0.12725275046998508
800.0,up,2.0,1.05,2,0.06362637523499182,0.06362637523499182,0.12725275046998363
800.0,up,2.0,1.05,3,0.06362637523499182,0.06362637523499182,0.12725275046998363
800.0,up,2.0,1.05,4,0.06362637523499182,0.06362637523499182,0.12725275046998363
800.0,up,2.0,1.05,5,0.06362637523499182,0.06362637523499182,0.12725275046998363
800.0,up,2.0,1.05,6,0.06362637523499182,0.06362637523499182,0.12725275046998363
800.0,up,2.0,1.05,7,0.06362637523499182,0.06362637523499182,0.12725275046998363
800.0,up,2.0,1.05,8,0.06362637523499182,0.06362637523499182,0.12725275046998363
800.0,up,2.0,1.05,9,0.06362637523499182,0.06362637523499182,0.12725275046998363
800.0,up,2.0,1.05,10,0.06362637523499182,0.06362637523499182,0.12725275046998363
800.0,up,2.0,1.05,11,0.06362637523499182,0.06362637523499182,0.12725275046998363
800.0,down,0.0,1.05,0,0.32170905217528345,0.32152183118671473,0.6432308833619982
800.0,down,0.0,1.05,1,0.32152519174824845,0.316391172663879,0.6379163644121275
800.0,down,0.0,1.05,2,0.3216223525743459,0.32115953207608866,0.6427818846504345
800.0,down,0.0,1.05,3,0.31606622710601756,0.3170668403338419,0.6331330674398594
800.0,down,0.0,1.05,4,0.31608181009798075,0.3170869809765574,0.6331687910745382
800.0,down,0.0,1.05,5,0.31606751417923734,0.3162882370428284,0.6323557512220657
800.0,down,0.0,1.05,6,0.321572339178139,0.320661969516502,0.6422343086946409
800.0,down,0.0,1.05,7,0.3214517041270091,0.3213282776946176,0.6427799818216267
800.0,down,0.0,1.05,8,0.3203834859617126,0.3160700793790386,0.6364535653407513
800.0,down,0.0,1.05,9,0.32160572407701127,0.3209531552519007,0.642558879328912
800.0,down,0.0,1.05,10,0.32168902252276044,0.3166111956068312,0.6383002181295916
800.0,down,0.0,1.05,11,0.31632535928578676,0.3216468748284623,0.6379722341142491
800.0,down,0.5,1.05,0,0.09282785823991148,0.09315317951162044,0.1859810377515319
800.0,down,0.5,1.05,1,0.13321930033591742,0.12651750062841358,0.259736800964331
800.0,down,0.5,1.05,2,0.11001542253681265,0.11001633264032193,0.22003175517713458
800.0,down,0.5,1.05,3,0.1489277693629002,0.148941179532046,0.2978689488949462
800.0,down,0.5,1.05,4,0.086835780332555,0.09457971099445714,0.18141549132701212
800.0,down,0.5,1.05,5,0.15746734874337165,0.15751178686404557,0.3149791356074172
800.0,down,0.5,1.05,6,0.10290434669524842,0.11015045310728083,0.21305479980252925
800.0,down,0.5,1.05,7,0.09087873675133679,0.09354364631926657,0.18442238307060335
800.0,down,0.5,1.05,8,0.13203632589348588,0.1255020973921694,0.25753842328565524
800.0,down,0.5,1.05,9,0.08956875460914204,0.09498669628739777,0.1845554508965398
800.0,down,0.5,1.05,10,0.09442998128005328,0.10135362953969959,0.19578361081975287
800.0,down,0.5,1.05,11,0.10008490553451012,0.09427408335547639,0.1943589888899865
800.0,down,2.0,1.05,0,0.03150564049518095,0.039359616515539174,0.07086525701072013
800.0,down,2.0,1.05,1,0.03278402954485621,0.03937436057117203,0.07215839011602823
800.0,down,2.0,1.05,2,0.03148946939615268,0.03934344806074886,0.07083291745690154
800.0,down,2.0,1.05,3,0.031571361981680895,0.03942532230142888,0.07099668428310978
800.0,down,2.0,1.05,4,0.039871497493943406,0.0320177131993767,0.0718892106933201
800.0,down,2.0,1.05,5,0.03968468918212451,0.031846527262704996,0.07153121644482952
800.0,down,2.0,1.05,6,0.03937885379197304,0.03152488079686527,0.07090373458883831
800.0,down,2.0,1.05,7,0.031493398891536656,0.0393473770934186,0.07084077598495525
800.0,down,2.0,1.05,8,0.03971413308665518,0.03186025822375981,0.07157439131041499
800.0,down,2.0,1.05,9,0.0401138611368593,0.03234401275022549,0.0724578738870848
800.0,down,2.0,1.05,10,0.031513505758500635,0.0393674791342659,0.07088098489276654
800.0,down,2.0,1.05,11,0.038999623392164014,0.03341454098986091,0.07241416438202491
800.0,fresh,0.0,1.1,0,0.4562846546851614,0.45671328776982334,0.9129979424549848
800.0,fresh,0.0,1.1,1,0.45671012441125874,0.4575581510226816,0.9142682754339404
800.0,fresh,0.0,1.1,2,0.4581881052881755,0.45691379481708766,0.9151019001052632
800.0,fresh,0.0,1.1,3,0.4578684213521086,0.4574041641997487,0.9152725855518573
800.0,fresh,0.0,1.1,4,0.4577948398900671,0.4587002286222679,0.916495068512335
800.0,fresh,0.0,1.1,5,0.45790594192037665,0.45824446011190917,0.9161504020322858
800.0,fresh,0.0,1.1,6,0.45665998794046414,0.46036550926651054,0.9170254972069747
800.0,fresh,0.0,1.1,7,0.46164025488128096,0.4614221321391607,0.9230623870204417
800.0,fresh,0.0,1.1,8,0.4570791198965297,0.457923856896442,0.9150029767929717
800.0,fresh,0.0,1.1,9,0.4566157292119094,0.4569744749519448,0.9135902041638542
800.0,fresh,0.0,1.1,10,0.4564260327049032,0.45749088803507065,0.9139169207399738
800.0,fresh,0.0,1.1,11,0.45827604358499086,0.45654414632603574,0.9148201899110266
800.0,fresh,0.5,1.1,0,0.15606222374431328,0.15598970450231195,0.3120519282466252
800.0,fresh,0.5,1.1,1,0.2228829398883594,0.2245596031097524,0.4474425429981118
800.0,fresh,0.5,1.1,2,0.14283332219266925,0.1412356575180098,0.284068979710679
800.0,fresh,0.5,1.1,3,0.22804646355719022,0.22804869428031624,0.4560951578375064
800.0,fresh,0.5,1.1,4,0.22788869574982848,0.22788643752224313,0.45577513327207164
800.0,fresh,0.5,1.1,5,0.2280695745394462,0.22806850055929354,0.4561380750987397
800.0,fresh,0.5,1.1,6,0.21830699563813966,0.21770037182100285,0.4360073674591425
800.0,fresh,0.5,1.1,7,0.14203747205061382,0.1414527882182524,0.28349026026886626
800.0,fresh,0.5,1.1,8,0.22781548736762666,0.22781354083244726,0.4556290282000739
800.0,fresh,0.5,1.1,9,0.22605021125516628,0.22681072627919163,0.4528609375343579
800.0,fresh,0.5,1.1,10,0.21879571530735345,0.21861138848510767,0.4374071037924611
800.0,fresh,0.5,1.1,11,0.22065674954606415,0.22406879484825978,0.44472554439432394
800.0,fresh,2.0,1.1,0,0.04855308311856264,0.056307957641444986,0.10486104076000763
800.0,fresh,2.0,1.1,1,0.09290142877611571,0.09290060013111212,0.18580202890722783
800.0,fresh,2.0,1.1,2,0.05462753959459556,0.05463507557684414,0.1092626151714397
800.0,fresh,2.0,1.1,3,0.09250886631064079,0.09253316184663239,0.18504202815727316
800.0,fresh,2.0,1.1,4,0.09231419296212476,0.09223414867047892,0.1845483416326037
800.0,fresh,2.0,1.1,5,0.09221830732098571,0.09212814694338664,0.18434645426437235
800.0,fresh,2.0,1.1,6,0.08713031450024543,0.08715706325283103,0.17428737775307646
800.0,fresh,2.0,1.1,7,0.055001990345808466,0.0550019915610909,0.11000398190689936
800.0,fresh,2.0,1.1,8,0.09269939299817669,0.09268483533682534,0.185384228335002
800.0,fresh,2.0,1.1,9,0.07324090801416112,0.0719705167408172,0.14521142475497834
800.0,fresh,2.0,1.1,10,0.06142397506027179,0.06142343000559231,0.12284740506586411
800.0,fresh,2.0,1.1,11,0.09143703621290467,0.0900713728692574,0.18150840908216206
800.0,up,0.0,1.1,0,0.4565123636718594,0.4565123636718594,0.9130247273437188
800.0,up,0.0,1.1,1,0.4565123636718594,0.4565123636718594,0.9130247273437188
800.0,up,0.0,1.1,2,0.4565123636718594,0.4565123636718594,0.9130247273437188
800.0,up,0.0,1.1,3,0.4565123636718594,0.4565123636718594,0.9130247273437188
800.0,up,0.0,1.1,4,0.4565123636718594,0.4565123636718594,0.9130247273437188
800.0,up,0.0,1.1,5,0.4565123636718594,0.4565123636718594,0.9130247273437188
800.0,up,0.0,1.1,6,0.4565123636718594,0.4565123636718594,0.9130247273437188
800.0,up,0.0,1.1,7,0.4565123636718594,0.4565123636718594,0.9130247273437188
800.0,up,0.0,1.1,8,0.4565123636718594,0.4565123636718594,0.9130247273437188
800.0,up,0.0,1.1,9,0.4565123636718594,0.4565123636718594,0.9130247273437188
800.0,up,0.0,1.1,10,0.4565123636718594,0.4565123636718594,0.9130247273437188
800.0,up,0.0,1.1,11,0.4565123636718594,0.4565123636718594,0.9130247273437188
800.0,up,0.5,1.1,0,0.23143174115525345,0.23143174115525345,0.4628634823105069
800.0,up,0.5,1.1,1,0.2314317411552536,0.2314317411552536,0.4628634823105072
800.0,up,0.5,1.1,2,0.23143174115525345,0.23143174115525345,0.4628634823105069
800.0,up,0.5,1.1,3,0.23143174115525345,0.23143174115525345,0.4628634823105069
800.0,up,0.5,1.1,4,0.23143174115525345,0.23143174115525345,0.4628634823105069
800.0,up,0.5,1.1,5,0.23143174115525345,0.23143174115525345,0.4628634823105069
800.0,up,0.5,1.1,6,0.23143174115525345,0.23143174115525345,0.4628634823105069
800.0,up,0.5,1.1,7,0.23143174115525345,0.23143174115525345,0.4628634823105069
800.0,up,0.5,1.1,8,0.23143174115525345,0.23143174115525345,0.4628634823105069
800.0,up,0.5,1.1,9,0.23143174115525345,0.23143174115525345,0.4628634823105069
800.0,up,0.5,1.1,10,0.23143174115525345,0.23143174115525345,0.4628634823105069
800.0,up,0.5,1.1,11,0.23143174115525345,0.23143174115525345,0.4628634823105069
800.0,up,2.0,1.1,0,0.08854659468149143,0.08854659468149143,0.17709318936298285
800.0,up,2.0,1.1,1,0.08854659468149544,0.08854659468149541,0.17709318936299084
800.0,up,2.0,1.1,2,0.08854659468149143,0.08854659468149143,0.17709318936298285
800.0,up,2.0,1.1,3,0.08854659468149143,0.08854659468149143,0.17709318936298285
800.0,up,2.0,1.1,4,0.08854659468149143,0.08854659468149143,0.17709318936298285
800.0,up,2.0,1.1,5,0.08854659468149143,0.08854659468149143,0.17709318936298285
800.0,up,2.0,1.1,6,0.08854659468149143,0.08854659468149143,0.17709318936298285
800.0,up,2.0,1.1,7,0.08854659468149143,0.08854659468149143,0.17709318936298285
800.0,up,2.0,1.1,8,0.08854659468149143,0.08854659468149143,0.17709318936298285
800.0,up,2.0,1.1,9,0.08854659468149143,0.08854659468149143,0.17709318936298285
800.0,up,2.0,1.1,10,0.08854659468149143,0.08854659468149143,0.17709318936298285
800.0,up,2.0,1.1,11,0.08854659468149143,0.08854659468149143,0.17709318936298285
800.0,down,0.0,1.1,0,0.4615654228467852,0.4589690494206459,0.9205344722674311
800.0,down,0.0,1.1,1,0.4590025360431295,0.456243921648763,0.9152464576918925
800.0,down,0.0,1.1,2,0.4612606022165315,0.45733733727283576,0.9185979394893673
800.0,down,0.0,1.1,3,0.4561909220483295,0.45631640234351495,0.9125073243918445
800.0,down,0.0,1.1,4,0.4561960366460355,0.4562836352336873,0.9124796718797228
800.0,down,0.0,1.1,5,0.4561896125543026,0.4562068234836576,0.9123964360379602
800.0,down,0.0,1.1,6,0.4595325032496629,0.45701168788983637,0.9165441911394993
800.0,down,0.0,1.1,7,0.4597773023795457,0.45876720493848155,0.9185445073180273
800.0,down,0.0,1.1,8,0.45673928294575233,0.45618926645832775,0.9129285494040801
800.0,down,0.0,1.1,9,0.45997108250006447,0.45706184454845783,0.9170329270485222
800.0,down,0.0,1.1,10,0.46119217370054116,0.4562701524905907,0.9174623261911319
800.0,down,0.0,1.1,11,0.45621049452676005,0.46056070223932577,0.9167711967660859
800.0,down,0.5,1.1,0,0.14139215486715118,0.14128546046963592,0.2826776153367871
800.0,down,0.5,1.1,1,0.2047794651052078,0.20473906706663342,0.4095185321718412
800.0,down,0.5,1.1,2,0.1572822570391571,0.15714127549864115,0.31442353253779826
800.0,down,0.5,1.1,3,0.20846936763007903,0.2054995108029081,0.41396887843298713
800.0,down,0.5,1.1,4,0.14149238836737155,0.14151484050554516,0.28300722887291674
800.0,down,0.5,1.1,5,0.226301507030624,0.2260868042345571,0.4523883112651811
800.0,down,0.5,1.1,6,0.15644516587163138,0.14928166811415194,0.3057268339857833
800.0,down,0.5,1.1,7,0.13413330178153943,0.1416816462251991,0.27581494800673856
800.0,down,0.5,1.1,8,0.18607441558677792,0.1806534932759193,0.36672790886269724
800.0,down,0.5,1.1,9,0.14156057580465087,0.1342344747107306,0.27579505051538145
800.0,down,0.5,1.1,10,0.1737269509014675,0.17997432195169352,0.353701272853161
800.0,down,0.5,1.1,11,0.14203171631754785,0.1428984651601151,0.2849301814776629
800.0,down,2.0,1.1,0,0.054365663117241884,0.05436566406695,0.10873132718419189
800.0,down,2.0,1.1,1,0.054721728188333464,0.05479874639671163,0.1095204745850451
800.0,down,2.0,1.1,2,0.05461051513130062,0.05461026252295593,0.10922077765425656
800.0,down,2.0,1.1,3,0.05442318711853382,0.05442277149864801,0.10884595861718183
800.0,down,2.0,1.1,4,0.05487766510164562,0.05488046252877126,0.10975812763041688
800.0,down,2.0,1.1,5,0.07114259300987733,0.07114259180545596,0.14228518481533328
800.0,down,2.0,1.1,6,0.054468684519626366,0.054473811646776865,0.10894249616640322
800.0,down,2.0,1.1,7,0.054655089121720124,0.054654710695034615,0.10930979981675473
800.0,down,2.0,1.1,8,0.05475746667268311,0.05476106489861138,0.10951853157129449
800.0,down,2.0,1.1,9,0.048401680681569206,0.056222432707243614,0.10462411338881282
800.0,down,2.0,1.1,10,0.05429960642242808,0.054299754348584736,0.10859936077101282
800.0,down,2.0,1.1,11,0.059613982537218425,0.05321849437286282,0.11283247691008125
800.0,fresh,0.0,1.2,0,0.6652442941429075,0.6627270651713644,1.327971359314272
800.0,fresh,0.0,1.2,1,0.6627385205790277,0.6614915999518937,1.3242301205309213
800.0,fresh,0.0,1.2,2,0.6642633790789843,0.6621780092220658,1.32644138830105
800.0,fresh,0.0,1.2,3,0.6613571853062064,0.6615860770737302,1.3229432623799364
800.0,fresh,0.0,1.2,4,0.6613840355120011,0.6611674839459107,1.3225515194579118
800.0,fresh,0.0,1.2,5,0.6613444377861726,0.6612515579442666,1.3225959957304392
800.0,fresh,0.0,1.2,6,0.662934875022867,0.6610274256721297,1.3239623006949968
800.0,fresh,0.0,1.2,7,0.6612942766673459,0.6611019937280846,1.3223962703954304
800.0,fresh,0.0,1.2,8,0.6619026636139751,0.6613385582049065,1.3232412218188816
800.0,fresh,0.0,1.2,9,0.6631331783673285,0.6620634324276727,1.3251966107950013
800.0,fresh,0.0,1.2,10,0.6642617439352932,0.6615299059367331,1.3257916498720264
800.0,fresh,0.0,1.2,11,0.661244502015167,0.6635078321080158,1.3247523341231828
800.0,fresh,0.5,1.2,0,0.2617449932076296,0.25886808367925723,0.5206130768868868
800.0,fresh,0.5,1.2,1,0.32382476152105594,0.3242184665711855,0.6480432280922415
800.0,fresh,0.5,1.2,2,0.2260151505962723,0.22091921544102167,0.446934366037294
800.0,fresh,0.5,1.2,3,0.330309536343961,0.3303013669966191,0.66061090334058
800.0,fresh,0.5,1.2,4,0.3298895977779126,0.3298898258130542,0.6597794235909669
800.0,fresh,0.5,1.2,5,0.33055520719959575,0.33057298860533335,0.6611281958049291
800.0,fresh,0.5,1.2,6,0.3066023577430008,0.30923676611993395,0.6158391238629348
800.0,fresh,0.5,1.2,7,0.266003020354833,0.2664342721919316,0.5324372925467646
800.0,fresh,0.5,1.2,8,0.3296968464951641,0.3296985879656313,0.6593954344607954
800.0,fresh,0.5,1.2,9,0.3280475251721155,0.32857429858675,0.6566218237588655
800.0,fresh,0.5,1.2,10,0.3128392503591305,0.312443368594842,0.6252826189539725
800.0,fresh,0.5,1.2,11,0.3154082879273522,0.31838891912032774,0.63379720704768
800.0,fresh,2.0,1.2,0,0.07821735549878295,0.08536177768213107,0.16357913318091402
800.0,fresh,2.0,1.2,1,0.12808126331834452,0.1279451503099221,0.2560264136282666
800.0,fresh,2.0,1.2,2,0.07927147812118963,0.08709079191341519,0.16636227003460483
800.0,fresh,2.0,1.2,3,0.13245082354683846,0.13241783108892802,0.2648686546357665
800.0,fresh,2.0,1.2,4,0.1282177856727382,0.12825818658534927,0.2564759722580875
800.0,fresh,2.0,1.2,5,0.1326421809853472,0.13265110750973125,0.26529328849507844
800.0,fresh,2.0,1.2,6,0.12560666488114225,0.12090643105028226,0.2465130959314245
800.0,fresh,2.0,1.2,7,0.08406604716605645,0.08481431811964307,0.16888036528569952
800.0,fresh,2.0,1.2,8,0.1299832480018163,0.13152763186036323,0.2615108798621795
800.0,fresh,2.0,1.2,9,0.11734860255951837,0.11734859437330548,0.23469719693282387
800.0,fresh,2.0,1.2,10,0.09491887640772881,0.09527095161442731,0.19018982802215612
800.0,fresh,2.0,1.2,11,0.12605312363635235,0.13019395321528232,0.25624707685163467
800.0,up,0.0,1.2,0,0.6610558314546519,0.6610558314546519,1.3221116629093037
800.0,up,0.0,1.2,1,0.6610558314546519,0.6610558314546519,1.3221116629093037
800.0,up,0.0,1.2,2,0.6610558314546519,0.6610558314546519,1.3221116629093037
800.0,up,0.0,1.2,3,0.6610558314546519,0.6610558314546519,1.3221116629093037
800.0,up,0.0,1.2,4,0.6610558314546519,0.6610558314546519,1.3221116629093037
800.0,up,0.0,1.2,5,0.6610558314546519,0.6610558314546519,1.3221116629093037
800.0,up,0.0,1.2,6,0.6610558314546519,0.6610558314546519,1.3221116629093037
800.0,up,0.0,1.2,7,0.6610558314546519,0.6610558314546519,1.3221116629093037
800.0,up,0.0,1.2,8,0.6610558314546519,0.6610558314546519,1.3221116629093037
800.0,up,0.0,1.2,9,0.6610558314546519,0.6610558314546519,1.3221116629093037
800.0,up,0.0,1.2,10,0.6610558314546519,0.6610558314546519,1.3221116629093037
800.0,up,0.0,1.2,11,0.6610558314546519,0.6610558314546519,1.3221116629093037
800.0,up,0.5,1.2,0,0.33433189073322245,0.33433189073322245,0.6686637814664449
800.0,up,0.5,1.2,1,0.33433189073322217,0.33433189073322217,0.6686637814664443
800.0,up,0.5,1.2,2,0.33433189073322245,0.33433189073322245,0.6686637814664449
800.0,up,0.5,1.2,3,0.33433189073322245,0.33433189073322245,0.6686637814664449
800.0,up,0.5,1.2,4,0.33433189073322245,0.33433189073322245,0.6686637814664449
800.0,up,0.5,1.2,5,0.33433189073322245,0.33433189073322245,0.6686637814664449
800.0,up,0.5,1.2,6,0.33433189073322245,0.33433189073322245,0.6686637814664449
800.0,up,0.5,1.2,7,0.33433189073322245,0.33433189073322245,0.6686637814664449
800.0,up,0.5,1.2,8,0.33433189073322245,0.33433189073322245,0.6686637814664449
800.0,up,0.5,1.2,9,0.33433189073322245,0.33433189073322245,0.6686637814664449
800.0,up,0.5,1.2,10,0.33433189073322245,0.33433189073322245,0.6686637814664449
800.0,up,0.5,1.2,11,0.33433189073322245,0.33433189073322245,0.6686637814664449
800.0,up,2.0,1.2,0,0.13276849693070147,0.13276849693070147,0.26553699386140295
800.0,up,2.0,1.2,1,0.13276849693069756,0.13276849693069753,0.26553699386139507
800.0,up,2.0,1.2,2,0.13276849693070147,0.13276849693070147,0.26553699386140295
800.0,up,2.0,1.2,3,0.13276849693070147,0.13276849693070147,0.26553699386140295
800.0,up,2.0,1.2,4,0.13276849693070147,0.13276849693070147,0.26553699386140295
800.0,up,2.0,1.2,5,0.13276849693070147,0.13276849693070147,0.26553699386140295
800.0,up,2.0,1.2,6,0.13276849693070147,0.13276849693070147,0.26553699386140295
800.0,up,2.0,1.2,7,0.13276849693070147,0.13276849693070147,0.26553699386140295
800.0,up,2.0,1.2,8,0.13276849693070147,0.13276849693070147,0.26553699386140295
800.0,up,2.0,1.2,9,0.13276849693070147,0.13276849693070147,0.26553699386140295
800.0,up,2.0,1.2,10,0.13276849693070147,0.13276849693070147,0.26553699386140295
800.0,up,2.0,1.2,11,0.13276849693070147,0.13276849693070147,0.26553699386140295
800.0,down,0.0,1.2,0,0.6610799410201813,0.6610797400544962,1.3221596810746776
800.0,down,0.0,1.2,1,0.6610781649567204,0.6627364804677583,1.3238146454244788
800.0,down,0.0,1.2,2,0.6618815693794369,0.6612293551796978,1.3231109245591348
800.0,down,0.0,1.2,3,0.6639967252333352,0.6621919285622831,1.3261886537956182
800.0,down,0.0,1.2,4,0.6637067265732628,0.6656708971355562,1.3293776237088188
800.0,down,0.0,1.2,5,0.6641366327254397,0.6650848828813557,1.3292215156067955
800.0,down,0.0,1.2,6,0.6610561848689693,0.6657361938238731,1.3267923786928424
800.0,down,0.0,1.2,7,0.6635638521642064,0.6644625205430319,1.3280263727072383
800.0,down,0.0,1.2,8,0.6614406929603226,0.6642012018773411,1.3256418948376636
800.0,down,0.0,1.2,9,0.6610413564220639,0.6612963853581099,1.3223377417801738
800.0,down,0.0,1.2,10,0.6610265786961582,0.6624845281961251,1.3235111068922834
800.0,down,0.0,1.2,11,0.6651459803991088,0.6610263194917035,1.3261722998908123
800.0,down,0.5,1.2,0,0.2531900713568841,0.25223317517273147,0.5054232465296156
800.0,down,0.5,1.2,1,0.32337412023506856,0.32343539505736174,0.6468095152924302
800.0,down,0.5,1.2,2,0.23527012659655241,0.22818746055305353,0.46345758714960594
800.0,down,0.5,1.2,3,0.320091091413212,0.31903916642976526,0.6391302578429773
800.0,down,0.5,1.2,4,0.3148021551530698,0.31479743689798423,0.629599592051054
800.0,down,0.5,1.2,5,0.32939829960184497,0.32949124674549535,0.6588895463473403
800.0,down,0.5,1.2,6,0.26733752517881443,0.26795424394741363,0.535291769126228
800.0,down,0.5,1.2,7,0.30143265363829513,0.3012012738312116,0.6026339274695067
800.0,down,0.5,1.2,8,0.3175099832488701,0.31719911285800323,0.6347090961068733
800.0,down,0.5,1.2,9,0.21923542978831478,0.22471036604680564,0.4439457958351204
800.0,down,0.5,1.2,10,0.2511404355596899,0.24731139912247058,0.4984518346821605
800.0,down,0.5,1.2,11,0.21921159289949954,0.215990569353837,0.4352021622533365
800.0,down,2.0,1.2,0,0.07993809655405108,0.08579693682884226,0.16573503338289336
800.0,down,2.0,1.2,1,0.08640734039758037,0.07855613505472789,0.16496347545230827
800.0,down,2.0,1.2,2,0.07831398657228852,0.08522246839197031,0.16353645496425884
800.0,down,2.0,1.2,3,0.12671155242114046,0.12671175646283436,0.2534233088839748
800.0,down,2.0,1.2,4,0.12846105825368037,0.12846502320696043,0.2569260814606408
800.0,down,2.0,1.2,5,0.108438682882393,0.10844057522573629,0.2168792581081293
800.0,down,2.0,1.2,6,0.08584675116015789,0.07809998019768266,0.16394673135784055
800.0,down,2.0,1.2,7,0.07827641341847755,0.08540975547253563,0.16368616889101317
800.0,down,2.0,1.2,8,0.12878008496102264,0.12885669063828648,0.2576367755993091
800.0,down,2.0,1.2,9,0.08642234105419132,0.07857145389843855,0.16499379495262986
800.0,down,2.0,1.2,10,0.08218312847004822,0.08444588881053587,0.1666290172805841
800.0,down,2.0,1.2,11,0.08689440469993442,0.07905232948674225,0.16594673418667666
800.0,fresh,0.0,1.5,0,1.1166141546576551,1.116954849638874,2.233569004296529
800.0,fresh,0.0,1.5,1,1.1169510056064609,1.1181046437485,2.235055649354961
800.0,fresh,0.0,1.5,2,1.1178630926363429,1.1172162423621872,2.23507933499853
800.0,fresh,0.0,1.5,3,1.1184752212562423,1.1179014847994453,2.2363767060556876
800.0,fresh,0.0,1.5,4,1.1183924314721445,1.1192019117854008,2.2375943432575456
800.0,fresh,0.0,1.5,5,1.1185161888777202,1.1188485952710376,2.237364784148758
800.0,fresh,0.0,1.5,6,1.1168916386339278,1.1199128530328977,2.2368044916668257
800.0,fresh,0.0,1.5,7,1.119579612122006,1.1198823870208878,2.239461999142894
800.0,fresh,0.0,1.5,8,1.1174472665450657,1.1185354528565237,2.2359827194015893
800.0,fresh,0.0,1.5,9,1.116841943727256,1.1173001293656382,2.2341420730928943
800.0,fresh,0.0,1.5,10,1.116669186705642,1.1180172789439482,2.23468646564959
800.0,fresh,0.0,1.5,11,1.1188763440489977,1.1167680418858585,2.2356443859348563
800.0,fresh,0.5,1.5,0,0.5027071459118099,0.5035464912888575,1.0062536372006674
800.0,fresh,0.5,1.5,1,0.5481510202024622,0.5487005032258723,1.0968515234283345
800.0,fresh,0.5,1.5,2,0.43216457430260485,0.4382557571062284,0.8704203314088332
800.0,fresh,0.5,1.5,3,0.5577739635896262,0.5577510613041011,1.1155250248937274
800.0,fresh,0.5,1.5,4,0.556632699520955,0.5565217705992709,1.1131544701202258
800.0,fresh,0.5,1.5,5,0.5589277674638027,0.5592234158164956,1.1181511832802982
800.0,fresh,0.5,1.5,6,0.5114545209653059,0.5113198407175017,1.0227743616828076
800.0,fresh,0.5,1.5,7,0.5418214905631641,0.5418264271790322,1.0836479177421963
800.0,fresh,0.5,1.5,8,0.5554927440583315,0.5557305265926312,1.1112232706509628
800.0,fresh,0.5,1.5,9,0.5512569606270773,0.5516210439375429,1.1028780045646203
800.0,fresh,0.5,1.5,10,0.525583251392727,0.5255499802263273,1.0511332316190543
800.0,fresh,0.5,1.5,11,0.5309287875514507,0.5312608252283169,1.0621896127797674
800.0,fresh,2.0,1.5,0,0.15484106288722693,0.15519396829737409,0.310035031184601
800.0,fresh,2.0,1.5,1,0.2185747682388579,0.2178630436939516,0.4364378119328095
800.0,fresh,2.0,1.5,2,0.15731680689706862,0.15949090494157614,0.31680771183864476
800.0,fresh,2.0,1.5,3,0.22205345482047492,0.22213392314662225,0.4441873779670972
800.0,fresh,2.0,1.5,4,0.2210675746206663,0.22057149664945283,0.44163907127011914
800.0,fresh,2.0,1.5,5,0.22189257102907387,0.22187003958651097,0.44376261061558486
800.0,fresh,2.0,1.5,6,0.20525582953745086,0.20993664025264225,0.4151924697900931
800.0,fresh,2.0,1.5,7,0.15802002659463585,0.1514309489599174,0.30945097555455325
800.0,fresh,2.0,1.5,8,0.22242314213730588,0.2217549338160465,0.44417807595335235
800.0,fresh,2.0,1.5,9,0.2106391184637387,0.2106688117621352,0.4213079302258739
800.0,fresh,2.0,1.5,10,0.18751316406971066,0.18664671302454627,0.3741598770942569
800.0,fresh,2.0,1.5,11,0.21205140259308053,0.21205159356747502,0.4241029961605556
800.0,up,0.0,1.5,0,1.1189369105000377,1.1189369105000377,2.2378738210000755
800.0,up,0.0,1.5,1,1.1189369105000377,1.1189369105000377,2.2378738210000755
800.0,up,0.0,1.5,2,1.1189369105000377,1.1189369105000377,2.2378738210000755
800.0,up,0.0,1.5,3,1.1189369105000377,1.1189369105000377,2.2378738210000755
800.0,up,0.0,1.5,4,1.1189369105000377,1.1189369105000377,2.2378738210000755
800.0,up,0.0,1.5,5,1.1189369105000377,1.1189369105000377,2.2378738210000755
800.0,up,0.0,1.5,6,1.1189369105000377,1.1189369105000377,2.2378738210000755
800.0,up,0.0,1.5,7,1.1189369105000377,1.1189369105000377,2.2378738210000755
800.0,up,0.0,1.5,8,1.1189369105000377,1.1189369105000377,2.2378738210000755
800.0,up,0.0,1.5,9,1.1189369105000377,1.1189369105000377,2.2378738210000755
800.0,up,0.0,1.5,10,1.1189369105000377,1.1189369105000377,2.2378738210000755
800.0,up,0.0,1.5,11,1.1189369105000377,1.1189369105000377,2.2378738210000755
800.0,up,0.5,1.5,0,0.5584202994716724,0.5584202994716724,1.1168405989433448
800.0,up,0.5,1.5,1,0.5584202994716779,0.5584202994716779,1.1168405989433559
800.0,up,0.5,1.5,2,0.5584202994716724,0.5584202994716724,1.1168405989433448
800.0,up,0.5,1.5,3,0.5584202994716724,0.5584202994716724,1.1168405989433448
800.0,up,0.5,1.5,4,0.5584202994716724,0.5584202994716724,1.1168405989433448
800.0,up,0.5,1.5,5,0.5584202994716724,0.5584202994716724,1.1168405989433448
800.0,up,0.5,1.5,6,0.5584202994716724,0.5584202994716724,1.1168405989433448
800.0,up,0.5,1.5,7,0.5584202994716724,0.5584202994716724,1.1168405989433448
800.0,up,0.5,1.5,8,0.5584202994716724,0.5584202994716724,1.1168405989433448
800.0,up,0.5,1.5,9,0.5584202994716724,0.5584202994716724,1.1168405989433448
800.0,up,0.5,1.5,10,0.5584202994716724,0.5584202994716724,1.1168405989433448
800.0,up,0.5,1.5,11,0.5584202994716724,0.5584202994716724,1.1168405989433448
800.0,up,2.0,1.5,0,0.22453334141637163,0.22453334141637163,0.44906668283274326
800.0,up,2.0,1.5,1,0.2245333414163496,0.2245333414163496,0.4490666828326992
800.0,up,2.0,1.5,2,0.22453334141637163,0.22453334141637163,0.44906668283274326
800.0,up,2.0,1.5,3,0.22453334141637163,0.22453334141637163,0.44906668283274326
800.0,up,2.0,1.5,4,0.22453334141637163,0.22453334141637163,0.44906668283274326
800.0,up,2.0,1.5,5,0.22453334141637163,0.22453334141637163,0.44906668283274326
800.0,up,2.0,1.5,6,0.22453334141637163,0.22453334141637163,0.44906668283274326
800.0,up,2.0,1.5,7,0.22453334141637163,0.22453334141637163,0.44906668283274326
800.0,up,2.0,1.5,8,0.22453334141637163,0.22453334141637163,0.44906668283274326
800.0,up,2.0,1.5,9,0.22453334141637163,0.22453334141637163,0.44906668283274326
800.0,up,2.0,1.5,10,0.22453334141637163,0.22453334141637163,0.44906668283274326
800.0,up,2.0,1.5,11,0.22453334141637163,0.22453334141637163,0.44906668283274326
800.0,down,0.0,1.5,0,1.1175450039203338,1.1191439720022693,2.236688975922603
800.0,down,0.0,1.5,1,1.119134953029237,1.1199795850196448,2.2391145380488817
800.0,down,0.0,1.5,2,1.1166460863005232,1.1195986204766284,2.2362447067771516
800.0,down,0.0,1.5,3,1.1198651024352528,1.1199854456154774,2.2398505480507303
800.0,down,0.0,1.5,4,1.1199022821760432,1.1191874301568698,2.239089712332913
800.0,down,0.0,1.5,5,1.1198441335920069,1.1196050629772776,2.2394491965692844
800.0,down,0.0,1.5,6,1.1189842813442328,1.1175685552170795,2.2365528365613123
800.0,down,0.0,1.5,7,1.1166871517240107,1.1168296730802476,2.2335168248042585
800.0,down,0.0,1.5,8,1.1198210342230488,1.1198336716435895,2.2396547058666383
800.0,down,0.0,1.5,9,1.118839574385549,1.119694271016882,2.238533845402431
800.0,down,0.0,1.5,10,1.1181237305485454,1.119987210823176,2.2381109413717217
800.0,down,0.0,1.5,11,1.119578985862487,1.1185847427091333,2.23816372857162
800.0,down,0.5,1.5,0,0.4663040924820161,0.47001199930027787,0.9363160917822939
800.0,down,0.5,1.5,1,0.548537500522677,0.5487567048081562,1.0972942053308332
800.0,down,0.5,1.5,2,0.4397970888343428,0.4402079309677649,0.8800050198021077
800.0,down,0.5,1.5,3,0.5577607346844597,0.5577384705567343,1.115499205241194
800.0,down,0.5,1.5,4,0.5568733463300314,0.5568519078042562,1.1137252541342875
800.0,down,0.5,1.5,5,0.5589245277741532,0.5591759988844713,1.1181005266586246
800.0,down,0.5,1.5,6,0.5052201617888084,0.5031959479359945,1.008416109724803
800.0,down,0.5,1.5,7,0.5560212272176046,0.5560647594627379,1.1120859866803425
800.0,down,0.5,1.5,8,0.5395795311053536,0.5392152851630645,1.078794816268418
800.0,down,0.5,1.5,9,0.5224110187270871,0.519203025114876,1.041614043841963
800.0,down,0.5,1.5,10,0.4516613504840543,0.4523068045541947,0.903968155038249
800.0,down,0.5,1.5,11,0.44674755421400614,0.4408249135676875,0.8875724677816936
800.0,down,2.0,1.5,0,0.15562909569918346,0.15541086349189534,0.3110399591910788
800.0,down,2.0,1.5,1,0.15169492981368304,0.15799942138300263,0.30969435119668565
800.0,down,2.0,1.5,2,0.1577054119133456,0.1512512757262144,0.30895668763956
800.0,down,2.0,1.5,3,0.22203063746602406,0.2221044537927065,0.4441350912587305
800.0,down,2.0,1.5,4,0.22077667983195487,0.22148371435898678,0.44226039419094165
800.0,down,2.0,1.5,5,0.2217909620510083,0.22177501644443343,0.4435659784954417
800.0,down,2.0,1.5,6,0.15016871590857725,0.15788187144167126,0.3080505873502485
800.0,down,2.0,1.5,7,0.1576699580924269,0.15170739363699068,0.3093773517294176
800.0,down,2.0,1.5,8,0.2220010888181567,0.22186955732868927,0.44387064614684596
800.0,down,2.0,1.5,9,0.20655088757938236,0.20941413343168563,0.415965021011068
800.0,down,2.0,1.5,10,0.15635704468469178,0.15632811848867761,0.31268516317336936
800.0,down,2.0,1.5,11,0.2037797351376457,0.198562142242754,0.4023418773803997
800.0,fresh,0.0,2.0,0,1.7331518506076762,1.732021744166269,3.4651735947739453
800.0,fresh,0.0,2.0,1,1.7320300437076233,1.7308557476406263,3.4628857913482496
800.0,fresh,0.0,2.0,2,1.7330236625726354,1.7315588158784498,3.464582478451085
800.0,fresh,0.0,2.0,3,1.7307539592004253,1.7309453913252377,3.461699350525663
800.0,fresh,0.0,2.0,4,1.7307707917279291,1.730734173552813,3.461504965280742
800.0,fresh,0.0,2.0,5,1.7307467695229912,1.7307148858004135,3.4614616553234048
800.0,fresh,0.0,2.0,6,1.7321647422450428,1.7311321724533937,3.4632969146984367
800.0,fresh,0.0,2.0,7,1.7322012668060185,1.7318288228982288,3.4640300897042473
800.0,fresh,0.0,2.0,8,1.7312789605300307,1.7307436435720793,3.46202260410211
800.0,fresh,0.0,2.0,9,1.732287614722916,1.7314456343936484,3.463733249116564
800.0,fresh,0.0,2.0,10,1.7328170843697073,1.7308908636606843,3.4637079480303914
800.0,fresh,0.0,2.0,11,1.7307143299009267,1.7324902699451352,3.463204599846062
800.0,fresh,0.5,2.0,0,0.8268715415128061,0.8252339146425455,1.6521054561553514
800.0,fresh,0.5,2.0,1,0.8516279263376356,0.8499442181082584,1.701572144445894
800.0,fresh,0.5,2.0,2,0.7537710276204284,0.7530139136683814,1.5067849412888097
800.0,fresh,0.5,2.0,3,0.8640632621750054,0.8640599217131836,1.728123183888189
800.0,fresh,0.5,2.0,4,0.8622287436006829,0.8624603227386939,1.7246890663393768
800.0,fresh,0.5,2.0,5,0.8650096612804867,0.8651167455626181,1.7301264068431048
800.0,fresh,0.5,2.0,6,0.8017455969680415,0.8024927745601522,1.6042383715281936
800.0,fresh,0.5,2.0,7,0.8613499025343205,0.8612143289690596,1.7225642315033802
800.0,fresh,0.5,2.0,8,0.8575788613746718,0.8575494689669645,1.7151283303416363
800.0,fresh,0.5,2.0,9,0.8578417623815113,0.857397874851718,1.7152396372332293
800.0,fresh,0.5,2.0,10,0.8249283483179063,0.8247189582211126,1.649647306539019
800.0,fresh,0.5,2.0,11,0.82462458558333,0.8244813133215751,1.6491058989049052
800.0,fresh,2.0,2.0,0,0.2688272182983568,0.26664982824490446,0.5354770465432612
800.0,fresh,2.0,2.0,1,0.33825097864297177,0.3384042053708754,0.6766551840138472
800.0,fresh,2.0,2.0,2,0.2709002415235722,0.2689124980034629,0.5398127395270351
800.0,fresh,2.0,2.0,3,0.3456675506378122,0.34571280528728826,0.6913803559251004
800.0,fresh,2.0,2.0,4,0.34315888797965144,0.34131680765292044,0.6844756956325719
800.0,fresh,2.0,2.0,5,0.3461321389495011,0.345966921887092,0.6920990608365931
800.0,fresh,2.0,2.0,6,0.31794933180586954,0.32201800459926283,0.6399673364051324
800.0,fresh,2.0,2.0,7,0.26679410732107534,0.26701613457640144,0.5338102418974768
800.0,fresh,2.0,2.0,8,0.34394415790070826,0.3427480251062135,0.6866921830069217
800.0,fresh,2.0,2.0,9,0.3333097728257682,0.33571205500702817,0.6690218278327964
800.0,fresh,2.0,2.0,10,0.31205470451806944,0.3116261287932892,0.6236808333113586
800.0,fresh,2.0,2.0,11,0.32884943631141267,0.32863352271835905,0.6574829590297717
800.0,up,0.0,2.0,0,1.7332727320874606,1.7332727320874606,3.466545464174921
800.0,up,0.0,2.0,1,1.7332727320874606,1.7332727320874606,3.466545464174921
800.0,up,0.0,2.0,2,1.7332727320874606,1.7332727320874606,3.466545464174921
800.0,up,0.0,2.0,3,1.7332727320874606,1.7332727320874606,3.466545464174921
800.0,up,0.0,2.0,4,1.7332727320874606,1.7332727320874606,3.466545464174921
800.0,up,0.0,2.0,5,1.7332727320874606,1.7332727320874606,3.466545464174921
800.0,up,0.0,2.0,6,1.7332727320874606,1.7332727320874606,3.466545464174921
800.0,up,0.0,2.0,7,1.7332727320874606,1.7332727320874606,3.466545464174921
800.0,up,0.0,2.0,8,1.7332727320874606,1.7332727320874606,3.466545464174921
800.0,up,0.0,2.0,9,1.7332727320874606,1.7332727320874606,3.466545464174921
800.0,up,0.0,2.0,10,1.7332727320874606,1.7332727320874606,3.466545464174921
800.0,up,0.0,2.0,11,1.7332727320874606,1.7332727320874606,3.466545464174921
800.0,up,0.5,2.0,0,0.8658846069325322,0.8658846069325322,1.7317692138650644
800.0,up,0.5,2.0,1,0.8658846069325259,0.8658846069325261,1.731769213865052
800.0,up,0.5,2.0,2,0.8658846069325322,0.8658846069325322,1.7317692138650644
800.0,up,0.5,2.0,3,0.8658846069325322,0.8658846069325322,1.7317692138650644
800.0,up,0.5,2.0,4,0.8658846069325322,0.8658846069325322,1.7317692138650644
800.0,up,0.5,2.0,5,0.8658846069325322,0.8658846069325322,1.7317692138650644
800.0,up,0.5,2.0,6,0.8658846069325322,0.8658846069325322,1.7317692138650644
800.0,up,0.5,2.0,7,0.8658846069325322,0.8658846069325322,1.7317692138650644
800.0,up,0.5,2.0,8,0.8658846069325322,0.8658846069325322,1.7317692138650644
800.0,up,0.5,2.0,9,0.8658846069325322,0.8658846069325322,1.7317692138650644
800.0,up,0.5,2.0,10,0.8658846069325322,0.8658846069325322,1.7317692138650644
800.0,up,0.5,2.0,11,0.8658846069325322,0.8658846069325322,1.7317692138650644
800.0,up,2.0,2.0,0,0.3463048905941761,0.3463048905941761,0.6926097811883521
800.0,up,2.0,2.0,1,0.34630489059417663,0.34630489059417663,0.6926097811883533
800.0,up,2.0,2.0,2,0.3463048905941761,0.3463048905941761,0.6926097811883521
800.0,up,2.0,2.0,3,0.3463048905941761,0.3463048905941761,0.6926097811883521
800.0,up,2.0,2.0,4,0.3463048905941761,0.3463048905941761,0.6926097811883521
800.0,up,2.0,2.0,5,0.3463048905941761,0.3463048905941761,0.6926097811883521
800.0,up,2.0,2.0,6,0.3463048905941761,0.3463048905941761,0.6926097811883521
800.0,up,2.0,2.0,7,0.3463048905941761,0.3463048905941761,0.6926097811883521
800.0,up,2.0,2.0,8,0.3463048905941761,0.3463048905941761,0.6926097811883521
800.0,up,2.0,2.0,9,0.3463048905941761,0.3463048905941761,0.6926097811883521
800.0,up,2.0,2.0,10,0.3463048905941761,0.3463048905941761,0.6926097811883521
800.0,up,2.0,2.0,11,0.3463048905941761,0.3463048905941761,0.6926097811883521
800.0,down,0.0,2.0,0,1.7331518506076762,1.732021744166269,3.4651735947739453
800.0,down,0.0,2.0,1,1.7320300437076233,1.7308557476406263,3.4628857913482496
800.0,down,0.0,2.0,2,1.7330236625726354,1.7315588158784498,3.464582478451085
800.0,down,0.0,2.0,3,1.7307539592004253,1.7309453913252377,3.461699350525663
800.0,down,0.0,2.0,4,1.7307707917279291,1.730734173552813,3.461504965280742
800.0,down,0.0,2.0,5,1.7307467695229912,1.7307148858004135,3.4614616553234048
800.0,down,0.0,2.0,6,1.7321647422450428,1.7311321724533937,3.4632969146984367
800.0,down,0.0,2.0,7,1.7322012668060185,1.7318288228982288,3.4640300897042473
800.0,down,0.0,2.0,8,1.7312789605300307,1.7307436435720793,3.46202260410211
800.0,down,0.0,2.0,9,1.732287614722916,1.7314456343936484,3.463733249116564
800.0,down,0.0,2.0,10,1.7328170843697073,1.7308908636606843,3.4637079480303914
800.0,down,0.0,2.0,11,1.7307143299009267,1.7324902699451352,3.463204599846062
800.0,down,0.5,2.0,0,0.8268715415128061,0.8252339146425455,1.6521054561553514
800.0,down,0.5,2.0,1,0.8516279263376356,0.8499442181082584,1.701572144445894
800.0,down,0.5,2.0,2,0.7537710276204284,0.7530139136683814,1.5067849412888097
800.0,down,0.5,2.0,3,0.8640632621750054,0.8640599217131836,1.728123183888189
800.0,down,0.5,2.0,4,0.8622287436006829,0.8624603227386939,1.7246890663393768
800.0,down,0.5,2.0,5,0.8650096612804867,0.8651167455626181,1.7301264068431048
800.0,down,0.5,2.0,6,0.8017455969680415,0.8024927745601522,1.6042383715281936
800.0,down,0.5,2.0,7,0.8613499025343205,0.8612143289690596,1.7225642315033802
800.0,down,0.5,2.0,8,0.8575788613746718,0.8575494689669645,1.7151283303416363
800.0,down,0.5,2.0,9,0.8578417623815113,0.857397874851718,1.7152396372332293
800.0,down,0.5,2.0,10,0.8249283483179063,0.8247189582211126,1.649647306539019
800.0,down,0.5,2.0,11,0.82462458558333,0.8244813133215751,1.6491058989049052
800.0,down,2.0,2.0,0,0.2688272182983568,0.26664982824490446,0.5354770465432612
800.0,down,2.0,2.0,1,0.33825097864297177,0.3384042053708754,0.6766551840138472
800.0,down,2.0,2.0,2,0.2709002415235722,0.2689124980034629,0.5398127395270351
800.0,down,2.0,2.0,3,0.3456675506378122,0.34571280528728826,0.6913803559251004
800.0,down,2.0,2.0,4,0.34315888797965144,0.34131680765292044,0.6844756956325719
800.0,down,2.0,2.0,5,0.3461321389495011,0.345966921887092,0.6920990608365931
800.0,down,2.0,2.0,6,0.31794933180586954,0.32201800459926283,0.6399673364051324
800.0,down,2.0,2.0,7,0.26679410732107534,0.26701613457640144,0.5338102418974768
800.0,down,2.0,2.0,8,0.34394415790070826,0.3427480251062135,0.6866921830069217
800.0,down,2.0,2.0,9,0.3333097728257682,0.33571205500702817,0.6690218278327964
800.0,down,2.0,2.0,10,0.31205470451806944,0.3116261287932892,0.6236808333113586
800.0,down,2.0,2.0,11,0.32884943631141267,0.32863352271835905,0.6574829590297717
